ERC_Norm,ERC_Norm_workload_coverage,OPS_Norm,OPS_Norm_workload_coverage,Score,TeamSal,TeamSal_index,W,WHIP_Norm,WHIP_Norm_workload_coverage,basis,card_IP,card_IP_hi,card_IP_lo,card_PA,card_PA_hi,card_PA_lo,dollars_per_card_IP,dollars_per_card_IP_index,dollars_per_card_PA,dollars_per_card_PA_index,draft_year,expected_wins,fallback_memberships,franchise_id,hitter_salary_w,league_size,observed_memberships,owner,payroll_relative_to_year,pick,pitcher_salary_w,published_Score,published_wins,rank,rel_sal,reserve_coverage,salary,season_year,slot,source_file,source_formula_definition,source_row,team,tid,trade_affected_memberships,uncertain_duration_memberships,wins,year
3.8395514378074487,1.0,0.7215927916895813,1.0,-6.009931894,72671856.67,89.79200234973105,71,1.3292440028109629,1.0,Original SalariesFormula cached values; checkpoint average,1423.0,1423.0,1423.0,6546.0,6546.0,6546.0,21015.34223471539,89.22009262348162,5761.330430797433,85.34392010809088,1964,75.53989632,0,baltimore,37713669.0,16,23,disco dogs,0.8979200234973107,,29904832.0,,71.0,12,0.8979200234973107,Incomplete: untraded zero-use real reserves not independently certified,72671856.67,1963,12,1963 J4M Standings-1.xlsx,Salary AVG=AVERAGE(C:S); nine payroll checkpoints,2,Baltimore Buckaroos,1521563,0,0,71,
3.3036658177570093,1.0,0.760437055946438,1.0,6.651011436,78570810.33,97.08064041638903,88,1.243495375834446,1.0,Original SalariesFormula cached values; checkpoint average,1498.0,1498.0,1498.0,5675.666666666667,6222.0,5257.0,24302.24699599466,103.17456188553649,6990.973424560992,103.55890615719093,1964,82.51211012,0,boston,39678434.833333336,16,26,tycobb33,0.9708064041638904,,36404766.0,,88.0,6,0.9708064041638904,Incomplete: untraded zero-use real reserves not independently certified,78570810.33,1963,6,1963 J4M Standings-1.xlsx,Salary AVG=AVERAGE(C:S); nine payroll checkpoints,3,Boston Americans,1521600,2,2,88,
3.871979458029197,1.0,0.7125105300079682,1.0,-1.457458728,80846404.0,99.89232187777687,84,1.3255496551094892,1.0,Original SalariesFormula cached values; checkpoint average,1644.0,1644.0,1644.0,6275.0,6275.0,6275.0,20641.891727493916,87.6346181414365,7157.152828685259,106.02056010319255,1964,85.2423724,0,socal-newark,44911134.0,16,25,rls1,0.9989232187777689,,33935270.0,,84.0,9,0.9989232187777689,Incomplete: untraded zero-use real reserves not independently certified,80846404.0,1963,9,1963 J4M Standings-1.xlsx,Salary AVG=AVERAGE(C:S); nine payroll checkpoints,4,California Coyotes,1521834,0,0,84,
2.5990143921951216,1.0,0.7924197473553365,1.0,14.2185458,92702428.22,114.54140617811208,104,1.1028443078373982,1.0,Original SalariesFormula cached values; checkpoint average,1537.5,1717.0,1358.0,5832.5,5938.0,5727.0,28307.335284552846,120.17806076170989,8053.365623660523,119.29636750444087,1964,91.05351436,0,cincinnati-la,46971255.0,16,26,fire13,1.145414061781121,,43522528.0,,104.0,1,1.145414061781121,Incomplete: untraded zero-use real reserves not independently certified,92702428.22,1963,1,1963 J4M Standings-1.xlsx,Salary AVG=AVERAGE(C:S); nine payroll checkpoints,5,Cincinnati Mudcats,1521566,3,3,104,
3.2681495287990194,1.0,0.7354825550935871,1.0,9.188463962,86059726.0,106.3338061431314,100,1.2083499957107842,1.0,Original SalariesFormula cached values; checkpoint average,1632.0,1632.0,1632.0,6518.0,6518.0,6518.0,24023.82536764706,101.99253005411958,6720.572721693771,99.55339800940057,1964,91.58476672,0,new-york-times,43804693.0,16,24,strubrosii,1.0633380614313142,,39206883.0,,100.0,4,1.0633380614313142,Incomplete: untraded zero-use real reserves not independently certified,86059726.0,1963,4,1963 J4M Standings-1.xlsx,Salary AVG=AVERAGE(C:S); nine payroll checkpoints,6,Cleveland Wahoos,1521803,0,0,100,
4.208535315033783,1.0,0.7538674746453902,1.0,0.08462243511,50544165.0,62.45143567824567,50,1.4085560380067568,1.0,Original SalariesFormula cached values; checkpoint average,1184.0,1184.0,1184.0,3948.0,3948.0,3948.0,20110.677364864863,85.37936128635681,6264.7221377912865,92.80077788439665,1964,49.95772456,0,detroit,24733123.0,16,25,harrelson,0.6245143567824568,,23811042.0,,50.0,7,0.6245143567824568,Incomplete: untraded zero-use real reserves not independently certified,50544165.0,1963,7,1963 J4M Standings-1.xlsx,Salary AVG=AVERAGE(C:S); nine payroll checkpoints,7,Detroit Supremes,1521620,0,0,50,
3.6858453428571427,1.0,0.7082510074381595,1.0,-3.571732614,73991016.0,91.42193122573192,68,1.31027004,1.0,Original SalariesFormula cached values; checkpoint average,1400.0,1400.0,1400.0,5781.0,5781.0,5781.0,21731.077142857142,92.25872668830208,6975.427953641239,103.32862750121835,1964,70.51874087,0,thunderbears,40324949.0,16,23,chargingryno,0.9142193122573194,,30423508.0,,68.0,11,0.9142193122573194,Incomplete: untraded zero-use real reserves not independently certified,73991016.0,1963,11,1963 J4M Standings-1.xlsx,Salary AVG=AVERAGE(C:S); nine payroll checkpoints,8,Houston Thunderbears,1521540,0,0,68,
3.911586390157281,1.0,0.7560689199586883,1.0,-18.64149544,94420125.0,116.66376055810629,83,1.3203982242516488,1.0,Original SalariesFormula cached values; checkpoint average,1971.0,1971.0,1971.0,7746.0,7746.0,7746.0,20672.04718417047,87.76264235383032,6671.25225923057,98.8228025924717,1964,102.0176077,0,kansas-city,51675520.0,16,25,husker75,1.1666376055810632,,40744605.0,,83.0,15,1.1666376055810632,Incomplete: untraded zero-use real reserves not independently certified,94420125.0,1963,15,1963 J4M Standings-1.xlsx,Salary AVG=AVERAGE(C:S); nine payroll checkpoints,9,Kansas City Missouri Mules,1521601,0,0,83,
3.2180123853853857,1.0,0.6953035895624431,1.0,-20.24342413,90902550.0,112.31750993044422,71,1.2497135065065064,1.0,Original SalariesFormula cached values; checkpoint average,1998.0,1998.0,1998.0,6582.0,6582.0,6582.0,24083.02002002002,102.24383942174939,6196.395624430264,91.78864143994345,1964,89.02087286,0,montreal,40784676.0,16,25,dannino,1.1231750993044425,,48117874.0,,71.0,16,1.1231750993044425,Incomplete: untraded zero-use real reserves not independently certified,90902550.0,1963,16,1963 J4M Standings-1.xlsx,Salary AVG=AVERAGE(C:S); nine payroll checkpoints,10,LA SWAT,1521546,0,0,71,
4.116016427980133,1.0,0.7421215122532588,1.0,9.731127046,60000639.0,74.1356800960534,67,1.38396371192053,1.0,Original SalariesFormula cached values; checkpoint average,1208.0,1208.0,1208.0,5370.0,5370.0,5370.0,19839.42880794702,84.22778254441188,6300.514711359404,93.33098155449541,1964,61.05833577,0,milwaukee,33833764.0,16,24,dbrom,0.7413568009605341,,23966030.0,,67.0,3,0.7413568009605341,Incomplete: untraded zero-use real reserves not independently certified,60000639.0,1963,3,1963 J4M Standings-1.xlsx,Salary AVG=AVERAGE(C:S); nine payroll checkpoints,11,Lombard iPackers,1521749,0,0,67,
3.3215960835253457,1.0,0.7392018441605351,1.0,-2.273513945,98665269.0,121.90898198892606,105,1.2891586520737328,1.0,Original SalariesFormula cached values; checkpoint average,1736.0,1736.0,1736.0,7475.0,7475.0,7475.0,25529.713133640555,108.38573766701131,7002.767491638796,103.73361440045659,1964,107.4427253,0,new-york-eagles,52345687.0,16,25,italyprof,1.2190898198892608,,44319582.0,,105.0,10,1.2190898198892608,Incomplete: untraded zero-use real reserves not independently certified,98665269.0,1963,10,1963 J4M Standings-1.xlsx,Salary AVG=AVERAGE(C:S); nine payroll checkpoints,12,New York Eagles,1521556,0,0,105,
3.463991910311493,1.0,0.7492808811249086,1.0,-9.066817997,89973589.0,111.16970289596064,80,1.2866953668098817,1.0,Original SalariesFormula cached values; checkpoint average,1862.0,1862.0,1862.0,6845.0,6845.0,6845.0,23812.21052631579,101.09412471133669,6374.76303871439,94.43083919919331,1964,87.976686,0,new-york-nationals,43635253.0,16,25,n4ser,1.1116970289596066,,44338336.0,,80.0,13,1.1116970289596066,Incomplete: untraded zero-use real reserves not independently certified,89973589.0,1963,13,1963 J4M Standings-1.xlsx,Salary AVG=AVERAGE(C:S); nine payroll checkpoints,13,New York Nutcrackers,1521830,0,0,80,
3.3445080978898005,1.0,0.7563145201638521,1.0,10.97543433,85415658.0,105.5380076315838,92,1.2433626611957795,1.0,Original SalariesFormula cached values; checkpoint average,1706.0,1706.0,1706.0,5981.0,5981.0,5981.0,23804.920281359908,101.0631741646862,7089.844340411302,105.02350389979513,1964,82.90122995,0,philly,42404359.0,16,23,cpdpoet,1.055380076315838,,40611194.0,,92.0,2,1.055380076315838,Incomplete: untraded zero-use real reserves not independently certified,85415658.0,1963,2,1963 J4M Standings-1.xlsx,Salary AVG=AVERAGE(C:S); nine payroll checkpoints,14,Philly CRYPTKEEPERS,1521628,0,0,92,
4.011045585733882,1.0,0.7146372071323889,1.0,-10.64093962,66515129.78,82.18486444648623,56,1.3841597901234568,1.0,Original SalariesFormula cached values; checkpoint average,1458.0,1458.0,1458.0,5458.666666666667,5714.0,5331.0,20621.729080932786,87.54901814626979,6175.495297997069,91.47904007081998,1964,62.6685193,0,pittsburg,33709970.333333336,16,25,coldfoot,0.8218486444648624,,30066481.0,,56.0,14,0.8218486444648624,Incomplete: untraded zero-use real reserves not independently certified,66515129.78,1963,14,1963 J4M Standings-1.xlsx,Salary AVG=AVERAGE(C:S); nine payroll checkpoints,15,Pittsburgh Tanagers,1521690,1,1,56,
2.9740996292323163,1.0,0.7546078937767365,1.0,-0.5904602412,77656276.33,95.95065911634047,74,1.2335291273885352,1.0,Original SalariesFormula cached values; checkpoint average,1491.5,1671.0,1312.0,4909.0,5527.0,4291.0,27603.894736842107,117.19162208653147,7019.726930128336,103.98483848505212,1964,74.43953586,0,georgia-minnesota,34459839.5,16,27,h_incandenza,0.9595065911634049,,41171209.0,,74.0,8,0.9595065911634049,Incomplete: untraded zero-use real reserves not independently certified,77656276.33,1963,8,1963 J4M Standings-1.xlsx,Salary AVG=AVERAGE(C:S); nine payroll checkpoints,16,San Francisco Sugaree,1521558,5,5,74,
2.5912968848522167,1.0,0.7674060215186769,1.0,8.636287059,96001185.33,118.61728946698075,103,1.1069847657635468,1.0,Original SalariesFormula cached values; checkpoint average,1624.0,1624.0,1624.0,6117.166666666667,6594.0,5768.0,30772.55972906404,130.64410746323003,7257.240443560472,107.5031810898415,1964,94.81178231,0,st-louis,44393749.333333336,16,27,contrarian23,1.1861728946698078,,49974637.0,,103.0,5,1.1861728946698078,Incomplete: untraded zero-use real reserves not independently certified,96001185.33,1963,5,1963 J4M Standings-1.xlsx,Salary AVG=AVERAGE(C:S); nine payroll checkpoints,17,St. Louis Perfectos,1521559,2,2,103,
3.2684677866004965,1.0,0.6748088269178315,1.0,-18.6948657,77171469.0,96.35392466410991,62,1.2228961431141439,1.0,Original SalariesFormula cached values; checkpoint average,1612.0,1612.0,1612.0,5866.0,5866.0,5866.0,25945.94540942928,109.26366991758904,5472.398738493011,79.83030371801854,1965,76.25594685,0,baltimore,32101091.0,16,24,disco dogs,0.9635392466410991,,41824864.0,,62.0,14,0.9635392466410991,Incomplete: untraded zero-use real reserves not independently certified,77171469.0,1964,14,1964 J4M Standings.xlsx,Salary AVG=AVERAGE(C:S); nine payroll checkpoints,2,Baltimore Buckaroos,1535744,0,0,62,
3.249808538484487,1.0,0.802968351759274,1.0,1.252738613,93378669.11,116.58973666368574,96,1.2192590788186157,1.0,Original SalariesFormula cached values; checkpoint average,1676.0,1831.0,1521.0,6281.0,7277.0,5285.0,25093.795644391408,105.67509339134646,7729.298598949212,112.75352622628685,1965,94.81225033,0,boston,48547724.5,16,29,tycobb33,1.1658973666368575,,42057201.5,,96.0,9,1.1658973666368575,Incomplete: untraded zero-use real reserves not independently certified,93378669.11,1964,9,1964 J4M Standings.xlsx,Salary AVG=AVERAGE(C:S); nine payroll checkpoints,3,Boston Americans,1536469,7,7,96,
3.5049553239780353,1.0,0.733022931885837,1.0,3.828026166,93017312.0,116.13855728087808,98,1.2817743282489324,1.0,Original SalariesFormula cached values; checkpoint average,1639.0,1708.0,1570.0,6517.0,6983.0,6051.0,21982.494813910922,92.57277078981987,7713.323001381003,112.5204772715431,1965,94.38684681,0,socal-newark,50267726.0,16,26,rls1,1.1613855728087807,,36029309.0,,98.0,6,1.1613855728087807,Incomplete: untraded zero-use real reserves not independently certified,93017312.0,1964,6,1964 J4M Standings.xlsx,Salary AVG=AVERAGE(C:S); nine payroll checkpoints,4,California Coyotes,1535938,3,3,98,
2.931084765291607,1.0,0.7784256474010731,1.0,19.55633007,81547459.0,101.81765130109927,102,1.1791427617354195,1.0,Original SalariesFormula cached values; checkpoint average,1406.0,1406.0,1406.0,5964.0,5964.0,5964.0,26294.19772403983,110.73023146896789,7139.137659289067,104.14437157456379,1965,85.31543243,0,cincinnati-la,42577817.0,16,25,fire13,1.0181765130109928,,36969642.0,,102.0,2,1.0181765130109928,Incomplete: untraded zero-use real reserves not independently certified,81547459.0,1964,2,1964 J4M Standings.xlsx,Salary AVG=AVERAGE(C:S); nine payroll checkpoints,5,Cincinnati Mudcats,1536007,0,0,102,
3.4567113112745096,1.0,0.7407206626011968,1.0,7.565922424,81297626.0,101.50571749482938,87,1.2493759332107843,1.0,Original SalariesFormula cached values; checkpoint average,1632.0,1632.0,1632.0,5682.0,5682.0,5682.0,23173.738357843136,97.58934040490763,7299.909362900387,106.48967836631437,1965,80.88063398,0,new-york-times,41478085.0,16,25,strubrosii,1.015057174948294,,37819541.0,,87.0,4,1.015057174948294,Incomplete: untraded zero-use real reserves not independently certified,81297626.0,1964,4,1964 J4M Standings.xlsx,Salary AVG=AVERAGE(C:S); nine payroll checkpoints,6,Cleveland Wahoos,1536056,0,0,87,
3.8069441344040573,1.0,0.7071227330271644,1.0,1.659068781,57159484.0,71.36757517438726,55,1.3731937136094674,1.0,Original SalariesFormula cached values; checkpoint average,1183.0,1183.0,1183.0,5117.0,5117.0,5117.0,21896.090448013525,92.20890437578583,5717.492476060192,83.40568417627082,1965,54.10240391,0,detroit,29256409.0,16,25,harrelson,0.7136757517438727,,25903075.0,,55.0,8,0.7136757517438727,Incomplete: untraded zero-use real reserves not independently certified,57159484.0,1964,8,1964 J4M Standings.xlsx,Salary AVG=AVERAGE(C:S); nine payroll checkpoints,7,Detroit Soupremes,1535570,0,0,55,
4.012775496041308,1.0,0.7553839287240091,1.0,2.701645323,77758677.22,97.08709480231249,83,1.3612134265060243,1.0,Original SalariesFormula cached values; checkpoint average,1452.5,1512.0,1393.0,5570.833333333333,6323.0,4950.0,21108.86643717728,88.89374344740617,7887.520987284967,115.06164409551067,1965,80.81662152,0,thunderbears,43940064.833333336,16,25,chargingryno,0.9708709480231249,,30660628.5,,83.0,7,0.9708709480231249,Incomplete: untraded zero-use real reserves not independently certified,77758677.22,1964,7,1964 J4M Standings.xlsx,Salary AVG=AVERAGE(C:S); nine payroll checkpoints,8,Houston Thunderbears,1535001,4,4,83,
3.943728645821804,1.0,0.770155823736879,1.0,-28.15973641,87270725.0,108.9635453490234,63,1.3317941317100166,1.0,Original SalariesFormula cached values; checkpoint average,1807.0,1807.0,1807.0,7145.0,7145.0,7145.0,20830.149418926398,87.72000921641099,6666.290412876137,97.24656659046137,1965,87.69455575,0,kansas-city,47630645.0,16,25,husker75,1.089635453490234,,37640080.0,,63.0,16,1.089635453490234,Incomplete: untraded zero-use real reserves not independently certified,87270725.0,1964,16,1964 J4M Standings.xlsx,Salary AVG=AVERAGE(C:S); nine payroll checkpoints,9,Kansas City Bushwhackers,1535792,0,0,63,
3.5561085909369257,1.0,0.7102855408753357,1.0,-5.16716831,82509674.0,103.0190433806083,82,1.2875537262706673,1.0,Original SalariesFormula cached values; checkpoint average,1633.0,1633.0,1633.0,6329.0,6329.0,6329.0,25174.705450091857,106.01582109132602,6225.2140938536895,90.81222980452675,1965,86.46794421,0,montreal,39399380.0,16,25,dannino,1.030190433806083,,41110294.0,,82.0,12,1.030190433806083,Incomplete: untraded zero-use real reserves not independently certified,82509674.0,1964,12,1964 J4M Standings.xlsx,Salary AVG=AVERAGE(C:S); nine payroll checkpoints,10,LA SWAT,1535002,0,0,82,
2.6910666690315717,1.0,0.7510700216387274,1.0,21.48794344,82563386.67,103.08610736974512,100,1.1577836222064561,1.0,Original SalariesFormula cached values; checkpoint average,1409.5,1440.0,1379.0,5846.0,5846.0,5846.0,29719.16743526073,125.15347772572521,6343.604515908313,92.53928658557697,1965,82.31269472,0,milwaukee,37084712.0,16,24,dbrom,1.0308610736974513,,41889166.5,,100.0,1,1.0308610736974513,Incomplete: untraded zero-use real reserves not independently certified,82563386.67,1964,1,1964 J4M Standings.xlsx,Salary AVG=AVERAGE(C:S); nine payroll checkpoints,11,Lombard iPackers,1535355,1,1,100,
3.629225416212946,1.0,0.7570647837369688,1.0,5.195757759,82907359.0,103.51558065049034,87,1.313591148215366,1.0,Original SalariesFormula cached values; checkpoint average,1653.0,1653.0,1653.0,6235.0,6235.0,6235.0,22525.142770719904,94.85797205339314,7004.538572574178,102.18086590071069,1965,82.70295481,0,new-york-eagles,43673298.0,16,25,italyprof,1.0351558065049034,,37234061.0,,87.0,5,1.0351558065049034,Incomplete: untraded zero-use real reserves not independently certified,82907359.0,1964,5,1964 J4M Standings.xlsx,Salary AVG=AVERAGE(C:S); nine payroll checkpoints,12,New York Eagles,1535295,0,0,87,
3.596775512345679,1.0,0.7737558382060309,1.0,-10.56612762,82200460.0,102.63296828255505,77,1.300826787654321,1.0,Original SalariesFormula cached values; checkpoint average,1620.0,1620.0,1620.0,6533.0,6533.0,6533.0,23164.282716049383,97.54952076806232,6532.117250880147,95.28927422475621,1965,86.09713294,0,new-york-nationals,42674322.0,16,25,n4ser,1.0263296828255506,,37526138.0,,77.0,13,1.0263296828255506,Incomplete: untraded zero-use real reserves not independently certified,82200460.0,1964,13,1964 J4M Standings.xlsx,Salary AVG=AVERAGE(C:S); nine payroll checkpoints,13,New York Nutcrackers,1535401,0,0,77,
3.6073197229518446,1.0,0.7690999410523993,1.0,-3.254835739,80214125.78,100.15289241680182,81,1.291290373358349,1.0,Original SalariesFormula cached values; checkpoint average,1599.0,1599.0,1599.0,5286.333333333333,6638.0,4264.0,22447.68918073796,94.53179918298218,7688.53742354499,112.15891001355844,1965,83.72511496,0,philly,40644171.666666664,16,24,cpdpoet,1.0015289241680183,,35893855.0,,81.0,11,1.0015289241680183,Incomplete: untraded zero-use real reserves not independently certified,80214125.78,1964,11,1964 J4M Standings.xlsx,Salary AVG=AVERAGE(C:S); nine payroll checkpoints,14,Philly CRYPTKEEPERS,1535849,5,5,81,
4.1310996132170414,1.0,0.7615314267443555,1.0,-26.53770003,66725114.22,83.31092710905904,50,1.3715322110030193,1.0,Original SalariesFormula cached values; checkpoint average,1490.5,1647.0,1334.0,5720.833333333333,7802.0,3969.0,20038.76987588058,84.38734849403599,6783.544355426075,98.95704462636454,1965,68.06212169,0,pittsburg,38807526.666666664,16,31,coldfoot,0.8331092710905904,,29867786.5,,50.0,15,0.8331092710905904,Incomplete: untraded zero-use real reserves not independently certified,66725114.22,1964,15,1964 J4M Standings.xlsx,Salary AVG=AVERAGE(C:S); nine payroll checkpoints,15,Pittsburg Tanagers,1535931,10,10,50,
2.9673793565737046,1.0,0.7783415002715379,1.0,11.30332441,87523499.67,109.27915203405587,103,1.2381620066401062,1.0,Original SalariesFormula cached values; checkpoint average,1506.0,1506.0,1506.0,6076.5,6353.0,5800.0,27400.724435590968,115.39004121796935,7217.895581337942,105.29327704322725,1965,92.53991339,0,georgia-minnesota,43859542.5,16,24,h_incandenza,1.0927915203405587,,41265491.0,,103.0,3,1.0927915203405587,Incomplete: untraded zero-use real reserves not independently certified,87523499.67,1964,3,1964 J4M Standings.xlsx,Salary AVG=AVERAGE(C:S); nine payroll checkpoints,16,San Francisco Sugaree,1535229,1,1,103,
3.6536519666319083,1.0,0.7390187395894707,1.0,0.340298957,68221706.33,85.17952602635891,70,1.3025001958985054,1.0,Original SalariesFormula cached values; checkpoint average,1438.5,1652.0,1225.0,5261.5,6524.0,4197.0,23143.08585331943,97.46025645427198,6259.806677436725,91.31685978230962,1965,69.7625986,0,st-louis,32935972.833333332,16,28,contrarian23,0.8517952602635892,,33291329.0,,70.0,10,0.8517952602635892,Incomplete: untraded zero-use real reserves not independently certified,68221706.33,1964,10,1964 J4M Standings.xlsx,Salary AVG=AVERAGE(C:S); nine payroll checkpoints,17,St. Louis Perfectos,1535288,9,9,70,
3.291017371411118,1.0,0.6689227052302887,1.0,2.847064705,77853867.0,98.94685235638772,82,1.244663167990226,1.0,Original SalariesFormula cached values; checkpoint average,1637.0,1637.0,1637.0,6405.0,6405.0,6405.0,23984.6682956628,101.10043752835294,5712.875097580016,84.54811354615892,1966,79.73003433,0,baltimore,36590965.0,16,25,disco dogs,0.9894685235638772,,39262902.0,,82.0,6,0.9894685235638772,Incomplete: untraded zero-use real reserves not independently certified,77853867.0,1965,6,1965 J4M Standings.xlsx,Salary AVG=AVERAGE(C:S); nine payroll checkpoints,2,Baltimore Buckaroos,1546695,0,0,82,
3.4083183461307733,1.0,0.7642868354419685,1.0,-7.847964216,71731445.89,91.16568077200384,67,1.2541020881823637,1.0,Original SalariesFormula cached values; checkpoint average,1667.0,1753.0,1606.0,4734.5,5178.0,4291.0,23584.930413917216,99.41545801381683,6221.490442496568,92.07540360568419,1966,72.70593583,0,boston,29455646.5,16,26,tycobb33,0.9116568077200384,,39316079.0,,67.0,11,0.9116568077200384,Incomplete: untraded zero-use real reserves not independently certified,71731445.89,1965,11,1965 J4M Standings.xlsx,Salary AVG=AVERAGE(C:S); nine payroll checkpoints,3,Boston Americans,1546761,4,4,67,
3.3399925559973496,1.0,0.7402448103387664,1.0,-1.535972798,85193799.0,108.2753956374803,87,1.2404991199469848,1.0,Original SalariesFormula cached values; checkpoint average,1509.0,1509.0,1509.0,6258.0,6258.0,6258.0,22898.42478462558,96.52169193660939,7772.463406839246,115.0291416196336,1966,88.35714166,0,socal-newark,48640076.0,16,25,rls1,1.082753956374803,,34553723.0,,87.0,9,1.082753956374803,Incomplete: untraded zero-use real reserves not independently certified,85193799.0,1965,9,1965 J4M Standings.xlsx,Salary AVG=AVERAGE(C:S); nine payroll checkpoints,4,California Coyotes,1546646,0,0,87,
3.253821376140351,1.0,0.7915665848710497,1.0,22.67967162,72450909.0,92.08006836589225,92,1.2249581859649123,1.0,Original SalariesFormula cached values; checkpoint average,1425.0,1425.0,1425.0,5506.0,5506.0,5506.0,23230.594385964912,97.9218568926158,6783.020704685798,100.38581186006566,1966,74.99204944,0,cincinnati-la,37347312.0,16,25,fire13,0.9208006836589224,,33103597.0,,92.0,1,0.9208006836589224,Incomplete: untraded zero-use real reserves not independently certified,72450909.0,1965,1,1965 J4M Standings.xlsx,Salary AVG=AVERAGE(C:S); nine payroll checkpoints,5,Cincinnati Mudcats,1546676,0,0,92,
3.115157710006807,1.0,0.7763475920661779,1.0,2.368351215,77332623.0,98.28438747060814,81,1.2315894404356704,1.0,Original SalariesFormula cached values; checkpoint average,1469.0,1469.0,1469.0,5319.0,5319.0,5319.0,25070.42954390742,105.67715028067029,7146.481669486746,105.76487903669697,1966,79.12601799,0,new-york-times,38012136.0,16,24,strubrosii,0.9828438747060815,,36828461.0,,81.0,8,0.9828438747060815,Incomplete: untraded zero-use real reserves not independently certified,77332623.0,1965,8,1965 J4M Standings.xlsx,Salary AVG=AVERAGE(C:S); nine payroll checkpoints,6,Cleveland Wahoos,1546649,0,0,81,
2.9144712663219137,1.0,0.7778698750392207,1.0,11.08279517,89021411.89,113.14002551520026,103,1.2038244393018747,1.0,Original SalariesFormula cached values; checkpoint average,1547.0,1547.0,1547.0,6055.5,6756.0,5355.0,27729.715578539108,116.88660201458983,7204.755346379325,106.62730458714405,1966,92.72363002,0,detroit,43628396.0,16,25,harrelson,1.1314002551520026,,42897870.0,,103.0,4,1.1314002551520026,Incomplete: untraded zero-use real reserves not independently certified,89021411.89,1965,4,1965 J4M Standings.xlsx,Salary AVG=AVERAGE(C:S); nine payroll checkpoints,7,Detroit Supremes,1546627,2,2,103,
3.44730640027137,1.0,0.7428055706287288,1.0,2.627408394,77462345.11,98.44925525380418,83,1.29208481614654,1.0,Original SalariesFormula cached values; checkpoint average,1474.0,1560.0,1413.0,5447.5,6148.0,4747.0,23299.937584803258,98.21415310683696,7412.6395594309315,109.7039022283189,1966,80.87508132,0,thunderbears,40380354.0,16,24,chargingryno,0.9844925525380418,,34344108.0,,83.0,7,0.9844925525380418,Incomplete: untraded zero-use real reserves not independently certified,77462345.11,1965,7,1965 J4M Standings.xlsx,Salary AVG=AVERAGE(C:S); nine payroll checkpoints,8,Houston Thunderbears,1546620,4,4,83,
3.914605981234867,1.0,0.7375410065420561,1.0,-11.49843105,82143631.0,104.3988441649866,75,1.3418920508474577,1.0,Original SalariesFormula cached values; checkpoint average,1652.0,1652.0,1652.0,6955.0,6955.0,6955.0,20477.165254237287,86.3155721406472,6659.288856937455,98.55463331440933,1966,84.74426034,0,kansas-city,46315354.0,16,25,husker75,1.043988441649866,,33828277.0,,75.0,14,1.043988441649866,Incomplete: untraded zero-use real reserves not independently certified,82143631.0,1965,14,1965 J4M Standings.xlsx,Salary AVG=AVERAGE(C:S); nine payroll checkpoints,9,Kansas City Bushwhackers,1546623,0,0,75,
3.752105699507389,1.0,0.7076510486967997,1.0,-22.03097778,76315064.67,96.99114157644438,62,1.3085551514778324,1.0,Original SalariesFormula cached values; checkpoint average,1624.0,1835.0,1413.0,6062.0,6062.0,6062.0,22323.57050492611,94.0985598558888,6276.999505113824,92.89691404462107,1966,79.51876045,0,montreal,38051171.0,16,26,dannino,0.9699114157644437,,36253478.5,,62.0,16,0.9699114157644437,Incomplete: untraded zero-use real reserves not independently certified,76315064.67,1965,16,1965 J4M Standings.xlsx,Salary AVG=AVERAGE(C:S); nine payroll checkpoints,10,LA SWAT,1546744,4,4,62,
3.1511278453463962,1.0,0.7848126491287291,1.0,5.883053143,78325250.89,99.54594850876008,85,1.2262385521343597,1.0,Original SalariesFormula cached values; checkpoint average,1429.0,1429.0,1429.0,5480.5,5828.0,5133.0,24696.34989503149,104.10032563145685,7441.187482893896,110.12639931310135,1966,80.2772469,0,milwaukee,40781428.0,16,24,dbrom,0.9954594850876008,,35291084.0,,85.0,5,0.9954594850876008,Incomplete: untraded zero-use real reserves not independently certified,78325250.89,1965,5,1965 J4M Standings.xlsx,Salary AVG=AVERAGE(C:S); nine payroll checkpoints,11,Lombard iPackers,1546668,1,1,85,
3.7512544424284715,1.0,0.7176153754887936,1.0,-8.858181692,73403466.0,93.29070208868528,68,1.323904612700628,1.0,Original SalariesFormula cached values; checkpoint average,1433.0,1433.0,1433.0,6291.0,6291.0,6291.0,21700.81577110956,91.47351725427436,6406.96185026228,94.82030129301222,1966,74.60900085,0,new-york-eagles,40306197.0,16,25,italyprof,0.9329070208868527,,31097269.0,,68.0,12,0.9329070208868527,Incomplete: untraded zero-use real reserves not independently certified,73403466.0,1965,12,1965 J4M Standings.xlsx,Salary AVG=AVERAGE(C:S); nine payroll checkpoints,12,New York Eagles,1546651,0,0,68,
3.5724569818181817,1.0,0.7426739409409083,1.0,-5.867887203,80911276.0,102.83260663646851,80,1.297257260909091,1.0,Original SalariesFormula cached values; checkpoint average,1760.0,1760.0,1760.0,6143.0,6143.0,6143.0,23412.939204545455,98.69047877690738,6137.799609311412,90.83681498856062,1966,84.98693764,0,new-york-nationals,37704503.0,16,25,n4ser,1.0283260663646852,,41206773.0,,80.0,10,1.0283260663646852,Incomplete: untraded zero-use real reserves not independently certified,80911276.0,1965,10,1965 J4M Standings.xlsx,Salary AVG=AVERAGE(C:S); nine payroll checkpoints,13,New York Nutcrackers,1546722,0,0,80,
4.061996906930693,1.0,0.7397120964707787,1.0,13.81681435,76682933.33,97.45867706813115,91,1.3623253966996698,1.0,Original SalariesFormula cached values; checkpoint average,1515.0,1726.0,1304.0,6177.0,6177.0,6177.0,20121.955445544554,84.81828784926128,7016.203011170471,103.8368104884048,1966,79.95303727,0,philly,43339086.0,16,24,cpdpoet,0.9745867706813115,,30484762.5,,91.0,2,0.9745867706813115,Incomplete: untraded zero-use real reserves not independently certified,76682933.33,1965,2,1965 J4M Standings.xlsx,Salary AVG=AVERAGE(C:S); nine payroll checkpoints,14,Philly CRYPTKEEPERS,1546653,4,4,91,
4.003030140080972,1.0,0.7442620507414571,1.0,-19.54823228,67782351.0,86.14665571802425,56,1.3845767238866398,1.0,Original SalariesFormula cached values; checkpoint average,1235.0,1235.0,1235.0,6204.0,6204.0,6204.0,20074.544939271254,84.61844256190585,6607.074145712443,97.78187787025436,1966,69.60692299,0,pittsburg,40990288.0,16,25,coldfoot,0.8614665571802425,,24792063.0,,56.0,15,0.8614665571802425,Incomplete: untraded zero-use real reserves not independently certified,67782351.0,1965,15,1965 J4M Standings.xlsx,Salary AVG=AVERAGE(C:S); nine payroll checkpoints,15,Pittsburgh Tanagers,1546811,0,0,56,
3.333248335487662,1.0,0.7935638496431121,1.0,11.25028719,84965242.0,107.98491558034944,100,1.298037106345476,1.0,Original SalariesFormula cached values; checkpoint average,1702.0,1702.0,1702.0,5604.0,5604.0,5604.0,25848.97356051704,108.95887758012798,6853.140613847252,101.42355659286059,1966,89.88740841,0,georgia-minnesota,38405000.0,16,23,h_incandenza,1.0798491558034944,,43994953.0,,100.0,3,1.0798491558034944,Incomplete: untraded zero-use real reserves not independently certified,84965242.0,1965,3,1965 J4M Standings.xlsx,Salary AVG=AVERAGE(C:S); nine payroll checkpoints,16,San Francisco Sugaree,1546629,0,0,100,
2.720186720217835,1.0,0.7721905256636452,1.0,-9.480821475,87344544.22,111.00884328677364,84,1.1437627424098027,1.0,Original SalariesFormula cached values; checkpoint average,1469.0,1519.0,1444.0,6178.0,6969.0,5387.0,31122.66235534377,131.1885885760382,6458.844043379734,95.58813561107327,1966,92.79801404,0,st-louis,39902738.5,16,28,contrarian23,1.1100884328677365,,45719191.0,,84.0,13,1.1100884328677365,Incomplete: untraded zero-use real reserves not independently certified,87344544.22,1965,13,1965 J4M Standings.xlsx,Salary AVG=AVERAGE(C:S); nine payroll checkpoints,17,St. Louis Perfectos,1546632,4,4,84,
3.14123492410197,1.0,0.7148059320547946,1.0,7.5026612906330685,84460848.0,107.64034416475722,98,1.2138629721900347,1.0,Original SalariesFormula cached values; checkpoint average; Score corrected with WIS final wins and original expected wins,1726.0,1726.0,1726.0,5840.0,5840.0,5840.0,24945.163383545772,104.30330847542861,6301.712671232876,94.7733778397897,1968,91.16053391,0,baltimore,36802002.0,16,26,disco dogs,1.0764034416475723,,43055352.0,6.405695361,97.0,3,1.0764034416475723,Incomplete: untraded zero-use real reserves not independently certified,84460848.0,1967,3,1967 J4M Standings.xlsx,Salary AVG=AVERAGE(C:S); nine payroll checkpoints,2,Baltimore Buckaroos,1566644,0,0,98,
3.4757827642007926,1.0,0.7019948735525865,1.0,-5.386325086,72079975.0,91.86165543101221,72,1.3116512232496698,1.0,Original SalariesFormula cached values; checkpoint average,1514.0,1514.0,1514.0,5838.0,5838.0,5838.0,22996.75957727873,96.15644007793313,5968.936793422405,89.76865997195182,1968,76.09893608,0,boston,34846653.0,16,26,bagchucker,0.918616554310122,,34817094.0,,72.0,11,0.918616554310122,Incomplete: untraded zero-use real reserves not independently certified,72079975.0,1967,11,1967 J4M Standings.xlsx,Salary AVG=AVERAGE(C:S); nine payroll checkpoints,3,Boston Beavers,1566706,0,0,72,
2.9454945513176143,1.0,0.7631690662208152,1.0,-6.99604621,88803798.67,113.17517735527127,85,1.1588350876560334,1.0,Original SalariesFormula cached values; checkpoint average,1442.0,1442.0,1442.0,6317.5,7985.0,4650.0,28187.68099861304,117.86125996451196,7451.926394934705,112.07179265494472,1968,91.39396395,0,thunderbears,47077545.0,16,30,chargingryno,1.1317517735527127,,40646636.0,,85.0,13,1.1317517735527127,Incomplete: untraded zero-use real reserves not independently certified,88803798.67,1967,13,1967 J4M Standings.xlsx,Salary AVG=AVERAGE(C:S); nine payroll checkpoints,4,Brooklyn Thunderbears,1566351,7,7,85,
3.894520397084048,1.0,0.7179478174234092,1.0,-51.81611226,74396657.0,94.81412931335231,38,1.3644296466552317,1.0,Original SalariesFormula cached values; checkpoint average,1166.0,1166.0,1166.0,6365.0,6365.0,6365.0,19109.045454545456,79.9007259271409,7502.844619010212,112.83756734842895,1968,78.86453705,0,socal-newark,47755606.0,16,25,bluecrew65,0.9481412931335231,,22281147.0,,38.0,16,0.9481412931335231,Incomplete: untraded zero-use real reserves not independently certified,74396657.0,1967,16,1967 J4M Standings.xlsx,Salary AVG=AVERAGE(C:S); nine payroll checkpoints,5,California Commanders,1566611,0,0,38,
3.148318261255116,1.0,0.7303074298422354,1.0,4.226828874,71016053.0,90.50574990843852,78,1.2372735040927694,1.0,Original SalariesFormula cached values; checkpoint average,1466.0,1466.0,1466.0,5261.0,5261.0,5261.0,24434.56821282401,102.16835490631368,6439.493822467211,96.84551057360065,1968,74.83677748,0,new-york-times,33878177.0,16,25,strubrosii,0.9050574990843852,,35821077.0,,78.0,8,0.9050574990843852,Incomplete: untraded zero-use real reserves not independently certified,71016053.0,1967,8,1967 J4M Standings.xlsx,Salary AVG=AVERAGE(C:S); nine payroll checkpoints,6,Cleveland Wahoos,1566425,0,0,78,
3.4252246275616955,1.0,0.7300023327138738,1.0,6.486696595,83441126.0,106.34076892212676,97,1.29523143687122,1.0,Original SalariesFormula cached values; checkpoint average,1744.45,1744.45,1744.45,6242.0,6242.0,6242.0,23236.534724411704,97.1590128312809,6873.78292214034,103.37691672972598,1968,91.09119083,0,detroit,42906153.0,16,27,harrelson,1.0634076892212676,,40534973.0,,97.0,6,1.0634076892212676,Incomplete: untraded zero-use real reserves not independently certified,83441126.0,1967,6,1967 J4M Standings.xlsx,Salary AVG=AVERAGE(C:S); nine payroll checkpoints,7,Detroit Soupremes,1566558,0,0,97,
3.067486500962155,1.0,0.79861325301942,1.0,17.01386707,83761753.67,106.74938988159835,100,1.2117419390635022,1.0,Original SalariesFormula cached values; checkpoint average,1559.0,1559.0,1559.0,5638.5,5761.0,5516.0,25177.33932007697,105.27410661999232,7891.287310454908,118.6794753956568,1968,85.45995659,0,cincinnati-la,44495023.5,16,26,fire13,1.0674938988159834,,39251472.0,,100.0,2,1.0674938988159834,Incomplete: untraded zero-use real reserves not independently certified,83761753.67,1967,2,1967 J4M Standings.xlsx,Salary AVG=AVERAGE(C:S); nine payroll checkpoints,8,Cincinnati Mudcats,1566369,1,1,100,
3.733599562466488,1.0,0.7356066028003061,1.0,-4.651923445,82838673.0,105.57297828541553,85,1.325278983378016,1.0,Original SalariesFormula cached values; checkpoint average,1865.0,1865.0,1865.0,6535.0,6535.0,6535.0,21379.31420911528,89.39340948223112,6574.7899005355775,98.88026953453345,1968,89.14705264,0,kansas-city,42966252.0,16,25,husker75,1.0557297828541552,,39872421.0,,85.0,10,1.0557297828541552,Incomplete: untraded zero-use real reserves not independently certified,82838673.0,1967,10,1967 J4M Standings.xlsx,Salary AVG=AVERAGE(C:S); nine payroll checkpoints,9,Kansas City Bushwhackers,1566368,0,0,85,
3.426602324815446,1.0,0.7036907383762732,1.0,-13.67069891,88901541.56,113.29974487464142,79,1.2728575008517886,1.0,Original SalariesFormula cached values; checkpoint average,1761.0,1964.0,1558.0,6676.0,6676.0,6676.0,22947.388415672915,95.95000424828615,6665.018124625524,100.23723930126462,1968,91.51006554,0,montreal,44495661.0,16,27,dannino,1.132997448746414,,40410351.0,,79.0,15,1.132997448746414,Incomplete: untraded zero-use real reserves not independently certified,88901541.56,1967,15,1967 J4M Standings.xlsx,Salary AVG=AVERAGE(C:S); nine payroll checkpoints,10,LA SWAT,1566498,2,2,79,
2.9370448865435357,1.0,0.7794261552236259,1.0,26.02172927,83898061.0,106.9231054937525,114,1.2065784320580475,1.0,Original SalariesFormula cached values; checkpoint average,1516.0,1516.0,1516.0,5858.0,5858.0,5858.0,26151.32321899736,109.34662927687755,7554.225844998293,113.61030526881518,1968,90.46059014,0,milwaukee,44252655.0,16,25,dbrom,1.069231054937525,,39645406.0,,114.0,1,1.069231054937525,Incomplete: untraded zero-use real reserves not independently certified,83898061.0,1967,1,1967 J4M Standings.xlsx,Salary AVG=AVERAGE(C:S); nine payroll checkpoints,11,Lombard iPackers,1566363,0,0,114,
3.365070216848674,1.0,0.6892735337641954,1.0,6.880651508,60556002.44,77.17503551330053,67,1.2686916911076445,1.0,Original SalariesFormula cached values; checkpoint average,1282.0,1485.0,1079.0,5415.5,6672.0,4159.0,23227.765210608424,97.12234482917809,5844.41519711938,87.89594172671778,1968,62.68674363,0,new-york-eagles,31650430.5,16,28,just4me,0.7717503551330053,,29777995.0,,67.0,5,0.7717503551330053,Incomplete: untraded zero-use real reserves not independently certified,60556002.44,1967,5,1967 J4M Standings.xlsx,Salary AVG=AVERAGE(C:S); nine payroll checkpoints,12,New York Eagles,1566362,6,6,67,
3.578345866543666,1.0,0.7218978575673595,1.0,-7.207396415,75985230.0,96.83867143552993,71,1.3228053130381305,1.0,Original SalariesFormula cached values; checkpoint average,1626.0,1626.0,1626.0,6495.0,6495.0,6495.0,22901.20172201722,95.7568836468389,5965.80076982294,89.72149635707243,1968,76.51471912,0,new-york-nationals,38747876.0,16,25,n4ser,0.9683867143552993,,37237354.0,,71.0,14,0.9683867143552993,Incomplete: untraded zero-use real reserves not independently certified,75985230.0,1967,14,1967 J4M Standings.xlsx,Salary AVG=AVERAGE(C:S); nine payroll checkpoints,13,New York Nutcrackers,1566496,0,0,71,
3.2414537801458216,1.0,0.7359109297220016,1.0,4.716814299,83359480.0,106.2367159348814,89,1.2254478137969715,1.0,Original SalariesFormula cached values; checkpoint average,1783.0,1783.0,1783.0,6295.0,6295.0,6295.0,24317.114974761636,101.67724722613154,6354.577283558379,95.5684248594912,1968,84.9911264,0,philly,40002064.0,16,26,cpdpoet,1.062367159348814,,43357416.0,,89.0,7,1.062367159348814,Incomplete: untraded zero-use real reserves not independently certified,83359480.0,1967,7,1967 J4M Standings.xlsx,Salary AVG=AVERAGE(C:S); nine payroll checkpoints,14,Philly CRYPTKEEPERS,1566431,0,0,89,
3.242477315719064,1.0,0.7312053517904314,1.0,-6.877015543,79510038.0,101.33083029041958,75,1.2600653926421403,1.0,Original SalariesFormula cached values; checkpoint average,1495.0,1495.0,1495.0,6814.0,6814.0,6814.0,25030.611371237457,104.66059247801363,6176.882007631347,92.89601143723917,1968,80.53865588,0,pittsburg,42089274.0,16,27,coldfoot,1.0133083029041958,,37420764.0,,75.0,12,1.0133083029041958,Incomplete: untraded zero-use real reserves not independently certified,79510038.0,1967,12,1967 J4M Standings.xlsx,Salary AVG=AVERAGE(C:S); nine payroll checkpoints,15,Pittsburg Tanagers,1566680,0,0,75,
3.2371506166134183,1.0,0.7478913593048516,1.0,2.565171935,77290688.0,98.50240027250106,80,1.2593173271565494,1.0,Original SalariesFormula cached values; checkpoint average,1565.0,1565.0,1565.0,5524.0,5524.0,5524.0,25138.626837060703,105.11223796450142,6804.886314265025,102.34075964185139,1968,77.99918675,0,georgia-minnesota,37590192.0,16,25,h_incandenza,0.9850240027250107,,39341951.0,,80.0,9,0.9850240027250107,Incomplete: untraded zero-use real reserves not independently certified,77290688.0,1967,9,1967 J4M Standings.xlsx,Salary AVG=AVERAGE(C:S); nine payroll checkpoints,16,San Francisco Sugaree,1566383,0,0,80,
3.433140093073593,1.0,0.7543981004543768,1.0,7.050300386,65152738.33,83.03330292300132,69,1.2852231277056279,1.0,Original SalariesFormula cached values; checkpoint average,1386.0,1386.0,1386.0,5392.0,5803.0,4981.0,23475.318903318905,98.15744204534002,6017.316116468843,90.49625135891618,1968,64.45568088,0,st-louis,32445368.5,16,26,contrarian23,0.8303330292300131,,32536792.0,,69.0,4,0.8303330292300131,Incomplete: untraded zero-use real reserves not independently certified,65152738.33,1967,4,1967 J4M Standings.xlsx,Salary AVG=AVERAGE(C:S); nine payroll checkpoints,17,St. Louis Perfectos,1566355,3,3,69,
3.3215151357435198,1.0,0.6934392359653425,1.0,0.3220733566,71434290.0,88.01868213661267,75,1.2553472605729876,1.0,Original SalariesFormula cached values; checkpoint average,1466.0,1466.0,1466.0,6117.0,6117.0,6117.0,23527.277626193725,92.3711025631824,6039.447605035148,92.76087129615647,1969,74.75922047,0,baltimore,36943301.0,16,25,disco dogs,0.8801868213661266,,34490989.0,,75.0,10,0.8801868213661266,Incomplete: untraded zero-use real reserves not independently certified,71434290.0,1968,10,1968 J4M Standings.xlsx,Salary AVG=AVERAGE(C:S); nine payroll checkpoints,2,Baltimore Buckaroos,1577044,0,0,75,
3.52638002357985,1.0,0.6787294304874766,1.0,-16.69993359,70129829.33,86.41137409068062,61,1.3030345026795285,1.0,Original SalariesFormula cached values; checkpoint average,1399.5,1499.0,1300.0,6188.333333333333,6611.0,5977.0,23271.660593068955,91.36751738181077,6497.134608133585,99.79056142095236,1969,73.22923333,0,boston,40206434.666666664,16,28,eddiedzen,0.864113740906806,,32568689.0,,61.0,14,0.864113740906806,Incomplete: untraded zero-use real reserves not independently certified,70129829.33,1968,14,1968 J4M Standings.xlsx,Salary AVG=AVERAGE(C:S); nine payroll checkpoints,3,Boston Mods,1577069,2,2,61,
2.8669184,1.0,0.7395546852644515,1.0,9.061640577,94443488.22,116.36976260993289,100,1.164788018033283,1.0,Original SalariesFormula cached values; checkpoint average,1652.5,1986.0,1372.0,6510.333333333333,8475.0,4757.0,27847.684417549168,109.3335724749011,6906.557984742205,106.07896255081181,1969,91.69126695,0,thunderbears,44963994.666666664,16,32,chargingryno,1.1636976260993286,,46018298.5,,100.0,4,1.1636976260993286,Incomplete: untraded zero-use real reserves not independently certified,94443488.22,1968,4,1968 J4M Standings.xlsx,Salary AVG=AVERAGE(C:S); nine payroll checkpoints,4,Brooklyn Thunderbears,1576306,11,11,100,
3.4341443765615702,1.0,0.7417411398870808,1.0,0.4930818448,90129473.33,111.05419349969851,98,1.278672874836407,1.0,Original SalariesFormula cached values; checkpoint average,1681.0,1787.0,1628.0,6022.0,6618.0,5426.0,23317.175490779297,91.54621469440906,8164.562769843906,125.4008654121727,1969,97.51915077,0,socal-newark,49166997.0,16,27,crustydoc,1.110541934996985,,39196172.0,,98.0,9,1.110541934996985,Incomplete: untraded zero-use real reserves not independently certified,90129473.33,1968,9,1968 J4M Standings.xlsx,Salary AVG=AVERAGE(C:S); nine payroll checkpoints,5,SoCal Space Cadets '68,1576610,3,3,98,
3.0812254676409188,1.0,0.7144030751982553,1.0,15.62318043,64401128.0,79.35268082977105,77,1.2150214210160055,1.0,Original SalariesFormula cached values; checkpoint average,1437.0,1437.0,1437.0,5044.0,5044.0,5044.0,24723.583855254,97.0679539004775,5724.29381443299,87.92037227697962,1969,66.5956426,0,new-york-times,28873338.0,16,25,strubrosii,0.7935268082977104,,35527790.0,,77.0,2,0.7935268082977104,Incomplete: untraded zero-use real reserves not independently certified,64401128.0,1968,2,1968 J4M Standings.xlsx,Salary AVG=AVERAGE(C:S); nine payroll checkpoints,6,Cleveland Wahoos,1576406,0,0,77,
2.9936813855421684,1.0,0.756766530456126,1.0,8.965864745,93520575.44,115.23258371975791,110,1.2208289232720355,1.0,Original SalariesFormula cached values; checkpoint average,1577.0,1577.0,1577.0,7333.5,7817.0,6850.0,26335.61762840837,103.3970047733067,7097.236994613759,109.00763289457427,1969,100.9490452,0,detroit,52047587.5,16,27,harrelson,1.1523258371975789,,41531269.0,,110.0,5,1.1523258371975789,Incomplete: untraded zero-use real reserves not independently certified,93520575.44,1968,5,1968 J4M Standings.xlsx,Salary AVG=AVERAGE(C:S); nine payroll checkpoints,7,Detroit Supremes 68,1576434,3,3,110,
2.9502517945109084,1.0,0.7353313143125694,1.0,-6.169819751,76780185.67,94.60569646423073,68,1.191018754398311,1.0,Original SalariesFormula cached values; checkpoint average,1421.0,1421.0,1421.0,5851.5,6335.0,5368.0,26261.730471498944,103.10691434051543,6530.121763650346,100.2972165800708,1969,72.47135178,0,cincinnati-la,38211007.5,16,30,fire13,0.9460569646423073,,37317919.0,,68.0,11,0.9460569646423073,Incomplete: untraded zero-use real reserves not independently certified,76780185.67,1968,11,1968 J4M Standings.xlsx,Salary AVG=AVERAGE(C:S); nine payroll checkpoints,8,Cincinnati Mudcats,1576501,3,3,68,
3.2754968361153263,1.0,0.6488977342843851,1.0,-22.55588873,83362350.0,102.7159951727812,69,1.2615959954476479,1.0,Original SalariesFormula cached values; checkpoint average,1977.0,1977.0,1977.0,6449.0,6449.0,6449.0,24030.0354071826,94.34499394534802,5559.772057683362,85.3934554956259,1969,89.09650956,0,kansas-city,35854970.0,16,25,husker75,1.0271599517278118,,47507380.0,,69.0,15,1.0271599517278118,Incomplete: untraded zero-use real reserves not independently certified,83362350.0,1968,15,1968 J4M Standings.xlsx,Salary AVG=AVERAGE(C:S); nine payroll checkpoints,9,Kansas City Bushwhackers 1968,1576323,0,0,69,
3.6040198410067523,1.0,0.6547413288988765,1.0,-33.09789615,80318252.33,98.96517095084896,51,1.3160689447513811,1.0,Original SalariesFormula cached values; checkpoint average,1629.0,1629.0,1629.0,6675.0,7164.0,6186.0,22023.31062001228,86.46633564595264,5909.3956554307115,90.76338196467958,1969,76.23078658,0,montreal,39445216.0,16,27,dannino,0.9896517095084894,,35875973.0,,51.0,16,0.9896517095084894,Incomplete: untraded zero-use real reserves not independently certified,80318252.33,1968,16,1968 J4M Standings.xlsx,Salary AVG=AVERAGE(C:S); nine payroll checkpoints,10,LA SWAT,1576951,2,2,51,
3.069549995111519,1.0,0.7328097498753561,1.0,8.411387076,76064780.33,93.72420054371,87,1.190583251756798,1.0,Original SalariesFormula cached values; checkpoint average,1636.5,1939.0,1387.0,5616.0,5740.0,5492.0,25254.12893369997,99.150941768184,6346.213141025641,97.47253373004969,1969,80.24987259,1,milwaukee,35640333.0,16,31,dbrom,0.9372420054370998,,41328382.0,,87.0,6,0.9372420054370998,Incomplete: untraded zero-use real reserves not independently certified,76064780.33,1968,6,1968 J4M Standings.xlsx,Salary AVG=AVERAGE(C:S); nine payroll checkpoints,11,Lombard iPackers,1576410,4,4,87,
3.329947432676519,1.0,0.684872107904729,1.0,0.6512325527,67822345.78,83.56817846120195,71,1.2806455106732346,1.0,Original SalariesFormula cached values; checkpoint average,1218.0,1218.0,1218.0,5794.0,6127.0,5461.0,24158.095238095237,94.84777322833166,6248.576458405247,95.97291582744828,1969,70.54061654,0,new-york-eagles,36204252.0,16,26,just4me,0.8356817846120194,,29424560.0,,71.0,8,0.8356817846120194,Incomplete: untraded zero-use real reserves not independently certified,67822345.78,1968,8,1968 J4M Standings.xlsx,Salary AVG=AVERAGE(C:S); nine payroll checkpoints,12,New York Eagles,1576360,1,1,71,
3.435555904833084,1.0,0.7188651233739065,1.0,-11.233431331777709,76427696.56,94.17137245919467,64,1.2821973119083208,1.0,Original SalariesFormula cached values; checkpoint average; Score corrected with WIS final wins and original expected wins,2007.0,2007.0,2007.0,5258.0,5564.0,4952.0,22898.020428500247,89.90055828388796,6057.732312666413,93.04170913467958,1969,72.09921591,0,new-york-nationals,31851556.5,16,25,n4ser,0.9417137245919466,,45956327.0,-14.0073866,62.0,12,0.9417137245919466,Incomplete: untraded zero-use real reserves not independently certified,76427696.56,1968,12,1968 J4M Standings.xlsx,Salary AVG=AVERAGE(C:S); nine payroll checkpoints,13,New York Nutcrackers,1576634,1,1,64,
3.1631640647435897,1.0,0.7207746256456241,1.0,6.860920889,79036429.0,97.38575579548639,80,1.2480751403846153,1.0,Original SalariesFormula cached values; checkpoint average,1560.0,1560.0,1560.0,5576.0,5576.0,5576.0,27429.34423076923,107.6911153698628,6246.40656384505,95.93958805921714,1969,74.86366329,0,philly,34829963.0,16,26,cpdpoet,0.9738575579548637,,42789777.0,,80.0,7,0.9738575579548637,Incomplete: untraded zero-use real reserves not independently certified,79036429.0,1968,7,1968 J4M Standings.xlsx,Salary AVG=AVERAGE(C:S); nine payroll checkpoints,14,Philly CRYPTKEEPERS,1576335,0,0,80,
2.763926025379037,1.0,0.7639831258442685,1.0,25.53360844091815,89351315.89,110.09537676947554,108,1.177251417007251,1.0,Original SalariesFormula cached values; checkpoint average; Score corrected with WIS final wins and original expected wins,1517.0,1686.0,1348.0,6909.333333333333,7638.0,6392.0,29019.432762030323,113.93400641485705,6839.16043516017,105.04379247710453,1969,86.03273764,0,pittsburg,47254039.166666664,16,28,coldfoot,1.1009537676947552,,44022479.5,22.04656376,105.0,1,1.1009537676947552,Incomplete: untraded zero-use real reserves not independently certified,89351315.89,1968,1,1968 J4M Standings.xlsx,Salary AVG=AVERAGE(C:S); nine payroll checkpoints,15,Pittsburg Tanagers,1576552,5,5,108,
2.814840929698312,1.0,0.7469929178053155,1.0,-13.87135133,103648206.9,127.71147549952501,88,1.1799873127594795,1.0,Original SalariesFormula cached values; checkpoint average,1806.5,2044.0,1569.0,6133.0,6133.0,6133.0,30310.438970384723,119.00266198888075,7198.764552421328,110.56701139053959,1969,102.1727397,0,georgia-minnesota,44150023.0,16,30,h_incandenza,1.27711475499525,,54755808.0,,88.0,13,1.27711475499525,Incomplete: untraded zero-use real reserves not independently certified,103648206.9,1968,13,1968 J4M Standings.xlsx,Salary AVG=AVERAGE(C:S); nine payroll checkpoints,16,San Francisco Sugaree,1576328,3,3,88,
2.796973869298843,1.0,0.7719599736887214,1.0,14.59137538,81659252.0,100.61750099709191,89,1.18182333424098,1.0,Original SalariesFormula cached values; checkpoint average,1469.0,1469.0,1469.0,5834.0,5834.0,5834.0,27118.66099387338,106.47133322609207,6806.95406239287,104.54912948893772,1969,77.66727618,0,st-louis,39711770.0,16,29,contrarian23,1.0061750099709188,,39837313.0,,89.0,3,1.0061750099709188,Incomplete: untraded zero-use real reserves not independently certified,81659252.0,1968,3,1968 J4M Standings.xlsx,Salary AVG=AVERAGE(C:S); nine payroll checkpoints,17,St. Louis Perfectos,1576418,0,0,89,
3.815800006684492,1.0,0.7196753092776327,1.0,-12.72445164,67968812.0,86.28298958584502,58,1.329077786764706,1.0,Original SalariesFormula cached values; checkpoint average,1496.0,1496.0,1496.0,5745.0,5745.0,5745.0,20945.324197860962,89.65953433573877,6376.781026979983,92.62003924638734,1970,66.45618514,0,baltimore,36634607.0,20,27,dodgerdon,0.86282989585845,,31334205.0,,58.0,16,0.86282989585845,Incomplete: untraded zero-use real reserves not independently certified,67968812.0,1969,16,1969 J4M Standings.xlsx,Salary AVG=AVERAGE(C:S); nine payroll checkpoints,2,‘69 Baltimore Orioles,1587592,0,0,58,
3.4521648865489127,1.0,0.7214013024150422,1.0,49.96310038,77427401.56,98.29019348551391,100,1.288969394701087,1.0,Original SalariesFormula cached values; checkpoint average,1472.0,1472.0,1472.0,5797.0,5900.0,5694.0,24759.345108695652,105.98601062141648,7014.500172503019,101.88263930064848,1970,66.68307053,0,boston,40663057.5,20,26,eddiedzen,0.9829019348551391,,36445756.0,,100.0,1,0.9829019348551391,Incomplete: untraded zero-use real reserves not independently certified,77427401.56,1969,1,1969 J4M Standings.xlsx,Salary AVG=AVERAGE(C:S); nine payroll checkpoints,3,Boston Mods,1587665,1,1,100,
2.6477814293333335,1.0,0.7963265345471522,1.0,29.45249449,91729940.0,116.44654695053649,102,1.132003648,1.0,Original SalariesFormula cached values; checkpoint average,1500.0,1500.0,1500.0,6426.0,6426.0,6426.0,29142.352666666666,124.74811775928725,7472.208372237784,108.53065673192984,1970,78.79338316,0,thunderbears,48016411.0,20,25,chargingryno,1.164465469505365,,43713529.0,,102.0,2,1.164465469505365,Incomplete: untraded zero-use real reserves not independently certified,91729940.0,1969,2,1969 J4M Standings.xlsx,Salary AVG=AVERAGE(C:S); nine payroll checkpoints,4,Brooklyn Thunderbears,1587103,0,0,102,
3.7412445714285716,1.0,0.7539843074274354,1.0,-5.464929423,81517242.33,103.48204071929628,83,1.34939156238698,1.0,Original SalariesFormula cached values; checkpoint average,1659.0,1659.0,1659.0,6287.5,6801.0,5774.0,21335.8710066305,91.33132727051519,7239.398568588469,105.14919309695298,1970,87.79810444,0,socal-newark,45517718.5,20,26,crustydoc,1.0348204071929628,,35396210.0,,83.0,14,1.0348204071929628,Incomplete: untraded zero-use real reserves not independently certified,81517242.33,1969,14,1969 J4M Standings.xlsx,Salary AVG=AVERAGE(C:S); nine payroll checkpoints,5,SoCal Space Cadets '69,1587249,2,2,83,
2.9181278648180244,1.0,0.7696940701242392,1.0,13.88403351,85257569.0,108.23019737554722,102,1.179768781490468,1.0,Original SalariesFormula cached values; checkpoint average,1442.5,1723.0,1162.0,5996.5,6697.0,5296.0,27848.318197573655,119.20881329127033,7195.8697573584595,104.51695557971438,1970,89.56479399,0,cincinnati-la,43150033.0,20,28,fire13,1.0823019737554722,,40171199.0,,102.0,4,1.0823019737554722,Incomplete: untraded zero-use real reserves not independently certified,85257569.0,1969,4,1969 J4M Standings.xlsx,Salary AVG=AVERAGE(C:S); nine payroll checkpoints,6,Cincinnati Mudcats,1587662,6,6,102,
3.2619176998502994,1.0,0.7465212837652309,1.0,8.83646046,69326982.0,88.00711811652769,74,1.2547791437125748,1.0,Original SalariesFormula cached values; checkpoint average,1336.0,1336.0,1336.0,5827.0,5827.0,5827.0,24859.892215568863,106.41641726950161,6197.728848464047,90.0193823113081,1970,67.9919208,0,new-york-times,36114166.0,20,25,strubrosii,0.8800711811652768,,33212816.0,,74.0,7,0.8800711811652768,Incomplete: untraded zero-use real reserves not independently certified,69326982.0,1969,7,1969 J4M Standings.xlsx,Salary AVG=AVERAGE(C:S); nine payroll checkpoints,7,Cleveland Wahoos,1587921,0,0,74,
2.9365429388783872,1.0,0.8305116536435272,1.0,-7.616361175,100199820.2,127.19863402673776,117,1.2136612013862633,1.0,Original SalariesFormula cached values; checkpoint average,1587.0,1640.0,1534.0,6662.5,7199.0,6126.0,28171.850346565847,120.59374013925118,8439.632120075046,122.58207626687503,1970,126.6458017,0,detroit,56229049.0,20,27,harrelson,1.2719863402673777,,44708726.5,,117.0,15,1.2719863402673777,Incomplete: untraded zero-use real reserves not independently certified,100199820.2,1969,15,1969 J4M Standings.xlsx,Salary AVG=AVERAGE(C:S); nine payroll checkpoints,8,Detroit 69 Supremes,1587359,4,4,117,
3.818078520448549,1.0,0.7042904796493092,1.0,13.87430097,67193458.0,85.29871666509213,72,1.3566823073878629,1.0,Original SalariesFormula cached values; checkpoint average,1516.0,1516.0,1516.0,5646.0,5646.0,5646.0,21102.427440633244,90.33203782418015,6040.05278072972,87.72920431711631,1970,63.22761096,0,houston,34102138.0,20,25,txelvis,0.8529871666509213,,31991280.0,,72.0,5,0.8529871666509213,Incomplete: untraded zero-use real reserves not independently certified,67193458.0,1969,5,1969 J4M Standings.xlsx,Salary AVG=AVERAGE(C:S); nine payroll checkpoints,9,‘69 Houston Colt .45s,1587661,0,0,72,
4.1345210408266135,1.0,0.7004266741955937,1.0,-24.13025275,78541834.22,99.7049097173778,63,1.3982970070564515,1.0,Original SalariesFormula cached values; checkpoint average,1984.0,2037.0,1931.0,6309.0,6637.0,5981.0,20245.46597782258,86.66368850795786,5926.84633063877,86.08492865420652,1970,83.03705005,0,kansas-city,37392473.5,20,33,nockahoma,0.9970490971737781,,40167004.5,,63.0,19,0.9970490971737781,Incomplete: untraded zero-use real reserves not independently certified,78541834.22,1969,19,1969 J4M Standings.xlsx,Salary AVG=AVERAGE(C:S); nine payroll checkpoints,10,Kansas City Kahunas,1588256,3,3,63,
3.8914790226019846,1.0,0.703193430610639,1.0,-5.216137364,79709278.0,101.18692090085707,77,1.3896955578831311,1.0,Original SalariesFormula cached values; checkpoint average,1814.0,1814.0,1814.0,6354.0,6354.0,6354.0,20703.324696802647,88.62361995363598,6503.090494176897,94.45463067417374,1970,81.23745737,0,montreal,41320637.0,20,26,dannino,1.0118692090085708,,37555831.0,,77.0,13,1.0118692090085708,Incomplete: untraded zero-use real reserves not independently certified,79709278.0,1969,13,1969 J4M Standings.xlsx,Salary AVG=AVERAGE(C:S); nine payroll checkpoints,11,LA SWAT,1587550,0,0,77,
3.509110245821727,1.0,0.7492084410717402,1.0,20.00782901,72792434.78,92.40633618917809,87,1.2995436706128134,1.0,Original SalariesFormula cached values; checkpoint average,1436.0,1436.0,1436.0,5729.0,6053.0,5405.0,22684.65668523677,97.10500232658815,6905.232588584395,100.29557399793825,1970,72.49527028,1,milwaukee,39560077.5,20,28,dbrom,0.924063361891781,,32575167.0,,87.0,3,0.924063361891781,Incomplete: untraded zero-use real reserves not independently certified,72792434.78,1969,3,1969 J4M Standings.xlsx,Salary AVG=AVERAGE(C:S); nine payroll checkpoints,12,Lombard iPackers,1587782,2,2,87,
2.939607793452845,1.0,0.7067436072585148,1.0,4.347170763,69528474.0,88.26290208017312,71,1.190175824629774,1.0,Original SalariesFormula cached values; checkpoint average,1283.0,1283.0,1283.0,5373.0,5373.0,5373.0,27000.665627435697,115.58031205638264,6492.949934859483,94.30734335193617,1970,68.04209398,0,new-york-eagles,34886620.0,20,25,just4me,0.8826290208017312,,34641854.0,,71.0,10,0.8826290208017312,Incomplete: untraded zero-use real reserves not independently certified,69528474.0,1969,10,1969 J4M Standings.xlsx,Salary AVG=AVERAGE(C:S); nine payroll checkpoints,13,New York Eagles,1587274,0,0,71,
4.151143522050059,1.0,0.7583209108926343,1.0,-16.12943738,77560113.89,98.45866511610977,65,1.4231096466030988,1.0,Original SalariesFormula cached values; checkpoint average,1678.0,1678.0,1678.0,6408.0,6408.0,6408.0,19778.2747318236,84.6638078106574,6910.624219725343,100.37388515301221,1970,77.50037435,0,new-york-nationals,44283280.0,20,25,n4ser,0.9845866511610977,,33187945.0,,65.0,18,0.9845866511610977,Incomplete: untraded zero-use real reserves not independently certified,77560113.89,1969,18,1969 J4M Standings.xlsx,Salary AVG=AVERAGE(C:S); nine payroll checkpoints,14,New York Nutcrackers,1587882,0,0,65,
4.0503733046448085,1.0,0.7608966926935659,1.0,6.295350598,71643281.0,90.94754324113782,73,1.373416424180328,1.0,Original SalariesFormula cached values; checkpoint average,1464.0,1464.0,1464.0,5502.0,5502.0,5502.0,20729.381830601094,88.73516133921794,7448.900218102508,108.19211568094562,1970,68.67656919,0,philly,40983849.0,20,25,cpdpoet,0.9094754324113783,,30347815.0,,73.0,8,0.9094754324113783,Incomplete: untraded zero-use real reserves not independently certified,71643281.0,1969,8,1969 J4M Standings.xlsx,Salary AVG=AVERAGE(C:S); nine payroll checkpoints,15,Philadelphia CRYPTKEEPERS,1587900,0,0,73,
3.2027389044045678,1.0,0.7980898317044276,1.0,6.126790577,90911039.33,115.40699372160185,107,1.2386704332789558,1.0,Original SalariesFormula cached values; checkpoint average,1532.5,1568.0,1497.0,6753.0,7951.0,5555.0,25025.490048939642,107.12528309973534,7837.350140678217,113.83418601737324,1970,100.8227983,0,pittsburg,52925625.5,20,29,coldfoot,1.1540699372160184,,38351563.5,,107.0,9,1.1540699372160184,Incomplete: untraded zero-use real reserves not independently certified,90911039.33,1969,9,1969 J4M Standings.xlsx,Salary AVG=AVERAGE(C:S); nine payroll checkpoints,16,Pittsburg Tanagers,1587486,7,7,107,
4.119291440838742,1.0,0.6841498335777969,1.0,-36.67212338,84761262.0,107.60016059172963,57,1.4344319425861207,1.0,Original SalariesFormula cached values; checkpoint average,2003.0,2003.0,2003.0,6954.0,6954.0,6954.0,21340.827259111335,91.35254323667948,5646.794938165085,82.01730098247474,1970,90.00775494,0,quake,39267812.0,20,28,epup1975,1.0760016059172963,,42745677.0,,57.0,20,1.0760016059172963,Incomplete: untraded zero-use real reserves not independently certified,84761262.0,1969,20,1969 J4M Standings.xlsx,Salary AVG=AVERAGE(C:S); nine payroll checkpoints,17,San Diego Quakes,1587806,0,0,57,
3.5010680915404038,1.0,0.74244578137895,1.0,-2.448461687,75427251.78,95.75110390075156,72,1.2765975678661616,1.0,Original SalariesFormula cached values; checkpoint average,1584.0,1900.0,1268.0,5743.5,6747.0,4740.0,22952.871527777777,98.25313532548516,6971.779925132759,101.26214583046219,1970,73.80713953,0,georgia-minnesota,40042418.0,20,29,h_incandenza,0.9575110390075157,,36357348.5,,72.0,12,0.9575110390075157,Incomplete: untraded zero-use real reserves not independently certified,75427251.78,1969,12,1969 J4M Standings.xlsx,Salary AVG=AVERAGE(C:S); nine payroll checkpoints,18,San Francisco Sugaree,1587572,7,7,72,
3.7891809620721553,1.0,0.7199400223036968,1.0,-14.60344431,84178677.0,106.86059822468592,79,1.3198151264261486,1.0,Original SalariesFormula cached values; checkpoint average,1621.5,1635.0,1608.0,6546.0,7796.0,5296.0,20689.383287079865,88.5639417031625,6840.223800794378,99.3513489334431,1970,92.50958585,0,oakland,44776105.0,20,35,chrondon84,1.0686059822468592,,33547835.0,,79.0,17,1.0686059822468592,Incomplete: untraded zero-use real reserves not independently certified,84178677.0,1969,17,1969 J4M Standings.xlsx,Salary AVG=AVERAGE(C:S); nine payroll checkpoints,19,Seattle Bagchuckers,1587779,8,8,79,
3.09604229020979,1.0,0.8131838697043058,1.0,2.237311836,85758745.0,108.8664151100675,92,1.2103784085314686,1.0,Original SalariesFormula cached values; checkpoint average,1430.0,1430.0,1430.0,5783.0,5783.0,5783.0,26634.65734265734,114.0135598750246,8243.33131592599,119.73089036172038,1970,89.98671654,0,st-louis,47671185.0,20,29,kermit,1.0886641511006752,,38087560.0,,92.0,11,1.0886641511006752,Incomplete: untraded zero-use real reserves not independently certified,85758745.0,1969,11,1969 J4M Standings.xlsx,Salary AVG=AVERAGE(C:S); nine payroll checkpoints,20,St. Louis Perfectos '69,1587996,0,0,92,
3.9916471632653057,1.0,0.7286496198132504,1.0,13.78316162,64052173.78,81.3110142812335,69,1.3715644591836733,1.0,Original SalariesFormula cached values; checkpoint average,1470.0,1470.0,1470.0,5622.5,6426.0,4819.0,21268.73605442177,91.04394625431199,5994.357759004002,87.06550351138158,1970,60.64166175,0,texas,33703276.5,20,31,frazzman80,0.813110142812335,,31265042.0,,69.0,6,0.813110142812335,Incomplete: untraded zero-use real reserves not independently certified,64052173.78,1969,6,1969 J4M Standings.xlsx,Salary AVG=AVERAGE(C:S); nine payroll checkpoints,21,WashingTex SenatoRangers,1587654,5,5,69,
4.017567405889885,1.0,0.7026567142955327,1.0,-7.492447753,65855561.0,84.04938321673554,59,1.39847838028169,1.0,Original SalariesFormula cached values; checkpoint average,1562.0,1562.0,1562.0,5820.0,5820.0,5820.0,19939.064020486556,87.97981770488741,5964.0451890034365,85.8165182994289,1971,63.77857652,0,baltimore,34710743.0,20,28,dodgerdon,0.8404938321673554,,31144818.0,,59.0,15,0.8404938321673554,Incomplete: untraded zero-use real reserves not independently certified,65855561.0,1970,15,1970 J4M Standings.xlsx,Salary AVG=AVERAGE(C:S); nine payroll checkpoints,2,‘70 Baltimore Orioles,1598719,0,0,59,
3.550586185650888,1.0,0.7072717744178199,1.0,-2.771744789,66629378.0,85.03698153926177,65,1.3220019215976333,1.0,Original SalariesFormula cached values; checkpoint average,1352.0,1352.0,1352.0,5926.0,5926.0,5926.0,22718.162721893492,100.24240921281644,6060.4829564630445,87.20415926687376,1971,66.85299439,1,boston,35914422.0,20,26,eddiedzen,0.8503698153926178,,30714956.0,,65.0,11,0.8503698153926178,Incomplete: untraded zero-use real reserves not independently certified,66629378.0,1970,11,1970 J4M Standings.xlsx,Salary AVG=AVERAGE(C:S); nine payroll checkpoints,3,Boston Mods,1598694,0,0,65,
3.889705281721812,1.0,0.7367218875146249,1.0,-27.21032041,67903072.78,86.66255816543881,51,1.3535285560552521,1.0,Original SalariesFormula cached values; checkpoint average,1556.5,1889.0,1224.0,5983.0,6277.0,5689.0,21405.23964021844,94.44922186622746,5801.734748453953,83.48103685182261,1971,70.06487772,0,thunderbears,34711779.0,20,28,chargingryno,0.8666255816543881,,33317255.5,,51.0,19,0.8666255816543881,Incomplete: untraded zero-use real reserves not independently certified,67903072.78,1970,19,1970 J4M Standings.xlsx,Salary AVG=AVERAGE(C:S); nine payroll checkpoints,4,Brooklyn Thunderbears,1598639,7,7,51,
2.9520001139784946,1.0,0.8045368023151348,1.0,17.8918323,84939088.0,108.40508909174767,105,1.183649799139785,1.0,Original SalariesFormula cached values; checkpoint average,1395.0,1395.0,1395.0,5788.0,5788.0,5788.0,28044.174910394264,123.74309013529395,7915.940566689703,113.90229902198801,1971,89.06469426,0,cincinnati-la,45817464.0,20,25,fire13,1.0840508909174766,,39121624.0,,105.0,4,1.0840508909174766,Incomplete: untraded zero-use real reserves not independently certified,84939088.0,1970,4,1970 J4M Standings.xlsx,Salary AVG=AVERAGE(C:S); nine payroll checkpoints,5,Cincinnati Mudcats,1598686,0,0,105,
3.7295195936870384,1.0,0.7801402295668203,1.0,-5.384808311,74563134.0,95.16258503069776,72,1.2976100214909334,1.0,Original SalariesFormula cached values; checkpoint average,1489.0,1489.0,1489.0,5425.0,5425.0,5425.0,22188.862323707184,97.90690577616016,7654.1784331797235,110.13580929755148,1971,76.09771614,0,new-york-times,41523918.0,20,25,strubrosii,0.9516258503069775,,33039216.0,,72.0,13,0.9516258503069775,Incomplete: untraded zero-use real reserves not independently certified,74563134.0,1970,13,1970 J4M Standings.xlsx,Salary AVG=AVERAGE(C:S); nine payroll checkpoints,6,Cleveland Wahoos,1598865,0,0,72,
3.201187007887324,1.0,0.8238451218401346,1.0,28.40011958,93761099.0,119.66434452928401,126,1.2372081645070423,1.0,Original SalariesFormula cached values; checkpoint average,1775.0,1793.0,1757.0,6543.0,6543.0,6543.0,24587.691830985914,108.49158430162375,7520.350450863518,108.2101613305324,1971,98.13074973,0,detroit,49205653.0,20,26,harrelson,1.19664344529284,,43643153.0,,126.0,1,1.19664344529284,Incomplete: untraded zero-use real reserves not independently certified,93761099.0,1970,1,1970 J4M Standings.xlsx,Salary AVG=AVERAGE(C:S); nine payroll checkpoints,7,Detroit Supremes,1598646,1,1,126,
4.141984409523809,1.0,0.7185192835345432,1.0,-31.75559838,80875010.33,103.21823446137851,58,1.3997468319327733,1.0,Original SalariesFormula cached values; checkpoint average,1785.0,1785.0,1785.0,6419.5,7048.0,5791.0,20272.26050420168,89.45002542712787,6396.441778954747,92.03826355759448,1971,84.9886564,0,georgia-minnesota,41061958.0,20,28,ooooohdoggie,1.0321823446137852,,36185985.0,,58.0,20,1.0321823446137852,Incomplete: untraded zero-use real reserves not independently certified,80875010.33,1970,20,1970 J4M Standings.xlsx,Salary AVG=AVERAGE(C:S); nine payroll checkpoints,8,Georgia Browns,1599091,2,2,58,
3.3860886456591643,1.0,0.7856049907656446,1.0,4.72792108,78161377.0,99.75490950901988,85,1.2641565151125402,1.0,Original SalariesFormula cached values; checkpoint average,1555.0,1555.0,1555.0,5577.0,5577.0,5577.0,23296.673311897106,102.79504940678792,7296.816388739466,104.99373450529909,1971,81.16269198,0,houston,40694345.0,20,25,txelvis,0.9975490950901988,,36226327.0,,85.0,6,0.9975490950901988,Incomplete: untraded zero-use real reserves not independently certified,78161377.0,1970,6,1970 J4M Standings.xlsx,Salary AVG=AVERAGE(C:S); nine payroll checkpoints,9,1970 Houston Colt .45s,1598701,0,0,85,
3.831701430600387,1.0,0.7559236073038912,1.0,2.496644094,80486530.0,102.72242922287582,85,1.3191770852162685,1.0,Original SalariesFormula cached values; checkpoint average,1549.0,1549.0,1549.0,6476.0,6476.0,6476.0,21348.00064557779,94.19665854084161,6945.86967263743,99.94396973490048,1971,82.92954443,0,kansas-city,44981452.0,20,27,nockahoma,1.0272242922287582,,33068053.0,,85.0,9,1.0272242922287582,Incomplete: untraded zero-use real reserves not independently certified,80486530.0,1970,9,1970 J4M Standings.xlsx,Salary AVG=AVERAGE(C:S); nine payroll checkpoints,10,Kansas City Kahunas,1599200,0,0,85,
4.24201532,1.0,0.6952922106226557,1.0,-6.841730725,77605329.0,99.04524291854167,75,1.432781745625,1.0,Original SalariesFormula cached values; checkpoint average,1600.0,1600.0,1600.0,6665.0,6665.0,6665.0,19502.643125,86.05413900762957,6396.18319579895,92.03454281011216,1971,80.5081509,0,montreal,42630561.0,20,26,dannino,0.9904524291854168,,31204229.0,,75.0,14,0.9904524291854168,Incomplete: untraded zero-use real reserves not independently certified,77605329.0,1970,14,1970 J4M Standings.xlsx,Salary AVG=AVERAGE(C:S); nine payroll checkpoints,11,LA SWAT,1598697,0,0,75,
3.5597380740223463,1.0,0.7461382579785694,1.0,1.196515637,79906384.11,101.98200725258505,83,1.312340289106145,1.0,Original SalariesFormula cached values; checkpoint average,1432.0,1432.0,1432.0,6906.0,7144.0,6668.0,22729.60754189944,100.29290873359403,6528.891326382855,93.94407725457529,1971,82.01863422,1,milwaukee,45088523.5,20,27,dbrom,1.0198200725258506,,32548798.0,,83.0,10,1.0198200725258506,Incomplete: untraded zero-use real reserves not independently certified,79906384.11,1970,10,1970 J4M Standings.xlsx,Salary AVG=AVERAGE(C:S); nine payroll checkpoints,12,Lombard iPackers,1599194,1,1,83,
3.2359660165615143,1.0,0.7550311157669755,1.0,3.308479465,82650134.44,105.48376958571914,88,1.2120020163249212,1.0,Original SalariesFormula cached values; checkpoint average,1268.0,1268.0,1268.0,6082.333333333333,6775.0,5414.0,24060.635646687697,106.16598331217172,8237.203649915054,118.52494663561987,1971,85.18177836,0,new-york-eagles,50101418.333333336,20,27,just4me,1.0548376958571914,,30508886.0,,88.0,8,1.0548376958571914,Incomplete: untraded zero-use real reserves not independently certified,82650134.44,1970,8,1970 J4M Standings.xlsx,Salary AVG=AVERAGE(C:S); nine payroll checkpoints,13,New York Eagles,1598641,4,4,88,
3.7594637911203814,1.0,0.7644691049257878,1.0,-16.91843982,83731134.67,106.86341621250362,73,1.348742775923719,1.0,Original SalariesFormula cached values; checkpoint average,1678.0,1937.0,1419.0,6658.833333333333,7428.0,5914.0,21962.314660309894,96.90727900798875,7157.865041423674,102.99436654919403,1971,87.86546598,0,new-york-nationals,47663030.333333336,20,29,n4ser,1.0686341621250361,,36852764.0,,73.0,17,1.0686341621250361,Incomplete: untraded zero-use real reserves not independently certified,83731134.67,1970,17,1970 J4M Standings.xlsx,Salary AVG=AVERAGE(C:S); nine payroll checkpoints,14,New York Nutcrackers,1598746,7,7,73,
3.817676246882793,1.0,0.7473395826175869,1.0,19.77609242,68854528.56,87.8768712811831,85,1.3271293131457071,1.0,Original SalariesFormula cached values; checkpoint average,1403.5,1692.0,1115.0,5868.0,5868.0,5868.0,21900.084075525472,96.6326906171106,6502.722222222223,93.56753057611931,1971,70.96574807,0,philly,38157974.0,20,28,cpdpoet,0.878768712811831,,30736768.0,,85.0,3,0.878768712811831,Incomplete: untraded zero-use real reserves not independently certified,68854528.56,1970,3,1970 J4M Standings.xlsx,Salary AVG=AVERAGE(C:S); nine payroll checkpoints,15,Philly CRYPTKEEPERS,1598683,4,4,85,
3.141292546904914,1.0,0.8267433226924843,1.0,3.853636063,92843723.0,118.49352636591226,102,1.2517288105934907,1.0,Original SalariesFormula cached values; checkpoint average,1567.0,1652.0,1482.0,6533.0,7540.0,5526.0,26778.45596681557,118.15818796499846,7647.546686055411,110.04038523042668,1971,98.21514573,0,pittsburg,49961422.5,20,29,coldfoot,1.1849352636591226,,41961840.5,,102.0,7,1.1849352636591226,Incomplete: untraded zero-use real reserves not independently certified,92843723.0,1970,7,1970 J4M Standings.xlsx,Salary AVG=AVERAGE(C:S); nine payroll checkpoints,16,Pittsburg Tanagers,1598894,6,6,102,
4.349470775288527,1.0,0.7190695940612383,1.0,-18.1141718,66556668.0,84.94418405092684,57,1.4566801242362526,1.0,Original SalariesFormula cached values; checkpoint average,1473.0,1473.0,1473.0,5944.0,5944.0,5944.0,19134.860828241683,84.43132364424865,6186.039199192463,89.0107853504023,1971,69.60911461,0,quake,36769817.0,20,27,epup1975,0.8494418405092683,,28185650.0,,57.0,18,0.8494418405092683,Incomplete: untraded zero-use real reserves not independently certified,66556668.0,1970,18,1970 J4M Standings.xlsx,Salary AVG=AVERAGE(C:S); nine payroll checkpoints,17,San Diego Quake,1598648,0,0,57,
3.41279732991102,1.0,0.7476407045617021,1.0,-13.47275096,79361769.0,101.28693210037407,71,1.278537718001369,1.0,Original SalariesFormula cached values; checkpoint average,1461.0,1461.0,1461.0,5875.0,5875.0,5875.0,23850.91238877481,105.24059313434327,7577.1210212765955,109.02703185051197,1971,82.05507604,0,oakland,44515586.0,20,25,chrondon84,1.0128693210037407,,34846183.0,,71.0,16,1.0128693210037407,Incomplete: untraded zero-use real reserves not independently certified,79361769.0,1970,16,1970 J4M Standings.xlsx,Salary AVG=AVERAGE(C:S); nine payroll checkpoints,18,Seattle Bagchuckers,1598713,0,0,71,
3.620475176251331,1.0,0.7312619562549422,1.0,-4.114140553,86603110.0,110.52882808410214,86,1.2933860010649627,1.0,Original SalariesFormula cached values; checkpoint average,1878.0,1878.0,1878.0,6323.0,6323.0,6323.0,23037.634717784877,101.65205852892585,6854.093310137593,98.62340162343749,1971,89.68997149,0,socal-newark,43338432.0,20,25,crustydoc,1.1052882808410214,,43264678.0,,86.0,12,1.1052882808410214,Incomplete: untraded zero-use real reserves not independently certified,86603110.0,1970,12,1970 J4M Standings.xlsx,Salary AVG=AVERAGE(C:S); nine payroll checkpoints,19,SoCal Space Cadets ‘70,1598644,0,0,86,
3.611993633144476,1.0,0.802819347651715,1.0,25.35697847,72084444.0,91.99911086812111,94,1.3080426019830027,1.0,Original SalariesFormula cached values; checkpoint average,1412.0,1412.0,1412.0,5685.0,5685.0,5685.0,22264.594900849857,98.2410708264598,7149.839226033421,102.87888326369254,1971,74.98585332,0,st-louis,40646836.0,20,30,kermit,0.9199911086812111,,31437608.0,,94.0,2,0.9199911086812111,Incomplete: untraded zero-use real reserves not independently certified,72084444.0,1970,2,1970 J4M Standings.xlsx,Salary AVG=AVERAGE(C:S); nine payroll checkpoints,20,St. Louis Perfectos '70,1598887,0,0,94,
3.4056827484573504,1.0,0.7863029802914436,1.0,16.03646241,83696800.44,106.8195965135913,100,1.2899714014519057,1.0,Original SalariesFormula cached values; checkpoint average,1377.5,1777.0,978.0,6690.833333333333,7422.0,5984.0,24242.625771324863,106.96900285076272,7201.907809191681,103.6280969899173,1971,86.17980756,0,texas,48186764.833333336,20,31,frazzman80,1.068195965135913,,33394217.0,,100.0,5,1.068195965135913,Incomplete: untraded zero-use real reserves not independently certified,83696800.44,1970,5,1970 J4M Standings.xlsx,Salary AVG=AVERAGE(C:S); nine payroll checkpoints,21,WashingTex SenatoRangers,1598731,11,11,100,
3.267957547538773,1.0,0.770346033243991,1.0,-4.649612265,75775707.22,98.5379727716212,77,1.2549114012137559,1.0,Original SalariesFormula cached values; checkpoint average,1483.0,1483.0,1483.0,5783.0,6303.0,5263.0,24254.54012137559,103.78521840812459,6767.802092339616,100.12791529432437,1972,80.75478436,0,baltimore,39138199.5,20,26,dodgerdon,0.985379727716212,,35969483.0,,77.0,12,0.985379727716212,Incomplete: untraded zero-use real reserves not independently certified,75775707.22,1971,12,1972 J4M Standings.xlsx,Salary AVG=AVERAGE(C:S); nine payroll checkpoints,2,‘71 Baltimore Orioles,1610173,2,2,77,
3.3166943907606807,1.0,0.7628322132618409,1.0,25.1410111,71486598.67,92.96045885561941,92,1.2465648218131296,1.0,Original SalariesFormula cached values; checkpoint average,1439.5,1543.0,1336.0,5595.0,5595.0,5595.0,23638.823897186525,101.15056763820252,6949.240393208222,102.81224893361338,1972,73.51706622,1,boston,38881000.0,20,29,eddiedzen,0.9296045885561941,,34028087.0,,92.0,2,0.9296045885561941,Incomplete: untraded zero-use real reserves not independently certified,71486598.67,1971,2,1972 J4M Standings.xlsx,Salary AVG=AVERAGE(C:S); nine payroll checkpoints,3,Boston Mods,1610307,1,1,92,
3.7476206590584877,1.0,0.7165408375598087,1.0,-10.55519165,72193359.78,93.87952394347172,65,1.3335458908701854,1.0,Original SalariesFormula cached values; checkpoint average,1402.0,1543.0,1261.0,6061.0,6714.0,5408.0,21794.91405135521,93.2604742735446,6377.262167959083,94.34997617407629,1972,72.67051179,0,thunderbears,38652586.0,20,26,chargingryno,0.9387952394347172,,30556469.5,,65.0,17,0.9387952394347172,Incomplete: untraded zero-use real reserves not independently certified,72193359.78,1971,17,1972 J4M Standings.xlsx,Salary AVG=AVERAGE(C:S); nine payroll checkpoints,4,Brooklyn Thunderbears,1610167,5,5,65,
2.82568660899654,1.0,0.791135359748115,1.0,13.25522765,88712726.56,115.36114349795648,114,1.186469095363322,1.0,Original SalariesFormula cached values; checkpoint average,1445.0,1445.0,1445.0,6034.5,6442.0,5627.0,28360.550173010382,121.3548423986166,7726.642389593173,114.31371428109699,1972,100.6576053,0,cincinnati-la,46626423.5,20,28,fire13,1.1536114349795648,,40980995.0,,114.0,4,1.1536114349795648,Incomplete: untraded zero-use real reserves not independently certified,88712726.56,1971,4,1972 J4M Standings.xlsx,Salary AVG=AVERAGE(C:S); nine payroll checkpoints,5,Cincinnati Mudcats,1610349,3,3,114,
3.4660618674863386,1.0,0.7605568864439058,1.0,-8.138912014,74067536.0,96.31668397946326,71,1.2739049467213115,1.0,Original SalariesFormula cached values; checkpoint average,1464.0,1464.0,1464.0,5776.0,5776.0,5776.0,23310.74726775956,99.74672718320782,6914.924168975069,102.30454910043899,1972,77.29061516,0,new-york-times,39940602.0,20,25,strubrosii,0.9631668397946327,,34126934.0,,71.0,15,0.9631668397946327,Incomplete: untraded zero-use real reserves not independently certified,74067536.0,1971,15,1972 J4M Standings.xlsx,Salary AVG=AVERAGE(C:S); nine payroll checkpoints,6,Cleveland Wahoos,1610732,0,0,71,
3.6041513594909858,1.0,0.7329737050787638,1.0,25.39728418,65005937.33,84.53307158216258,80,1.3383118091198303,1.0,Original SalariesFormula cached values; checkpoint average,1414.5,1892.0,937.0,5808.5,7791.0,3826.0,22528.631671968895,96.40005321935072,6515.853834897133,96.40040473246741,1972,63.79723494,0,detroit,37847337.0,20,34,harrelson,0.8453307158216258,,31866749.5,,80.0,1,0.8453307158216258,Incomplete: untraded zero-use real reserves not independently certified,65005937.33,1971,1,1972 J4M Standings.xlsx,Salary AVG=AVERAGE(C:S); nine payroll checkpoints,7,Detroit Supremes 1971,1610183,17,17,80,
3.770914924145299,1.0,0.7222981531725222,1.0,-21.75612147,79640691.0,103.56395907315027,66,1.3621889332264958,1.0,Original SalariesFormula cached values; checkpoint average,1872.0,1872.0,1872.0,5721.0,5721.0,5721.0,22694.16987179487,97.108391457794,5974.768746722601,88.39518809986453,1972,84.35164673,0,georgia-minnesota,34181652.0,20,31,ooooohdoggie,1.0356395907315028,,42483486.0,,66.0,19,1.0356395907315028,Incomplete: untraded zero-use real reserves not independently certified,79640691.0,1971,19,1972 J4M Standings.xlsx,Salary AVG=AVERAGE(C:S); nine payroll checkpoints,8,Georgia Browns,1610538,0,0,66,
3.522203406104844,1.0,0.7195317929407937,1.0,11.57463568,71064435.0,92.41148143599793,79,1.2849875481088255,1.0,Original SalariesFormula cached values; checkpoint average,1507.0,1507.0,1507.0,6148.0,6148.0,6148.0,23004.893165228932,98.43797695857721,5919.983897202343,87.58466014746097,1972,70.80462286,0,houston,36396061.0,20,25,txelvis,0.9241148143599793,,34668374.0,,79.0,5,0.9241148143599793,Incomplete: untraded zero-use real reserves not independently certified,71064435.0,1971,5,1972 J4M Standings.xlsx,Salary AVG=AVERAGE(C:S); nine payroll checkpoints,9,‘71 Houston Colt .45s,1610871,0,0,79,
3.794343173444976,1.0,0.7298718153370486,1.0,-35.5983115,75856299.89,98.64277467467696,52,1.3402321698564592,1.0,Original SalariesFormula cached values; checkpoint average,1672.0,1672.0,1672.0,6549.5,7682.0,5417.0,20761.47129186603,88.83837094900643,6087.62287197496,90.06483625737691,1972,80.74322461,0,kansas-city,39870886.0,20,28,poppapomp,0.9864277467467696,,34713180.0,,52.0,20,0.9864277467467696,Incomplete: untraded zero-use real reserves not independently certified,75856299.89,1971,20,1972 J4M Standings.xlsx,Salary AVG=AVERAGE(C:S); nine payroll checkpoints,10,Kansas City Monarchs,1610545,4,4,52,
3.696658465767909,1.0,0.7287043014374034,1.0,-20.16022081,88619688.11,115.2401572269053,80,1.3247106806767117,1.0,Original SalariesFormula cached values; checkpoint average,1891.5,2139.0,1644.0,6470.0,7990.0,4950.0,21776.561194818925,93.18194236922898,6775.933693972179,100.24822027788676,1972,100.2006779,0,montreal,43840291.0,20,32,jmarino2,1.152401572269053,,41190365.5,,80.0,18,1.152401572269053,Incomplete: untraded zero-use real reserves not independently certified,88619688.11,1971,18,1972 J4M Standings.xlsx,Salary AVG=AVERAGE(C:S); nine payroll checkpoints,11,Los Angeles Kings,1610751,11,11,80,
3.502389884477709,1.0,0.7328948070455275,1.0,2.959049455,80779067.67,105.04429272396841,92,1.317548342661894,1.0,Original SalariesFormula cached values; checkpoint average,1536.5,1567.0,1506.0,6238.0,7193.0,5283.0,23064.42108688578,98.69269703653462,7056.892994549535,104.40494186423518,1972,89.3559143,2,milwaukee,44020898.5,20,29,dbrom,1.050442927239684,,35438483.0,,92.0,10,1.050442927239684,Incomplete: untraded zero-use real reserves not independently certified,80779067.67,1971,10,1972 J4M Standings.xlsx,Salary AVG=AVERAGE(C:S); nine payroll checkpoints,12,Lombard iPackers,1610243,6,6,92,
3.2104822862292717,1.0,0.7320006339494334,1.0,19.93312766,74666813.33,97.09597823342179,94,1.2378171320115356,1.0,Original SalariesFormula cached values; checkpoint average,1387.0,1387.0,1387.0,5735.0,5892.0,5578.0,23917.04542177361,102.34107801484181,7185.717611159546,106.31086939044803,1972,78.37701045,0,new-york-eagles,41210090.5,20,25,just4me,0.970959782334218,,33172942.0,,94.0,3,0.970959782334218,Incomplete: untraded zero-use real reserves not independently certified,74666813.33,1971,3,1972 J4M Standings.xlsx,Salary AVG=AVERAGE(C:S); nine payroll checkpoints,13,New York Eagles,1610179,1,1,94,
3.5021643539325846,1.0,0.7346888521919284,1.0,-4.984005451,78871529.33,102.56374892037151,79,1.3059394943820224,1.0,Original SalariesFormula cached values; checkpoint average,1780.0,1780.0,1780.0,6033.5,6219.0,5848.0,23722.571348314606,101.50892312393657,6101.54346565012,90.27078790982414,1972,83.14389632,0,new-york-nationals,36813662.5,20,25,n4ser,1.025637489203715,,42226177.0,,79.0,14,1.025637489203715,Incomplete: untraded zero-use real reserves not independently certified,78871529.33,1971,14,1972 J4M Standings.xlsx,Salary AVG=AVERAGE(C:S); nine payroll checkpoints,14,New York Nutcrackers,1610310,1,1,79,
3.727855855551688,1.0,0.7105816729131746,1.0,7.088263432,72663385.67,94.49074091590207,78,1.3157906696832578,1.0,Original SalariesFormula cached values; checkpoint average,1436.5,1636.0,1237.0,5966.0,5966.0,5966.0,23038.288896623737,98.58087734998288,6618.235668789809,97.91511799562366,1972,72.83711352,0,philly,39484394.0,20,26,cpdpoet,0.9449074091590207,,33094502.0,,78.0,6,0.9449074091590207,Incomplete: untraded zero-use real reserves not independently certified,72663385.67,1971,6,1972 J4M Standings.xlsx,Salary AVG=AVERAGE(C:S); nine payroll checkpoints,15,Philly CRYPTKEEPERS,1610170,2,2,78,
3.0677985344574776,1.0,0.769058120954488,1.0,-8.152451977,84419288.0,109.77799888020165,85,1.1984096920821115,1.0,Original SalariesFormula cached values; checkpoint average,1364.0,1364.0,1364.0,6328.0,6328.0,6328.0,27169.75586510264,116.25943153092346,7484.156289506953,110.72619393723735,1972,92.54465887,1,pittsburg,47359741.0,20,25,coldfoot,1.0977799888020165,,37059547.0,,85.0,16,1.0977799888020165,Incomplete: untraded zero-use real reserves not independently certified,84419288.0,1971,16,1972 J4M Standings.xlsx,Salary AVG=AVERAGE(C:S); nine payroll checkpoints,16,Pittsburg Tanagers,1610835,0,0,85,
3.669561968185105,1.0,0.7141537725137431,1.0,5.344674532,70196839.0,91.28326826371357,73,1.366573183658713,1.0,Original SalariesFormula cached values; checkpoint average,1383.0,1383.0,1383.0,6003.0,6003.0,6003.0,21876.167028199565,93.60815589957839,6083.590038314176,90.00517150629915,1972,69.29633636,0,quake,36519791.0,20,25,epup1975,0.9128326826371357,,30254739.0,,73.0,7,0.9128326826371357,Incomplete: untraded zero-use real reserves not independently certified,70196839.0,1971,7,1972 J4M Standings.xlsx,Salary AVG=AVERAGE(C:S); nine payroll checkpoints,17,San Diego Quake,1610409,0,0,73,
3.661244981830417,1.0,0.6863794728982101,1.0,-1.499204024,68697397.0,89.33340886431982,68,1.2996489872139974,1.0,Original SalariesFormula cached values; checkpoint average,1486.0,1486.0,1486.0,5531.0,5531.0,5531.0,21065.77792732167,90.14049955939272,6760.739649249684,100.02342824020673,1972,69.03497512,0,oakland,37393651.0,20,25,chrondon84,0.8933340886431983,,31303746.0,,68.0,11,0.8933340886431983,Incomplete: untraded zero-use real reserves not independently certified,68697397.0,1971,11,1972 J4M Standings.xlsx,Salary AVG=AVERAGE(C:S); nine payroll checkpoints,18,Seattle Bagchuckers,1610807,0,0,68,
3.6137351918424754,1.0,0.762297558061117,1.0,-4.701911476,86008597.44,111.84472100091669,94,1.3015565097046413,1.0,Original SalariesFormula cached values; checkpoint average,1777.5,1815.0,1740.0,6168.5,6354.0,5983.0,23300.455977496484,99.70269073467858,7192.206614249818,106.4068725452245,1972,98.6378651,0,socal-newark,44365126.5,20,27,crustydoc,1.118447210009167,,41416560.5,,94.0,13,1.118447210009167,Incomplete: untraded zero-use real reserves not independently certified,86008597.44,1971,13,1972 J4M Standings.xlsx,Salary AVG=AVERAGE(C:S); nine payroll checkpoints,19,SoCal Space Cadets '71,1610169,2,2,94,
3.4924085395095372,1.0,0.773457745299299,1.0,5.336058729,77353754.0,100.59004904177105,85,1.2924273235694823,1.0,Original SalariesFormula cached values; checkpoint average,1468.0,1468.0,1468.0,5563.0,5563.0,5563.0,24215.724795640326,103.61912756332366,7514.842710767572,111.18019175613738,1972,80.69411465,0,st-louis,41805070.0,20,30,kermit,1.0059004904177105,,35548684.0,,85.0,8,1.0059004904177105,Incomplete: untraded zero-use real reserves not independently certified,77353754.0,1971,8,1972 J4M Standings.xlsx,Salary AVG=AVERAGE(C:S); nine payroll checkpoints,20,St. Louis Perfectos '71,1610446,0,0,85,
3.2443146940160394,1.0,0.7843184120582877,1.0,5.04529179,81920474.0,106.52856611438833,96,1.2359581782850093,1.0,Original SalariesFormula cached values; checkpoint average,1621.0,1621.0,1621.0,5490.0,5490.0,5490.0,23903.228254164096,102.28195433115377,7175.162659380692,106.1547115561572,1972,91.38915068,0,texas,39391643.0,20,25,frazzman80,1.0652856611438832,,38747133.0,,96.0,9,1.0652856611438832,Incomplete: untraded zero-use real reserves not independently certified,81920474.0,1971,9,1972 J4M Standings.xlsx,Salary AVG=AVERAGE(C:S); nine payroll checkpoints,21,WashingTex SenatoRangers,1610857,0,0,96,
3.6089894733163916,1.0,0.6865743385429385,1.0,-15.77,66244718.0,82.78854495629861,57,1.2772503036848792,1.0,Published compiled summary; original payroll checkpoints unavailable,1574.0,1574.0,1574.0,4914.0,4914.0,4914.0,22256.638500635323,93.74787297625724,5944.804436304436,88.1298209660781,1967,68.0,0,baltimore,29212769.0,16,25,disco dogs,0.827885449562986,15,35031949.0,,57.0,15,0.827885449562986,Incomplete: untraded zero-use real reserves not independently certified,66244718.0,1966,15,J4M Formula Analysis.xlsx,Published average salary; underlying checkpoints not independently verified,,Baltimore,1556085,0,0,57,1967
4.1995450799357945,1.0,0.7436223920950444,1.0,-4.89,69599291.0,86.98088248907648,68,1.3879090099518459,1.0,Published compiled summary; original payroll checkpoints unavailable,1557.5,1718.0,1397.0,5408.0,6806.0,4010.0,19543.50048154093,82.31978070734365,6321.722448224852,93.71750972276428,1967,71.0,0,boston,34187875.0,16,31,tycobb33,0.8698088248907647,9,30439002.0,,68.0,9,0.8698088248907647,Incomplete: untraded zero-use real reserves not independently certified,69599291.0,1966,9,J4M Formula Analysis.xlsx,Published average salary; underlying checkpoints not independently verified,,Boston,1556451,8,8,68,1967
3.806359929351317,1.0,0.7398832064821184,1.0,3.99,75185907.0,93.96268909695692,77,1.3078874971098267,1.0,Published compiled summary; original payroll checkpoints unavailable,1557.0,1557.0,1557.0,5816.0,6201.0,5431.0,21232.157996146434,89.4326270688964,6861.265044704264,101.71605583824636,1967,74.0,0,philly,39905117.5,16,25,cpdpoet,0.9396268909695693,7,33058470.0,,77.0,7,0.9396268909695693,Incomplete: untraded zero-use real reserves not independently certified,75185907.0,1966,7,J4M Formula Analysis.xlsx,Published average salary; underlying checkpoints not independently verified,,Phily,1556350,3,3,77,1967
3.5408535709526983,1.0,0.6782492308643985,1.0,-13.72,72927339.0,91.14007071997392,65,1.2824472551632244,1.0,Published compiled summary; original payroll checkpoints unavailable,1501.0,1501.0,1501.0,6143.0,6564.0,5722.0,22700.676215856096,95.61821792174378,6019.199658147485,89.23270629258606,1967,75.0,0,new-york-eagles,36975943.5,16,28,italyprof,0.9114007071997391,14,34073715.0,,65.0,14,0.9114007071997391,Incomplete: untraded zero-use real reserves not independently certified,72927339.0,1966,14,J4M Formula Analysis.xlsx,Published average salary; underlying checkpoints not independently verified,,New York A,1556099,4,4,65,1967
3.1850189072088724,1.0,0.727927059718905,1.0,-10.34,76802477.0,95.98297814279456,68,1.2357740532347505,1.0,Published compiled summary; original payroll checkpoints unavailable,1352.5,1399.0,1306.0,5443.0,6876.0,4010.0,26341.078743068392,110.95206960351516,6864.296711372405,101.76099932521127,1967,76.0,0,thunderbears,37362367.0,16,25,chargingryno,0.9598297814279457,13,35626309.0,,68.0,13,0.9598297814279457,Incomplete: untraded zero-use real reserves not independently certified,76802477.0,1966,13,J4M Formula Analysis.xlsx,Published average salary; underlying checkpoints not independently verified,,Brooklyn,1556000,8,8,68,1967
3.541283565762004,1.0,0.7599897325074021,1.0,-7.23,80314347.0,100.37189572224108,74,1.2999213681280444,1.0,Published compiled summary; original payroll checkpoints unavailable,1437.0,1437.0,1437.0,6417.0,6417.0,6417.0,23131.361169102296,97.43231928698623,7024.24513012311,104.13218338338189,1967,80.0,0,pittsburg,45074581.0,16,25,coldfoot,1.0037189572224108,10,33239766.0,,74.0,10,1.0037189572224108,Incomplete: untraded zero-use real reserves not independently certified,80314347.0,1966,10,J4M Formula Analysis.xlsx,Published average salary; underlying checkpoints not independently verified,,Pittsburgh,1556228,0,0,74,1967
3.4568086810886256,1.0,0.7785964334547347,1.0,5.89,77141339.0,96.40646687922457,85,1.289539375436148,1.0,Published compiled summary; original payroll checkpoints unavailable,1433.0,1433.0,1433.0,5766.0,5766.0,5766.0,23463.064898813678,98.82949878998467,7200.618626430802,106.74686395350014,1967,80.0,0,milwaukee,41518767.0,16,25,dbrom,0.9640646687922456,5,33622572.0,,85.0,5,0.9640646687922456,Incomplete: untraded zero-use real reserves not independently certified,77141339.0,1966,5,J4M Formula Analysis.xlsx,Published average salary; underlying checkpoints not independently verified,,Lombard,1556445,0,0,85,1967
2.841690523902439,1.0,0.7791351059730941,1.0,21.35,81923864.0,102.38337036558437,99,1.1497229065691057,1.0,Published compiled summary; original payroll checkpoints unavailable,1537.5,1909.0,1166.0,5575.0,5575.0,5575.0,26972.55707317073,113.61193893984836,7206.330224215247,106.83153656057522,1967,82.0,0,cincinnati-la,40175291.0,16,26,fire13,1.0238337036558436,1,41470306.5,,99.0,1,1.0238337036558436,Incomplete: untraded zero-use real reserves not independently certified,81923864.0,1966,1,J4M Formula Analysis.xlsx,Published average salary; underlying checkpoints not independently verified,,Cincinnati,1556359,4,4,99,1967
3.5663253537338577,1.0,0.7251407414236059,1.0,-9.37,81984759.0,102.45947316437828,74,1.2893163986524423,1.0,Published compiled summary; original payroll checkpoints unavailable,1781.0,1781.0,1781.0,6617.0,6617.0,6617.0,22191.43346434587,93.47322083328869,6114.827867613722,90.65036385724854,1967,82.0,0,montreal,40461816.0,16,25,dannino,1.024594731643783,12,39522943.0,,74.0,12,1.024594731643783,Incomplete: untraded zero-use real reserves not independently certified,81984759.0,1966,12,J4M Formula Analysis.xlsx,Published average salary; underlying checkpoints not independently verified,,Los Angeles,1556078,0,0,74,1967
2.8479942086627705,1.0,0.7678519999327222,1.0,15.8,83090345.0,103.84116606046781,96,1.1437845286352697,1.0,Published compiled summary; original payroll checkpoints unavailable,1454.5,1692.0,1217.0,5945.5,6602.0,5289.0,27384.242007562738,115.34600974009606,6319.0557564544615,93.6779768717152,1967,83.0,0,st-louis,37569946.0,16,26,contrarian23,1.038411660604678,3,39830380.0,,96.0,3,1.038411660604678,Incomplete: untraded zero-use real reserves not independently certified,83090345.0,1966,3,J4M Formula Analysis.xlsx,Published average salary; underlying checkpoints not independently verified,,St. Louis,1556209,4,4,96,1967
3.700776726501306,1.0,0.7243470239225891,1.0,5.04,80096203.0,100.0992728642051,88,1.3119566187989555,1.0,Published compiled summary; original payroll checkpoints unavailable,1532.0,1532.0,1532.0,6149.0,6149.0,6149.0,21647.65861618799,91.1827700362677,7307.202797202797,108.32694013407054,1967,84.0,0,socal-newark,44931990.0,16,25,bluecrew65,1.000992728642051,6,33164213.0,,88.0,6,1.000992728642051,Incomplete: untraded zero-use real reserves not independently certified,80096203.0,1966,6,J4M Formula Analysis.xlsx,Published average salary; underlying checkpoints not independently verified,,California,1556593,0,0,88,1967
3.5779338175438595,1.0,0.7910502827455236,1.0,0.26,82600043.0,103.22841699315103,87,1.2876235444444444,1.0,Published compiled summary; original payroll checkpoints unavailable,1710.0,1710.0,1710.0,5529.0,5529.0,5529.0,22690.42105263158,95.57502183266254,7560.033098209441,112.07506833597428,1967,87.0,0,new-york-times,41799423.0,16,25,strubrosii,1.0322841699315104,8,38800620.0,,87.0,8,1.0322841699315104,Incomplete: untraded zero-use real reserves not independently certified,82600043.0,1966,8,J4M Formula Analysis.xlsx,Published average salary; underlying checkpoints not independently verified,,Cleveland,1556394,0,0,87,1967
2.8521940861148196,1.0,0.7632289570612669,1.0,10.81,87923074.0,109.880811396087,98,1.204143359813084,1.0,Published compiled summary; original payroll checkpoints unavailable,1498.0,1498.0,1498.0,5778.0,5778.0,5778.0,28304.590120160214,119.2226363902195,7435.916233991,110.23507559279129,1967,88.0,0,georgia-minnesota,42964724.0,16,24,h_incandenza,1.0988081139608699,4,42400276.0,,98.0,4,1.0988081139608699,Incomplete: untraded zero-use real reserves not independently certified,87923074.0,1966,4,J4M Formula Analysis.xlsx,Published average salary; underlying checkpoints not independently verified,,San Francisco,1556107,0,0,98,1967
3.702392377548006,1.0,0.739892817123143,1.0,-29.59,87594241.0,109.46985628259984,62,1.288211161802068,1.0,Published compiled summary; original payroll checkpoints unavailable,1692.5,1873.0,1512.0,7101.5,7758.0,6445.0,23362.020384047268,98.40388607515361,6494.483137365345,96.27863158422498,1967,88.0,0,new-york-nationals,46120572.0,16,27,n4ser,1.0946985628259984,16,39540219.5,,62.0,16,1.0946985628259984,Incomplete: untraded zero-use real reserves not independently certified,87594241.0,1966,16,J4M Formula Analysis.xlsx,Published average salary; underlying checkpoints not independently verified,,New York N,1556296,5,5,62,1967
3.5716430990990995,1.0,0.7340042671156289,1.0,-7.27,84860299.0,106.05314492796907,83,1.273578873873874,1.0,Published compiled summary; original payroll checkpoints unavailable,1443.0,1443.0,1443.0,7870.0,8076.0,7664.0,22460.028413028413,94.60457789470821,6244.281448538754,92.5694717156448,1967,90.0,0,kansas-city,49142495.0,16,25,husker75,1.0605314492796907,11,32409821.0,,83.0,11,1.0605314492796907,Incomplete: untraded zero-use real reserves not independently certified,84860299.0,1966,11,J4M Formula Analysis.xlsx,Published average salary; underlying checkpoints not independently verified,,Kansas City,1556580,1,1,83,1967
3.132466977514793,1.0,0.7697864608642354,1.0,19.22,91980043.0,114.95095993899135,115,1.2473522575147928,1.0,Published compiled summary; original payroll checkpoints unavailable,1690.0,1690.0,1690.0,6526.0,6526.0,6526.0,26173.81952662722,110.24755190302827,7009.851057309224,103.9187958659871,1967,96.0,0,detroit,45746288.0,16,25,harrelson,1.1495095993899136,2,44233755.0,,115.0,2,1.1495095993899136,Incomplete: untraded zero-use real reserves not independently certified,91980043.0,1966,2,J4M Formula Analysis.xlsx,Published average salary; underlying checkpoints not independently verified,,Detroit,1556376,0,0,115,1967
3.3474879718104686,1.0,0.7572560962748884,1.0,-14.998146886380637,76156555.5203252,98.47605271892363,69,1.2491837208709464,1.0,Score reconstructed using source expected wins and WIS final wins,1593.2716049382716,1593.2716049382716,1593.2716049382716,6131.061728395061,6131.061728395061,6131.061728395061,22467.32206423618,92.4517124682237,6670.256253322487,101.02709977627882,1973,81.17470087125021,1,baltimore,40895752.833333336,20,29,dodgerdon,0.9847605271892362,,35796546.28395062,,,18,0.9847605271892362,Incomplete: untraded zero-use real reserves not independently certified,76156555.5203252,1972,18,draft-1973.json,"Published payroll AVG references Dump; preserve original source row range, not assumed all162 games",2,‘72 Baltimore Orioles,1620217,6,0,69,
3.3350869178947367,1.0,0.7115195247383771,1.0,5.849085318321235,70022992.73170732,90.54490288684435,76,1.266648796491228,1.0,Score reconstructed using source expected wins and WIS final wins,1425.0,1425.0,1425.0,5829.0,6004.0,5654.0,23585.237192982455,97.05186765143742,6248.23854863613,94.63525767314103,1973,71.80033702836853,1,boston,36420982.5,20,26,eddiedzen,0.9054490288684436,,33608963.0,,,7,0.9054490288684436,Incomplete: untraded zero-use real reserves not independently certified,70022992.73170732,1972,7,draft-1973.json,"Published payroll AVG references Dump; preserve original source row range, not assumed all162 games",3,Boston Plaids,1620443,1,1,76,
3.3234085742600867,1.0,0.7528693268482184,1.0,27.26054139421269,75962457.51219513,98.22506965448929,99,1.2727428854007794,1.0,Score reconstructed using source expected wins and WIS final wins,1469.9753086419753,1469.9753086419753,1469.9753086419753,6138.20987654321,6138.20987654321,6138.20987654321,24029.876394161318,98.88153188387057,6581.940383551724,99.68947557590188,1973,77.79316268451937,0,thunderbears,40401331.4691358,20,30,chargingryno,0.9822506965448928,,35323324.9691358,,,1,0.9822506965448928,Incomplete: untraded zero-use real reserves not independently certified,75962457.51219513,1972,1,draft-1973.json,"Published payroll AVG references Dump; preserve original source row range, not assumed all162 games",4,Chicago Thunderbears,1619951,10,0,99,
2.920025743893929,1.0,0.7446219612237942,1.0,18.045431859994878,82246041.0,106.35020733411669,101,1.189377975226797,1.0,Score reconstructed using source expected wins and WIS final wins,1433.0,1433.0,1433.0,5867.0,5867.0,5867.0,29562.833217027215,121.64932467306807,6559.466507584796,99.34908827690724,1973,85.56027828318572,0,cincinnati-la,38484390.0,20,25,fire13,1.0635020733411669,,42363540.0,,,3,1.0635020733411669,Incomplete: untraded zero-use real reserves not independently certified,82246041.0,1972,3,draft-1973.json,"Published payroll AVG references Dump; preserve original source row range, not assumed all162 games",5,Cincinnati Mudcats,1620500,0,0,101,
3.578823129241877,1.0,0.6913830383618542,1.0,1.3118764538929744,68374532.0,88.41332137279649,70,1.317572462093863,1.0,Score reconstructed using source expected wins and WIS final wins,1385.0,1385.0,1385.0,6019.0,6019.0,6019.0,22683.180505415163,93.33995729244712,5938.319488287091,89.9412515295454,1973,69.0935776239985,0,detroit,35742745.0,20,26,harrelson,0.8841332137279648,,31416205.0,,,10,0.8841332137279648,Incomplete: untraded zero-use real reserves not independently certified,68374532.0,1972,10,draft-1973.json,"Published payroll AVG references Dump; preserve original source row range, not assumed all162 games",6,Detroit Supremess,1620428,0,0,70,
3.1626586092491555,1.0,0.7235331245868184,1.0,-30.94334577299822,99835108.53658536,129.0941711357255,83,1.2452132786178227,1.0,Score reconstructed using source expected wins and WIS final wins,1924.5,1983.0,1866.0,6745.308641975309,6745.308641975309,6745.308641975309,25987.55001299039,106.93724399754144,6302.278611563593,95.4537435936137,1973,120.19116901778054,1,georgia-minnesota,42510814.38271605,20,29,ooooohdoggie,1.290941711357255,,50013040.0,,,20,1.290941711357255,Incomplete: untraded zero-use real reserves not independently certified,99835108.53658536,1972,20,draft-1973.json,"Published payroll AVG references Dump; preserve original source row range, not assumed all162 games",7,Georgia Browns '72,1620791,4,1,83,
3.7510330527114726,1.0,0.7113459140958992,1.0,3.2325772064368827,69821095.70731707,90.28383511819584,70,1.3333629712902872,1.0,Score reconstructed using source expected wins and WIS final wins,1683.5185185185185,1683.5185185185185,1683.5185185185185,5485.7037037037035,5485.7037037037035,5485.7037037037035,21612.48639313607,88.93411382223593,6094.314156663111,92.3039327112079,1973,67.8080523554296,1,houston,33431601.740740743,20,29,txelvis,0.9028383511819584,,36385021.074074075,,,9,0.9028383511819584,Incomplete: untraded zero-use real reserves not independently certified,69821095.70731707,1972,9,draft-1973.json,"Published payroll AVG references Dump; preserve original source row range, not assumed all162 games",8,'72 Houston Colt .45s,1620802,4,0,70,
3.4892850223021585,1.0,0.6969809825702812,1.0,3.41866544422245,71491345.0,92.44359085131971,76,1.2848105028776977,1.0,Score reconstructed using source expected wins and WIS final wins,1390.0,1390.0,1390.0,6225.0,6225.0,6225.0,23402.594964028776,96.30030559221633,6258.913734939759,94.79694308234698,1973,73.48770134825385,0,kansas-city,38961738.0,20,26,fire13,0.9244359085131971,,32529607.0,,,8,0.9244359085131971,Incomplete: untraded zero-use real reserves not independently certified,71491345.0,1972,8,draft-1973.json,"Published payroll AVG references Dump; preserve original source row range, not assumed all162 games",9,Kansas City Monarchs,1620502,0,0,76,
2.9442776691127417,1.0,0.7519336341013072,1.0,-6.5536346139973976,88408401.31707317,114.3185944980443,97,1.2004541997331555,1.0,Score reconstructed using source expected wins and WIS final wins,1499.0,1499.0,1499.0,6120.0,6808.0,5432.0,26853.156771180787,110.49916503512507,7767.949673202615,117.65266533813501,1973,103.80286017473045,2,milwaukee,47539852.0,20,29,dbrom,1.143185944980443,,40252882.0,,,14,1.143185944980443,Incomplete: untraded zero-use real reserves not independently certified,88408401.31707317,1972,14,draft-1973.json,"Published payroll AVG references Dump; preserve original source row range, not assumed all162 games",10,Lombard iPackers,1620666,3,3,97,
2.7823595651275173,1.0,0.738609742568846,1.0,-4.379209863790045,83660008.66666667,108.17857199076609,90,1.1695590708510069,1.0,Score reconstructed using source expected wins and WIS final wins,1379.6296296296296,1379.6296296296296,1379.6296296296296,6439.938271604939,6439.938271604939,6439.938271604939,27457.22263982103,112.98486065295276,7059.526697786767,106.922954828813,1973,94.12179074424793,0,new-york-eagles,45462916.16049383,20,27,just4me,1.0817857199076608,,37880797.90123457,,,13,1.0817857199076608,Incomplete: untraded zero-use real reserves not independently certified,83660008.66666667,1972,13,draft-1973.json,"Published payroll AVG references Dump; preserve original source row range, not assumed all162 games",11,New York Eagles,1619973,4,0,90,
3.459930675889328,1.0,0.703853398289397,1.0,-9.041526628988164,79961118.84552845,103.39563417879161,76,1.2864705804630152,1.0,Score reconstructed using source expected wins and WIS final wins,1771.0,1771.0,1771.0,6438.419753086419,6438.419753086419,6438.419753086419,23290.38170525127,95.83855461424221,6048.516571047262,91.61028660889805,1973,83.55461254280566,0,new-york-nationals,38942888.56790123,20,26,n4ser,1.033956341787916,,41247266.0,,,16,1.033956341787916,Incomplete: untraded zero-use real reserves not independently certified,79961118.84552845,1972,16,draft-1973.json,"Published payroll AVG references Dump; preserve original source row range, not assumed all162 games",12,New York Nutcrackers,1620784,2,0,76,
2.997404073094868,1.0,0.687435023962804,1.0,9.315465482623425,64630065.26829268,83.5714492482431,70,1.197175038880249,1.0,Score reconstructed using source expected wins and WIS final wins,1286.0,1286.0,1286.0,5592.0,5767.0,5417.0,26186.078538102644,107.7541772336406,5534.301770386266,83.82203560325769,1973,64.03485516980858,1,new-york-times,30947815.5,20,31,trentonjoe,0.8357144924824309,,33675297.0,,,5,0.8357144924824309,Incomplete: untraded zero-use real reserves not independently certified,64630065.26829268,1972,5,draft-1973.json,"Published payroll AVG references Dump; preserve original source row range, not assumed all162 games",13,New York  Times,1620716,1,1,70,
3.523630461221688,1.0,0.6888823265926748,1.0,-13.36204981215026,64486281.0,83.38552556658757,55,1.2885651784488674,1.0,Score reconstructed using source expected wins and WIS final wins,1457.0,1457.0,1457.0,4505.0,4505.0,4505.0,21892.720658888127,90.08726138859828,7233.870588235294,109.56355167349264,1973,63.48257303035004,0,oakland,32588587.0,20,25,chrondon84,0.8338552556658757,,31897694.0,,,17,0.8338552556658757,Incomplete: untraded zero-use real reserves not independently certified,64486281.0,1972,17,draft-1973.json,"Published payroll AVG references Dump; preserve original source row range, not assumed all162 games",14,Oakland Bagchuckers,1620689,0,0,55,
3.389290777615673,1.0,0.711138806454389,1.0,-1.331587878482685,76957869.3902439,99.5122107536375,77,1.2709311454772823,1.0,Score reconstructed using source expected wins and WIS final wins,1599.3333333333333,1599.3333333333333,1599.3333333333333,5810.0,5810.0,5810.0,23526.538766152564,96.81032706800258,6688.810671256454,101.30812331731173,1973,78.03915999496263,0,philly,38861990.0,20,27,cpdpoet,0.9951221075363751,,37626777.666666664,,,11,0.9951221075363751,Incomplete: untraded zero-use real reserves not independently certified,76957869.3902439,1972,11,draft-1973.json,"Published payroll AVG references Dump; preserve original source row range, not assumed all162 games",15,Philly CRYPTKEEPERS,1620341,3,0,77,
2.473114953483039,1.0,0.7815542896226819,1.0,-2.3658317068041836,96729862.08130081,125.07885805405336,111,1.1258742715694403,1.0,Score reconstructed using source expected wins and WIS final wins,1399.7283950617284,1399.7283950617284,1399.7283950617284,6617.530864197531,6617.530864197531,6617.530864197531,31832.497556845243,130.98886030371872,7889.10761911869,119.48771266253961,1973,113.68970713886407,1,pittsburg,52206413.16049383,20,27,coldfoot,1.2507885805405337,,44556850.71604938,,,12,1.2507885805405337,Incomplete: untraded zero-use real reserves not independently certified,96729862.08130081,1972,12,draft-1973.json,"Published payroll AVG references Dump; preserve original source row range, not assumed all162 games",16,Pittsburg Tanagers,1620813,6,0,111,
3.9354719173228347,1.0,0.7167603636997761,1.0,-18.723957737706304,73954930.29268293,95.62918864394916,60,1.3920234868766403,1.0,Score reconstructed using source expected wins and WIS final wins,1524.0,1524.0,1524.0,6276.055555555556,6276.055555555556,6276.055555555556,20162.168635170605,82.96614131694037,6050.60983396625,91.64199098032596,1973,73.82249224976809,0,quake,37973963.46296296,20,25,epup1975,0.9562918864394915,,30727145.0,,,19,0.9562918864394915,Incomplete: untraded zero-use real reserves not independently certified,73954930.29268293,1972,19,draft-1973.json,"Published payroll AVG references Dump; preserve original source row range, not assumed all162 games",17,San Diego Quake,1620662,1,0,60,
3.8038238152074064,1.0,0.716903204477827,1.0,-7.871939026988257,73570797.98373984,95.1324771888673,67,1.3460296032239254,1.0,Score reconstructed using source expected wins and WIS final wins,1545.5432098765432,1545.5432098765432,1545.5432098765432,6298.524691358025,6925.024691358025,5672.024691358025,20810.414864724535,85.63363652851834,6584.028127300043,99.72109635446847,1973,72.72485634928013,0,montreal,41469663.72839506,20,32,jmarino2,0.9513247718886731,,32163395.388888888,,,15,0.9513247718886731,Incomplete: untraded zero-use real reserves not independently certified,73570797.98373984,1972,15,draft-1973.json,"Published payroll AVG references Dump; preserve original source row range, not assumed all162 games",18,San Francisco Seals,1620151,14,2,67,
3.3214086404421326,1.0,0.7405299513184584,0.9835411471321696,7.872208225108465,75480154.0,97.60141558073363,87,1.2690587587776332,1.0,Score reconstructed using source expected wins and WIS final wins,1538.0,1538.0,1538.0,6015.0,6015.0,6015.0,23517.520156046816,96.77321601640615,6535.362926018288,98.98401760384691,1973,80.6509864138943,0,socal-newark,39310208.0,20,27,crustydoc,0.9760141558073363,,36169946.0,,,6,0.9760141558073363,Incomplete: untraded zero-use real reserves not independently certified,75480154.0,1972,6,draft-1973.json,"Published payroll AVG references Dump; preserve original source row range, not assumed all162 games",19,SoCal Space Cadets ‘72,1620489,0,0,87,
3.5015128605419696,1.0,0.7357513083496877,1.0,18.21698814947802,70899061.0,91.67772388149584,82,1.3018794368803701,1.0,Score reconstructed using source expected wins and WIS final wins,1513.0,1513.0,1513.0,5605.0,5605.0,5605.0,22872.539325842696,94.11915773161986,6475.095272078502,98.07120915142437,1973,69.3639732187358,1,st-louis,36292909.0,20,27,kermit,0.9167772388149584,,34606152.0,,,2,0.9167772388149584,Incomplete: untraded zero-use real reserves not independently certified,70899061.0,1972,2,draft-1973.json,"Published payroll AVG references Dump; preserve original source row range, not assumed all162 games",20,St. Louis Perfectos '72,1620812,0,0,82,
3.237548046185426,1.0,0.7916806220148663,1.0,9.401742359006857,84053356.14634146,108.68719934241899,104,1.244262772494013,1.0,Score reconstructed using source expected wins and WIS final wins,1461.5,1520.0,1403.0,6323.0,6323.0,6323.0,24301.33903523777,99.9985847291945,7527.94417207022,114.01756365854352,1973,95.06247136240226,0,texas,47599191.0,20,26,frazzman80,1.08687199342419,,35516407.0,,,4,1.08687199342419,Incomplete: untraded zero-use real reserves not independently certified,84053356.14634146,1972,4,draft-1973.json,"Published payroll AVG references Dump; preserve original source row range, not assumed all162 games",21,Texas Rangers,1620470,1,1,104,
3.928993106,1.0,0.7437531327003484,1.0,17.32661585511317,66051870.0,86.52986007120606,79,1.3648663926666667,1.0,Published cached Score,1500.0,1500.0,1500.0,5740.0,5740.0,5740.0,20015.376666666667,89.38356072602524,6276.795296167247,95.9441186908736,1974,67.33340037486228,1,baltimore,36028805.0,20,25,dodgerdon,0.8652986007120608,,30023065.0,,,5,0.8652986007120608,Incomplete: untraded zero-use real reserves not independently certified,66051870.0,1973,5,draft-1974.json,"Published payroll AVG references Dump; preserve original source row range, not assumed all162 games",2,‘73 Baltimore Orioles,1632488,0,0,79,
3.4747983994620038,1.0,0.8070301268754894,1.0,22.024169240657535,82360804.0,107.89503530289193,117,1.2718509186281102,1.0,Published cached Score,1487.0,1487.0,1487.0,6385.0,6385.0,6385.0,24135.87289845326,107.78464461712305,7278.114487079091,111.24980937652624,1974,95.8826441745743,1,boston,46470761.0,20,25,eddiedzen,1.0789503530289195,,35890043.0,,,2,1.0789503530289195,Incomplete: untraded zero-use real reserves not independently certified,82360804.0,1973,2,draft-1974.json,"Published payroll AVG references Dump; preserve original source row range, not assumed all162 games",3,Boston Plaids,1632145,0,0,117,
3.803751265102702,1.0,0.7575033438096594,1.0,-7.052046733987705,75885708.67307693,99.41247315005093,72,1.3500617061537823,1.0,Published cached Score,1336.4259259259259,1336.4259259259259,1336.4259259259259,7019.0,7019.0,7019.0,21192.863261601564,94.6419151559832,6781.308590967375,103.65586985583262,1974,77.4627062458704,1,thunderbears,47598005.0,20,26,chargingryno,0.9941247315005095,,28322691.907407407,,,14,0.9941247315005095,Incomplete: untraded zero-use real reserves not independently certified,75885708.67307693,1973,14,draft-1974.json,"Published payroll AVG references Dump; preserve original source row range, not assumed all162 games",4,Chicago Thunderbears,1632135,2,0,72,
2.9213552108753316,1.0,0.7612994407614047,1.0,11.902857507279888,83650363.0,109.5843948898887,101,1.185525422612732,1.0,Published cached Score,1508.0,1508.0,1508.0,6094.0,6094.0,6094.0,27884.143899204246,124.52346568418724,6826.562848703643,104.34760499624211,1974,90.25685514190681,0,cincinnati-la,41601074.0,20,25,fire13,1.0958439488988871,,42049289.0,,,7,1.0958439488988871,Incomplete: untraded zero-use real reserves not independently certified,83650363.0,1973,7,draft-1974.json,"Published payroll AVG references Dump; preserve original source row range, not assumed all162 games",5,Cincinnati Mudcats,1632643,0,0,101,
3.648922025914255,1.0,0.7527214618004427,1.0,14.497345800137392,68791206.5,90.1184701140852,81,1.3586108136859096,1.0,Published cached Score,1365.3765432098764,1365.3765432098764,1365.3765432098764,5871.327160493827,5871.327160493827,5871.327160493827,22253.680945427255,99.37925602348666,6538.513560881244,99.94462007230659,1974,70.74399797999754,1,detroit,38389752.25925926,20,30,harrelson,0.9011847011408521,,30384653.962962963,,,6,0.9011847011408521,Incomplete: untraded zero-use real reserves not independently certified,68791206.5,1973,6,draft-1974.json,"Published payroll AVG references Dump; preserve original source row range, not assumed all162 games",6,Detroit Supremes,1632158,3,0,81,
3.728789573669468,1.0,0.6996067106964484,1.0,-41.7758803145562,90282474.0,118.27265211571299,65,1.3203065535014005,1.0,Published cached Score,1785.0,1785.0,1785.0,7208.0,7208.0,7208.0,21221.23025210084,94.76859489127538,5942.213928967813,90.82986645041278,1974,111.63758310329625,1,georgia-minnesota,42831478.0,20,26,ooooohdoggie,1.18272652115713,,37879896.0,,,20,1.18272652115713,Incomplete: untraded zero-use real reserves not independently certified,90282474.0,1973,20,draft-1974.json,"Published payroll AVG references Dump; preserve original source row range, not assumed all162 games",7,Georgia Browns '73,1632151,0,0,65,
3.751052702898551,1.0,0.747604245040623,1.0,9.012391252213185,72998287.0,95.629867247479,85,1.324831588768116,1.0,Published cached Score,1656.0,1656.0,1656.0,5908.0,5908.0,5908.0,21306.092391304348,95.14756753311777,6383.784360189574,97.5795028276562,1974,77.97278733510427,1,houston,37715398.0,20,25,txelvis,0.9562986724747902,,35282889.0,,,8,0.9562986724747902,Incomplete: untraded zero-use real reserves not independently certified,72998287.0,1973,8,draft-1974.json,"Published payroll AVG references Dump; preserve original source row range, not assumed all162 games",8,‘73 Houston Colt .45s,1632786,0,0,85,
3.7504683179594687,1.0,0.7107557611732689,1.0,-0.6749828351629608,68835189.0,90.17608846115974,71,1.3389468343815514,1.0,Published cached Score,1431.0,1431.0,1431.0,6614.0,6614.0,6614.0,20578.09573724668,91.89652038971452,5955.236468097974,91.02892281293644,1974,71.48249456848356,2,kansas-city,39387934.0,20,27,fire13,0.9017608846115975,,29447255.0,,,13,0.9017608846115975,Incomplete: untraded zero-use real reserves not independently certified,68835189.0,1973,13,draft-1974.json,"Published payroll AVG references Dump; preserve original source row range, not assumed all162 games",9,Kansas City Monarchs,1632644,0,0,71,
3.3003451866485016,1.0,0.791420057801962,1.0,2.6786434001975947,86570565.0,113.40994396881192,98,1.2552820783378744,1.0,Published cached Score,1468.0,1468.0,1468.0,6524.0,6524.0,6524.0,24579.17234332425,109.76430672942435,7602.687001839362,116.21107104121205,1974,95.44341136066413,3,milwaukee,49599930.0,20,28,dbrom,1.1340994396881194,,36082225.0,,,10,1.1340994396881194,Incomplete: untraded zero-use real reserves not independently certified,86570565.0,1973,10,draft-1974.json,"Published payroll AVG references Dump; preserve original source row range, not assumed all162 games",10,Milwaukee Brewers,1632150,0,0,98,
3.29437415903976,1.0,0.7078711902761889,1.0,2.235757864989788,69363657.0,90.86839682566342,74,1.2466684103525882,1.0,Published cached Score,1333.0,1333.0,1333.0,6119.0,6119.0,6119.0,23599.023255813954,105.38721121215947,6194.829057035463,94.69122159851398,1974,72.38172000223514,0,new-york-eagles,37906159.0,20,25,just4me,0.9086839682566343,,31457498.0,,,11,0.9086839682566343,Incomplete: untraded zero-use real reserves not independently certified,69363657.0,1973,11,draft-1974.json,"Published payroll AVG references Dump; preserve original source row range, not assumed all162 games",11,New York Eagles,1632913,0,0,74,
4.033252600770925,1.0,0.6950879849353322,1.0,-24.72565273493858,79357153.0,103.9601656204327,62,1.3719340611233481,1.0,Published cached Score,1816.0,1816.0,1816.0,6804.0,6804.0,6804.0,20431.77973568282,91.24311049247522,6210.029541446208,94.9235690005957,1974,82.36537712068251,0,new-york-nationals,42253041.0,20,25,n4ser,1.0396016562043273,,37104112.0,,,17,1.0396016562043273,Incomplete: untraded zero-use real reserves not independently certified,79357153.0,1973,17,draft-1974.json,"Published payroll AVG references Dump; preserve original source row range, not assumed all162 games",12,New York Nutcrackers,1632637,0,0,62,
3.2686495491166077,1.0,0.7122380879429964,1.0,27.37479847140369,67441315.0,88.35007320713449,85,1.2528146784452296,1.0,Published cached Score,1415.0,1415.0,1415.0,5333.0,5333.0,5333.0,23601.686925795053,105.39910648205495,6383.8229889368085,97.58009328838251,1974,66.73219586611,1,new-york-times,34044928.0,20,26,trentonjoe,0.883500732071345,,33396387.0,,,1,0.883500732071345,Incomplete: untraded zero-use real reserves not independently certified,67441315.0,1973,1,draft-1974.json,"Published payroll AVG references Dump; preserve original source row range, not assumed all162 games",13,New York  Times,1632368,0,0,85,
3.9282524652974504,1.0,0.6829511824440619,1.0,-24.7605249924212,62870081.0,82.3616244565883,47,1.3486530432011332,1.0,Published cached Score,1412.0,1412.0,1412.0,5229.0,5229.0,5229.0,20937.5552407932,93.50177473485536,6369.526295658826,97.36156080930242,1974,62.46720886245649,1,oakland,33306253.0,20,25,chrondon84,0.8236162445658831,,29563828.0,,,18,0.8236162445658831,Incomplete: untraded zero-use real reserves not independently certified,62870081.0,1973,18,draft-1974.json,"Published payroll AVG references Dump; preserve original source row range, not assumed all162 games",14,Oakland Bagchuckers,1632160,0,0,47,
3.33682445480177,1.0,0.7289864096836333,1.0,18.57065680796928,77017642.42307693,100.89533910066483,101,1.2560464864035439,1.0,Published cached Score,1460.3024691358025,1460.3024691358025,1460.3024691358025,6322.364197530865,6322.364197530865,6322.364197530865,23815.30624046261,106.3530757878956,6669.4125966708425,101.9454807079859,1974,85.1812773235913,0,philly,42166455.41975309,20,29,cpdpoet,1.0089533910066486,,34777550.506172836,,,4,1.0089533910066486,Incomplete: untraded zero-use real reserves not independently certified,77017642.42307693,1973,4,draft-1974.json,"Published payroll AVG references Dump; preserve original source row range, not assumed all162 games",15,Philly CRYPTKEEPERS,1632433,6,0,101,
3.473759056280845,1.0,0.7897116115647476,1.0,-8.767573283025255,95422449.5,125.00616868056464,103,1.2908799906226034,1.0,Published cached Score,1424.6234567901236,1424.6234567901236,1424.6234567901236,7486.672839506173,7486.672839506173,7486.672839506173,23942.545571929335,106.9212941482243,7956.826619482686,121.62428143044669,1974,112.89845475614842,2,pittsburg,59570157.74074074,20,28,coldfoot,1.2500616868056467,,34109112.03703704,,,15,1.2500616868056467,Incomplete: untraded zero-use real reserves not independently certified,95422449.5,1973,15,draft-1974.json,"Published payroll AVG references Dump; preserve original source row range, not assumed all162 games",16,Pittsburg Tanagers,1632228,3,0,103,
4.012222994395272,1.0,0.7173862105220704,1.0,-30.533921751731373,86098770.02564102,112.79187890701154,66,1.3812658432134615,1.0,Published cached Score,1947.20987654321,1947.20987654321,1947.20987654321,6749.716049382716,6749.716049382716,6749.716049382716,20786.126613578148,92.82553315710497,6130.4267705820275,93.70679876426526,1974,95.0104017159555,0,quake,41378639.96296296,20,28,epup1975,1.1279187890701157,,40474951.03703704,,,19,1.1279187890701157,Incomplete: untraded zero-use real reserves not independently certified,86098770.02564102,1973,19,draft-1974.json,"Published payroll AVG references Dump; preserve original source row range, not assumed all162 games",17,San Diego Quake,1632746,5,0,66,
4.291161906356748,1.0,0.7156930316295574,1.0,2.9354385477832636,69057209.87820514,90.46694223296024,70,1.4357271503633315,1.0,Published cached Score,1590.2222222222222,1590.2222222222222,1590.2222222222222,6488.734567901234,6488.734567901234,6488.734567901234,18732.694335755543,83.65542900377133,5984.015949770495,91.46883233286873,1974,68.00379051914717,0,montreal,38828691.14814815,20,30,jmarino2,0.9046694223296026,,29789146.814814813,,,9,0.9046694223296026,Incomplete: untraded zero-use real reserves not independently certified,69057209.87820514,1973,9,draft-1974.json,"Published payroll AVG references Dump; preserve original source row range, not assumed all162 games",18,San Francisco Seals,1632144,10,0,70,
3.6421738736102984,1.0,0.685547435154212,1.0,-9.560926055386815,74039484.0,96.99386543127848,72,1.3137582990052663,1.0,Published cached Score,1709.0,1709.0,1709.0,6517.0,6517.0,6517.0,21537.352252779405,96.1803150160104,5713.081018873715,87.327449359405,1974,79.61160686374822,0,socal-newark,37232149.0,20,27,crustydoc,0.969938654312785,,36807335.0,,,16,0.969938654312785,Incomplete: untraded zero-use real reserves not independently certified,74039484.0,1973,16,draft-1974.json,"Published payroll AVG references Dump; preserve original source row range, not assumed all162 games",19,SoCal Space Cadets '73,1632477,0,0,72,
3.5351517026098906,1.0,0.734679752007888,1.0,1.3293165813297598,70044781.0,91.7606889653279,69,1.312356044642857,1.0,Published cached Score,1456.0,1456.0,1456.0,5578.0,5578.0,5578.0,23486.32967032967,104.88395043873903,6426.7990319110795,98.2370047174529,1974,68.0948044731148,1,st-louis,35848685.0,20,28,kermit,0.9176068896532792,,34196096.0,,,12,0.9176068896532792,Incomplete: untraded zero-use real reserves not independently certified,70044781.0,1973,12,draft-1974.json,"Published payroll AVG references Dump; preserve original source row range, not assumed all162 games",20,St. Louis Perfectos '73,1632422,0,0,69,
3.24478544296711,1.0,0.7918139146888227,1.0,19.07957320920878,80544841.0,105.51607125108708,102,1.231041135059482,1.0,Published cached Score,1429.0,1429.0,1429.0,6379.0,6379.0,6379.0,23816.715185444365,106.35936777637195,7218.745414641793,110.34232186678233,1974,85.65700837774924,1,texas,46048377.0,20,25,frazzman80,1.055160712510871,,34034086.0,,,3,1.055160712510871,Incomplete: untraded zero-use real reserves not independently certified,80544841.0,1973,3,draft-1974.json,"Published payroll AVG references Dump; preserve original source row range, not assumed all162 games",21,Texas Rangers,1632248,0,0,102,
3.9796398781854436,1.0,0.6781259145816633,1.0,3.6305225636243534,66149730.39490446,87.28841878927857,68,1.3958959937973305,1.0,Score reconstructed using source expected wins and WIS final wins,1513.6851851851852,1513.6851851851852,1513.6851851851852,6260.314814814815,6260.314814814815,6260.314814814815,20256.11381347949,89.59301076116468,5686.021451017629,87.65349198735451,1975,65.61773338376359,1,baltimore,35596284.32716049,20,32,dodgerdon,0.8728841878927855,,30661379.388888888,,,8,0.8728841878927855,Incomplete: untraded zero-use real reserves not independently certified,66149730.39490446,1974,8,draft-1975.json,"Published payroll AVG references Dump; preserve original source row range, not assumed all162 games",2,‘74 Baltimore Orioles,1642891,9,0,68,
3.401129597956132,1.0,0.7533036890441767,1.0,32.824250598281914,71852877.94871795,94.8140538768657,98,1.2526684289631107,1.0,Score reconstructed using source expected wins and WIS final wins,1337.3333333333333,1376.0,1318.0,6225.0,6225.0,6225.0,22248.352442671985,98.40470379308645,6795.375100401607,104.75485575375713,1975,73.78170745069322,2,boston,42301210.0,20,26,eddiedzen,0.9481405387686569,,29753463.333333332,,,1,0.9481405387686569,Incomplete: untraded zero-use real reserves not independently certified,71852877.94871795,1974,1,draft-1975.json,"Published payroll AVG references Dump; preserve original source row range, not assumed all162 games",3,Boston Plaids,1642652,1,1,98,
3.1585964803013376,1.0,0.7749114137474226,1.0,20.43056739955616,77589556.85897435,102.38393554061099,103,1.2315636507165626,1.0,Score reconstructed using source expected wins and WIS final wins,1359.3703703703704,1827.037037037037,911.0370370370371,5631.179012345679,6424.0,5206.0,24908.87960112252,110.17224422716563,6948.503358176641,107.1154213322636,1975,85.52645912418046,1,thunderbears,39128266.277777776,20,29,chargingryno,1.02383935540611,,33860392.88888889,,,3,1.02383935540611,Incomplete: untraded zero-use real reserves not independently certified,77589556.85897435,1974,3,draft-1975.json,"Published payroll AVG references Dump; preserve original source row range, not assumed all162 games",4,Chicago Thunderbears,1642382,10,9,103,
3.4898890592286502,1.0,0.7487214468295706,1.0,15.377937307410248,75333310.85897435,99.40668764309265,94,1.3169869931129476,1.0,Score reconstructed using source expected wins and WIS final wins,1452.0,1452.0,1452.0,6495.79012345679,6495.79012345679,6495.79012345679,23466.028925619834,103.79050006402593,6216.695125427866,95.83415065502322,1975,81.47138195888233,0,cincinnati-la,40382346.7962963,20,25,fire13,0.9940668764309265,,34072674.0,,,5,0.9940668764309265,Incomplete: untraded zero-use real reserves not independently certified,75333310.85897435,1974,5,draft-1975.json,"Published payroll AVG references Dump; preserve original source row range, not assumed all162 games",5,Cincinnati Mudcats,1642849,1,0,94,
4.190277690677966,1.0,0.7454492108552102,1.0,3.7695040799861754,68669904.0,90.61393452078653,72,1.448173829096045,1.0,Score reconstructed using source expected wins and WIS final wins,1416.0,1416.0,1416.0,6209.0,6209.0,6209.0,18829.92231638418,83.28495032453186,6765.45885005637,104.29367849079436,1975,69.3845466819442,1,detroit,42006734.0,20,26,harrelson,0.9061393452078653,,26663170.0,,,7,0.9061393452078653,Incomplete: untraded zero-use real reserves not independently certified,68669904.0,1974,7,draft-1975.json,"Published payroll AVG references Dump; preserve original source row range, not assumed all162 games",6,Detroit Supremes 74,1642969,0,0,72,
3.622488642240425,1.0,0.6940880030023739,1.0,-35.334830656005785,97421725.42307693,128.55363607889618,78,1.3110798701793225,1.0,Score reconstructed using source expected wins and WIS final wins,2258.5,2531.0,1986.0,7161.0,7161.0,7161.0,22312.67832632278,98.68921787309284,5999.65214355537,92.48830058457239,1975,120.62134962497281,1,georgia-minnesota,42963509.0,20,29,ooooohdoggie,1.2855363607889618,,50393184.0,,,20,1.2855363607889618,Incomplete: untraded zero-use real reserves not independently certified,97421725.42307693,1974,20,draft-1975.json,"Published payroll AVG references Dump; preserve original source row range, not assumed all162 games",7,Georgia Browns '74,1642981,2,2,78,
3.723634538110749,1.0,0.7494414223960012,1.0,-5.400894908827566,75557079.18589744,99.7019629724951,75,1.341316625407166,1.0,Score reconstructed using source expected wins and WIS final wins,1535.0,1535.0,1535.0,6202.0,6202.0,6202.0,21276.506188925083,94.106217288128,6856.834247017091,105.70228601968513,1975,79.2819339334307,1,houston,42526086.0,20,25,txelvis,0.997019629724951,,32659437.0,,,13,0.997019629724951,Incomplete: untraded zero-use real reserves not independently certified,75557079.18589744,1974,13,draft-1975.json,"Published payroll AVG references Dump; preserve original source row range, not assumed all162 games",8,'74 Houston Colt .45s,1643387,0,0,75,
3.4225399912922327,1.0,0.7120342145866243,0.9278468667522549,9.520986631601906,70525040.76923077,93.06189544605854,83,1.2863967784743993,1.0,Score reconstructed using source expected wins and WIS final wins,1435.5,1677.0,1194.0,6721.814814814815,6721.814814814815,6721.814814814815,24391.546847788228,107.88407585669867,5412.407820859667,83.43557083716439,1975,75.78456198462573,2,kansas-city,36381203.074074075,20,29,fire13,0.9306189544605854,,35014065.5,,,6,0.9306189544605854,Incomplete: untraded zero-use real reserves not independently certified,70525040.76923077,1974,6,draft-1975.json,"Published payroll AVG references Dump; preserve original source row range, not assumed all162 games",9,Kansas City Monarchs,1642847,4,2,83,
3.7526423715327457,1.0,0.7916109854454811,1.0,1.8580196762803465,80410614.47435898,106.10648523341133,92,1.3453955394840078,1.0,Score reconstructed using source expected wins and WIS final wins,1604.962962962963,1604.962962962963,1604.962962962963,5870.265432098766,5870.265432098766,5870.265432098766,21723.56449900771,96.0835610350538,7768.82958370444,119.76125090848669,1975,90.32180312594868,3,milwaukee,45605091.75308642,20,27,dbrom,1.0610648523341133,,34865516.44444445,,,10,1.0610648523341133,Incomplete: untraded zero-use real reserves not independently certified,80410614.47435898,1974,10,draft-1975.json,"Published payroll AVG references Dump; preserve original source row range, not assumed all162 games",10,Milwaukee Brewers,1642768,3,0,92,
3.1581965703084163,1.0,0.7016023069172201,1.0,-9.329380708138162,76763746.98076923,101.29423134894215,74,1.2473370224777838,1.0,Score reconstructed using source expected wins and WIS final wins,1275.3333333333333,1314.0,1256.0,6173.0,6443.0,5903.0,25580.43727130162,113.14255107502015,6685.913980236513,103.06744576032479,1975,81.6140890819325,0,new-york-eagles,41272147.0,20,27,just4me,1.0129423134894215,,32623584.333333332,,,14,1.0129423134894215,Incomplete: untraded zero-use real reserves not independently certified,76763746.98076923,1974,14,draft-1975.json,"Published payroll AVG references Dump; preserve original source row range, not assumed all162 games",11,New York Eagles,1642413,2,2,74,
3.890348579423788,1.0,0.7093142998593777,1.0,-16.10067041439203,65678479.0,86.66657514958595,55,1.3675469693157485,1.0,Score reconstructed using source expected wins and WIS final wins,1522.0740740740741,1522.0740740740741,1522.0740740740741,5689.0,5689.0,5689.0,20624.943327817793,91.22434769733243,6021.9898048866235,92.83264927115093,1975,65.55475505186237,0,new-york-nationals,34259100.0,20,26,n4ser,0.8666657514958596,,31392691.51851852,,,18,0.8666657514958596,Incomplete: untraded zero-use real reserves not independently certified,65678479.0,1974,18,draft-1975.json,"Published payroll AVG references Dump; preserve original source row range, not assumed all162 games",12,New York Nutcrackers,1643370,2,0,55,
3.3178709053578417,1.0,0.6649132589734988,1.0,20.861704108046222,63932133.307692304,84.36217038132784,77,1.2649838330074306,1.0,Score reconstructed using source expected wins and WIS final wins,1278.5,1292.0,1265.0,5962.0,5962.0,5962.0,23541.21626906531,104.12305449832868,5745.173431734317,88.56535588242625,1975,63.70917948597236,2,new-york-times,34252724.0,20,31,trentonjoe,0.8436217038132784,,30097445.0,,,2,0.8436217038132784,Incomplete: untraded zero-use real reserves not independently certified,63932133.307692304,1974,2,draft-1975.json,"Published payroll AVG references Dump; preserve original source row range, not assumed all162 games",13,New York Times,1642971,1,1,77,
3.521211406572411,1.0,0.7147040888559304,1.0,-10.45251829202088,76177079.12820514,100.52008897679475,72,1.2817438226977456,1.0,Score reconstructed using source expected wins and WIS final wins,1308.5,1389.0,1228.0,6600.975308641975,6600.975308641975,6600.975308641975,23202.632403515476,102.62549439429843,6687.2043076313075,103.08733694486128,1975,80.40427114946377,0,oakland,44142070.518518515,20,29,chrondon84,1.0052008897679476,,30360644.5,,,16,1.0052008897679476,Incomplete: untraded zero-use real reserves not independently certified,76177079.12820514,1974,16,draft-1975.json,"Published payroll AVG references Dump; preserve original source row range, not assumed all162 games",14,Oakland Bagchuckers,1642898,5,3,72,
3.4517448125991765,1.0,0.720621889928722,1.0,-10.1829451303433,93512290.51923077,123.39490921668309,101,1.2901757535168077,1.0,Score reconstructed using source expected wins and WIS final wins,1902.2407407407406,1902.2407407407406,1902.2407407407406,6957.62962962963,6957.62962962963,6957.62962962963,23913.85544338548,105.77124160185305,6909.3635444169995,106.5120572082761,1975,112.4508036325307,1,philly,48072792.518518515,20,28,cpdpoet,1.233949092166831,,45489910.09259259,,,15,1.233949092166831,Incomplete: untraded zero-use real reserves not independently certified,93512290.51923077,1974,15,draft-1975.json,"Published payroll AVG references Dump; preserve original source row range, not assumed all162 games",15,Philly CRYPTKEEPERS,1642633,6,0,101,
3.223591734150856,1.0,0.8107812054943775,1.0,-0.7374043357140678,88988779.78205128,117.42587355671105,107,1.2710985220962516,1.0,Score reconstructed using source expected wins and WIS final wins,1440.6666666666667,1719.6666666666667,1161.6666666666667,6736.179012345679,7497.0,6343.0,25060.53447478019,110.84301537570416,7917.464309638115,122.05254595035437,1975,107.7948841493956,2,pittsburg,53333456.913580246,20,31,coldfoot,1.1742587355671106,,36103876.666666664,,,11,1.1742587355671106,Incomplete: untraded zero-use real reserves not independently certified,88988779.78205128,1974,11,draft-1975.json,"Published payroll AVG references Dump; preserve original source row range, not assumed all162 games",16,Pittsburg Tanagers,1643142,10,5,107,
3.6667951875746714,1.0,0.7373180382790256,1.0,-21.299646078107084,84170696.0,111.06813162157658,77,1.3201172198327358,1.0,Score reconstructed using source expected wins and WIS final wins,1674.0,1674.0,1674.0,6322.0,6322.0,6322.0,22214.69414575866,98.25583278133534,6885.294368870611,106.14101617298067,1975,97.83945835417659,1,quake,43528831.0,20,25,epup1975,1.1106813162157658,,37187398.0,,,19,1.1106813162157658,Incomplete: untraded zero-use real reserves not independently certified,84170696.0,1974,19,draft-1975.json,"Published payroll AVG references Dump; preserve original source row range, not assumed all162 games",17,San Diego Quake,1642832,0,0,77,
3.7249419684351914,1.0,0.7093714007357196,1.0,-3.754032446167212,64945963.55128205,85.69997838682372,63,1.3284506746138347,1.0,Score reconstructed using source expected wins and WIS final wins,1489.0,1768.0,1210.0,6048.5,6350.5,5746.5,21422.135661517797,94.75033802250398,5826.209170317709,89.8145712650621,1975,65.45728782326648,0,montreal,35239826.166666664,20,28,jmarino2,0.8569997838682373,,31897560.0,,,12,0.8569997838682373,Incomplete: untraded zero-use real reserves not independently certified,64945963.55128205,1974,12,draft-1975.json,"Published payroll AVG references Dump; preserve original source row range, not assumed all162 games",18,San Fransisco Golden Seals,1642646,6,4,63,
3.4933033613607187,1.0,0.708393251264768,1.0,-15.42192470946418,74732842.6025641,98.61433483496626,66,1.3033206732991014,1.0,Score reconstructed using source expected wins and WIS final wins,1558.0,1558.0,1558.0,6829.925925925926,6829.925925925926,6829.925925925926,22528.989088575097,99.64596271707823,5787.971040663457,89.22510715203795,1975,78.03440758527798,0,socal-newark,39531413.469135806,20,26,crustydoc,0.9861433483496626,,35100165.0,,,17,0.9861433483496626,Incomplete: untraded zero-use real reserves not independently certified,74732842.6025641,1974,17,draft-1975.json,"Published payroll AVG references Dump; preserve original source row range, not assumed all162 games",19,SoCal Soace Cadets '74,1643144,2,0,66,
3.811323228390724,1.0,0.725139016939611,1.0,17.51909232962482,65324060.0,86.19889865394205,77,1.3654882115249474,1.0,Score reconstructed using source expected wins and WIS final wins,1423.0,1423.0,1423.0,5862.0,5862.0,5862.0,20839.177793394236,92.17190905863511,6084.938587512795,93.80304318560745,1975,65.52126847952981,2,st-louis,35669910.0,20,26,kermit,0.8619889865394206,,29654150.0,,,4,0.8619889865394206,Incomplete: untraded zero-use real reserves not independently certified,65324060.0,1974,4,draft-1975.json,"Published payroll AVG references Dump; preserve original source row range, not assumed all162 games",20,St. Louis Perfectos '74,1642989,0,0,77,
3.354674898063573,1.0,0.764996633149693,1.0,2.6558061757206035,77922897.39102565,102.82379777115118,88,1.2431126651443185,1.0,Score reconstructed using source expected wins and WIS final wins,1368.5,1742.0,995.0,6353.0,6353.0,6353.0,23838.46108878334,105.43777155496254,6737.317645206989,103.85986463781668,1975,85.72335387378519,1,texas,42802179.0,20,28,frazzman80,1.0282379777115118,,32622934.0,,,9,1.0282379777115118,Incomplete: untraded zero-use real reserves not independently certified,77922897.39102565,1974,9,draft-1975.json,"Published payroll AVG references Dump; preserve original source row range, not assumed all162 games",21,Texas Rangers,1642604,6,6,88,
