comparison,tolerance,year,top_tid,top_team,bottom_tid,bottom_team,top_TeamSal,bottom_TeamSal,TeamSal_difference,TeamSal_relative_difference,top_dollars_per_card_IP,bottom_dollars_per_card_IP,dollars_per_card_IP_difference,dollars_per_card_IP_relative_difference,top_dollars_per_card_PA,bottom_dollars_per_card_PA,dollars_per_card_PA_difference,dollars_per_card_PA_relative_difference,top_pitcher_salary_w,bottom_pitcher_salary_w,pitcher_salary_w_difference,pitcher_salary_w_relative_difference,top_hitter_salary_w,bottom_hitter_salary_w,hitter_salary_w_difference,hitter_salary_w_relative_difference,top_card_IP,bottom_card_IP,card_IP_difference,card_IP_relative_difference,top_card_PA,bottom_card_PA,card_PA_difference,card_PA_relative_difference,top_W,bottom_W,W_difference,top_Score,bottom_Score,Score_difference,top_ERC_Norm,bottom_ERC_Norm,ERC_Norm_difference,top_OPS_Norm,bottom_OPS_Norm,OPS_Norm_difference
Top 5 vs Bottom 5,0.01,1975,1653686,St. Louis Perfectos '75,1653621,1975 Baltimore Orioles,68155384.0,67546774.29936306,608609.7006369382,0.00901019637058642,21784.4620376379,20125.538999890778,1658.9230377471213,0.08242875074084344,6169.377095968605,6125.1914840945665,44.18561187403884,0.007213751927393153,33569856.0,30709212.111111112,2860643.888888888,0.09315263050509381,34585528.0,36655868.14814815,-2070340.1481481493,-0.05648045600176965,1541.0,1525.882716049383,15.117283950617093,0.009907238473581215,5606.0,5984.444444444444,-378.44444444444434,-0.06323802450798366,80,54,26,15.327870619460436,-19.06151747345671,34.389388092917144,3.761285419857236,4.005065152245413,-0.24377973238817674,0.7180739493756688,0.6647394981878946,0.053334451187774246
Top 5 vs Bottom 5,0.01,1976,1664563,Cincinnati Mudcats,1664756,San Francisco Quake,78564659.0,78354514.0,210145.0,0.002681976943919251,25632.29831387808,21586.365805168985,4045.9325087090947,0.18742999841781027,6322.822880080281,6839.063041529728,-516.2401614494474,-0.07548404778763051,39525004.0,32573826.0,6951178.0,0.2133976524587562,37804158.0,45780688.0,-7976530.0,-0.1742335108637948,1542.0,1509.0,33.0,0.021868787276341894,5979.0,6694.0,-715.0,-0.10681207051090524,103,75,28,20.92628570461381,-11.864120189588478,32.79040589420229,2.9941869202334637,3.54536308880053,-0.5511761685670664,0.7715401278809164,0.726230804735584,0.045309323145332425
Top 5 vs Bottom 5,0.01,1977,1676510,Kansas City Monarchs,1676156,Montreal Cobblestones,66917473.0,66969341.61728395,-51868.617283947766,-0.0007745128745683116,20823.29007633588,18253.087363164657,2570.202713171224,0.1408092046038183,6025.32027424094,6495.889311714097,-470.56903747315664,-0.07244104923779648,30006361.0,27708186.61728395,2298174.3827160485,0.08294207103695772,36911112.0,39261155.0,-2350043.0,-0.05985669550475525,1441.0,1518.0,-77.0,-0.050724637681159424,6126.0,6044.0,82.0,0.013567174056915876,84,59,25,15.999210665169228,-15.66251115584696,31.661721821016187,3.827633673837613,4.365146188991362,-0.5375125151537494,0.7135033164707801,0.7226728526472534,-0.009169536176473314
Top 5 vs Bottom 5,0.01,1978,1687230,Chicago Cornhuskers,1688604,Cleveland Indians,74433652.25925925,74044515.59876543,389136.6604938209,0.00525544204519468,20831.84421460892,19892.511491181187,939.3327234277313,0.04722041879147132,6400.693926158757,5989.919252995308,410.7746731634488,0.06857766454164427,32226863.0,37218889.0,-4992026.0,-0.13412614223922692,38916930.25925926,37461200.38876544,1455729.8704938218,0.03885966961513576,1547.0,1871.0,-324.0,-0.17316942811330838,6080.111111111111,6254.040965582743,-173.9298544716321,-0.027810795520656684,95,69,26,12.909999999999975,-22.210000000000008,35.11999999999998,3.8490220361990946,4.047553535542491,-0.19853149934339642,0.7577062781333188,0.6913451224327137,0.06636115570060508
Top 5 vs Bottom 5,0.01,1978,1687404,Milwaukee Brewers,1687233,Baltimore Orioles 1978,64556357.0,64300919.0,255438.0,0.003972540423566873,19944.71348707198,19354.550299800132,590.1631872718463,0.030492219045664903,6175.657277787148,5929.497022825009,246.16025496213933,0.04151452543353518,28540885.0,29051180.0,-510295.0,-0.017565379444139606,36615472.0,35849739.0,765733.0,0.02135951394234703,1431.0,1501.0,-70.0,-0.046635576282478386,5929.0,6046.0,-117.0,-0.019351637446245462,79,55,24,10.399999999999988,-19.310000000000016,29.710000000000004,4.0879533193570925,4.09057817721519,-0.002624857858097407,0.7306030093776352,0.7060126593450214,0.024590350032613784
Top 5 vs Bottom 5,0.01,1980,1711455,Cleveland Indians,1711809,Oakland Bagchuckers,60498227.74074074,60364561.197530866,133666.54320987314,0.0022143214587857507,20133.70065075922,19132.92795693155,1000.7726938276683,0.052306301266613175,5864.864400150232,6094.989753943946,-230.12535379371457,-0.03775647918764835,27844908.0,26413361.35802469,1431546.6419753097,0.054197821419665226,32580480.234567903,33951199.83950617,-1370719.6049382687,-0.040373230148505024,1383.0,1380.5185185185185,2.4814814814815236,0.0017974995975746921,5555.197530864198,5570.345679012345,-15.148148148146902,-0.0027194269478142408,65,56,9,10.060000000000002,-14.610000000000012,24.670000000000016,4.179252171366595,4.134033296641091,0.04521887472550379,0.6958154089828011,0.6886673048976282,0.007148104085172968
Top 5 vs Bottom 5,0.01,1981,1721888,New York  Times,1722113,San Francisco Quake,77940187.0,77309839.0,630348.0,0.00815352881539444,22848.362573099417,22108.57571397078,739.7868591286388,0.03346153405355534,7629.29024350384,6423.04055054018,1206.24969296366,0.18780041686989102,31256560.0,34047888.96296296,-2791328.9629629627,-0.08198243850005937,46683627.0,43400485.0,3283142.0,0.07564758780921466,1368.0,1540.030864197531,-172.03086419753095,-0.11170611459606794,6119.0,6757.0,-638.0,-0.09442060085836912,110,77,33,19.260000000000012,-14.92000000000001,34.18000000000002,3.327817435672515,3.658150784784656,-0.33033334911214096,0.7573380710737047,0.7291081145182774,0.02822995655542726
Top 5 vs Bottom 5,0.01,1982,1733438,Cincinnati Skyline,1733461,Montreal ISLANDS,64196649.0,64530446.40740741,-333797.40740741044,-0.005172711890136461,20640.069071373753,19117.328638497653,1522.7404328761004,0.07965236470380455,6774.9071921540135,6036.597703866109,738.3094882879041,0.12230556424441819,26894010.0,28503937.0,-1609927.0,-0.056480864380243356,37302639.0,35946262.493827164,1356376.5061728358,0.03773345021351693,1303.0,1491.0,-188.0,-0.12608987256874582,5506.0,5954.722222222223,-448.7222222222226,-0.07535569342725201,88,60,28,29.61765440350048,-11.91773751993609,41.53539192343657,3.825508292402149,4.219191356136821,-0.393683063734672,0.729078256629132,0.6701783634790315,0.05889989315010047
Top 5 vs Bottom 5,0.01,1982,1733467,St. Louis Perfectos '82,1733526,Kansas City Monarchs,76245184.0,75943554.44444445,301629.55555555224,0.003971759786094875,22462.255163224516,21637.243993593165,825.0111696313506,0.03812921691300608,7239.036425531915,5767.819202237842,1471.217223294073,0.25507339458963263,33715845.0,40526558.0,-6810713.0,-0.16805555014072504,42529339.0,36198192.44444445,6331146.555555552,0.17490228456220147,1501.0,1873.0,-372.0,-0.198611852642819,5875.0,6275.88888888889,-400.8888888888896,-0.06387762689658849,99,67,32,12.64941463228677,-25.599112263519107,38.24852689580588,3.6603801105929383,3.54515141324079,0.11522869735214814,0.7644164623489361,0.6953993140360816,0.06901714831285455
Top 5 vs Bottom 5,0.01,1982,1733480,Milwaukee Brewers,1733488,Minnesota Twins,67529038.0,67491292.0,37746.0,0.0005592721502500897,21675.06596491228,20790.388383484955,884.6775814273242,0.04255223929005947,6780.677444355031,6487.264251373626,293.4131929814048,0.04522911070244695,30886969.0,29709465.0,1177504.0,0.03963396850128409,36616997.5925926,37781827.0,-1164829.407407403,-0.030830415040739134,1425.0,1429.0,-4.0,-0.002799160251924393,5400.197530864198,5824.0,-423.8024691358023,-0.07276828110161437,86,43,43,17.548518746846486,-42.65340198345352,60.2019207303,3.7720938652631575,3.877195480755773,-0.10510161549261543,0.7392673447800263,0.741889257967033,-0.0026219131870066636
Top 5 vs Bottom 5,0.01,1982,1733592,New York Eagles,1733659,New York Nutcrackers,70351755.0,69703149.62962963,648605.3703703731,0.009305251969484285,25859.41472868217,18894.355212633196,6965.059516048976,0.36863176528998354,6183.036937990974,6243.341700030797,-60.30476203982289,-0.009659051984856948,33358645.0,29158888.62962963,4199756.370370369,0.1440300562794019,36993110.0,40544261.0,-3551151.0,-0.08758702002238983,1290.0,1543.2592592592594,-253.25925925925935,-0.1641067485840454,5983.0,6494.0,-511.0,-0.07868801971050199,104,53,51,30.09417401960244,-30.661464569709207,60.755638589311644,2.976197515503876,4.2941038635163675,-1.3179063480124915,0.7300703722212936,0.6835758908684938,0.046494481352799766
Top 5 vs Bottom 5,0.01,1983,1744955,Cincinnati Skyline,1745013,New York Nutcrackers,66940133.654320985,66639240.654320985,300893.0,0.00451525253057472,22947.97798972854,20320.05060240964,2627.9273873189013,0.12932681314323458,6500.274083458957,5996.688942880653,503.58514057830416,0.08397719898014167,31278094.0,33731284.0,-2453190.0,-0.0727274419793803,36884865.67,34730335.93,2154529.740000002,0.06203596027238323,1363.0,1660.0,-297.0,-0.17891566265060244,5674.355449697076,5791.585366660098,-117.22991696302142,-0.020241420878964966,87,64,23,15.721883466352503,-14.006784761171064,29.728668227523567,3.35359433382245,4.074254860843373,-0.7206605270209234,0.7313414643600462,0.7218232816866641,0.009518182673382114
Top 5 vs Bottom 5,0.01,1984,1758224,Detroit Supremes 84,1758223,Houston Hounds,75805624.0,76454917.0,-649293.0,-0.008492494995449462,22618.926171391988,22634.88045540797,-15.954284015981102,-0.0007048539110869889,7091.079798931825,6522.721892542101,568.3579063897241,0.08713508191106056,30224123.43,35785746.0,-5561622.57,-0.15541446502191125,45141814.0,40669171.0,4472643.0,0.10997625203621686,1336.2315788548322,1581.0,-244.76842114516785,-0.1548187357021934,6366.0,6235.0,131.0,0.021010425020048018,105,78,27,13.600326782401815,-16.95345145118776,30.553778233589576,3.5228886336630967,3.518963831752056,0.003924801911040721,0.7620579889098332,0.7454449903448276,0.016612998565005643
Top 5 vs Bottom 5,0.01,1984,1758311,Minnesota Upper Midwestern Dialects,1758205,Baltimore Firebirds of '84,60753927.0,60979032.0,-225105.0,-0.0036915148144693877,20791.56179775281,19658.28223495702,1133.2795627957894,0.057648961859981585,5363.652795838751,5585.105012744265,-221.45221690551352,-0.03965050189749286,27756735.0,27442962.0,313773.0,0.011433641893320301,32997192.0,32868343.0,128849.0,0.003920155025764371,1335.0,1396.0,-61.0,-0.043696275071633206,6152.0,5885.0,267.0,0.045369583687340675,81,51,30,23.25329624518975,-22.446074868616815,45.69937111380656,3.7781099385767782,4.114251468481376,-0.33614152990459756,0.6866204706762029,0.7106748773661853,-0.024054406689982377
Top 5 vs Bottom 5,0.01,1985,1772983,New York Nutrackers,1773022,Cleveland Wahoos,64154151.0,63810430.63975155,343720.36024844646,0.0053865858105386355,21256.605654761905,20649.854558107167,606.7510966547379,0.02938282664158165,6060.726573187415,5958.659556959873,102.0670162275419,0.01712919076041608,28568878.0,29673841.0,-1104963.0,-0.037236938756934124,35443129.0,34596713.02469136,846415.9753086418,0.024465213637623995,1344.0,1437.0,-93.0,-0.06471816283924847,5848.0,5806.123456790123,41.87654320987713,0.00721247894942767,85,52,33,24.395722231675563,-23.446532046064338,47.8422542777399,3.8308210438988106,3.795399671537927,0.03542137236088383,0.7432380889021888,0.7032617865159391,0.03997630238624972
Top 5 vs Bottom 5,0.01,1989,1815839,Newark Ironbound Bears,1815864,Houston flyBALLERS,67461077.0,67765075.0,-303998.0,-0.004486057161450785,24176.272314674738,20568.614122681884,3607.658191992854,0.17539626979605472,5523.208197989173,6353.497307001795,-830.2891090126222,-0.1306822162492478,31961032.0,28837197.0,3123835.0,0.10832658250384042,35707541.0,38927878.0,-3220337.0,-0.08272572679147838,1322.0,1402.0,-80.0,-0.05706134094151216,6465.0,6127.0,338.0,0.05516566019259028,86,62,24,8.588022704589271,-16.197146809721417,24.785169514310688,3.3728519084720125,3.9204767788873047,-0.5476248704152922,0.686616693549884,0.7371686963603721,-0.050552002810488106
Top 5 vs Bottom 5,0.01,1989,1815959,Minnesota Upper Midwestern Dialects,1816205,Kansas City Monarchs 1989,63356384.0,63003255.018518515,353128.98148148507,0.0056049323384592675,21767.10336906585,18622.185936443544,3144.9174326223074,0.1688801434673528,5759.444372244961,6408.89404584668,-649.4496736017181,-0.10133568583843222,28427837.0,27542213.0,885624.0,0.032155150350482,33432437.52,35580795.10493827,-2148357.584938269,-0.060379695805057976,1306.0,1479.0,-173.0,-0.11697092630155514,5804.802574552594,5551.783950617284,253.01862393530973,0.04557429218894171,83,50,33,15.342271279811758,-29.87176277623531,45.21403405604707,3.596373045941807,4.315295381338744,-0.7189223353969365,0.6751493560980663,0.6891376805529087,-0.013988324454842438
Top 5 vs Bottom 5,0.025,1975,1653498,Oakland Bagchuckers,1653741,New York Nutcrackers,65922072.84615385,67381207.41025642,-1459134.5641025677,-0.021654918636564324,21968.27516389163,19683.971744624432,2284.3034192671985,0.11604890765457565,6565.918112467567,5314.252961331037,1251.6651511365299,0.23552984026997303,28049419.185185187,29327902.83950617,-1278483.654320985,-0.0435927403782449,40676105.88888889,38028925.4074074,2647180.481481485,0.0696096577308456,1276.8148148148148,1489.9382716049383,-213.12345679012356,-0.14304180304097447,6195.0370370370365,7156.024691358025,-960.9876543209884,-0.13429071247916813,78,37,41,20.321359545865224,-45.86881978612949,66.19017933199471,3.579610342054882,4.066936270862161,-0.4873259288072793,0.7307142529258785,0.6865697558210468,0.044144497104831704
Top 5 vs Bottom 5,0.025,1975,1653686,St. Louis Perfectos '75,1653621,1975 Baltimore Orioles,68155384.0,67546774.29936306,608609.7006369382,0.00901019637058642,21784.4620376379,20125.538999890778,1658.9230377471213,0.08242875074084344,6169.377095968605,6125.1914840945665,44.18561187403884,0.007213751927393153,33569856.0,30709212.111111112,2860643.888888888,0.09315263050509381,34585528.0,36655868.14814815,-2070340.1481481493,-0.05648045600176965,1541.0,1525.882716049383,15.117283950617093,0.009907238473581215,5606.0,5984.444444444444,-378.44444444444434,-0.06323802450798366,80,54,26,15.327870619460436,-19.06151747345671,34.389388092917144,3.761285419857236,4.005065152245413,-0.24377973238817674,0.7180739493756688,0.6647394981878946,0.053334451187774246
Top 5 vs Bottom 5,0.025,1975,1653891,New York Eagles,1653463,SoCal Space Cadets ‘75,71577877.0,72709868.98717949,-1131991.987179488,-0.01556861541559218,27024.864069952306,20428.12700037216,6596.737069580147,0.32292422449987557,6730.0497851002865,6198.018343757857,532.0314413424294,0.08583895881467485,33997279.0,35238266.87654321,-1240987.876543209,-0.03521705198757341,37580598.0,38952326.24691358,-1371728.246913582,-0.03521556679871651,1258.0,1724.9876543209878,-466.98765432098776,-0.2707194182817555,5584.0,6284.641975308643,-700.6419753086429,-0.11148478752828783,84,66,18,15.023631012063788,-9.705483228931367,24.729114240995155,2.8401973060413357,3.95414447725516,-1.1139471712138245,0.7292209710243553,0.7079634134981221,0.02125755752623326
Top 5 vs Bottom 5,0.025,1976,1664563,Cincinnati Mudcats,1664756,San Francisco Quake,78564659.0,78354514.0,210145.0,0.002681976943919251,25632.29831387808,21586.365805168985,4045.9325087090947,0.18742999841781027,6322.822880080281,6839.063041529728,-516.2401614494474,-0.07548404778763051,39525004.0,32573826.0,6951178.0,0.2133976524587562,37804158.0,45780688.0,-7976530.0,-0.1742335108637948,1542.0,1509.0,33.0,0.021868787276341894,5979.0,6694.0,-715.0,-0.10681207051090524,103,75,28,20.92628570461381,-11.864120189588478,32.79040589420229,2.9941869202334637,3.54536308880053,-0.5511761685670664,0.7715401278809164,0.726230804735584,0.045309323145332425
Top 5 vs Bottom 5,0.025,1977,1676510,Kansas City Monarchs,1676156,Montreal Cobblestones,66917473.0,66969341.61728395,-51868.617283947766,-0.0007745128745683116,20823.29007633588,18253.087363164657,2570.202713171224,0.1408092046038183,6025.32027424094,6495.889311714097,-470.56903747315664,-0.07244104923779648,30006361.0,27708186.61728395,2298174.3827160485,0.08294207103695772,36911112.0,39261155.0,-2350043.0,-0.05985669550475525,1441.0,1518.0,-77.0,-0.050724637681159424,6126.0,6044.0,82.0,0.013567174056915876,84,59,25,15.999210665169228,-15.66251115584696,31.661721821016187,3.827633673837613,4.365146188991362,-0.5375125151537494,0.7135033164707801,0.7226728526472534,-0.009169536176473314
Top 5 vs Bottom 5,0.025,1978,1687230,Chicago Cornhuskers,1688604,Cleveland Indians,74433652.25925925,74044515.59876543,389136.6604938209,0.00525544204519468,20831.84421460892,19892.511491181187,939.3327234277313,0.04722041879147132,6400.693926158757,5989.919252995308,410.7746731634488,0.06857766454164427,32226863.0,37218889.0,-4992026.0,-0.13412614223922692,38916930.25925926,37461200.38876544,1455729.8704938218,0.03885966961513576,1547.0,1871.0,-324.0,-0.17316942811330838,6080.111111111111,6254.040965582743,-173.9298544716321,-0.027810795520656684,95,69,26,12.909999999999975,-22.210000000000008,35.11999999999998,3.8490220361990946,4.047553535542491,-0.19853149934339642,0.7577062781333188,0.6913451224327137,0.06636115570060508
Top 5 vs Bottom 5,0.025,1978,1687245,New York Times,1687267,Toronto Blue Jays,72704372.0,73762306.96296297,-1057934.9629629701,-0.014342487464419684,23337.75806451613,20025.29114733872,3312.4669171774076,0.1654141701514098,7074.548244870273,6048.2182567287,1026.3299881415733,0.16969129495281887,30385761.0,32460626.111111112,-2074865.111111112,-0.06391944209606282,41718611.0,41701680.85185185,16930.148148149252,0.0004059823921316319,1302.0,1620.9814814814815,-318.9814814814815,-0.19678292758159777,5897.0,6894.87037037037,-997.8703703703704,-0.14472648748532857,113,75,38,30.86000000000011,-8.85000000000008,39.71000000000019,3.4494505061443927,4.017552154787337,-0.5681016486429442,0.7406562149567577,0.7140516290516569,0.02660458590510084
Top 5 vs Bottom 5,0.025,1978,1687404,Milwaukee Brewers,1687233,Baltimore Orioles 1978,64556357.0,64300919.0,255438.0,0.003972540423566873,19944.71348707198,19354.550299800132,590.1631872718463,0.030492219045664903,6175.657277787148,5929.497022825009,246.16025496213933,0.04151452543353518,28540885.0,29051180.0,-510295.0,-0.017565379444139606,36615472.0,35849739.0,765733.0,0.02135951394234703,1431.0,1501.0,-70.0,-0.046635576282478386,5929.0,6046.0,-117.0,-0.019351637446245462,79,55,24,10.399999999999988,-19.310000000000016,29.710000000000004,4.0879533193570925,4.09057817721519,-0.002624857858097407,0.7306030093776352,0.7060126593450214,0.024590350032613784
Top 5 vs Bottom 5,0.025,1979,1700487,Minnetonka Moon Dawgs,1700406,Philly CRYPTKEEPERS,72865418.6111111,74689918.0,-1824499.3888888955,-0.024427652857898385,20069.112679977723,19313.608163265308,755.5045167124154,0.03911773037569399,7441.216265560166,6602.811466058186,838.40479950198,0.12697694062776255,28032090.61111111,28391004.0,-358913.3888888918,-0.012641799807040721,44833328.0,46298914.0,-1465586.0,-0.03165486775780524,1396.7777777777778,1470.0,-73.22222222222217,-0.04981103552532118,6025.0,7012.0,-987.0,-0.1407586993725043,94,66,28,13.66851816098722,-24.284206548018982,37.952724709006205,3.934101564473788,4.275615219047619,-0.34151365457383154,0.8110892009460581,0.7307214286081004,0.08036777233795767
Top 5 vs Bottom 5,0.025,1980,1711417,Detroit Supremes 80,1712036,Kansas City Monarchs,63835994.0,64714363.0,-878369.0,-0.013573014695362096,18414.52945351313,20700.835365853654,-2286.3059123405255,-0.11044510387787643,6417.669715447155,5388.851553872851,1028.8181615743042,0.190916033089632,25946072.0,30554433.0,-4608361.0,-0.15082462829534427,37889922.0,34159930.0,3729992.0,0.10919202703284236,1409.0,1476.0,-67.0,-0.04539295392953935,5904.0,6339.0,-435.0,-0.06862281116895408,93,64,29,31.189999999999984,-13.349999999999984,44.539999999999964,4.212515115684883,3.64765772899729,0.564857386687593,0.7592158705284552,0.6765334397223537,0.08268243080610149
Top 5 vs Bottom 5,0.025,1980,1711450,Milwaukee Brewers,1711505,Philly CRYPTKEEPERS,72380877.0,71262342.72839506,1118534.2716049403,0.01569600757959999,23429.78680879414,19973.13457904501,3456.6522297491283,0.1730650848052515,6520.547923602593,6275.00635436678,245.54156923581286,0.03913009093049613,35168110.0,28642584.604938272,6525525.395061728,0.22782599702740036,37212767.0,42462968.0,-5250201.0,-0.123641875433672,1501.0,1434.0555555555557,66.94444444444434,0.046681904466741475,5707.0,6767.0,-1060.0,-0.15664252992463423,89,72,17,15.250000000000009,-14.510000000000034,29.76000000000004,3.463469223184543,4.00837812369736,-0.5449089005128172,0.7516089349220257,0.6877004142603812,0.06390852066164454
Top 5 vs Bottom 5,0.025,1980,1711455,Cleveland Indians,1711809,Oakland Bagchuckers,60498227.74074074,60364561.197530866,133666.54320987314,0.0022143214587857507,20133.70065075922,19132.92795693155,1000.7726938276683,0.052306301266613175,5864.864400150232,6094.989753943946,-230.12535379371457,-0.03775647918764835,27844908.0,26413361.35802469,1431546.6419753097,0.054197821419665226,32580480.234567903,33951199.83950617,-1370719.6049382687,-0.040373230148505024,1383.0,1380.5185185185185,2.4814814814815236,0.0017974995975746921,5555.197530864198,5570.345679012345,-15.148148148146902,-0.0027194269478142408,65,56,9,10.060000000000002,-14.610000000000012,24.670000000000016,4.179252171366595,4.134033296641091,0.04521887472550379,0.6958154089828011,0.6886673048976282,0.007148104085172968
Top 5 vs Bottom 5,0.025,1981,1721881,Chicago Thunderbears,1722194,Newark Bears,75249146.0,74420257.0,828889.0,0.011137948636753547,23326.939820270443,22636.937578027464,690.0022422429793,0.030481253918053453,5908.779433878862,5948.5781889634845,-39.798755084622826,-0.006690465153246561,33969496.12962963,36264374.0,-2294877.870370373,-0.06328188294027559,34903123.64197531,36327967.0,-1424843.3580246866,-0.03922166517120784,1456.2345679012344,1602.0,-145.7654320987656,-0.09098965798924197,5906.993827160494,6107.0,-200.00617283950578,-0.032750314858278284,85,73,12,18.350000000000065,-13.559999999999995,31.91000000000006,3.427438845140096,3.775321945068664,-0.34788309992856803,0.7172812593116759,0.699586764892746,0.017694494418929896
Top 5 vs Bottom 5,0.025,1981,1721888,New York  Times,1722113,San Francisco Quake,77940187.0,77309839.0,630348.0,0.00815352881539444,22848.362573099417,22108.57571397078,739.7868591286388,0.03346153405355534,7629.29024350384,6423.04055054018,1206.24969296366,0.18780041686989102,31256560.0,34047888.96296296,-2791328.9629629627,-0.08198243850005937,46683627.0,43400485.0,3283142.0,0.07564758780921466,1368.0,1540.030864197531,-172.03086419753095,-0.11170611459606794,6119.0,6757.0,-638.0,-0.09442060085836912,110,77,33,19.260000000000012,-14.92000000000001,34.18000000000002,3.327817435672515,3.658150784784656,-0.33033334911214096,0.7573380710737047,0.7291081145182774,0.02822995655542726
Top 5 vs Bottom 5,0.025,1981,1722367,Detroit supremes,1722309,New York Nutcrackers,68415150.0,69117767.0,-702617.0,-0.010165504912796108,20589.79111111111,19203.285084959098,1386.506026152012,0.07220150198353248,6570.5163377547715,6277.032032520326,293.48430523444586,0.046755266456177,27796218.0,30514020.0,-2717802.0,-0.0890673205300383,40618932.0,38603747.0,2015185.0,0.05220179792391666,1350.0,1589.0,-239.0,-0.1504090623033354,6182.0,6150.0,32.0,0.005203252032520256,83,67,16,12.800000000000011,-12.990000000000013,25.790000000000024,3.877167934814815,4.198301603524229,-0.32113366870941373,0.7163026846004529,0.697725836195122,0.018576848405330915
Top 5 vs Bottom 5,0.025,1982,1733438,Cincinnati Skyline,1733461,Montreal ISLANDS,64196649.0,64530446.40740741,-333797.40740741044,-0.005172711890136461,20640.069071373753,19117.328638497653,1522.7404328761004,0.07965236470380455,6774.9071921540135,6036.597703866109,738.3094882879041,0.12230556424441819,26894010.0,28503937.0,-1609927.0,-0.056480864380243356,37302639.0,35946262.493827164,1356376.5061728358,0.03773345021351693,1303.0,1491.0,-188.0,-0.12608987256874582,5506.0,5954.722222222223,-448.7222222222226,-0.07535569342725201,88,60,28,29.61765440350048,-11.91773751993609,41.53539192343657,3.825508292402149,4.219191356136821,-0.393683063734672,0.729078256629132,0.6701783634790315,0.05889989315010047
Top 5 vs Bottom 5,0.025,1982,1733467,St. Louis Perfectos '82,1733526,Kansas City Monarchs,76245184.0,75943554.44444445,301629.55555555224,0.003971759786094875,22462.255163224516,21637.243993593165,825.0111696313506,0.03812921691300608,7239.036425531915,5767.819202237842,1471.217223294073,0.25507339458963263,33715845.0,40526558.0,-6810713.0,-0.16805555014072504,42529339.0,36198192.44444445,6331146.555555552,0.17490228456220147,1501.0,1873.0,-372.0,-0.198611852642819,5875.0,6275.88888888889,-400.8888888888896,-0.06387762689658849,99,67,32,12.64941463228677,-25.599112263519107,38.24852689580588,3.6603801105929383,3.54515141324079,0.11522869735214814,0.7644164623489361,0.6953993140360816,0.06901714831285455
Top 5 vs Bottom 5,0.025,1982,1733480,Milwaukee Brewers,1733488,Minnesota Twins,67529038.0,67491292.0,37746.0,0.0005592721502500897,21675.06596491228,20790.388383484955,884.6775814273242,0.04255223929005947,6780.677444355031,6487.264251373626,293.4131929814048,0.04522911070244695,30886969.0,29709465.0,1177504.0,0.03963396850128409,36616997.5925926,37781827.0,-1164829.407407403,-0.030830415040739134,1425.0,1429.0,-4.0,-0.002799160251924393,5400.197530864198,5824.0,-423.8024691358023,-0.07276828110161437,86,43,43,17.548518746846486,-42.65340198345352,60.2019207303,3.7720938652631575,3.877195480755773,-0.10510161549261543,0.7392673447800263,0.741889257967033,-0.0026219131870066636
Top 5 vs Bottom 5,0.025,1982,1733592,New York Eagles,1733659,New York Nutcrackers,70351755.0,69703149.62962963,648605.3703703731,0.009305251969484285,25859.41472868217,18894.355212633196,6965.059516048976,0.36863176528998354,6183.036937990974,6243.341700030797,-60.30476203982289,-0.009659051984856948,33358645.0,29158888.62962963,4199756.370370369,0.1440300562794019,36993110.0,40544261.0,-3551151.0,-0.08758702002238983,1290.0,1543.2592592592594,-253.25925925925935,-0.1641067485840454,5983.0,6494.0,-511.0,-0.07868801971050199,104,53,51,30.09417401960244,-30.661464569709207,60.755638589311644,2.976197515503876,4.2941038635163675,-1.3179063480124915,0.7300703722212936,0.6835758908684938,0.046494481352799766
Top 5 vs Bottom 5,0.025,1983,1744955,Cincinnati Skyline,1745013,New York Nutcrackers,66940133.654320985,66639240.654320985,300893.0,0.00451525253057472,22947.97798972854,20320.05060240964,2627.9273873189013,0.12932681314323458,6500.274083458957,5996.688942880653,503.58514057830416,0.08397719898014167,31278094.0,33731284.0,-2453190.0,-0.0727274419793803,36884865.67,34730335.93,2154529.740000002,0.06203596027238323,1363.0,1660.0,-297.0,-0.17891566265060244,5674.355449697076,5791.585366660098,-117.22991696302142,-0.020241420878964966,87,64,23,15.721883466352503,-14.006784761171064,29.728668227523567,3.35359433382245,4.074254860843373,-0.7206605270209234,0.7313414643600462,0.7218232816866641,0.009518182673382114
Top 5 vs Bottom 5,0.025,1983,1745123,Newark Ironborn Bears,1744838,Kansas City Monarchs,69734830.41975309,71156132.65432099,-1421302.2345678955,-0.01997441656185328,21261.67470760234,22748.801078894132,-1487.1263712917935,-0.06537163721878592,6802.6968484242125,5677.080227324418,1125.6166210997944,0.19827386191973773,29085971.0,33736472.0,-4650501.0,-0.1378478757351984,40795773.0,34122911.33,6672861.670000002,0.19555370306675424,1368.0,1483.0,-115.0,-0.07754551584625757,5997.0,6010.644550302924,-13.644550302923562,-0.0022700644146784743,99,66,33,21.726583601819872,-21.39216739240985,43.11875099422972,3.679498403508772,3.44555407552259,0.23394432798618192,0.733039244155411,0.6769869955650688,0.05605224859034219
Top 5 vs Bottom 5,0.025,1984,1758224,Detroit Supremes 84,1758223,Houston Hounds,75805624.0,76454917.0,-649293.0,-0.008492494995449462,22618.926171391988,22634.88045540797,-15.954284015981102,-0.0007048539110869889,7091.079798931825,6522.721892542101,568.3579063897241,0.08713508191106056,30224123.43,35785746.0,-5561622.57,-0.15541446502191125,45141814.0,40669171.0,4472643.0,0.10997625203621686,1336.2315788548322,1581.0,-244.76842114516785,-0.1548187357021934,6366.0,6235.0,131.0,0.021010425020048018,105,78,27,13.600326782401815,-16.95345145118776,30.553778233589576,3.5228886336630967,3.518963831752056,0.003924801911040721,0.7620579889098332,0.7454449903448276,0.016612998565005643
Top 5 vs Bottom 5,0.025,1984,1758311,Minnesota Upper Midwestern Dialects,1758205,Baltimore Firebirds of '84,60753927.0,60979032.0,-225105.0,-0.0036915148144693877,20791.56179775281,19658.28223495702,1133.2795627957894,0.057648961859981585,5363.652795838751,5585.105012744265,-221.45221690551352,-0.03965050189749286,27756735.0,27442962.0,313773.0,0.011433641893320301,32997192.0,32868343.0,128849.0,0.003920155025764371,1335.0,1396.0,-61.0,-0.043696275071633206,6152.0,5885.0,267.0,0.045369583687340675,81,51,30,23.25329624518975,-22.446074868616815,45.69937111380656,3.7781099385767782,4.114251468481376,-0.33614152990459756,0.6866204706762029,0.7106748773661853,-0.024054406689982377
Top 5 vs Bottom 5,0.025,1985,1772969,Newark Ironbound Bears,1773410,Toronto ModernDayWarriors,66831275.82608695,65334705.70186336,1496570.12422359,0.02290620441534963,24373.709727626458,21043.256075722693,3330.4536519037647,0.15826703053554825,5724.8805361417335,6822.808958277979,-1097.928422136246,-0.16092029380423312,31320217.0,27419362.666666664,3900854.333333336,0.14226641154119712,34944494.09876543,38200444.08024692,-3255949.981481485,-0.08523330186009814,1285.0,1302.9999999999998,-17.999999999999773,-0.013814274750575395,6103.969135802469,5598.932098765432,505.0370370370374,0.09020238647802103,100,56,44,32.038823806204505,-23.206053476180458,55.24487728238496,3.149730842801556,3.830550361985163,-0.6808195191836068,0.715634802898539,0.7523992961897495,-0.036764493291210565
Top 5 vs Bottom 5,0.025,1985,1772983,New York Nutrackers,1773022,Cleveland Wahoos,64154151.0,63810430.63975155,343720.36024844646,0.0053865858105386355,21256.605654761905,20649.854558107167,606.7510966547379,0.02938282664158165,6060.726573187415,5958.659556959873,102.0670162275419,0.01712919076041608,28568878.0,29673841.0,-1104963.0,-0.037236938756934124,35443129.0,34596713.02469136,846415.9753086418,0.024465213637623995,1344.0,1437.0,-93.0,-0.06471816283924847,5848.0,5806.123456790123,41.87654320987713,0.00721247894942767,85,52,33,24.395722231675563,-23.446532046064338,47.8422542777399,3.8308210438988106,3.795399671537927,0.03542137236088383,0.7432380889021888,0.7032617865159391,0.03997630238624972
Top 5 vs Bottom 5,0.025,1986,1786567,Texas Rangers,1786770,Oakland Nights,77855357.33333333,79180747.0,-1325389.6666666716,-0.016738787102711594,25330.87105816398,20421.69006721434,4909.180990949641,0.240390534514624,6685.376649799155,7114.881464872945,-429.50481507379027,-0.06036710761722586,36147153.0,27344643.0,8802510.0,0.32190985269034234,42717328.333333336,47598557.0,-4881228.666666664,-0.10254992954233177,1427.0,1339.0,88.0,0.0657206870799103,6389.666666666667,6690.0,-300.33333333333303,-0.044892874937717986,112,74,38,19.324686729312575,-23.710478420405646,43.035165149718225,3.1063606405045556,4.062002919342794,-0.9556422788382379,0.7732205865564193,0.744858165949178,0.028362420607241368
Top 5 vs Bottom 5,0.025,1987,1798122,Chicago Cornhuskers,1798424,Kansas City Monarchs,68853763.85802469,69719105.7962963,-865341.9382716119,-0.012411833576867037,20634.591549474375,19340.3001080394,1294.2914414349762,0.06692199367149243,6366.004259154274,6093.1130869576255,272.89117219664877,0.04478682215512708,30133763.98148148,28177742.7962963,1956021.1851851828,0.06941724180413367,37846366.87654321,39987860.0,-2141493.123456791,-0.05355358159843493,1460.351851851852,1456.9444444444446,3.4074074074073906,0.002338735303463624,5945.074074074074,6562.7962962962965,-617.7222222222226,-0.09412485080038724,84,57,27,11.001301503282136,-25.738781727674343,36.74008323095648,4.073183508933666,4.274382276796949,-0.20119876786328295,0.7288350974131504,0.7174500324119405,0.011385065001209949
Top 5 vs Bottom 5,0.025,1987,1798840,Minnesota Upper Midwestern Dialects,1798475,St. Louis Perfectos '87,68833383.0,70447869.0,-1614486.0,-0.022917456878645992,22939.776073619632,19378.784232365146,3560.9918412544866,0.18375723670565236,6073.505359394704,6696.045928030303,-622.5405686355989,-0.09297137076518291,29913468.0,28021722.0,1891746.0,0.0675099838618054,38530318.0,42426147.0,-3895829.0,-0.09182613259695727,1304.0,1446.0,-142.0,-0.09820193637621022,6344.0,6336.0,8.0,0.0012626262626262985,88,70,18,15.073564190100708,-10.58366738910551,25.65723157920622,3.4698047269938654,4.13886759197787,-0.6690628649840042,0.7089885157471627,0.7792142376104797,-0.07022572186331699
Top 5 vs Bottom 5,0.025,1989,1815839,Newark Ironbound Bears,1815864,Houston flyBALLERS,67461077.0,67765075.0,-303998.0,-0.004486057161450785,24176.272314674738,20568.614122681884,3607.658191992854,0.17539626979605472,5523.208197989173,6353.497307001795,-830.2891090126222,-0.1306822162492478,31961032.0,28837197.0,3123835.0,0.10832658250384042,35707541.0,38927878.0,-3220337.0,-0.08272572679147838,1322.0,1402.0,-80.0,-0.05706134094151216,6465.0,6127.0,338.0,0.05516566019259028,86,62,24,8.588022704589271,-16.197146809721417,24.785169514310688,3.3728519084720125,3.9204767788873047,-0.5476248704152922,0.686616693549884,0.7371686963603721,-0.050552002810488106
Top 5 vs Bottom 5,0.025,1989,1815959,Minnesota Upper Midwestern Dialects,1816205,Kansas City Monarchs 1989,63356384.0,63003255.018518515,353128.98148148507,0.0056049323384592675,21767.10336906585,18622.185936443544,3144.9174326223074,0.1688801434673528,5759.444372244961,6408.89404584668,-649.4496736017181,-0.10133568583843222,28427837.0,27542213.0,885624.0,0.032155150350482,33432437.52,35580795.10493827,-2148357.584938269,-0.060379695805057976,1306.0,1479.0,-173.0,-0.11697092630155514,5804.802574552594,5551.783950617284,253.01862393530973,0.04557429218894171,83,50,33,15.342271279811758,-29.87176277623531,45.21403405604707,3.596373045941807,4.315295381338744,-0.7189223353969365,0.6751493560980663,0.6891376805529087,-0.013988324454842438
Top 5 vs Bottom 5,0.05,1975,1653498,Oakland Bagchuckers,1653741,New York Nutcrackers,65922072.84615385,67381207.41025642,-1459134.5641025677,-0.021654918636564324,21968.27516389163,19683.971744624432,2284.3034192671985,0.11604890765457565,6565.918112467567,5314.252961331037,1251.6651511365299,0.23552984026997303,28049419.185185187,29327902.83950617,-1278483.654320985,-0.0435927403782449,40676105.88888889,38028925.4074074,2647180.481481485,0.0696096577308456,1276.8148148148148,1489.9382716049383,-213.12345679012356,-0.14304180304097447,6195.0370370370365,7156.024691358025,-960.9876543209884,-0.13429071247916813,78,37,41,20.321359545865224,-45.86881978612949,66.19017933199471,3.579610342054882,4.066936270862161,-0.4873259288072793,0.7307142529258785,0.6865697558210468,0.044144497104831704
Top 5 vs Bottom 5,0.05,1975,1653580,Cincinnati Mudcats,1653622,Montreal Cobblestones,79873534.67307693,76964939.53846154,2908595.1346153915,0.03779117026606493,27010.01111891386,18963.857653061223,8046.153465852636,0.4242888558359219,6685.535403318548,5661.381444739416,1024.1539585791315,0.18090177610815839,38462255.833333336,31662618.62962963,6799637.203703705,0.21475283782563248,40694854.0,40518507.0,176347.0,0.0043522580928265775,1424.0,1669.6296296296298,-245.6296296296298,-0.1471162377994677,6087.0,7157.0,-1070.0,-0.1495039821154115,103,62,41,16.38936994089004,-25.193612114665576,41.58298205555562,3.091706078651685,4.215953453660159,-1.124247375008474,0.7568321925907672,0.7124658824647199,0.044366310126047304
Top 5 vs Bottom 5,0.05,1975,1653686,St. Louis Perfectos '75,1653621,1975 Baltimore Orioles,68155384.0,67546774.29936306,608609.7006369382,0.00901019637058642,21784.4620376379,20125.538999890778,1658.9230377471213,0.08242875074084344,6169.377095968605,6125.1914840945665,44.18561187403884,0.007213751927393153,33569856.0,30709212.111111112,2860643.888888888,0.09315263050509381,34585528.0,36655868.14814815,-2070340.1481481493,-0.05648045600176965,1541.0,1525.882716049383,15.117283950617093,0.009907238473581215,5606.0,5984.444444444444,-378.44444444444434,-0.06323802450798366,80,54,26,15.327870619460436,-19.06151747345671,34.389388092917144,3.761285419857236,4.005065152245413,-0.24377973238817674,0.7180739493756688,0.6647394981878946,0.053334451187774246
Top 5 vs Bottom 5,0.05,1975,1653891,New York Eagles,1653463,SoCal Space Cadets ‘75,71577877.0,72709868.98717949,-1131991.987179488,-0.01556861541559218,27024.864069952306,20428.12700037216,6596.737069580147,0.32292422449987557,6730.0497851002865,6198.018343757857,532.0314413424294,0.08583895881467485,33997279.0,35238266.87654321,-1240987.876543209,-0.03521705198757341,37580598.0,38952326.24691358,-1371728.246913582,-0.03521556679871651,1258.0,1724.9876543209878,-466.98765432098776,-0.2707194182817555,5584.0,6284.641975308643,-700.6419753086429,-0.11148478752828783,84,66,18,15.023631012063788,-9.705483228931367,24.729114240995155,2.8401973060413357,3.95414447725516,-1.1139471712138245,0.7292209710243553,0.7079634134981221,0.02125755752623326
Top 5 vs Bottom 5,0.05,1976,1664535,Chicago Thunderbears,1664627,Montreal Cobblestones,71860465.0,68868626.0,2991839.0,0.0434426991472141,21298.538196834135,22300.255654557917,-1001.717457723782,-0.04491955039623241,7090.760658578856,6538.15961849919,552.6010400796658,0.08451935595394855,30946776.0,32536073.0,-1589297.0,-0.04884722873593261,40913689.0,36332553.0,4581136.0,0.12608901994858446,1453.0,1459.0,-6.0,-0.004112405757368043,5770.0,5557.0,213.0,0.03833003419111036,85,63,22,13.759581276580102,-9.14564598304908,22.905227259629182,3.667937380591879,3.557166685400959,0.11077069519091998,0.7619128195493933,0.7080912363325536,0.05382158321683972
Top 5 vs Bottom 5,0.05,1976,1664547,Oakland Bagchuckers,1664775,1976 Baltimore Orioles,59158570.0,61184628.0,-2026058.0,-0.03311384029334952,21302.729854182657,21772.96002710027,-470.23017291761425,-0.02159697957155715,6081.950997482084,5030.782646345688,1051.1683511363963,0.2089472801811374,27757457.0,32136889.0,-4379432.0,-0.13627429836161176,31401113.0,29047739.0,2353374.0,0.08101745888036249,1303.0,1476.0,-173.0,-0.11720867208672092,5163.0,5774.0,-611.0,-0.1058191894700381,68,48,20,18.93481715658707,-19.7072034301932,38.64202058678027,3.616879452033769,3.604515261517616,0.012364190516152895,0.7133992731551424,0.6419112259092483,0.07148804724589408
Top 5 vs Bottom 5,0.05,1976,1664563,Cincinnati Mudcats,1664756,San Francisco Quake,78564659.0,78354514.0,210145.0,0.002681976943919251,25632.29831387808,21586.365805168985,4045.9325087090947,0.18742999841781027,6322.822880080281,6839.063041529728,-516.2401614494474,-0.07548404778763051,39525004.0,32573826.0,6951178.0,0.2133976524587562,37804158.0,45780688.0,-7976530.0,-0.1742335108637948,1542.0,1509.0,33.0,0.021868787276341894,5979.0,6694.0,-715.0,-0.10681207051090524,103,75,28,20.92628570461381,-11.864120189588478,32.79040589420229,2.9941869202334637,3.54536308880053,-0.5511761685670664,0.7715401278809164,0.726230804735584,0.045309323145332425
Top 5 vs Bottom 5,0.05,1977,1676510,Kansas City Monarchs,1676156,Montreal Cobblestones,66917473.0,66969341.61728395,-51868.617283947766,-0.0007745128745683116,20823.29007633588,18253.087363164657,2570.202713171224,0.1408092046038183,6025.32027424094,6495.889311714097,-470.56903747315664,-0.07244104923779648,30006361.0,27708186.61728395,2298174.3827160485,0.08294207103695772,36911112.0,39261155.0,-2350043.0,-0.05985669550475525,1441.0,1518.0,-77.0,-0.050724637681159424,6126.0,6044.0,82.0,0.013567174056915876,84,59,25,15.999210665169228,-15.66251115584696,31.661721821016187,3.827633673837613,4.365146188991362,-0.5375125151537494,0.7135033164707801,0.7226728526472534,-0.009169536176473314
Top 5 vs Bottom 5,0.05,1977,1676718,Seattle Sea Snakes,1676286,Georgia Dawgs,65597726.290123455,63308500.69135802,2289225.598765433,0.03615984541990458,20198.670309036923,20300.71544715447,-102.04513811754805,-0.005026676935755536,6303.013160083724,5705.850442154001,597.1627179297229,0.10465796886612577,29815481.672839507,29963856.0,-148374.32716049254,-0.004951776806045638,35782244.61728395,33106048.691358022,2676195.9259259254,0.08083706850296868,1476.1111111111113,1476.0,0.11111111111131322,7.527853056332745e-05,5677.006172839507,5802.123456790123,-125.11728395061618,-0.02156405062429234,75,48,27,10.702666445637398,-27.36016585000909,38.06283229564649,3.921072304002007,4.158320829268293,-0.23724852526628615,0.7046881394905807,0.6671810467923622,0.0375070926982185
Top 5 vs Bottom 5,0.05,1978,1687230,Chicago Cornhuskers,1688604,Cleveland Indians,74433652.25925925,74044515.59876543,389136.6604938209,0.00525544204519468,20831.84421460892,19892.511491181187,939.3327234277313,0.04722041879147132,6400.693926158757,5989.919252995308,410.7746731634488,0.06857766454164427,32226863.0,37218889.0,-4992026.0,-0.13412614223922692,38916930.25925926,37461200.38876544,1455729.8704938218,0.03885966961513576,1547.0,1871.0,-324.0,-0.17316942811330838,6080.111111111111,6254.040965582743,-173.9298544716321,-0.027810795520656684,95,69,26,12.909999999999975,-22.210000000000008,35.11999999999998,3.8490220361990946,4.047553535542491,-0.19853149934339642,0.7577062781333188,0.6913451224327137,0.06636115570060508
Top 5 vs Bottom 5,0.05,1978,1687245,New York Times,1687267,Toronto Blue Jays,72704372.0,73762306.96296297,-1057934.9629629701,-0.014342487464419684,23337.75806451613,20025.29114733872,3312.4669171774076,0.1654141701514098,7074.548244870273,6048.2182567287,1026.3299881415733,0.16969129495281887,30385761.0,32460626.111111112,-2074865.111111112,-0.06391944209606282,41718611.0,41701680.85185185,16930.148148149252,0.0004059823921316319,1302.0,1620.9814814814815,-318.9814814814815,-0.19678292758159777,5897.0,6894.87037037037,-997.8703703703704,-0.14472648748532857,113,75,38,30.86000000000011,-8.85000000000008,39.71000000000019,3.4494505061443927,4.017552154787337,-0.5681016486429442,0.7406562149567577,0.7140516290516569,0.02660458590510084
Top 5 vs Bottom 5,0.05,1978,1687404,Milwaukee Brewers,1687233,Baltimore Orioles 1978,64556357.0,64300919.0,255438.0,0.003972540423566873,19944.71348707198,19354.550299800132,590.1631872718463,0.030492219045664903,6175.657277787148,5929.497022825009,246.16025496213933,0.04151452543353518,28540885.0,29051180.0,-510295.0,-0.017565379444139606,36615472.0,35849739.0,765733.0,0.02135951394234703,1431.0,1501.0,-70.0,-0.046635576282478386,5929.0,6046.0,-117.0,-0.019351637446245462,79,55,24,10.399999999999988,-19.310000000000016,29.710000000000004,4.0879533193570925,4.09057817721519,-0.002624857858097407,0.7306030093776352,0.7060126593450214,0.024590350032613784
Top 5 vs Bottom 5,0.05,1979,1700417,Pittsburg Tanagers,1700406,Philly CRYPTKEEPERS,72443299.08641975,74689918.0,-2246618.9135802537,-0.03007927942269606,22448.628141906873,19313.608163265308,3135.019978641565,0.16232181745327146,7502.342560553633,6602.811466058186,899.5310944954472,0.13623455691859365,31247936.086419754,28391004.0,2856932.0864197537,0.10062807523185002,41195363.0,46298914.0,-5103551.0,-0.11023046890473498,1391.9753086419753,1470.0,-78.02469135802471,-0.05307802133198958,5491.0,7012.0,-1521.0,-0.2169138619509412,108,66,42,24.852047257414632,-24.284206548018982,49.13625380543361,3.606541904691796,4.275615219047619,-0.6690733143558232,0.8218294959752321,0.7307214286081004,0.09110806736713173
Top 5 vs Bottom 5,0.05,1979,1700487,Minnetonka Moon Dawgs,1700396,Toronto Blue Jays,72865418.6111111,76464499.0,-3599080.3888888955,-0.04706864539698219,20069.112679977723,20608.979388297874,-539.8667083201508,-0.026195703248977797,7441.216265560166,6161.507858411917,1279.7084071482486,0.20769403148632581,28032090.61111111,30995905.0,-2963814.388888892,-0.09561954680429208,44833328.0,45083753.0,-250425.0,-0.005554661786919102,1396.7777777777778,1504.0,-107.22222222222217,-0.07129137115839235,6025.0,7317.0,-1292.0,-0.17657509908432423,94,77,17,13.66851816098722,-15.377648727072234,29.046166888059453,3.934101564473788,3.98600263962766,-0.051901075153872434,0.8110892009460581,0.7260970254475878,0.08499217549847027
Top 5 vs Bottom 5,0.05,1979,1700596,Texas Rangers,1700502,SoCal Space Cadets '79,72153478.85185185,74828342.0,-2674863.1481481493,-0.03574665797283272,21629.280479680212,20809.241533546327,820.0389461338855,0.03940744043034483,6604.252819294315,6007.3744136460555,596.8784056482591,0.09935761691370848,32465550.0,32566463.0,-100913.0,-0.003098678539330435,39736077.0,42261879.0,-2525802.0,-0.05976549220634508,1501.0,1565.0,-64.0,-0.04089456869009589,6016.740740740741,7035.0,-1018.2592592592591,-0.14474189897075462,100,66,34,19.34072328037859,-25.056193188828058,44.396916469206644,3.576301500999334,3.7199645495207663,-0.1436630485214323,0.7588672570020683,0.706631022615494,0.05223623438657421
Top 5 vs Bottom 5,0.05,1979,1700980,Oakland Bagchuckers,1700739,New York Nutcrackers,60948311.0,62866912.86419753,-1918601.8641975299,-0.030518467931485938,22396.91196911197,18178.66708780796,4218.24488130401,0.2320436840021729,6128.992709132771,6081.3476456855915,47.64506344717938,0.007834622557876703,29004001.0,28776830.0,227171.0,0.00789423296450642,31944310.0,34090082.86419753,-2145772.86419753,-0.06294419619763048,1295.0,1583.0,-288.0,-0.18193303853442833,5212.0,5605.679012345679,-393.67901234567944,-0.07022860414923149,72,54,18,11.51896185632122,-19.77282425333985,31.291786109661068,3.44763464942085,4.434524451042324,-0.9868898016214742,0.7017131773983116,0.7106495207005681,-0.008936343302256455
Top 5 vs Bottom 5,0.05,1980,1711417,Detroit Supremes 80,1712036,Kansas City Monarchs,63835994.0,64714363.0,-878369.0,-0.013573014695362096,18414.52945351313,20700.835365853654,-2286.3059123405255,-0.11044510387787643,6417.669715447155,5388.851553872851,1028.8181615743042,0.190916033089632,25946072.0,30554433.0,-4608361.0,-0.15082462829534427,37889922.0,34159930.0,3729992.0,0.10919202703284236,1409.0,1476.0,-67.0,-0.04539295392953935,5904.0,6339.0,-435.0,-0.06862281116895408,93,64,29,31.189999999999984,-13.349999999999984,44.539999999999964,4.212515115684883,3.64765772899729,0.564857386687593,0.7592158705284552,0.6765334397223537,0.08268243080610149
Top 5 vs Bottom 5,0.05,1980,1711450,Milwaukee Brewers,1711505,Philly CRYPTKEEPERS,72380877.0,71262342.72839506,1118534.2716049403,0.01569600757959999,23429.78680879414,19973.13457904501,3456.6522297491283,0.1730650848052515,6520.547923602593,6275.00635436678,245.54156923581286,0.03913009093049613,35168110.0,28642584.604938272,6525525.395061728,0.22782599702740036,37212767.0,42462968.0,-5250201.0,-0.123641875433672,1501.0,1434.0555555555557,66.94444444444434,0.046681904466741475,5707.0,6767.0,-1060.0,-0.15664252992463423,89,72,17,15.250000000000009,-14.510000000000034,29.76000000000004,3.463469223184543,4.00837812369736,-0.5449089005128172,0.7516089349220257,0.6877004142603812,0.06390852066164454
Top 5 vs Bottom 5,0.05,1980,1711455,Cleveland Indians,1711809,Oakland Bagchuckers,60498227.74074074,60364561.197530866,133666.54320987314,0.0022143214587857507,20133.70065075922,19132.92795693155,1000.7726938276683,0.052306301266613175,5864.864400150232,6094.989753943946,-230.12535379371457,-0.03775647918764835,27844908.0,26413361.35802469,1431546.6419753097,0.054197821419665226,32580480.234567903,33951199.83950617,-1370719.6049382687,-0.040373230148505024,1383.0,1380.5185185185185,2.4814814814815236,0.0017974995975746921,5555.197530864198,5570.345679012345,-15.148148148146902,-0.0027194269478142408,65,56,9,10.060000000000002,-14.610000000000012,24.670000000000016,4.179252171366595,4.134033296641091,0.04521887472550379,0.6958154089828011,0.6886673048976282,0.007148104085172968
Top 5 vs Bottom 5,0.05,1981,1721881,Chicago Thunderbears,1722194,Newark Bears,75249146.0,74420257.0,828889.0,0.011137948636753547,23326.939820270443,22636.937578027464,690.0022422429793,0.030481253918053453,5908.779433878862,5948.5781889634845,-39.798755084622826,-0.006690465153246561,33969496.12962963,36264374.0,-2294877.870370373,-0.06328188294027559,34903123.64197531,36327967.0,-1424843.3580246866,-0.03922166517120784,1456.2345679012344,1602.0,-145.7654320987656,-0.09098965798924197,5906.993827160494,6107.0,-200.00617283950578,-0.032750314858278284,85,73,12,18.350000000000065,-13.559999999999995,31.91000000000006,3.427438845140096,3.775321945068664,-0.34788309992856803,0.7172812593116759,0.699586764892746,0.017694494418929896
Top 5 vs Bottom 5,0.05,1981,1721888,New York  Times,1722113,San Francisco Quake,77940187.0,77309839.0,630348.0,0.00815352881539444,22848.362573099417,22108.57571397078,739.7868591286388,0.03346153405355534,7629.29024350384,6423.04055054018,1206.24969296366,0.18780041686989102,31256560.0,34047888.96296296,-2791328.9629629627,-0.08198243850005937,46683627.0,43400485.0,3283142.0,0.07564758780921466,1368.0,1540.030864197531,-172.03086419753095,-0.11170611459606794,6119.0,6757.0,-638.0,-0.09442060085836912,110,77,33,19.260000000000012,-14.92000000000001,34.18000000000002,3.327817435672515,3.658150784784656,-0.33033334911214096,0.7573380710737047,0.7291081145182774,0.02822995655542726
Top 5 vs Bottom 5,0.05,1981,1722367,Detroit supremes,1722309,New York Nutcrackers,68415150.0,69117767.0,-702617.0,-0.010165504912796108,20589.79111111111,19203.285084959098,1386.506026152012,0.07220150198353248,6570.5163377547715,6277.032032520326,293.48430523444586,0.046755266456177,27796218.0,30514020.0,-2717802.0,-0.0890673205300383,40618932.0,38603747.0,2015185.0,0.05220179792391666,1350.0,1589.0,-239.0,-0.1504090623033354,6182.0,6150.0,32.0,0.005203252032520256,83,67,16,12.800000000000011,-12.990000000000013,25.790000000000024,3.877167934814815,4.198301603524229,-0.32113366870941373,0.7163026846004529,0.697725836195122,0.018576848405330915
Top 5 vs Bottom 5,0.05,1982,1733438,Cincinnati Skyline,1733461,Montreal ISLANDS,64196649.0,64530446.40740741,-333797.40740741044,-0.005172711890136461,20640.069071373753,19117.328638497653,1522.7404328761004,0.07965236470380455,6774.9071921540135,6036.597703866109,738.3094882879041,0.12230556424441819,26894010.0,28503937.0,-1609927.0,-0.056480864380243356,37302639.0,35946262.493827164,1356376.5061728358,0.03773345021351693,1303.0,1491.0,-188.0,-0.12608987256874582,5506.0,5954.722222222223,-448.7222222222226,-0.07535569342725201,88,60,28,29.61765440350048,-11.91773751993609,41.53539192343657,3.825508292402149,4.219191356136821,-0.393683063734672,0.729078256629132,0.6701783634790315,0.05889989315010047
Top 5 vs Bottom 5,0.05,1982,1733467,St. Louis Perfectos '82,1733526,Kansas City Monarchs,76245184.0,75943554.44444445,301629.55555555224,0.003971759786094875,22462.255163224516,21637.243993593165,825.0111696313506,0.03812921691300608,7239.036425531915,5767.819202237842,1471.217223294073,0.25507339458963263,33715845.0,40526558.0,-6810713.0,-0.16805555014072504,42529339.0,36198192.44444445,6331146.555555552,0.17490228456220147,1501.0,1873.0,-372.0,-0.198611852642819,5875.0,6275.88888888889,-400.8888888888896,-0.06387762689658849,99,67,32,12.64941463228677,-25.599112263519107,38.24852689580588,3.6603801105929383,3.54515141324079,0.11522869735214814,0.7644164623489361,0.6953993140360816,0.06901714831285455
Top 5 vs Bottom 5,0.05,1982,1733480,Milwaukee Brewers,1733528,San Francisco Quake,67529038.0,69115492.0,-1586454.0,-0.022953667174936743,21675.06596491228,20411.448509485093,1263.6174554271856,0.061907289668344134,6780.677444355031,6191.120314001922,589.5571303531087,0.09522624346675324,30886969.0,30127298.0,759671.0,0.025215371122893293,36616997.5925926,38644973.0,-2027975.407407403,-0.05247708175154897,1425.0,1476.0,-51.0,-0.03455284552845528,5400.197530864198,6242.0,-841.8024691358023,-0.13486101716369792,86,55,31,17.548518746846486,-27.03901954546204,44.58753829230852,3.7720938652631575,3.883494004742547,-0.11140013947938954,0.7392673447800263,0.7234273999519385,0.015839944828087815
Top 5 vs Bottom 5,0.05,1982,1733592,New York Eagles,1733659,New York Nutcrackers,70351755.0,69703149.62962963,648605.3703703731,0.009305251969484285,25859.41472868217,18894.355212633196,6965.059516048976,0.36863176528998354,6183.036937990974,6243.341700030797,-60.30476203982289,-0.009659051984856948,33358645.0,29158888.62962963,4199756.370370369,0.1440300562794019,36993110.0,40544261.0,-3551151.0,-0.08758702002238983,1290.0,1543.2592592592594,-253.25925925925935,-0.1641067485840454,5983.0,6494.0,-511.0,-0.07868801971050199,104,53,51,30.09417401960244,-30.661464569709207,60.755638589311644,2.976197515503876,4.2941038635163675,-1.3179063480124915,0.7300703722212936,0.6835758908684938,0.046494481352799766
Top 5 vs Bottom 5,0.05,1982,1733646,Detroit S’ups,1733488,Minnesota Twins,64889814.0,67491292.0,-2601478.0,-0.03854538745531799,19695.404602821083,20790.388383484955,-1094.9837806638716,-0.05266778861782506,6404.024040066778,6487.264251373626,-83.24021130684832,-0.012831327364107747,26529710.0,29709465.0,-3179755.0,-0.10702834938293238,38360104.0,37781827.0,578277.0,0.01530569180786312,1347.0,1429.0,-82.0,-0.05738278516445061,5990.0,5824.0,166.0,0.028502747252747263,82,43,39,16.04149549623106,-42.65340198345352,58.694897479684585,3.939688196733482,3.877195480755773,0.06249271597770889,0.7112961104841402,0.741889257967033,-0.03059314748289277
Top 5 vs Bottom 5,0.05,1983,1744807,Boston Synthesizers,1745221,Minnesota Twins,78696623.0,75622916.0,3073707.0,0.04064517956435321,24442.558069381597,24919.911468812876,-477.3533994312784,-0.019155501416154075,7604.0399211434205,6249.361827443489,1354.6780936999312,0.21677062892261878,32410832.0,37155588.0,-4744756.0,-0.1276996612191953,46285791.0,39258491.0,7027300.0,0.17900076699331113,1326.0,1491.0,-165.0,-0.11066398390342047,6087.0,6282.0,-195.0,-0.031041069723018122,118,78,40,19.05898818835434,-15.51032583544474,34.56931402379908,3.1466510143288087,3.258389352783367,-0.1117383384545585,0.7832300800558568,0.7179927088666029,0.06523737118925388
Top 5 vs Bottom 5,0.05,1983,1744955,Cincinnati Skyline,1745013,New York Nutcrackers,66940133.654320985,66639240.654320985,300893.0,0.00451525253057472,22947.97798972854,20320.05060240964,2627.9273873189013,0.12932681314323458,6500.274083458957,5996.688942880653,503.58514057830416,0.08397719898014167,31278094.0,33731284.0,-2453190.0,-0.0727274419793803,36884865.67,34730335.93,2154529.740000002,0.06203596027238323,1363.0,1660.0,-297.0,-0.17891566265060244,5674.355449697076,5791.585366660098,-117.22991696302142,-0.020241420878964966,87,64,23,15.721883466352503,-14.006784761171064,29.728668227523567,3.35359433382245,4.074254860843373,-0.7206605270209234,0.7313414643600462,0.7218232816866641,0.009518182673382114
Top 5 vs Bottom 5,0.05,1983,1745123,Newark Ironborn Bears,1744838,Kansas City Monarchs,69734830.41975309,71156132.65432099,-1421302.2345678955,-0.01997441656185328,21261.67470760234,22748.801078894132,-1487.1263712917935,-0.06537163721878592,6802.6968484242125,5677.080227324418,1125.6166210997944,0.19827386191973773,29085971.0,33736472.0,-4650501.0,-0.1378478757351984,40795773.0,34122911.33,6672861.670000002,0.19555370306675424,1368.0,1483.0,-115.0,-0.07754551584625757,5997.0,6010.644550302924,-13.644550302923562,-0.0022700644146784743,99,66,33,21.726583601819872,-21.39216739240985,43.11875099422972,3.679498403508772,3.44555407552259,0.23394432798618192,0.733039244155411,0.6769869955650688,0.05605224859034219
Top 5 vs Bottom 5,0.05,1984,1758224,Detroit Supremes 84,1758223,Houston Hounds,75805624.0,76454917.0,-649293.0,-0.008492494995449462,22618.926171391988,22634.88045540797,-15.954284015981102,-0.0007048539110869889,7091.079798931825,6522.721892542101,568.3579063897241,0.08713508191106056,30224123.43,35785746.0,-5561622.57,-0.15541446502191125,45141814.0,40669171.0,4472643.0,0.10997625203621686,1336.2315788548322,1581.0,-244.76842114516785,-0.1548187357021934,6366.0,6235.0,131.0,0.021010425020048018,105,78,27,13.600326782401815,-16.95345145118776,30.553778233589576,3.5228886336630967,3.518963831752056,0.003924801911040721,0.7620579889098332,0.7454449903448276,0.016612998565005643
Top 5 vs Bottom 5,0.05,1984,1758253,Newark Ironborn Bears,1758205,Baltimore Firebirds of '84,63869518.0,60979032.0,2890486.0,0.04740131001095582,22194.53846153846,19658.28223495702,2536.2562265814413,0.12901718452649868,5888.110788168918,5585.105012744265,303.0057754246527,0.05425247595761307,29429958.0,27442962.0,1986996.0,0.07240457498720443,34439560.0,32868343.0,1571217.0,0.04780335291012383,1326.0,1396.0,-70.0,-0.05014326647564471,5849.0,5885.0,-36.0,-0.006117247238742518,80,51,29,12.865469751825875,-22.446074868616815,35.31154462044269,3.4761773024132725,4.114251468481376,-0.6380741660681033,0.7165924558557017,0.7106748773661853,0.005917578489516462
Top 5 vs Bottom 5,0.05,1984,1758311,Minnesota Upper Midwestern Dialects,1758470,Kansas City Monarchs,60753927.0,60225955.0,527972.0,0.008766519351997015,20791.56179775281,20122.494575622208,669.0672221306013,0.033249715616330944,5363.652795838751,4984.194198367205,379.45859747154645,0.07613238617304585,27756735.0,31531949.0,-3775214.0,-0.1197266302821941,32997192.0,28694006.0,4303186.0,0.14996811529209264,1335.0,1567.0,-232.0,-0.14805360561582637,6152.0,5757.0,395.0,0.0686121243703317,81,34,47,23.25329624518975,-47.72458824904868,70.97788449423842,3.7781099385767782,3.9624875583918313,-0.18437761981505307,0.6866204706762029,0.6421545504950494,0.04446592018115347
Top 5 vs Bottom 5,0.05,1985,1772969,Newark Ironbound Bears,1773410,Toronto ModernDayWarriors,66831275.82608695,65334705.70186336,1496570.12422359,0.02290620441534963,24373.709727626458,21043.256075722693,3330.4536519037647,0.15826703053554825,5724.8805361417335,6822.808958277979,-1097.928422136246,-0.16092029380423312,31320217.0,27419362.666666664,3900854.333333336,0.14226641154119712,34944494.09876543,38200444.08024692,-3255949.981481485,-0.08523330186009814,1285.0,1302.9999999999998,-17.999999999999773,-0.013814274750575395,6103.969135802469,5598.932098765432,505.0370370370374,0.09020238647802103,100,56,44,32.038823806204505,-23.206053476180458,55.24487728238496,3.149730842801556,3.830550361985163,-0.6808195191836068,0.715634802898539,0.7523992961897495,-0.036764493291210565
Top 5 vs Bottom 5,0.05,1985,1772983,New York Nutrackers,1773022,Cleveland Wahoos,64154151.0,63810430.63975155,343720.36024844646,0.0053865858105386355,21256.605654761905,20649.854558107167,606.7510966547379,0.02938282664158165,6060.726573187415,5958.659556959873,102.0670162275419,0.01712919076041608,28568878.0,29673841.0,-1104963.0,-0.037236938756934124,35443129.0,34596713.02469136,846415.9753086418,0.024465213637623995,1344.0,1437.0,-93.0,-0.06471816283924847,5848.0,5806.123456790123,41.87654320987713,0.00721247894942767,85,52,33,24.395722231675563,-23.446532046064338,47.8422542777399,3.8308210438988106,3.795399671537927,0.03542137236088383,0.7432380889021888,0.7032617865159391,0.03997630238624972
Top 5 vs Bottom 5,0.05,1986,1786566,New York Times,1786893,San Francisco Quake,73757305.0,70730779.8888889,3026525.1111111045,0.04278936434555769,22618.33125,21424.83471389369,1193.4965361063078,0.05570621906979478,7520.282141658275,5701.132550572924,1819.149591085351,0.3190856509558857,28951464.0,31229473.88888889,-2278009.888888892,-0.07294422880749785,44805841.0,40301306.0,4504535.0,0.11177143986351212,1280.0,1457.6296296296296,-177.62962962962956,-0.12186197784327668,5958.0,7069.0,-1111.0,-0.15716508699957565,91,72,19,21.38501593938209,-10.521411873200504,31.906427812582592,3.450877878125,3.715620916658197,-0.2647430385331968,0.7873298784323598,0.7117714835054464,0.07555839492691341
Top 5 vs Bottom 5,0.05,1986,1786567,Texas Rangers,1786770,Oakland Nights,77855357.33333333,79180747.0,-1325389.6666666716,-0.016738787102711594,25330.87105816398,20421.69006721434,4909.180990949641,0.240390534514624,6685.376649799155,7114.881464872945,-429.50481507379027,-0.06036710761722586,36147153.0,27344643.0,8802510.0,0.32190985269034234,42717328.333333336,47598557.0,-4881228.666666664,-0.10254992954233177,1427.0,1339.0,88.0,0.0657206870799103,6389.666666666667,6690.0,-300.33333333333303,-0.044892874937717986,112,74,38,19.324686729312575,-23.710478420405646,43.035165149718225,3.1063606405045556,4.062002919342794,-0.9556422788382379,0.7732205865564193,0.744858165949178,0.028362420607241368
Top 5 vs Bottom 5,0.05,1987,1798122,Chicago Cornhuskers,1798424,Kansas City Monarchs,68853763.85802469,69719105.7962963,-865341.9382716119,-0.012411833576867037,20634.591549474375,19340.3001080394,1294.2914414349762,0.06692199367149243,6366.004259154274,6093.1130869576255,272.89117219664877,0.04478682215512708,30133763.98148148,28177742.7962963,1956021.1851851828,0.06941724180413367,37846366.87654321,39987860.0,-2141493.123456791,-0.05355358159843493,1460.351851851852,1456.9444444444446,3.4074074074073906,0.002338735303463624,5945.074074074074,6562.7962962962965,-617.7222222222226,-0.09412485080038724,84,57,27,11.001301503282136,-25.738781727674343,36.74008323095648,4.073183508933666,4.274382276796949,-0.20119876786328295,0.7288350974131504,0.7174500324119405,0.011385065001209949
Top 5 vs Bottom 5,0.05,1987,1798149,Houston Nacho Mommas FrazzStros,1798138,Texas Rangers,74978429.16666667,77829992.95679012,-2851563.790123448,-0.03663836628774442,23731.18361581921,21714.832493702772,2016.3511221164372,0.09285593718953034,6797.882614080271,7657.750577969125,-859.8679638888534,-0.11228727746273692,33603356.0,34483154.0,-879798.0,-0.02551384945820212,40862324.166666664,43346838.95679012,-2484514.790123455,-0.05731709277809438,1416.0,1588.0,-172.0,-0.10831234256926947,6011.037037037037,5660.518518518518,350.51851851851916,0.06192339400918656,96,81,15,12.413149396827784,-11.365307472240492,23.778456869068275,3.534056418079096,3.7562484074307303,-0.22219198935163442,0.7921811646124205,0.8215732903867375,-0.029392125774317046
Top 5 vs Bottom 5,0.05,1987,1798840,Minnesota Upper Midwestern Dialects,1798475,St. Louis Perfectos '87,68833383.0,70447869.0,-1614486.0,-0.022917456878645992,22939.776073619632,19378.784232365146,3560.9918412544866,0.18375723670565236,6073.505359394704,6696.045928030303,-622.5405686355989,-0.09297137076518291,29913468.0,28021722.0,1891746.0,0.0675099838618054,38530318.0,42426147.0,-3895829.0,-0.09182613259695727,1304.0,1446.0,-142.0,-0.09820193637621022,6344.0,6336.0,8.0,0.0012626262626262985,88,70,18,15.073564190100708,-10.58366738910551,25.65723157920622,3.4698047269938654,4.13886759197787,-0.6690628649840042,0.7089885157471627,0.7792142376104797,-0.07022572186331699
Top 5 vs Bottom 5,0.05,1988,1807328,Minnesota Upper Midwestern Dialects,1807702,Kansas City Monarchs 1988,68553241.0,71658262.0,-3105021.0,-0.04333095603128079,23366.721336370538,18348.6435768262,5018.077759544336,0.2734849439160736,5820.651907058308,6073.315417464291,-252.6635104059833,-0.04160223749937797,30773972.0,29137646.0,1636326.0,0.056158483084048694,39830721.0,41243885.0,-1413164.0,-0.034263600531327265,1317.0,1588.0,-271.0,-0.1706549118387909,6843.0,6791.0,52.0,0.007657193344131841,99,59,40,25.289999999999992,-30.28000000000001,55.57,3.4439673340926347,4.399267967254408,-0.9553006331617735,0.6907834368113401,0.7109163481519659,-0.02013291134062578
Top 5 vs Bottom 5,0.05,1988,1807733,Oakland Nights,1807222,Cleveland KICKAPOO,68327384.01234567,71779014.0,-3451629.9876543283,-0.0480868960899119,21164.51155729256,23850.71498944405,-2686.203432151491,-0.11262569836335568,6179.84720085811,6811.7849694354545,-631.9377685773443,-0.0927712444554335,30419412.78395062,33891866.0,-3472453.2160493806,-0.10245683185603827,38017847.77160494,37887148.0,130699.7716049403,0.0034497125939629836,1437.283950617284,1421.0,16.283950617284063,0.011459500786266119,6151.907407407407,5562.0,589.9074074074069,0.1060603033814107,89,67,22,14.020000000000032,-17.369999999999997,31.39000000000003,3.7950658284916674,3.338453157635468,0.4566126708561993,0.7312287867680304,0.7230265857425386,0.00820220102549174
Top 5 vs Bottom 5,0.05,1989,1815839,Newark Ironbound Bears,1815864,Houston flyBALLERS,67461077.0,67765075.0,-303998.0,-0.004486057161450785,24176.272314674738,20568.614122681884,3607.658191992854,0.17539626979605472,5523.208197989173,6353.497307001795,-830.2891090126222,-0.1306822162492478,31961032.0,28837197.0,3123835.0,0.10832658250384042,35707541.0,38927878.0,-3220337.0,-0.08272572679147838,1322.0,1402.0,-80.0,-0.05706134094151216,6465.0,6127.0,338.0,0.05516566019259028,86,62,24,8.588022704589271,-16.197146809721417,24.785169514310688,3.3728519084720125,3.9204767788873047,-0.5476248704152922,0.686616693549884,0.7371686963603721,-0.050552002810488106
Top 5 vs Bottom 5,0.05,1989,1815892,Cleveland Cheekapoo,1816205,Kansas City Monarchs 1989,62440612.0,63003255.018518515,-562643.0185185149,-0.008930380158186035,22472.03316138541,18622.185936443544,3849.8472249418664,0.20673444235178273,5666.20485987939,6408.89404584668,-742.6891859672896,-0.11588414173403183,30494549.0,27542213.0,2952336.0,0.10719312932479319,31946063.0,35580795.10493827,-3634732.1049382687,-0.10215432494463295,1357.0,1479.0,-122.0,-0.08248816768086542,5638.0,5551.783950617284,86.21604938271594,0.015529431647485215,79,50,29,20.289237094622848,-29.87176277623531,50.16099987085816,3.661779649963154,4.315295381338744,-0.6535157313755895,0.7084640694217806,0.6891376805529087,0.019326388868871947
Top 5 vs Bottom 5,0.05,1989,1815959,Minnesota Upper Midwestern Dialects,1815812,Philly CRYPTKEEPERS,63356384.0,65312577.0,-1956193.0,-0.029951245071833554,21767.10336906585,22370.01385041551,-602.9104813496597,-0.02695172588542949,5759.444372244961,5446.341692789969,313.10267945499254,0.05748862210931183,28427837.0,32302300.0,-3874463.0,-0.11994387396563089,33432437.52,33010277.0,422160.51999999955,0.01278876030031495,1306.0,1444.0,-138.0,-0.09556786703601106,5804.802574552594,6061.0,-256.1974254474062,-0.04226982766002407,83,67,16,15.342271279811758,-11.112571190317666,26.454842470129424,3.596373045941807,3.513651994459834,0.08272105148197317,0.6751493560980663,0.68860129754166,-0.01345194144359374
Top 8 vs Bottom 8,0.01,1975,1653438,Chicago Thunderbears,1653463,SoCal Space Cadets ‘75,72812280.16666667,72709868.98717949,102411.17948718369,0.0014084907717992756,23528.976327063177,20428.12700037216,3100.849326691019,0.15179312947459778,6831.012715384541,6198.018343757857,632.9943716266835,0.10212850890707426,33394443.71604938,35238266.87654321,-1843823.1604938284,-0.05232445644825945,38829373.777777776,38952326.24691358,-122952.46913580596,-0.003156485914510676,1419.29012345679,1724.9876543209878,-305.6975308641977,-0.17721722824997865,5684.277777777777,6284.641975308643,-600.3641975308656,-0.09552878268795595,88,66,22,14.431175198456248,-9.705483228931367,24.136658427387616,3.3163330483070568,3.95414447725516,-0.6378114289481034,0.7568109684265566,0.7079634134981221,0.04884755492843451
Top 8 vs Bottom 8,0.01,1975,1653498,Oakland Bagchuckers,1653581,Kansas City Monarchs,65922072.84615385,66148453.256410256,-226380.41025640815,-0.0034223084458059327,21968.27516389163,21734.44798569253,233.82717819909885,0.010758367470525387,6565.918112467567,5300.825923787529,1265.092188680038,0.23865944795563254,28049419.185185187,31807291.320987653,-3757872.1358024664,-0.11814499065259543,40676105.88888889,36724122.0,3951983.888888888,0.10761275351630983,1276.8148148148148,1463.4506172839506,-186.6358024691358,-0.12753132921937416,6195.0370370370365,6928.0,-732.9629629629635,-0.10579719442306057,78,59,19,20.321359545865224,-8.028564674676774,28.349924220542,3.579610342054882,3.62631533786628,-0.046704995811397865,0.7307142529258785,0.6867863242061201,0.04392792871975848
Top 8 vs Bottom 8,0.01,1975,1653686,St. Louis Perfectos '75,1653621,1975 Baltimore Orioles,68155384.0,67546774.29936306,608609.7006369382,0.00901019637058642,21784.4620376379,20125.538999890778,1658.9230377471213,0.08242875074084344,6169.377095968605,6125.1914840945665,44.18561187403884,0.007213751927393153,33569856.0,30709212.111111112,2860643.888888888,0.09315263050509381,34585528.0,36655868.14814815,-2070340.1481481493,-0.05648045600176965,1541.0,1525.882716049383,15.117283950617093,0.009907238473581215,5606.0,5984.444444444444,-378.44444444444434,-0.06323802450798366,80,54,26,15.327870619460436,-19.06151747345671,34.389388092917144,3.761285419857236,4.005065152245413,-0.24377973238817674,0.7180739493756688,0.6647394981878946,0.053334451187774246
Top 8 vs Bottom 8,0.01,1976,1664563,Cincinnati Mudcats,1665523,‘76 Houston Colt .45s,78564659.0,78550400.0,14259.0,0.00018152676498139897,25632.29831387808,21856.184306569343,3776.114007308737,0.17277096286993454,6322.822880080281,6387.714778177458,-64.89189809717755,-0.010158859678404797,39525004.0,35931567.0,3593437.0,0.10000780094004802,37804158.0,42618833.0,-4814675.0,-0.11297059682511723,1542.0,1644.0,-102.0,-0.062043795620437936,5979.0,6672.0,-693.0,-0.10386690647482011,103,83,20,20.92628570461381,-3.4753337929338546,24.401619497547664,2.9941869202334637,3.5828957025547443,-0.5887087823212807,0.7715401278809164,0.7663094659022782,0.005230661978638196
Top 8 vs Bottom 8,0.01,1977,1676147,Boston Punks,1676133,Toronto Blue Jays,72459994.0,72182620.0,277374.0,0.0038426701607672253,22715.14371257485,18293.667645331767,4421.476067243082,0.24169434762697062,6949.267656765676,6648.598930481284,300.6687262843925,0.04522287017584126,30347432.0,31154116.0,-806684.0,-0.02589333621278167,42112562.0,41028504.0,1084058.0,0.02642206988585305,1336.0,1703.0,-367.0,-0.21550205519671173,6060.0,6171.0,-111.0,-0.01798736023334957,107,71,36,30.08060661940113,-11.444393397762187,41.52500001716332,3.39203147754491,4.4317708755137994,-1.0397393979688894,0.7567935750165016,0.7498752476097876,0.006918327406713942
Top 8 vs Bottom 8,0.01,1977,1676510,Kansas City Monarchs,1676156,Montreal Cobblestones,66917473.0,66969341.61728395,-51868.617283947766,-0.0007745128745683116,20823.29007633588,18253.087363164657,2570.202713171224,0.1408092046038183,6025.32027424094,6495.889311714097,-470.56903747315664,-0.07244104923779648,30006361.0,27708186.61728395,2298174.3827160485,0.08294207103695772,36911112.0,39261155.0,-2350043.0,-0.05985669550475525,1441.0,1518.0,-77.0,-0.050724637681159424,6126.0,6044.0,82.0,0.013567174056915876,84,59,25,15.999210665169228,-15.66251115584696,31.661721821016187,3.827633673837613,4.365146188991362,-0.5375125151537494,0.7135033164707801,0.7226728526472534,-0.009169536176473314
Top 8 vs Bottom 8,0.01,1977,1676655,Milwaukee Brewers,1676343,Texas Rangers,86216318.33950618,86535668.5123967,-319350.17289051414,-0.003690387771659309,24196.587611309456,24299.702668220303,-103.11505691084676,-0.004243469902440511,8461.92346757089,7224.854733910891,1237.0687336599995,0.17122402860968822,36397940.95679013,40678302.25925926,-4280361.302469134,-0.10522467912226674,50018377.38271605,46701461.0,3316916.3827160522,0.0710238247731918,1504.2592592592591,1674.0246913580247,-169.7654320987656,-0.10141154606330582,5910.993827160493,6464.0,-553.0061728395067,-0.08555169753086422,113,94,19,8.93492789391155,-11.556133170581194,20.491061064492744,3.3749833052689904,3.406804661597688,-0.031821356328697536,0.8037383524332667,0.7814870661045793,0.022251286328687447
Top 8 vs Bottom 8,0.01,1978,1687230,Chicago Cornhuskers,1688604,Cleveland Indians,74433652.25925925,74044515.59876543,389136.6604938209,0.00525544204519468,20831.84421460892,19892.511491181187,939.3327234277313,0.04722041879147132,6400.693926158757,5989.919252995308,410.7746731634488,0.06857766454164427,32226863.0,37218889.0,-4992026.0,-0.13412614223922692,38916930.25925926,37461200.38876544,1455729.8704938218,0.03885966961513576,1547.0,1871.0,-324.0,-0.17316942811330838,6080.111111111111,6254.040965582743,-173.9298544716321,-0.027810795520656684,95,69,26,12.909999999999975,-22.210000000000008,35.11999999999998,3.8490220361990946,4.047553535542491,-0.19853149934339642,0.7577062781333188,0.6913451224327137,0.06636115570060508
Top 8 vs Bottom 8,0.01,1978,1688706,Houston Colt .45s '78,1687233,Baltimore Orioles 1978,64359080.0,64300919.0,58161.0,0.0009045127333249248,18768.0439481268,19354.550299800132,-586.5063516733317,-0.03030327972432345,6223.04012345679,5929.497022825009,293.5431006317813,0.049505565059197565,26050045.0,29051180.0,-3001135.0,-0.10330509810616983,38309035.0,35849739.0,2459296.0,0.06860010891571622,1388.0,1501.0,-113.0,-0.07528314457028651,6156.0,6046.0,110.0,0.01819384717168382,70,55,15,3.4099999999999797,-19.310000000000016,22.719999999999995,4.227513071325649,4.09057817721519,0.13693489411045867,0.7515823999837556,0.7060126593450214,0.0455697406387342
Top 8 vs Bottom 8,0.01,1978,1688748,New York Eagles,1687289,Montreal Cobblestones,56308219.0,56593124.0,-284905.0,-0.005034268827428523,21252.04505928854,19238.14541547278,2013.8996438157592,0.10468262924117555,5429.363833634719,5398.8149963689175,30.54883726580192,0.0056584338019265434,26883837.0,26856451.0,27386.0,0.0010197177579420735,30024382.0,29736673.0,287709.0,0.009675224931854354,1265.0,1396.0,-131.0,-0.09383954154727792,5530.0,5508.0,22.0,0.003994190268700182,58,53,5,2.829999999999977,-11.520000000000008,14.349999999999985,3.849035928063241,4.290328068767908,-0.44129214070466727,0.6815588459855334,0.6797128107843138,0.0018460352012196202
Top 8 vs Bottom 8,0.01,1979,1700417,Pittsburg Tanagers,1700682,St. Louis Perfectos '79,72443299.08641975,72559499.0,-116199.91358025372,-0.00160144316294486,22448.628141906873,21043.15241882041,1405.4757230864634,0.06679016979554087,7502.342560553633,7005.215793991416,497.1267665622172,0.07096523236138097,31247936.086419754,31754117.0,-506180.91358024627,-0.015940638928181983,41195363.0,40805382.0,389981.0,0.009557097149586857,1391.9753086419753,1509.0,-117.02469135802471,-0.07755115398146106,5491.0,5825.0,-334.0,-0.057339055793991456,108,75,33,24.852047257414632,-11.2896708831716,36.141718140586235,3.606541904691796,3.8219948714380383,-0.21545296674624215,0.8218294959752321,0.7664805640858369,0.05534893188939527
Top 8 vs Bottom 8,0.01,1980,1711450,Milwaukee Brewers,1711603,Seattle Sea Snakes,72380877.0,72605427.33333333,-224550.33333332837,-0.0030927485944324262,23429.78680879414,21718.98281487927,1710.8039939148694,0.07876998699694293,6520.547923602593,6369.729386892178,150.81853671041517,0.023677385262358852,35168110.0,33280721.333333332,1887388.666666668,0.05671117064329656,37212767.0,39167466.0,-1954699.0,-0.049906189999628814,1501.0,1532.3333333333333,-31.333333333333258,-0.020448118338046495,5707.0,6149.0,-442.0,-0.07188160676532773,89,70,19,15.250000000000009,-8.910000000000007,24.160000000000018,3.463469223184543,3.4788677796388954,-0.015398556454352175,0.7516089349220257,0.7037611044722718,0.047847830449753936
Top 8 vs Bottom 8,0.01,1980,1711455,Cleveland Indians,1711809,Oakland Bagchuckers,60498227.74074074,60364561.197530866,133666.54320987314,0.0022143214587857507,20133.70065075922,19132.92795693155,1000.7726938276683,0.052306301266613175,5864.864400150232,6094.989753943946,-230.12535379371457,-0.03775647918764835,27844908.0,26413361.35802469,1431546.6419753097,0.054197821419665226,32580480.234567903,33951199.83950617,-1370719.6049382687,-0.040373230148505024,1383.0,1380.5185185185185,2.4814814814815236,0.0017974995975746921,5555.197530864198,5570.345679012345,-15.148148148146902,-0.0027194269478142408,65,56,9,10.060000000000002,-14.610000000000012,24.670000000000016,4.179252171366595,4.134033296641091,0.04521887472550379,0.6958154089828011,0.6886673048976282,0.007148104085172968
Top 8 vs Bottom 8,0.01,1980,1711504,Montreal Islands,1712036,Kansas City Monarchs,64812541.02469136,64714363.0,98178.02469135821,0.0015170979074823343,20506.900160421137,20700.835365853654,-193.93520543251725,-0.009368472431427355,6072.641399623871,5388.851553872851,683.78984575102,0.1268897164665066,29432844.91975309,30554433.0,-1121588.0802469105,-0.03670786757021183,35379696.10493827,34159930.0,1219766.1049382687,0.03570751184028387,1435.2654320987654,1476.0,-40.73456790123464,-0.027597945732543816,5826.08024691358,6339.0,-512.9197530864203,-0.08091493186408272,67,64,3,3.5499999999999643,-13.349999999999984,16.89999999999995,3.923483102527601,3.64765772899729,0.27582537353031134,0.6824825598379998,0.6765334397223537,0.005949120115646078
Top 8 vs Bottom 8,0.01,1981,1721888,New York  Times,1722113,San Francisco Quake,77940187.0,77309839.0,630348.0,0.00815352881539444,22848.362573099417,22108.57571397078,739.7868591286388,0.03346153405355534,7629.29024350384,6423.04055054018,1206.24969296366,0.18780041686989102,31256560.0,34047888.96296296,-2791328.9629629627,-0.08198243850005937,46683627.0,43400485.0,3283142.0,0.07564758780921466,1368.0,1540.030864197531,-172.03086419753095,-0.11170611459606794,6119.0,6757.0,-638.0,-0.09442060085836912,110,77,33,19.260000000000012,-14.92000000000001,34.18000000000002,3.327817435672515,3.658150784784656,-0.33033334911214096,0.7573380710737047,0.7291081145182774,0.02822995655542726
Top 8 vs Bottom 8,0.01,1981,1722915,Oakland Bagchuckers,1722309,New York Nutcrackers,69376573.0,69117767.0,258806.0,0.003744420736277565,23360.966147083807,19203.285084959098,4157.68106212471,0.21650884438419338,6101.850270329218,6277.032032520326,-175.18176219110774,-0.02790837473562635,31232169.7037037,30514020.0,718149.7037037015,0.02353507350731565,35920010.58024691,38603747.0,-2683736.4197530895,-0.0695201017598911,1336.9382716049383,1589.0,-252.06172839506166,-0.15862915569229807,5886.740740740741,6150.0,-263.2592592592591,-0.04280638361939171,75,67,8,4.909999999999992,-12.990000000000013,17.900000000000006,3.3831834633398583,4.198301603524229,-0.8151181401843703,0.6919852717211309,0.697725836195122,-0.005740564473991072
Top 8 vs Bottom 8,0.01,1982,1733438,Cincinnati Skyline,1733461,Montreal ISLANDS,64196649.0,64530446.40740741,-333797.40740741044,-0.005172711890136461,20640.069071373753,19117.328638497653,1522.7404328761004,0.07965236470380455,6774.9071921540135,6036.597703866109,738.3094882879041,0.12230556424441819,26894010.0,28503937.0,-1609927.0,-0.056480864380243356,37302639.0,35946262.493827164,1356376.5061728358,0.03773345021351693,1303.0,1491.0,-188.0,-0.12608987256874582,5506.0,5954.722222222223,-448.7222222222226,-0.07535569342725201,88,60,28,29.61765440350048,-11.91773751993609,41.53539192343657,3.825508292402149,4.219191356136821,-0.393683063734672,0.729078256629132,0.6701783634790315,0.05889989315010047
Top 8 vs Bottom 8,0.01,1982,1733467,St. Louis Perfectos '82,1733526,Kansas City Monarchs,76245184.0,75943554.44444445,301629.55555555224,0.003971759786094875,22462.255163224516,21637.243993593165,825.0111696313506,0.03812921691300608,7239.036425531915,5767.819202237842,1471.217223294073,0.25507339458963263,33715845.0,40526558.0,-6810713.0,-0.16805555014072504,42529339.0,36198192.44444445,6331146.555555552,0.17490228456220147,1501.0,1873.0,-372.0,-0.198611852642819,5875.0,6275.88888888889,-400.8888888888896,-0.06387762689658849,99,67,32,12.64941463228677,-25.599112263519107,38.24852689580588,3.6603801105929383,3.54515141324079,0.11522869735214814,0.7644164623489361,0.6953993140360816,0.06901714831285455
Top 8 vs Bottom 8,0.01,1982,1733480,Milwaukee Brewers,1733488,Minnesota Twins,67529038.0,67491292.0,37746.0,0.0005592721502500897,21675.06596491228,20790.388383484955,884.6775814273242,0.04255223929005947,6780.677444355031,6487.264251373626,293.4131929814048,0.04522911070244695,30886969.0,29709465.0,1177504.0,0.03963396850128409,36616997.5925926,37781827.0,-1164829.407407403,-0.030830415040739134,1425.0,1429.0,-4.0,-0.002799160251924393,5400.197530864198,5824.0,-423.8024691358023,-0.07276828110161437,86,43,43,17.548518746846486,-42.65340198345352,60.2019207303,3.7720938652631575,3.877195480755773,-0.10510161549261543,0.7392673447800263,0.741889257967033,-0.0026219131870066636
Top 8 vs Bottom 8,0.01,1982,1733592,New York Eagles,1733659,New York Nutcrackers,70351755.0,69703149.62962963,648605.3703703731,0.009305251969484285,25859.41472868217,18894.355212633196,6965.059516048976,0.36863176528998354,6183.036937990974,6243.341700030797,-60.30476203982289,-0.009659051984856948,33358645.0,29158888.62962963,4199756.370370369,0.1440300562794019,36993110.0,40544261.0,-3551151.0,-0.08758702002238983,1290.0,1543.2592592592594,-253.25925925925935,-0.1641067485840454,5983.0,6494.0,-511.0,-0.07868801971050199,104,53,51,30.09417401960244,-30.661464569709207,60.755638589311644,2.976197515503876,4.2941038635163675,-1.3179063480124915,0.7300703722212936,0.6835758908684938,0.046494481352799766
Top 8 vs Bottom 8,0.01,1983,1744932,New York Eagles,1746068,Oakland Bagchuckers,65754070.0,65759676.0,-5606.0,-8.52498117539513e-05,20796.664086687302,20678.66830639494,117.99578029236363,0.0057061595332941195,6307.344687753447,6239.571283110464,67.77340464298322,0.010861868799613816,26869290.0,29425745.0,-2556455.0,-0.08687817419745869,38884780.0,39035802.46,-151022.4600000009,-0.00386881914762105,1292.0,1423.0,-131.0,-0.09205903021784967,6165.0,6256.167401382811,-91.16740138281057,-0.014572404402519612,84,66,18,12.964658233600112,-11.156708146016747,24.12136637961686,3.846786438854489,3.92822418411806,-0.08143774526357106,0.7315658913381995,0.7120223143227885,0.019543577015410984
Top 8 vs Bottom 8,0.01,1983,1744955,Cincinnati Skyline,1745013,New York Nutcrackers,66940133.654320985,66639240.654320985,300893.0,0.00451525253057472,22947.97798972854,20320.05060240964,2627.9273873189013,0.12932681314323458,6500.274083458957,5996.688942880653,503.58514057830416,0.08397719898014167,31278094.0,33731284.0,-2453190.0,-0.0727274419793803,36884865.67,34730335.93,2154529.740000002,0.06203596027238323,1363.0,1660.0,-297.0,-0.17891566265060244,5674.355449697076,5791.585366660098,-117.22991696302142,-0.020241420878964966,87,64,23,15.721883466352503,-14.006784761171064,29.728668227523567,3.35359433382245,4.074254860843373,-0.7206605270209234,0.7313414643600462,0.7218232816866641,0.009518182673382114
Top 8 vs Bottom 8,0.01,1984,1758224,Detroit Supremes 84,1758223,Houston Hounds,75805624.0,76454917.0,-649293.0,-0.008492494995449462,22618.926171391988,22634.88045540797,-15.954284015981102,-0.0007048539110869889,7091.079798931825,6522.721892542101,568.3579063897241,0.08713508191106056,30224123.43,35785746.0,-5561622.57,-0.15541446502191125,45141814.0,40669171.0,4472643.0,0.10997625203621686,1336.2315788548322,1581.0,-244.76842114516785,-0.1548187357021934,6366.0,6235.0,131.0,0.021010425020048018,105,78,27,13.600326782401815,-16.95345145118776,30.553778233589576,3.5228886336630967,3.518963831752056,0.003924801911040721,0.7620579889098332,0.7454449903448276,0.016612998565005643
Top 8 vs Bottom 8,0.01,1984,1758310,Cincinnati Skyline,1758278,New York Nutcrackers,71856998.0,72455966.0,-598968.0,-0.008266648463426729,24192.807275541796,23091.894904458597,1100.912371083199,0.04767527202242006,7229.32532051282,5696.793375140698,1532.5319453721222,0.26901659309949477,31257107.0,36254275.0,-4997168.0,-0.13783665512549903,40599891.0,35428358.0,5171533.0,0.1459715688771126,1292.0,1570.0,-278.0,-0.17707006369426748,5616.0,6219.0,-603.0,-0.09696092619392183,95,57,38,12.359918136186776,-33.43117863523233,45.791096771419106,3.3158825534055723,3.5090475331210196,-0.19316497971544733,0.7306709314280626,0.7163695882456986,0.01430134318236398
Top 8 vs Bottom 8,0.01,1984,1758311,Minnesota Upper Midwestern Dialects,1758205,Baltimore Firebirds of '84,60753927.0,60979032.0,-225105.0,-0.0036915148144693877,20791.56179775281,19658.28223495702,1133.2795627957894,0.057648961859981585,5363.652795838751,5585.105012744265,-221.45221690551352,-0.03965050189749286,27756735.0,27442962.0,313773.0,0.011433641893320301,32997192.0,32868343.0,128849.0,0.003920155025764371,1335.0,1396.0,-61.0,-0.043696275071633206,6152.0,5885.0,267.0,0.045369583687340675,81,51,30,23.25329624518975,-22.446074868616815,45.69937111380656,3.7781099385767782,4.114251468481376,-0.33614152990459756,0.6866204706762029,0.7106748773661853,-0.024054406689982377
Top 8 vs Bottom 8,0.01,1985,1772975,New York  Times,1773288,Oakland Knights,76139249.0,76826233.0,-686984.0,-0.008942049781355266,27116.917628945343,20663.56873479319,6453.348894152154,0.312305632051159,7233.867220650636,6443.906976744186,789.9602439064502,0.12259026189505629,35224876.0,33970907.0,1253969.0,0.03691302678494868,40914753.0,44611168.0,-3696415.0,-0.08285851202102579,1299.0,1644.0,-345.0,-0.20985401459854014,5656.0,6923.0,-1267.0,-0.18301314459049545,94,73,21,5.811919150382305,-22.855167385902988,28.667086536285293,2.9985003256351037,3.924165721411192,-0.9256653957760883,0.7582016920261668,0.6954581458182869,0.06274354620787992
Top 8 vs Bottom 8,0.01,1985,1772983,New York Nutrackers,1773022,Cleveland Wahoos,64154151.0,63810430.63975155,343720.36024844646,0.0053865858105386355,21256.605654761905,20649.854558107167,606.7510966547379,0.02938282664158165,6060.726573187415,5958.659556959873,102.0670162275419,0.01712919076041608,28568878.0,29673841.0,-1104963.0,-0.037236938756934124,35443129.0,34596713.02469136,846415.9753086418,0.024465213637623995,1344.0,1437.0,-93.0,-0.06471816283924847,5848.0,5806.123456790123,41.87654320987713,0.00721247894942767,85,52,33,24.395722231675563,-23.446532046064338,47.8422542777399,3.8308210438988106,3.795399671537927,0.03542137236088383,0.7432380889021888,0.7032617865159391,0.03997630238624972
Top 8 vs Bottom 8,0.01,1985,1772994,Kansas City Monarchs,1772944,Baltimore Firebirds of '85,59550060.0,59633770.0,-83710.0,-0.0014037348301139119,18268.116219667943,21881.545665634676,-3613.4294459667326,-0.1651359324054371,5439.109142570616,5743.727486437613,-304.61834386699684,-0.053034957627477564,28607870.0,28270957.0,336913.0,0.011917283168022985,32542190.0,31762813.0,779377.0,0.02453740479472022,1566.0,1292.0,274.0,0.21207430340557276,5983.0,5530.0,453.0,0.08191681735985523,68,60,8,6.600075513618964,-5.803825864739586,12.403901378358551,4.414526130906769,3.659334753869969,0.7551913770368004,0.6794331787731906,0.7126770519168174,-0.033243873143626756
Top 8 vs Bottom 8,0.01,1986,1786863,Newark Ironbound Bears,1786620,New York Nutrackers,67521176.0,67649838.0,-128662.0,-0.0019018818640778035,26421.045245398775,20289.580058224165,6131.46518717461,0.30219773743859646,5942.537342558098,6770.186882933709,-827.6495403756107,-0.12224914240727247,34453043.0,27877883.0,6575160.0,0.2358557857495851,33498083.0,38400500.0,-4902417.0,-0.12766544706449134,1304.0,1374.0,-70.0,-0.05094614264919939,5637.0,5672.0,-35.0,-0.006170662905500723,78,61,17,3.7214305993881647,-28.85680307856573,32.5782336779539,3.1920105475460123,3.987243839883552,-0.7952332923375396,0.7265752507007273,0.7647534425070522,-0.03817819180632498
Top 8 vs Bottom 8,0.01,1986,1787298,Toronto ModernDayWarriors,1787579,Boston Red Sox,82884400.9691358,82792677.16049382,91723.80864198506,0.0011078734471188234,23568.91173481862,22153.021195996043,1415.8905388225758,0.06391410572380463,6921.67790280091,7295.894126394052,-374.2162235931428,-0.05129134511962785,38083869.67283951,33715804.28395062,4368065.388888888,0.129555426057808,42866592.14814815,49064888.0,-6198295.851851851,-0.12632854378169278,1615.8518518518515,1521.9506172839506,93.90123456790093,0.06169795097259834,6193.092592592593,6725.0,-531.9074074074069,-0.07909403827619432,108,97,11,3.1862775726431147,-7.1460217591346575,10.332299331777772,3.62631578824761,3.8187347465565633,-0.1924189583089535,0.7773670976918727,0.7835242393308551,-0.0061571416389824
Top 8 vs Bottom 8,0.01,1987,1798841,Cincinnati Skyline,1798475,St. Louis Perfectos '87,70604715.6111111,70447869.0,156846.6111111045,0.0022264209455520323,21323.608489140293,19378.784232365146,1944.8242567751477,0.10035842462846722,7328.046851128841,6696.045928030303,632.0009230985379,0.094384197762581,27435191.611111112,28021722.0,-586530.3888888881,-0.020931275704215713,43169524.0,42426147.0,743377.0,0.017521671246743198,1286.611111111111,1446.0,-159.3888888888889,-0.11022744736437684,5891.0,6336.0,-445.0,-0.07023358585858586,80,70,10,1.156353128527554,-10.58366738910551,11.740020517633065,3.8631386964894854,4.13886759197787,-0.2757288954883843,0.7459140749618061,0.7792142376104797,-0.03330016264867364
Top 8 vs Bottom 8,0.01,1988,1807801,Seattle Sea Snakes,1806946,Chicago Thunderbears '88,74725269.48148148,74868623.43209876,-143353.95061728358,-0.0019147400345526089,20872.996931979746,25462.520491398063,-4589.523559418318,-0.1802462392114239,7205.617702160899,6267.509834989499,938.1078671714004,0.14967792502442423,30993308.14814815,38152286.25925926,-7158978.111111112,-0.1876421785699326,43731961.333333336,36601522.358024694,7130438.975308642,0.19481263389978443,1484.851851851852,1498.3703703703704,-13.518518518518476,-0.009022147518291446,6069.148148148148,5839.882716049383,229.2654320987649,0.03925856789361348,94,79,15,9.340000000000014,-8.730000000000027,18.070000000000043,3.61090510715622,3.060052187483522,0.5508529196726983,0.7492103759243779,0.7453548214663748,0.0038555544580031187
Top 8 vs Bottom 8,0.01,1989,1815838,New York Times,1815820,St. Louis Perfectos '89,70428251.67901234,70519529.0,-91277.32098765671,-0.0012943552272968173,25519.86431372549,23253.18334550767,2266.680968217821,0.09747830800361035,7219.014709116549,6555.824605998983,663.1901031175657,0.10116044021536297,32537827.0,31833608.0,704219.0,0.022121871953691308,37890424.67901235,38685921.0,-795496.3209876493,-0.020562941256785594,1275.0,1369.0,-94.0,-0.06866325785244709,5248.697530864197,5901.0,-652.3024691358032,-0.11054100476797213,101,73,28,28.57670962825649,-7.109099976365507,35.685809604622,3.0392386666666673,3.364325525200876,-0.3250868585342088,0.763445056280747,0.7186421104050161,0.04480294587573086
Top 8 vs Bottom 8,0.01,1989,1815839,Newark Ironbound Bears,1815864,Houston flyBALLERS,67461077.0,67765075.0,-303998.0,-0.004486057161450785,24176.272314674738,20568.614122681884,3607.658191992854,0.17539626979605472,5523.208197989173,6353.497307001795,-830.2891090126222,-0.1306822162492478,31961032.0,28837197.0,3123835.0,0.10832658250384042,35707541.0,38927878.0,-3220337.0,-0.08272572679147838,1322.0,1402.0,-80.0,-0.05706134094151216,6465.0,6127.0,338.0,0.05516566019259028,86,62,24,8.588022704589271,-16.197146809721417,24.785169514310688,3.3728519084720125,3.9204767788873047,-0.5476248704152922,0.686616693549884,0.7371686963603721,-0.050552002810488106
Top 8 vs Bottom 8,0.01,1989,1815959,Minnesota Upper Midwestern Dialects,1816205,Kansas City Monarchs 1989,63356384.0,63003255.018518515,353128.98148148507,0.0056049323384592675,21767.10336906585,18622.185936443544,3144.9174326223074,0.1688801434673528,5759.444372244961,6408.89404584668,-649.4496736017181,-0.10133568583843222,28427837.0,27542213.0,885624.0,0.032155150350482,33432437.52,35580795.10493827,-2148357.584938269,-0.060379695805057976,1306.0,1479.0,-173.0,-0.11697092630155514,5804.802574552594,5551.783950617284,253.01862393530973,0.04557429218894171,83,50,33,15.342271279811758,-29.87176277623531,45.21403405604707,3.596373045941807,4.315295381338744,-0.7189223353969365,0.6751493560980663,0.6891376805529087,-0.013988324454842438
Top 8 vs Bottom 8,0.025,1975,1653438,Chicago Thunderbears,1653505,San Diego Quake,72812280.16666667,74125379.0,-1313098.8333333284,-0.017714564850094483,23528.976327063177,22217.30954063604,1311.6667864271367,0.05903805697211273,6831.012715384541,6627.524607980127,203.4881074044133,0.03070348575686843,33394443.71604938,31437493.0,1956950.7160493806,0.06224894319815455,38829373.777777776,42687886.0,-3858512.222222224,-0.09038892725262204,1419.29012345679,1415.0,4.29012345679007,0.003031889368756202,5684.277777777777,6441.0,-756.7222222222226,-0.11748520761096459,88,73,15,14.431175198456248,-7.219435102154536,21.650610300610786,3.3163330483070568,3.63164126360424,-0.3153082152971831,0.7568109684265566,0.7105314461574289,0.04627952226912768
Top 8 vs Bottom 8,0.025,1975,1653498,Oakland Bagchuckers,1653581,Kansas City Monarchs,65922072.84615385,66148453.256410256,-226380.41025640815,-0.0034223084458059327,21968.27516389163,21734.44798569253,233.82717819909885,0.010758367470525387,6565.918112467567,5300.825923787529,1265.092188680038,0.23865944795563254,28049419.185185187,31807291.320987653,-3757872.1358024664,-0.11814499065259543,40676105.88888889,36724122.0,3951983.888888888,0.10761275351630983,1276.8148148148148,1463.4506172839506,-186.6358024691358,-0.12753132921937416,6195.0370370370365,6928.0,-732.9629629629635,-0.10579719442306057,78,59,19,20.321359545865224,-8.028564674676774,28.349924220542,3.579610342054882,3.62631533786628,-0.046704995811397865,0.7307142529258785,0.6867863242061201,0.04392792871975848
Top 8 vs Bottom 8,0.025,1975,1653499,Philly CRYPTKEEPERS,1653622,Montreal Cobblestones,77989750.92307693,76964939.53846154,1024811.3846153915,0.013315301626440679,20102.52131147541,18963.857653061223,1138.6636584141888,0.060043883435835665,7523.409184481394,5661.381444739416,1862.0277397419777,0.32889989093954863,30656345.0,31662618.62962963,-1006273.6296296306,-0.03178112465682059,47510329.0,40518507.0,6991822.0,0.17255872729960164,1525.0,1669.6296296296298,-144.6296296296298,-0.0866237799467614,6315.0,7157.0,-842.0,-0.11764705882352944,92,62,30,12.891954874080836,-25.193612114665576,38.085566988746415,4.044910926557376,4.215953453660159,-0.17104252710278267,0.7741907054790182,0.7124658824647199,0.06172482301429838
Top 8 vs Bottom 8,0.025,1975,1653686,St. Louis Perfectos '75,1653621,1975 Baltimore Orioles,68155384.0,67546774.29936306,608609.7006369382,0.00901019637058642,21784.4620376379,20125.538999890778,1658.9230377471213,0.08242875074084344,6169.377095968605,6125.1914840945665,44.18561187403884,0.007213751927393153,33569856.0,30709212.111111112,2860643.888888888,0.09315263050509381,34585528.0,36655868.14814815,-2070340.1481481493,-0.05648045600176965,1541.0,1525.882716049383,15.117283950617093,0.009907238473581215,5606.0,5984.444444444444,-378.44444444444434,-0.06323802450798366,80,54,26,15.327870619460436,-19.06151747345671,34.389388092917144,3.761285419857236,4.005065152245413,-0.24377973238817674,0.7180739493756688,0.6647394981878946,0.053334451187774246
Top 8 vs Bottom 8,0.025,1975,1653891,New York Eagles,1653463,SoCal Space Cadets ‘75,71577877.0,72709868.98717949,-1131991.987179488,-0.01556861541559218,27024.864069952306,20428.12700037216,6596.737069580147,0.32292422449987557,6730.0497851002865,6198.018343757857,532.0314413424294,0.08583895881467485,33997279.0,35238266.87654321,-1240987.876543209,-0.03521705198757341,37580598.0,38952326.24691358,-1371728.246913582,-0.03521556679871651,1258.0,1724.9876543209878,-466.98765432098776,-0.2707194182817555,5584.0,6284.641975308643,-700.6419753086429,-0.11148478752828783,84,66,18,15.023631012063788,-9.705483228931367,24.729114240995155,2.8401973060413357,3.95414447725516,-1.1139471712138245,0.7292209710243553,0.7079634134981221,0.02125755752623326
Top 8 vs Bottom 8,0.025,1976,1664563,Cincinnati Mudcats,1665523,‘76 Houston Colt .45s,78564659.0,78550400.0,14259.0,0.00018152676498139897,25632.29831387808,21856.184306569343,3776.114007308737,0.17277096286993454,6322.822880080281,6387.714778177458,-64.89189809717755,-0.010158859678404797,39525004.0,35931567.0,3593437.0,0.10000780094004802,37804158.0,42618833.0,-4814675.0,-0.11297059682511723,1542.0,1644.0,-102.0,-0.062043795620437936,5979.0,6672.0,-693.0,-0.10386690647482011,103,83,20,20.92628570461381,-3.4753337929338546,24.401619497547664,2.9941869202334637,3.5828957025547443,-0.5887087823212807,0.7715401278809164,0.7663094659022782,0.005230661978638196
Top 8 vs Bottom 8,0.025,1976,1664594,New York  Times,1664627,Montreal Cobblestones,69565939.0,68868626.0,697313.0,0.010125263715875521,23114.651073619632,22300.255654557917,814.3954190617151,0.03651955527672457,6406.310367240819,6538.15961849919,-131.84925125837162,-0.02016611079443742,30141505.0,32536073.0,-2394568.0,-0.07359732688084397,39424434.0,36332553.0,3091881.0,0.08509946988861472,1304.0,1459.0,-155.0,-0.10623714873200818,6154.0,5557.0,597.0,0.10743206766240787,77,63,14,8.518053850468021,-9.14564598304908,17.6636998335171,3.410768290644172,3.557166685400959,-0.1463983947567873,0.7154741637309067,0.7080912363325536,0.007382927398353112
Top 8 vs Bottom 8,0.025,1976,1664611,Kansas City Monarchs,1664756,San Francisco Quake,79389648.8888889,78354514.0,1035134.8888888955,0.013210915824056979,23154.959131960237,21586.365805168985,1568.5933267912515,0.07266592908453551,6239.611643330877,6839.063041529728,-599.4513981988512,-0.08765109994727716,39597552.88888889,32573826.0,7023726.888888888,0.21562486669170777,42335765.0,45780688.0,-3444923.0,-0.07524838857817073,1710.111111111111,1509.0,201.1111111111111,0.13327442750901985,6785.0,6694.0,91.0,0.013594263519569827,91,75,16,9.109652547973868,-11.864120189588478,20.973772737562346,3.4250310329413294,3.54536308880053,-0.1203320558592007,0.705718176448047,0.726230804735584,-0.02051262828753697
Top 8 vs Bottom 8,0.025,1977,1676147,Boston Punks,1676133,Toronto Blue Jays,72459994.0,72182620.0,277374.0,0.0038426701607672253,22715.14371257485,18293.667645331767,4421.476067243082,0.24169434762697062,6949.267656765676,6648.598930481284,300.6687262843925,0.04522287017584126,30347432.0,31154116.0,-806684.0,-0.02589333621278167,42112562.0,41028504.0,1084058.0,0.02642206988585305,1336.0,1703.0,-367.0,-0.21550205519671173,6060.0,6171.0,-111.0,-0.01798736023334957,107,71,36,30.08060661940113,-11.444393397762187,41.52500001716332,3.39203147754491,4.4317708755137994,-1.0397393979688894,0.7567935750165016,0.7498752476097876,0.006918327406713942
Top 8 vs Bottom 8,0.025,1977,1676473,New York  Times,1676506,Cleveland Indians,71379594.5308642,70534544.72839506,845049.8024691343,0.011980651547736532,22692.69974040001,18703.82928450122,3988.870455898792,0.21326490929876796,7021.306439340537,6824.696779808529,196.60965953200775,0.028808556024598087,29569708.388888888,31272340.74074074,-1702632.3518518507,-0.05444531210398673,41809886.141975306,39207883.0,2602003.141975306,0.06636428551817763,1303.0493827160494,1671.9753086419753,-368.92592592592587,-0.2206527357306357,5954.716049382716,5745.0,209.71604938271594,0.03650409910926311,88,68,20,14.073438062929466,-9.43527020853626,23.508708271465725,3.593761968094782,4.27919481697556,-0.6854328488807777,0.7229442278646243,0.7422567209921671,-0.019312493127542796
Top 8 vs Bottom 8,0.025,1977,1676510,Kansas City Monarchs,1676156,Montreal Cobblestones,66917473.0,66969341.61728395,-51868.617283947766,-0.0007745128745683116,20823.29007633588,18253.087363164657,2570.202713171224,0.1408092046038183,6025.32027424094,6495.889311714097,-470.56903747315664,-0.07244104923779648,30006361.0,27708186.61728395,2298174.3827160485,0.08294207103695772,36911112.0,39261155.0,-2350043.0,-0.05985669550475525,1441.0,1518.0,-77.0,-0.050724637681159424,6126.0,6044.0,82.0,0.013567174056915876,84,59,25,15.999210665169228,-15.66251115584696,31.661721821016187,3.827633673837613,4.365146188991362,-0.5375125151537494,0.7135033164707801,0.7226728526472534,-0.009169536176473314
Top 8 vs Bottom 8,0.025,1977,1676655,Milwaukee Brewers,1676343,Texas Rangers,86216318.33950618,86535668.5123967,-319350.17289051414,-0.003690387771659309,24196.587611309456,24299.702668220303,-103.11505691084676,-0.004243469902440511,8461.92346757089,7224.854733910891,1237.0687336599995,0.17122402860968822,36397940.95679013,40678302.25925926,-4280361.302469134,-0.10522467912226674,50018377.38271605,46701461.0,3316916.3827160522,0.0710238247731918,1504.2592592592591,1674.0246913580247,-169.7654320987656,-0.10141154606330582,5910.993827160493,6464.0,-553.0061728395067,-0.08555169753086422,113,94,19,8.93492789391155,-11.556133170581194,20.491061064492744,3.3749833052689904,3.406804661597688,-0.031821356328697536,0.8037383524332667,0.7814870661045793,0.022251286328687447
Top 8 vs Bottom 8,0.025,1977,1676714,Baltimore Orioles 1977,1676286,Georgia Dawgs,64211762.87654321,63308500.69135802,903262.1851851866,0.01426762875950538,19215.084797555384,20300.71544715447,-1085.6306495990866,-0.053477457601192935,6292.202711371335,5705.850442154001,586.3522692173337,0.10276334354743111,25152546.0,29963856.0,-4811310.0,-0.16057045528452685,38024635.48148148,33106048.691358022,4918586.790123455,0.14857063843464346,1309.0,1476.0,-167.0,-0.11314363143631434,6043.135802469135,5802.123456790123,241.01234567901247,0.041538644855438234,73,48,25,6.914726556525452,-27.36016585000909,34.27489240653454,4.19212687394958,4.158320829268293,0.03380604468128734,0.7083402702208813,0.6671810467923622,0.041159223428519076
Top 8 vs Bottom 8,0.025,1978,1687230,Chicago Cornhuskers,1688604,Cleveland Indians,74433652.25925925,74044515.59876543,389136.6604938209,0.00525544204519468,20831.84421460892,19892.511491181187,939.3327234277313,0.04722041879147132,6400.693926158757,5989.919252995308,410.7746731634488,0.06857766454164427,32226863.0,37218889.0,-4992026.0,-0.13412614223922692,38916930.25925926,37461200.38876544,1455729.8704938218,0.03885966961513576,1547.0,1871.0,-324.0,-0.17316942811330838,6080.111111111111,6254.040965582743,-173.9298544716321,-0.027810795520656684,95,69,26,12.909999999999975,-22.210000000000008,35.11999999999998,3.8490220361990946,4.047553535542491,-0.19853149934339642,0.7577062781333188,0.6913451224327137,0.06636115570060508
Top 8 vs Bottom 8,0.025,1978,1687245,New York Times,1687267,Toronto Blue Jays,72704372.0,73762306.96296297,-1057934.9629629701,-0.014342487464419684,23337.75806451613,20025.29114733872,3312.4669171774076,0.1654141701514098,7074.548244870273,6048.2182567287,1026.3299881415733,0.16969129495281887,30385761.0,32460626.111111112,-2074865.111111112,-0.06391944209606282,41718611.0,41701680.85185185,16930.148148149252,0.0004059823921316319,1302.0,1620.9814814814815,-318.9814814814815,-0.19678292758159777,5897.0,6894.87037037037,-997.8703703703704,-0.14472648748532857,113,75,38,30.86000000000011,-8.85000000000008,39.71000000000019,3.4494505061443927,4.017552154787337,-0.5681016486429442,0.7406562149567577,0.7140516290516569,0.02660458590510084
Top 8 vs Bottom 8,0.025,1978,1688706,Houston Colt .45s '78,1687233,Baltimore Orioles 1978,64359080.0,64300919.0,58161.0,0.0009045127333249248,18768.0439481268,19354.550299800132,-586.5063516733317,-0.03030327972432345,6223.04012345679,5929.497022825009,293.5431006317813,0.049505565059197565,26050045.0,29051180.0,-3001135.0,-0.10330509810616983,38309035.0,35849739.0,2459296.0,0.06860010891571622,1388.0,1501.0,-113.0,-0.07528314457028651,6156.0,6046.0,110.0,0.01819384717168382,70,55,15,3.4099999999999797,-19.310000000000016,22.719999999999995,4.227513071325649,4.09057817721519,0.13693489411045867,0.7515823999837556,0.7060126593450214,0.0455697406387342
Top 8 vs Bottom 8,0.025,1978,1688748,New York Eagles,1687289,Montreal Cobblestones,56308219.0,56593124.0,-284905.0,-0.005034268827428523,21252.04505928854,19238.14541547278,2013.8996438157592,0.10468262924117555,5429.363833634719,5398.8149963689175,30.54883726580192,0.0056584338019265434,26883837.0,26856451.0,27386.0,0.0010197177579420735,30024382.0,29736673.0,287709.0,0.009675224931854354,1265.0,1396.0,-131.0,-0.09383954154727792,5530.0,5508.0,22.0,0.003994190268700182,58,53,5,2.829999999999977,-11.520000000000008,14.349999999999985,3.849035928063241,4.290328068767908,-0.44129214070466727,0.6815588459855334,0.6797128107843138,0.0018460352012196202
Top 8 vs Bottom 8,0.025,1979,1700417,Pittsburg Tanagers,1700682,St. Louis Perfectos '79,72443299.08641975,72559499.0,-116199.91358025372,-0.00160144316294486,22448.628141906873,21043.15241882041,1405.4757230864634,0.06679016979554087,7502.342560553633,7005.215793991416,497.1267665622172,0.07096523236138097,31247936.086419754,31754117.0,-506180.91358024627,-0.015940638928181983,41195363.0,40805382.0,389981.0,0.009557097149586857,1391.9753086419753,1509.0,-117.02469135802471,-0.07755115398146106,5491.0,5825.0,-334.0,-0.057339055793991456,108,75,33,24.852047257414632,-11.2896708831716,36.141718140586235,3.606541904691796,3.8219948714380383,-0.21545296674624215,0.8218294959752321,0.7664805640858369,0.05534893188939527
Top 8 vs Bottom 8,0.025,1979,1700447,Montreal Islands,1700435,Cleveland Indians,55772482.0,56486669.90123457,-714187.9012345672,-0.012643476814676924,18548.98376383764,17743.851808712752,805.1319551248889,0.04537526371413603,5858.242638623327,5896.574083840653,-38.33144521732538,-0.0065006298016964115,25133873.0,22944990.98765432,2188882.012345679,0.09539694365203366,30638609.0,33541678.913580246,-2903069.9135802463,-0.08655112110100316,1355.0,1293.1234567901236,61.876543209876445,0.047850453013566385,5230.0,5688.333333333333,-458.33333333333303,-0.08057427483152646,64,37,27,8.744221569719635,-36.50028695188988,45.24450852160952,4.447200411070111,4.41870491381763,0.02849549725248046,0.6926344954302103,0.6950355492587166,-0.0024010538285063054
Top 8 vs Bottom 8,0.025,1979,1700487,Minnetonka Moon Dawgs,1700406,Philly CRYPTKEEPERS,72865418.6111111,74689918.0,-1824499.3888888955,-0.024427652857898385,20069.112679977723,19313.608163265308,755.5045167124154,0.03911773037569399,7441.216265560166,6602.811466058186,838.40479950198,0.12697694062776255,28032090.61111111,28391004.0,-358913.3888888918,-0.012641799807040721,44833328.0,46298914.0,-1465586.0,-0.03165486775780524,1396.7777777777778,1470.0,-73.22222222222217,-0.04981103552532118,6025.0,7012.0,-987.0,-0.1407586993725043,94,66,28,13.66851816098722,-24.284206548018982,37.952724709006205,3.934101564473788,4.275615219047619,-0.34151365457383154,0.8110892009460581,0.7307214286081004,0.08036777233795767
Top 8 vs Bottom 8,0.025,1980,1711450,Milwaukee Brewers,1711603,Seattle Sea Snakes,72380877.0,72605427.33333333,-224550.33333332837,-0.0030927485944324262,23429.78680879414,21718.98281487927,1710.8039939148694,0.07876998699694293,6520.547923602593,6369.729386892178,150.81853671041517,0.023677385262358852,35168110.0,33280721.333333332,1887388.666666668,0.05671117064329656,37212767.0,39167466.0,-1954699.0,-0.049906189999628814,1501.0,1532.3333333333333,-31.333333333333258,-0.020448118338046495,5707.0,6149.0,-442.0,-0.07188160676532773,89,70,19,15.250000000000009,-8.910000000000007,24.160000000000018,3.463469223184543,3.4788677796388954,-0.015398556454352175,0.7516089349220257,0.7037611044722718,0.047847830449753936
Top 8 vs Bottom 8,0.025,1980,1711455,Cleveland Indians,1711809,Oakland Bagchuckers,60498227.74074074,60364561.197530866,133666.54320987314,0.0022143214587857507,20133.70065075922,19132.92795693155,1000.7726938276683,0.052306301266613175,5864.864400150232,6094.989753943946,-230.12535379371457,-0.03775647918764835,27844908.0,26413361.35802469,1431546.6419753097,0.054197821419665226,32580480.234567903,33951199.83950617,-1370719.6049382687,-0.040373230148505024,1383.0,1380.5185185185185,2.4814814814815236,0.0017974995975746921,5555.197530864198,5570.345679012345,-15.148148148146902,-0.0027194269478142408,65,56,9,10.060000000000002,-14.610000000000012,24.670000000000016,4.179252171366595,4.134033296641091,0.04521887472550379,0.6958154089828011,0.6886673048976282,0.007148104085172968
Top 8 vs Bottom 8,0.025,1980,1711504,Montreal Islands,1712036,Kansas City Monarchs,64812541.02469136,64714363.0,98178.02469135821,0.0015170979074823343,20506.900160421137,20700.835365853654,-193.93520543251725,-0.009368472431427355,6072.641399623871,5388.851553872851,683.78984575102,0.1268897164665066,29432844.91975309,30554433.0,-1121588.0802469105,-0.03670786757021183,35379696.10493827,34159930.0,1219766.1049382687,0.03570751184028387,1435.2654320987654,1476.0,-40.73456790123464,-0.027597945732543816,5826.08024691358,6339.0,-512.9197530864203,-0.08091493186408272,67,64,3,3.5499999999999643,-13.349999999999984,16.89999999999995,3.923483102527601,3.64765772899729,0.27582537353031134,0.6824825598379998,0.6765334397223537,0.005949120115646078
Top 8 vs Bottom 8,0.025,1980,1711733,St. Louis Perfectos '80,1711483,New York Nutcrackers,75451779.0,73951300.56172839,1500478.438271612,0.02029008857010073,23316.470233609645,19570.55837264151,3745.9118609681354,0.1914054668059293,6790.362013729977,6558.345835096313,232.0161786336639,0.035377240613334804,30940956.0,33191667.0,-2250711.0,-0.06780951978097394,44510823.0,40759633.5617284,3751189.438271597,0.09203197159735521,1327.0,1696.0,-369.0,-0.21757075471698117,6555.0,6214.925925925926,340.0740740740739,0.054718926360076914,85,70,15,4.270000000000018,-11.020000000000008,15.290000000000028,3.4213484611906555,4.1113250790094344,-0.689976617818779,0.7411330137147216,0.7273179308037798,0.0138150829109418
Top 8 vs Bottom 8,0.025,1981,1721881,Chicago Thunderbears,1722194,Newark Bears,75249146.0,74420257.0,828889.0,0.011137948636753547,23326.939820270443,22636.937578027464,690.0022422429793,0.030481253918053453,5908.779433878862,5948.5781889634845,-39.798755084622826,-0.006690465153246561,33969496.12962963,36264374.0,-2294877.870370373,-0.06328188294027559,34903123.64197531,36327967.0,-1424843.3580246866,-0.03922166517120784,1456.2345679012344,1602.0,-145.7654320987656,-0.09098965798924197,5906.993827160494,6107.0,-200.00617283950578,-0.032750314858278284,85,73,12,18.350000000000065,-13.559999999999995,31.91000000000006,3.427438845140096,3.775321945068664,-0.34788309992856803,0.7172812593116759,0.699586764892746,0.017694494418929896
Top 8 vs Bottom 8,0.025,1981,1721888,New York  Times,1722113,San Francisco Quake,77940187.0,77309839.0,630348.0,0.00815352881539444,22848.362573099417,22108.57571397078,739.7868591286388,0.03346153405355534,7629.29024350384,6423.04055054018,1206.24969296366,0.18780041686989102,31256560.0,34047888.96296296,-2791328.9629629627,-0.08198243850005937,46683627.0,43400485.0,3283142.0,0.07564758780921466,1368.0,1540.030864197531,-172.03086419753095,-0.11170611459606794,6119.0,6757.0,-638.0,-0.09442060085836912,110,77,33,19.260000000000012,-14.92000000000001,34.18000000000002,3.327817435672515,3.658150784784656,-0.33033334911214096,0.7573380710737047,0.7291081145182774,0.02822995655542726
Top 8 vs Bottom 8,0.025,1981,1722367,Detroit supremes,1722927,1981 Toronto Blue Jays,68415150.0,67213011.0,1202139.0,0.017885510292047435,20589.79111111111,18825.062362897817,1764.7287482132924,0.0937435804564124,6570.5163377547715,5613.276356514218,957.2399812405538,0.17053141880849587,27796218.0,33585073.2962963,-5788855.2962962985,-0.1723639321917062,40618932.0,35488588.41975309,5130343.58024691,0.14456319083661673,1350.0,1784.0617283950617,-434.06172839506166,-0.24329972527662636,6182.0,6322.259259259259,-140.25925925925912,-0.02218499012893893,83,67,16,12.800000000000011,-12.550000000000006,25.350000000000016,3.877167934814815,4.042411944169567,-0.16524400935475203,0.7163026846004529,0.6762649294245493,0.04003775517590358
Top 8 vs Bottom 8,0.025,1981,1722915,Oakland Bagchuckers,1722309,New York Nutcrackers,69376573.0,69117767.0,258806.0,0.003744420736277565,23360.966147083807,19203.285084959098,4157.68106212471,0.21650884438419338,6101.850270329218,6277.032032520326,-175.18176219110774,-0.02790837473562635,31232169.7037037,30514020.0,718149.7037037015,0.02353507350731565,35920010.58024691,38603747.0,-2683736.4197530895,-0.0695201017598911,1336.9382716049383,1589.0,-252.06172839506166,-0.15862915569229807,5886.740740740741,6150.0,-263.2592592592591,-0.04280638361939171,75,67,8,4.909999999999992,-12.990000000000013,17.900000000000006,3.3831834633398583,4.198301603524229,-0.8151181401843703,0.6919852717211309,0.697725836195122,-0.005740564473991072
Top 8 vs Bottom 8,0.025,1982,1733438,Cincinnati Skyline,1733461,Montreal ISLANDS,64196649.0,64530446.40740741,-333797.40740741044,-0.005172711890136461,20640.069071373753,19117.328638497653,1522.7404328761004,0.07965236470380455,6774.9071921540135,6036.597703866109,738.3094882879041,0.12230556424441819,26894010.0,28503937.0,-1609927.0,-0.056480864380243356,37302639.0,35946262.493827164,1356376.5061728358,0.03773345021351693,1303.0,1491.0,-188.0,-0.12608987256874582,5506.0,5954.722222222223,-448.7222222222226,-0.07535569342725201,88,60,28,29.61765440350048,-11.91773751993609,41.53539192343657,3.825508292402149,4.219191356136821,-0.393683063734672,0.729078256629132,0.6701783634790315,0.05889989315010047
Top 8 vs Bottom 8,0.025,1982,1733467,St. Louis Perfectos '82,1733526,Kansas City Monarchs,76245184.0,75943554.44444445,301629.55555555224,0.003971759786094875,22462.255163224516,21637.243993593165,825.0111696313506,0.03812921691300608,7239.036425531915,5767.819202237842,1471.217223294073,0.25507339458963263,33715845.0,40526558.0,-6810713.0,-0.16805555014072504,42529339.0,36198192.44444445,6331146.555555552,0.17490228456220147,1501.0,1873.0,-372.0,-0.198611852642819,5875.0,6275.88888888889,-400.8888888888896,-0.06387762689658849,99,67,32,12.64941463228677,-25.599112263519107,38.24852689580588,3.6603801105929383,3.54515141324079,0.11522869735214814,0.7644164623489361,0.6953993140360816,0.06901714831285455
Top 8 vs Bottom 8,0.025,1982,1733480,Milwaukee Brewers,1733421,Baltimore Orioles,67529038.0,68823217.0,-1294179.0,-0.018804395615508618,21675.06596491228,19573.15318545074,2101.912779461538,0.10738754045127208,6780.677444355031,5835.611943435851,945.0655009191805,0.16194796879566864,30886969.0,29118327.555555556,1768641.444444444,0.06073980179905636,36616997.5925926,36330430.66666667,286566.9259259254,0.007887793253958053,1425.0,1487.6666666666667,-62.66666666666674,-0.042124131749944005,5400.197530864198,6225.641975308642,-825.4444444444443,-0.13258784358596565,86,70,16,17.548518746846486,-9.400959830619914,26.9494785774664,3.7720938652631575,4.06484501142729,-0.2927511461641328,0.7392673447800263,0.6959960278606798,0.04327131691934649
Top 8 vs Bottom 8,0.025,1982,1733592,New York Eagles,1733659,New York Nutcrackers,70351755.0,69703149.62962963,648605.3703703731,0.009305251969484285,25859.41472868217,18894.355212633196,6965.059516048976,0.36863176528998354,6183.036937990974,6243.341700030797,-60.30476203982289,-0.009659051984856948,33358645.0,29158888.62962963,4199756.370370369,0.1440300562794019,36993110.0,40544261.0,-3551151.0,-0.08758702002238983,1290.0,1543.2592592592594,-253.25925925925935,-0.1641067485840454,5983.0,6494.0,-511.0,-0.07868801971050199,104,53,51,30.09417401960244,-30.661464569709207,60.755638589311644,2.976197515503876,4.2941038635163675,-1.3179063480124915,0.7300703722212936,0.6835758908684938,0.046494481352799766
Top 8 vs Bottom 8,0.025,1982,1734606,Newark Ironborn Bears,1733488,Minnesota Twins,66123620.0,67491292.0,-1367672.0,-0.020264421667909427,21816.563270863368,20790.388383484955,1026.1748873784127,0.04935813936951572,5978.879164772691,6487.264251373626,-508.3850866009352,-0.07836663759970752,30266845.444444444,29709465.0,557380.444444444,0.018761039434552096,35887373.33333333,37781827.0,-1894453.6666666716,-0.05014192846382659,1387.3333333333333,1429.0,-41.66666666666674,-0.029157919290879408,6002.358024691358,5824.0,178.35802469135797,0.03062466083299409,80,43,37,10.41478771587756,-42.65340198345352,53.06818969933108,3.660722472609323,3.877195480755773,-0.21647300814644987,0.7082223795740769,0.741889257967033,-0.03366687839295612
Top 8 vs Bottom 8,0.025,1983,1744932,New York Eagles,1746068,Oakland Bagchuckers,65754070.0,65759676.0,-5606.0,-8.52498117539513e-05,20796.664086687302,20678.66830639494,117.99578029236363,0.0057061595332941195,6307.344687753447,6239.571283110464,67.77340464298322,0.010861868799613816,26869290.0,29425745.0,-2556455.0,-0.08687817419745869,38884780.0,39035802.46,-151022.4600000009,-0.00386881914762105,1292.0,1423.0,-131.0,-0.09205903021784967,6165.0,6256.167401382811,-91.16740138281057,-0.014572404402519612,84,66,18,12.964658233600112,-11.156708146016747,24.12136637961686,3.846786438854489,3.92822418411806,-0.08143774526357106,0.7315658913381995,0.7120223143227885,0.019543577015410984
Top 8 vs Bottom 8,0.025,1983,1744955,Cincinnati Skyline,1745013,New York Nutcrackers,66940133.654320985,66639240.654320985,300893.0,0.00451525253057472,22947.97798972854,20320.05060240964,2627.9273873189013,0.12932681314323458,6500.274083458957,5996.688942880653,503.58514057830416,0.08397719898014167,31278094.0,33731284.0,-2453190.0,-0.0727274419793803,36884865.67,34730335.93,2154529.740000002,0.06203596027238323,1363.0,1660.0,-297.0,-0.17891566265060244,5674.355449697076,5791.585366660098,-117.22991696302142,-0.020241420878964966,87,64,23,15.721883466352503,-14.006784761171064,29.728668227523567,3.35359433382245,4.074254860843373,-0.7206605270209234,0.7313414643600462,0.7218232816866641,0.009518182673382114
Top 8 vs Bottom 8,0.025,1983,1744966,Texas Rangers,1745221,Minnesota Twins,74720157.04320988,75622916.0,-902758.9567901194,-0.011937637485310959,24743.209009556875,24919.911468812876,-176.70245925600102,-0.007090814085641606,6800.736461457047,6249.361827443489,551.3746340135576,0.08822895028933142,36166782.04320988,37155588.0,-988805.9567901194,-0.026612577273440574,38553375.0,39258491.0,-705116.0,-0.017960853360359685,1461.685185185185,1491.0,-29.31481481481501,-0.019661176938172376,5669.0,6282.0,-613.0,-0.09758038841133398,95,78,17,6.835429585134145,-15.51032583544474,22.345755420578886,3.2202197643764814,3.258389352783367,-0.03816958840688578,0.76072811896278,0.7179927088666029,0.042735410096177096
Top 8 vs Bottom 8,0.025,1983,1745123,Newark Ironborn Bears,1745143,Montreal Islands,69734830.41975309,70908464.30864197,-1173633.8888888806,-0.01655139341024825,21261.67470760234,21799.651933701654,-537.9772260993159,-0.02467824842962829,6802.6968484242125,6694.020269119401,108.67657930481164,0.016234874550074885,29085971.0,31565896.0,-2479925.0,-0.07856342807440031,40795773.0,39300593.0,1495180.0,0.038044718561880186,1368.0,1448.0,-80.0,-0.05524861878453036,5997.0,5871.0,126.0,0.02146142054164546,99,73,26,21.726583601819872,-10.858767227899424,32.585350829719296,3.679498403508772,3.813783502071824,-0.13428509856305215,0.733039244155411,0.7179945281894056,0.015044715966005429
Top 8 vs Bottom 8,0.025,1984,1758224,Detroit Supremes 84,1758223,Houston Hounds,75805624.0,76454917.0,-649293.0,-0.008492494995449462,22618.926171391988,22634.88045540797,-15.954284015981102,-0.0007048539110869889,7091.079798931825,6522.721892542101,568.3579063897241,0.08713508191106056,30224123.43,35785746.0,-5561622.57,-0.15541446502191125,45141814.0,40669171.0,4472643.0,0.10997625203621686,1336.2315788548322,1581.0,-244.76842114516785,-0.1548187357021934,6366.0,6235.0,131.0,0.021010425020048018,105,78,27,13.600326782401815,-16.95345145118776,30.553778233589576,3.5228886336630967,3.518963831752056,0.003924801911040721,0.7620579889098332,0.7454449903448276,0.016612998565005643
Top 8 vs Bottom 8,0.025,1984,1758310,Cincinnati Skyline,1758278,New York Nutcrackers,71856998.0,72455966.0,-598968.0,-0.008266648463426729,24192.807275541796,23091.894904458597,1100.912371083199,0.04767527202242006,7229.32532051282,5696.793375140698,1532.5319453721222,0.26901659309949477,31257107.0,36254275.0,-4997168.0,-0.13783665512549903,40599891.0,35428358.0,5171533.0,0.1459715688771126,1292.0,1570.0,-278.0,-0.17707006369426748,5616.0,6219.0,-603.0,-0.09696092619392183,95,57,38,12.359918136186776,-33.43117863523233,45.791096771419106,3.3158825534055723,3.5090475331210196,-0.19316497971544733,0.7306709314280626,0.7163695882456986,0.01430134318236398
Top 8 vs Bottom 8,0.025,1984,1758311,Minnesota Upper Midwestern Dialects,1758470,Kansas City Monarchs,60753927.0,60225955.0,527972.0,0.008766519351997015,20791.56179775281,20122.494575622208,669.0672221306013,0.033249715616330944,5363.652795838751,4984.194198367205,379.45859747154645,0.07613238617304585,27756735.0,31531949.0,-3775214.0,-0.1197266302821941,32997192.0,28694006.0,4303186.0,0.14996811529209264,1335.0,1567.0,-232.0,-0.14805360561582637,6152.0,5757.0,395.0,0.0686121243703317,81,34,47,23.25329624518975,-47.72458824904868,70.97788449423842,3.7781099385767782,3.9624875583918313,-0.18437761981505307,0.6866204706762029,0.6421545504950494,0.04446592018115347
Top 8 vs Bottom 8,0.025,1984,1758335,New York  Times,1758205,Baltimore Firebirds of '84,61907111.0,60979032.0,928079.0,0.015219641400670225,20362.784643663865,19658.28223495702,704.502408706845,0.0358374348423014,6875.0049613018455,5585.105012744265,1289.8999485575805,0.23095357126038762,26833434.57,27442962.0,-609527.4299999997,-0.022210701235529928,34643150.0,32868343.0,1774807.0,0.053997458892284245,1317.7684211451678,1396.0,-78.23157885483215,-0.05603981293326088,5039.0,5885.0,-846.0,-0.14375531011045029,75,51,24,11.38453699392208,-22.446074868616815,33.830611862538895,3.861835016875096,4.114251468481376,-0.2524164516062797,0.7624515745187538,0.7106748773661853,0.051776697152568496
Top 8 vs Bottom 8,0.025,1984,1758449,Texas Rangers,1758249,Oakland Nights,66905813.0,67579275.0,-673462.0,-0.009965510875930561,21792.17647058823,21110.959704499663,681.216766088568,0.032268394029636216,6048.352626296421,5966.663101604278,81.68952469214219,0.013690989972297674,30748761.0,31434219.0,-685458.0,-0.021806108814092062,36157052.0,34588746.0,1568306.0,0.04534151079082194,1411.0,1489.0,-78.0,-0.05238415043653455,5978.0,5797.0,181.0,0.031223046403312082,91,68,23,20.18262359982927,-11.903552313455624,32.08617591328489,3.5802322388377044,3.7728694325050367,-0.19263719366733234,0.7188797734861158,0.6845529346213558,0.034326838864759956
Top 8 vs Bottom 8,0.025,1985,1772969,Newark Ironbound Bears,1773410,Toronto ModernDayWarriors,66831275.82608695,65334705.70186336,1496570.12422359,0.02290620441534963,24373.709727626458,21043.256075722693,3330.4536519037647,0.15826703053554825,5724.8805361417335,6822.808958277979,-1097.928422136246,-0.16092029380423312,31320217.0,27419362.666666664,3900854.333333336,0.14226641154119712,34944494.09876543,38200444.08024692,-3255949.981481485,-0.08523330186009814,1285.0,1302.9999999999998,-17.999999999999773,-0.013814274750575395,6103.969135802469,5598.932098765432,505.0370370370374,0.09020238647802103,100,56,44,32.038823806204505,-23.206053476180458,55.24487728238496,3.149730842801556,3.830550361985163,-0.6808195191836068,0.715634802898539,0.7523992961897495,-0.036764493291210565
Top 8 vs Bottom 8,0.025,1985,1772975,New York  Times,1773274,St. Louis Perfectos '85,76139249.0,74843624.36024845,1295624.6397515535,0.017311088964843124,27116.917628945343,23399.368799424876,3717.548829520467,0.15887389362450843,7233.867220650636,7098.102286039564,135.76493461107202,0.019126934093087522,35224876.0,32548522.0,2676354.0,0.08222659081109729,40914753.0,42488363.975308634,-1573610.9753086343,-0.03703628071495313,1299.0,1391.0,-92.0,-0.06613946800862691,5656.0,5985.876543209877,-329.8765432098771,-0.05510914580824011,94,75,19,5.811919150382305,-13.059912465826928,18.871831616209235,2.9985003256351037,3.5246283033788637,-0.52612797774376,0.7582016920261668,0.7592261152965003,-0.0010244232703334744
Top 8 vs Bottom 8,0.025,1985,1772983,New York Nutrackers,1773022,Cleveland Wahoos,64154151.0,63810430.63975155,343720.36024844646,0.0053865858105386355,21256.605654761905,20649.854558107167,606.7510966547379,0.02938282664158165,6060.726573187415,5958.659556959873,102.0670162275419,0.01712919076041608,28568878.0,29673841.0,-1104963.0,-0.037236938756934124,35443129.0,34596713.02469136,846415.9753086418,0.024465213637623995,1344.0,1437.0,-93.0,-0.06471816283924847,5848.0,5806.123456790123,41.87654320987713,0.00721247894942767,85,52,33,24.395722231675563,-23.446532046064338,47.8422542777399,3.8308210438988106,3.795399671537927,0.03542137236088383,0.7432380889021888,0.7032617865159391,0.03997630238624972
Top 8 vs Bottom 8,0.025,1985,1772989,Montreal Royales,1773327,San Francisco Quake,70432162.0,71185094.0,-752932.0,-0.01057710199834816,19265.40871236387,18780.61318830727,484.7955240566007,0.02581361530615167,6839.010470334054,6502.252433090024,336.75803724402977,0.05179098177275687,30073303.0,27626282.0,2447021.0,0.08857583514133394,41150326.0,42758812.0,-1608486.0,-0.037617649433291045,1561.0,1471.0,90.0,0.061182868796736845,6017.0,6576.0,-559.0,-0.08500608272506083,97,68,29,23.425831767787276,-14.718158185649688,38.143989953436964,4.18982600768738,4.380759188987083,-0.1909331812997035,0.724891770117999,0.7214624107512166,0.0034293593667823474
Top 8 vs Bottom 8,0.025,1985,1772994,Kansas City Monarchs,1772944,Baltimore Firebirds of '85,59550060.0,59633770.0,-83710.0,-0.0014037348301139119,18268.116219667943,21881.545665634676,-3613.4294459667326,-0.1651359324054371,5439.109142570616,5743.727486437613,-304.61834386699684,-0.053034957627477564,28607870.0,28270957.0,336913.0,0.011917283168022985,32542190.0,31762813.0,779377.0,0.02453740479472022,1566.0,1292.0,274.0,0.21207430340557276,5983.0,5530.0,453.0,0.08191681735985523,68,60,8,6.600075513618964,-5.803825864739586,12.403901378358551,4.414526130906769,3.659334753869969,0.7551913770368004,0.6794331787731906,0.7126770519168174,-0.033243873143626756
Top 8 vs Bottom 8,0.025,1985,1773044,Pittsburgh Tanagers,1773288,Oakland Knights,77908023.0,76826233.0,1081790.0,0.014080997567588627,23180.04432505037,20663.56873479319,2516.4755902571815,0.12178320320922853,7639.667195207893,6443.906976744186,1195.7602184637071,0.18556447552380262,34515086.0,33970907.0,544179.0,0.016018971763102963,43362751.0,44611168.0,-1248417.0,-0.02798440516060907,1489.0,1644.0,-155.0,-0.09428223844282235,5676.0,6923.0,-1247.0,-0.18012422360248448,98,73,25,6.282648984159134,-22.855167385902988,29.137816370062122,3.490216547347213,3.924165721411192,-0.4339491740639789,0.8150119594432698,0.6954581458182869,0.11955381362498285
Top 8 vs Bottom 8,0.025,1986,1786567,Texas Rangers,1786770,Oakland Nights,77855357.33333333,79180747.0,-1325389.6666666716,-0.016738787102711594,25330.87105816398,20421.69006721434,4909.180990949641,0.240390534514624,6685.376649799155,7114.881464872945,-429.50481507379027,-0.06036710761722586,36147153.0,27344643.0,8802510.0,0.32190985269034234,42717328.333333336,47598557.0,-4881228.666666664,-0.10254992954233177,1427.0,1339.0,88.0,0.0657206870799103,6389.666666666667,6690.0,-300.33333333333303,-0.044892874937717986,112,74,38,19.324686729312575,-23.710478420405646,43.035165149718225,3.1063606405045556,4.062002919342794,-0.9556422788382379,0.7732205865564193,0.744858165949178,0.028362420607241368
Top 8 vs Bottom 8,0.025,1986,1786619,New York Eagles,1786689,Chicago Cornhuskers,65133431.0,66707273.666666664,-1573842.6666666642,-0.023593269221750646,21607.925096525098,20293.398,1314.5270965250966,0.06477609597589806,6485.888268156425,5850.173674588666,635.714593567759,0.10866593522327483,27982263.0,30440097.0,-2457834.0,-0.08074330380747474,37151168.0,36267176.666666664,883991.3333333358,0.024374418264154984,1295.0,1500.0,-205.0,-0.13666666666666671,5728.0,6199.333333333333,-471.33333333333303,-0.07602968061081827,76,68,8,1.431298742225362,-8.621902929227653,10.053201671453015,3.635825711969112,3.99867921,-0.36285349803088796,0.7097622807786313,0.7027339630497903,0.007028317728841049
Top 8 vs Bottom 8,0.025,1986,1786863,Newark Ironbound Bears,1786620,New York Nutrackers,67521176.0,67649838.0,-128662.0,-0.0019018818640778035,26421.045245398775,20289.580058224165,6131.46518717461,0.30219773743859646,5942.537342558098,6770.186882933709,-827.6495403756107,-0.12224914240727247,34453043.0,27877883.0,6575160.0,0.2358557857495851,33498083.0,38400500.0,-4902417.0,-0.12766544706449134,1304.0,1374.0,-70.0,-0.05094614264919939,5637.0,5672.0,-35.0,-0.006170662905500723,78,61,17,3.7214305993881647,-28.85680307856573,32.5782336779539,3.1920105475460123,3.987243839883552,-0.7952332923375396,0.7265752507007273,0.7647534425070522,-0.03817819180632498
Top 8 vs Bottom 8,0.025,1986,1787298,Toronto ModernDayWarriors,1787579,Boston Red Sox,82884400.9691358,82792677.16049382,91723.80864198506,0.0011078734471188234,23568.91173481862,22153.021195996043,1415.8905388225758,0.06391410572380463,6921.67790280091,7295.894126394052,-374.2162235931428,-0.05129134511962785,38083869.67283951,33715804.28395062,4368065.388888888,0.129555426057808,42866592.14814815,49064888.0,-6198295.851851851,-0.12632854378169278,1615.8518518518515,1521.9506172839506,93.90123456790093,0.06169795097259834,6193.092592592593,6725.0,-531.9074074074069,-0.07909403827619432,108,97,11,3.1862775726431147,-7.1460217591346575,10.332299331777772,3.62631578824761,3.8187347465565633,-0.1924189583089535,0.7773670976918727,0.7835242393308551,-0.0061571416389824
Top 8 vs Bottom 8,0.025,1987,1798110,Detroit Supremes,1798794,San Francisco Quake,65970108.969135806,66773283.86419753,-803174.8950617239,-0.01202838693234276,20231.659385323237,19789.12729798835,442.53208733488646,0.022362385196232015,6460.163334911758,5717.3542593293805,742.8090755823778,0.12992182080903736,28391637.117283948,29190062.160493825,-798425.0432098769,-0.027352632509651698,37390946.85185186,37467940.0,-76993.1481481418,-0.0020549074261393407,1403.3271604938273,1475.0555555555557,-71.7283950617284,-0.04862758883323082,5787.925925925926,6553.37037037037,-765.4444444444443,-0.11680164574632224,84,68,16,18.600702160090997,-9.515019445711348,28.115721605802342,4.0423870377717845,4.143288813725367,-0.10090177595358263,0.7575589360312657,0.7084159089498758,0.049143027081389845
Top 8 vs Bottom 8,0.025,1987,1798122,Chicago Cornhuskers,1798424,Kansas City Monarchs,68853763.85802469,69719105.7962963,-865341.9382716119,-0.012411833576867037,20634.591549474375,19340.3001080394,1294.2914414349762,0.06692199367149243,6366.004259154274,6093.1130869576255,272.89117219664877,0.04478682215512708,30133763.98148148,28177742.7962963,1956021.1851851828,0.06941724180413367,37846366.87654321,39987860.0,-2141493.123456791,-0.05355358159843493,1460.351851851852,1456.9444444444446,3.4074074074073906,0.002338735303463624,5945.074074074074,6562.7962962962965,-617.7222222222226,-0.09412485080038724,84,57,27,11.001301503282136,-25.738781727674343,36.74008323095648,4.073183508933666,4.274382276796949,-0.20119876786328295,0.7288350974131504,0.7174500324119405,0.011385065001209949
Top 8 vs Bottom 8,0.025,1987,1798824,Toronto ModernDayWarriors,1798138,Texas Rangers,76343989.51851852,77829992.95679012,-1486003.438271597,-0.019092940675153325,22074.75991038915,21714.832493702772,359.92741668637973,0.01657518734214314,6767.5112148125845,7657.750577969125,-890.2393631565401,-0.11625337677068037,31507223.061728396,34483154.0,-2975930.9382716045,-0.08630100768252247,44956577.0,43346838.95679012,1609738.0432098806,0.037136226814936446,1427.2962962962963,1588.0,-160.7037037037037,-0.10119880585875551,6643.0,5660.518518518518,982.4814814814818,0.17356739992410075,97,81,16,9.060932830199908,-11.365307472240492,20.426240302440398,3.636760280129053,3.7562484074307303,-0.11948812730167724,0.7651854494505494,0.8215732903867375,-0.056387840936188094
Top 8 vs Bottom 8,0.025,1987,1798841,Cincinnati Skyline,1798475,St. Louis Perfectos '87,70604715.6111111,70447869.0,156846.6111111045,0.0022264209455520323,21323.608489140293,19378.784232365146,1944.8242567751477,0.10035842462846722,7328.046851128841,6696.045928030303,632.0009230985379,0.094384197762581,27435191.611111112,28021722.0,-586530.3888888881,-0.020931275704215713,43169524.0,42426147.0,743377.0,0.017521671246743198,1286.611111111111,1446.0,-159.3888888888889,-0.11022744736437684,5891.0,6336.0,-445.0,-0.07023358585858586,80,70,10,1.156353128527554,-10.58366738910551,11.740020517633065,3.8631386964894854,4.13886759197787,-0.2757288954883843,0.7459140749618061,0.7792142376104797,-0.03330016264867364
Top 8 vs Bottom 8,0.025,1988,1807404,Newark Ironbound Bears,1807565,Montreal Royales,66897230.0,66076153.12345679,821076.876543209,0.012426220924349307,24379.13308550186,20555.57573770492,3823.557347796941,0.18601071536923297,5627.3380630259035,6183.899942510945,-556.5618794850416,-0.0900017601609272,32789934.0,31347253.0,1442681.0,0.046022565358438294,34107296.0,34527538.12345679,-420242.12345679104,-0.012171215971268246,1345.0,1525.0,-180.0,-0.11803278688524588,6061.0,5583.456790123457,477.5432098765432,0.08552823597045944,90,66,24,17.73,-9.220000000000027,26.950000000000028,3.335787241635688,3.83100364,-0.49521639836431186,0.673367812275202,0.7134259643377702,-0.04005815206256813
Top 8 vs Bottom 8,0.025,1988,1807801,Seattle Sea Snakes,1806946,Chicago Thunderbears '88,74725269.48148148,74868623.43209876,-143353.95061728358,-0.0019147400345526089,20872.996931979746,25462.520491398063,-4589.523559418318,-0.1802462392114239,7205.617702160899,6267.509834989499,938.1078671714004,0.14967792502442423,30993308.14814815,38152286.25925926,-7158978.111111112,-0.1876421785699326,43731961.333333336,36601522.358024694,7130438.975308642,0.19481263389978443,1484.851851851852,1498.3703703703704,-13.518518518518476,-0.009022147518291446,6069.148148148148,5839.882716049383,229.2654320987649,0.03925856789361348,94,79,15,9.340000000000014,-8.730000000000027,18.070000000000043,3.61090510715622,3.060052187483522,0.5508529196726983,0.7492103759243779,0.7453548214663748,0.0038555544580031187
Top 8 vs Bottom 8,0.025,1988,1807886,Toronto ModernDayWarriors,1807859,San Francisco Quake,64441901.302469134,63163431.2962963,1278470.0061728358,0.020240667423142344,21140.682137951128,19477.683714670256,1662.998423280871,0.08537968105665095,5955.162055761862,5546.910125427185,408.2519303346762,0.07359988193485201,31349543.641975302,28943838.0,2405705.6419753022,0.08311633177242439,33092357.660493825,34445695.55555555,-1353337.8950617276,-0.039289027939035326,1482.9012345679014,1486.0,-3.0987654320986167,-0.0020853064818967537,5556.91975308642,6209.888888888889,-652.9691358024684,-0.10514989035807076,80,49,31,10.969999999999969,-32.46,43.42999999999997,3.739829557149398,3.919586393674294,-0.17975683652489582,0.7249628034677039,0.6784113046180822,0.04655149884962173
Top 8 vs Bottom 8,0.025,1989,1815838,New York Times,1815820,St. Louis Perfectos '89,70428251.67901234,70519529.0,-91277.32098765671,-0.0012943552272968173,25519.86431372549,23253.18334550767,2266.680968217821,0.09747830800361035,7219.014709116549,6555.824605998983,663.1901031175657,0.10116044021536297,32537827.0,31833608.0,704219.0,0.022121871953691308,37890424.67901235,38685921.0,-795496.3209876493,-0.020562941256785594,1275.0,1369.0,-94.0,-0.06866325785244709,5248.697530864197,5901.0,-652.3024691358032,-0.11054100476797213,101,73,28,28.57670962825649,-7.109099976365507,35.685809604622,3.0392386666666673,3.364325525200876,-0.3250868585342088,0.763445056280747,0.7186421104050161,0.04480294587573086
Top 8 vs Bottom 8,0.025,1989,1815839,Newark Ironbound Bears,1815864,Houston flyBALLERS,67461077.0,67765075.0,-303998.0,-0.004486057161450785,24176.272314674738,20568.614122681884,3607.658191992854,0.17539626979605472,5523.208197989173,6353.497307001795,-830.2891090126222,-0.1306822162492478,31961032.0,28837197.0,3123835.0,0.10832658250384042,35707541.0,38927878.0,-3220337.0,-0.08272572679147838,1322.0,1402.0,-80.0,-0.05706134094151216,6465.0,6127.0,338.0,0.05516566019259028,86,62,24,8.588022704589271,-16.197146809721417,24.785169514310688,3.3728519084720125,3.9204767788873047,-0.5476248704152922,0.686616693549884,0.7371686963603721,-0.050552002810488106
Top 8 vs Bottom 8,0.025,1989,1815959,Minnesota Upper Midwestern Dialects,1816205,Kansas City Monarchs 1989,63356384.0,63003255.018518515,353128.98148148507,0.0056049323384592675,21767.10336906585,18622.185936443544,3144.9174326223074,0.1688801434673528,5759.444372244961,6408.89404584668,-649.4496736017181,-0.10133568583843222,28427837.0,27542213.0,885624.0,0.032155150350482,33432437.52,35580795.10493827,-2148357.584938269,-0.060379695805057976,1306.0,1479.0,-173.0,-0.11697092630155514,5804.802574552594,5551.783950617284,253.01862393530973,0.04557429218894171,83,50,33,15.342271279811758,-29.87176277623531,45.21403405604707,3.596373045941807,4.315295381338744,-0.7189223353969365,0.6751493560980663,0.6891376805529087,-0.013988324454842438
Top 8 vs Bottom 8,0.05,1975,1653438,Chicago Thunderbears,1653505,San Diego Quake,72812280.16666667,74125379.0,-1313098.8333333284,-0.017714564850094483,23528.976327063177,22217.30954063604,1311.6667864271367,0.05903805697211273,6831.012715384541,6627.524607980127,203.4881074044133,0.03070348575686843,33394443.71604938,31437493.0,1956950.7160493806,0.06224894319815455,38829373.777777776,42687886.0,-3858512.222222224,-0.09038892725262204,1419.29012345679,1415.0,4.29012345679007,0.003031889368756202,5684.277777777777,6441.0,-756.7222222222226,-0.11748520761096459,88,73,15,14.431175198456248,-7.219435102154536,21.650610300610786,3.3163330483070568,3.63164126360424,-0.3153082152971831,0.7568109684265566,0.7105314461574289,0.04627952226912768
Top 8 vs Bottom 8,0.05,1975,1653498,Oakland Bagchuckers,1653581,Kansas City Monarchs,65922072.84615385,66148453.256410256,-226380.41025640815,-0.0034223084458059327,21968.27516389163,21734.44798569253,233.82717819909885,0.010758367470525387,6565.918112467567,5300.825923787529,1265.092188680038,0.23865944795563254,28049419.185185187,31807291.320987653,-3757872.1358024664,-0.11814499065259543,40676105.88888889,36724122.0,3951983.888888888,0.10761275351630983,1276.8148148148148,1463.4506172839506,-186.6358024691358,-0.12753132921937416,6195.0370370370365,6928.0,-732.9629629629635,-0.10579719442306057,78,59,19,20.321359545865224,-8.028564674676774,28.349924220542,3.579610342054882,3.62631533786628,-0.046704995811397865,0.7307142529258785,0.6867863242061201,0.04392792871975848
Top 8 vs Bottom 8,0.05,1975,1653499,Philly CRYPTKEEPERS,1653622,Montreal Cobblestones,77989750.92307693,76964939.53846154,1024811.3846153915,0.013315301626440679,20102.52131147541,18963.857653061223,1138.6636584141888,0.060043883435835665,7523.409184481394,5661.381444739416,1862.0277397419777,0.32889989093954863,30656345.0,31662618.62962963,-1006273.6296296306,-0.03178112465682059,47510329.0,40518507.0,6991822.0,0.17255872729960164,1525.0,1669.6296296296298,-144.6296296296298,-0.0866237799467614,6315.0,7157.0,-842.0,-0.11764705882352944,92,62,30,12.891954874080836,-25.193612114665576,38.085566988746415,4.044910926557376,4.215953453660159,-0.17104252710278267,0.7741907054790182,0.7124658824647199,0.06172482301429838
Top 8 vs Bottom 8,0.05,1975,1653686,St. Louis Perfectos '75,1653621,1975 Baltimore Orioles,68155384.0,67546774.29936306,608609.7006369382,0.00901019637058642,21784.4620376379,20125.538999890778,1658.9230377471213,0.08242875074084344,6169.377095968605,6125.1914840945665,44.18561187403884,0.007213751927393153,33569856.0,30709212.111111112,2860643.888888888,0.09315263050509381,34585528.0,36655868.14814815,-2070340.1481481493,-0.05648045600176965,1541.0,1525.882716049383,15.117283950617093,0.009907238473581215,5606.0,5984.444444444444,-378.44444444444434,-0.06323802450798366,80,54,26,15.327870619460436,-19.06151747345671,34.389388092917144,3.761285419857236,4.005065152245413,-0.24377973238817674,0.7180739493756688,0.6647394981878946,0.053334451187774246
Top 8 vs Bottom 8,0.05,1975,1653891,New York Eagles,1653463,SoCal Space Cadets ‘75,71577877.0,72709868.98717949,-1131991.987179488,-0.01556861541559218,27024.864069952306,20428.12700037216,6596.737069580147,0.32292422449987557,6730.0497851002865,6198.018343757857,532.0314413424294,0.08583895881467485,33997279.0,35238266.87654321,-1240987.876543209,-0.03521705198757341,37580598.0,38952326.24691358,-1371728.246913582,-0.03521556679871651,1258.0,1724.9876543209878,-466.98765432098776,-0.2707194182817555,5584.0,6284.641975308643,-700.6419753086429,-0.11148478752828783,84,66,18,15.023631012063788,-9.705483228931367,24.729114240995155,2.8401973060413357,3.95414447725516,-1.1139471712138245,0.7292209710243553,0.7079634134981221,0.02125755752623326
Top 8 vs Bottom 8,0.05,1976,1664535,Chicago Thunderbears,1664627,Montreal Cobblestones,71860465.0,68868626.0,2991839.0,0.0434426991472141,21298.538196834135,22300.255654557917,-1001.717457723782,-0.04491955039623241,7090.760658578856,6538.15961849919,552.6010400796658,0.08451935595394855,30946776.0,32536073.0,-1589297.0,-0.04884722873593261,40913689.0,36332553.0,4581136.0,0.12608901994858446,1453.0,1459.0,-6.0,-0.004112405757368043,5770.0,5557.0,213.0,0.03833003419111036,85,63,22,13.759581276580102,-9.14564598304908,22.905227259629182,3.667937380591879,3.557166685400959,0.11077069519091998,0.7619128195493933,0.7080912363325536,0.05382158321683972
Top 8 vs Bottom 8,0.05,1976,1664547,Oakland Bagchuckers,1664775,1976 Baltimore Orioles,59158570.0,61184628.0,-2026058.0,-0.03311384029334952,21302.729854182657,21772.96002710027,-470.23017291761425,-0.02159697957155715,6081.950997482084,5030.782646345688,1051.1683511363963,0.2089472801811374,27757457.0,32136889.0,-4379432.0,-0.13627429836161176,31401113.0,29047739.0,2353374.0,0.08101745888036249,1303.0,1476.0,-173.0,-0.11720867208672092,5163.0,5774.0,-611.0,-0.1058191894700381,68,48,20,18.93481715658707,-19.7072034301932,38.64202058678027,3.616879452033769,3.604515261517616,0.012364190516152895,0.7133992731551424,0.6419112259092483,0.07148804724589408
Top 8 vs Bottom 8,0.05,1976,1664563,Cincinnati Mudcats,1665523,‘76 Houston Colt .45s,78564659.0,78550400.0,14259.0,0.00018152676498139897,25632.29831387808,21856.184306569343,3776.114007308737,0.17277096286993454,6322.822880080281,6387.714778177458,-64.89189809717755,-0.010158859678404797,39525004.0,35931567.0,3593437.0,0.10000780094004802,37804158.0,42618833.0,-4814675.0,-0.11297059682511723,1542.0,1644.0,-102.0,-0.062043795620437936,5979.0,6672.0,-693.0,-0.10386690647482011,103,83,20,20.92628570461381,-3.4753337929338546,24.401619497547664,2.9941869202334637,3.5828957025547443,-0.5887087823212807,0.7715401278809164,0.7663094659022782,0.005230661978638196
Top 8 vs Bottom 8,0.05,1976,1664594,New York  Times,1664891,New York Nutcrackers,69565939.0,67634370.0,1931569.0,0.02855898561633685,23114.651073619632,19882.553391537946,3232.097682081687,0.16255948712589774,6406.310367240819,6068.174246050742,338.13612119007666,0.055722876021587764,30141505.0,29605122.0,536383.0,0.018117912163982952,39424434.0,38029248.0,1395186.0,0.0366871835067577,1304.0,1489.0,-185.0,-0.12424445936870387,6154.0,6267.0,-113.0,-0.018030955800223403,77,49,28,8.518053850468021,-28.18582788167201,36.70388173214003,3.410768290644172,4.009317001343184,-0.5985487106990117,0.7154741637309067,0.6990121818413915,0.016461981889515198
Top 8 vs Bottom 8,0.05,1976,1664611,Kansas City Monarchs,1664756,San Francisco Quake,79389648.8888889,78354514.0,1035134.8888888955,0.013210915824056979,23154.959131960237,21586.365805168985,1568.5933267912515,0.07266592908453551,6239.611643330877,6839.063041529728,-599.4513981988512,-0.08765109994727716,39597552.88888889,32573826.0,7023726.888888888,0.21562486669170777,42335765.0,45780688.0,-3444923.0,-0.07524838857817073,1710.111111111111,1509.0,201.1111111111111,0.13327442750901985,6785.0,6694.0,91.0,0.013594263519569827,91,75,16,9.109652547973868,-11.864120189588478,20.973772737562346,3.4250310329413294,3.54536308880053,-0.1203320558592007,0.705718176448047,0.726230804735584,-0.02051262828753697
Top 8 vs Bottom 8,0.05,1977,1676147,Boston Punks,1676133,Toronto Blue Jays,72459994.0,72182620.0,277374.0,0.0038426701607672253,22715.14371257485,18293.667645331767,4421.476067243082,0.24169434762697062,6949.267656765676,6648.598930481284,300.6687262843925,0.04522287017584126,30347432.0,31154116.0,-806684.0,-0.02589333621278167,42112562.0,41028504.0,1084058.0,0.02642206988585305,1336.0,1703.0,-367.0,-0.21550205519671173,6060.0,6171.0,-111.0,-0.01798736023334957,107,71,36,30.08060661940113,-11.444393397762187,41.52500001716332,3.39203147754491,4.4317708755137994,-1.0397393979688894,0.7567935750165016,0.7498752476097876,0.006918327406713942
Top 8 vs Bottom 8,0.05,1977,1676473,New York  Times,1676506,Cleveland Indians,71379594.5308642,70534544.72839506,845049.8024691343,0.011980651547736532,22692.69974040001,18703.82928450122,3988.870455898792,0.21326490929876796,7021.306439340537,6824.696779808529,196.60965953200775,0.028808556024598087,29569708.388888888,31272340.74074074,-1702632.3518518507,-0.05444531210398673,41809886.141975306,39207883.0,2602003.141975306,0.06636428551817763,1303.0493827160494,1671.9753086419753,-368.92592592592587,-0.2206527357306357,5954.716049382716,5745.0,209.71604938271594,0.03650409910926311,88,68,20,14.073438062929466,-9.43527020853626,23.508708271465725,3.593761968094782,4.27919481697556,-0.6854328488807777,0.7229442278646243,0.7422567209921671,-0.019312493127542796
Top 8 vs Bottom 8,0.05,1977,1676510,Kansas City Monarchs,1676156,Montreal Cobblestones,66917473.0,66969341.61728395,-51868.617283947766,-0.0007745128745683116,20823.29007633588,18253.087363164657,2570.202713171224,0.1408092046038183,6025.32027424094,6495.889311714097,-470.56903747315664,-0.07244104923779648,30006361.0,27708186.61728395,2298174.3827160485,0.08294207103695772,36911112.0,39261155.0,-2350043.0,-0.05985669550475525,1441.0,1518.0,-77.0,-0.050724637681159424,6126.0,6044.0,82.0,0.013567174056915876,84,59,25,15.999210665169228,-15.66251115584696,31.661721821016187,3.827633673837613,4.365146188991362,-0.5375125151537494,0.7135033164707801,0.7226728526472534,-0.009169536176473314
Top 8 vs Bottom 8,0.05,1977,1676655,Milwaukee Brewers,1676343,Texas Rangers,86216318.33950618,86535668.5123967,-319350.17289051414,-0.003690387771659309,24196.587611309456,24299.702668220303,-103.11505691084676,-0.004243469902440511,8461.92346757089,7224.854733910891,1237.0687336599995,0.17122402860968822,36397940.95679013,40678302.25925926,-4280361.302469134,-0.10522467912226674,50018377.38271605,46701461.0,3316916.3827160522,0.0710238247731918,1504.2592592592591,1674.0246913580247,-169.7654320987656,-0.10141154606330582,5910.993827160493,6464.0,-553.0061728395067,-0.08555169753086422,113,94,19,8.93492789391155,-11.556133170581194,20.491061064492744,3.3749833052689904,3.406804661597688,-0.031821356328697536,0.8037383524332667,0.7814870661045793,0.022251286328687447
Top 8 vs Bottom 8,0.05,1977,1676714,Baltimore Orioles 1977,1676142,New York Nutcrackers,64211762.87654321,62163564.0,2048198.876543209,0.03294854324219898,19215.084797555384,20297.968167701863,-1082.8833701464791,-0.05334934813177816,6292.202711371335,6074.162057335582,218.0406540357526,0.035896416983546064,25152546.0,26143783.0,-991237.0,-0.037914826633926646,38024635.48148148,36019781.0,2004854.4814814776,0.05565981873908332,1309.0,1288.0,21.0,0.016304347826086918,6043.135802469135,5930.0,113.13580246913534,0.019078550163429187,73,57,16,6.914726556525452,-9.50969285225912,16.424419408784573,4.19212687394958,3.9987090054347822,0.19341786851479803,0.7083402702208813,0.7074372151770658,0.0009030550438154927
Top 8 vs Bottom 8,0.05,1977,1676718,Seattle Sea Snakes,1676286,Georgia Dawgs,65597726.290123455,63308500.69135802,2289225.598765433,0.03615984541990458,20198.670309036923,20300.71544715447,-102.04513811754805,-0.005026676935755536,6303.013160083724,5705.850442154001,597.1627179297229,0.10465796886612577,29815481.672839507,29963856.0,-148374.32716049254,-0.004951776806045638,35782244.61728395,33106048.691358022,2676195.9259259254,0.08083706850296868,1476.1111111111113,1476.0,0.11111111111131322,7.527853056332745e-05,5677.006172839507,5802.123456790123,-125.11728395061618,-0.02156405062429234,75,48,27,10.702666445637398,-27.36016585000909,38.06283229564649,3.921072304002007,4.158320829268293,-0.23724852526628615,0.7046881394905807,0.6671810467923622,0.0375070926982185
Top 8 vs Bottom 8,0.05,1978,1687230,Chicago Cornhuskers,1688604,Cleveland Indians,74433652.25925925,74044515.59876543,389136.6604938209,0.00525544204519468,20831.84421460892,19892.511491181187,939.3327234277313,0.04722041879147132,6400.693926158757,5989.919252995308,410.7746731634488,0.06857766454164427,32226863.0,37218889.0,-4992026.0,-0.13412614223922692,38916930.25925926,37461200.38876544,1455729.8704938218,0.03885966961513576,1547.0,1871.0,-324.0,-0.17316942811330838,6080.111111111111,6254.040965582743,-173.9298544716321,-0.027810795520656684,95,69,26,12.909999999999975,-22.210000000000008,35.11999999999998,3.8490220361990946,4.047553535542491,-0.19853149934339642,0.7577062781333188,0.6913451224327137,0.06636115570060508
Top 8 vs Bottom 8,0.05,1978,1687234,Boston Post-Punks,1687376,San Francisco Quake,80007038.0,76254946.0,3752092.0,0.04920457225161501,24638.74103877103,21130.804562268804,3507.9364765022256,0.16601054948783167,7567.115158444953,6400.116807367614,1166.998351077339,0.18234016443792522,33681159.0,34274165.0,-593006.0,-0.017301836529059145,46325879.0,41696761.0,4629118.0,0.11101864722777877,1367.0,1622.0,-255.0,-0.157213316892725,6122.0,6515.0,-393.0,-0.060322333077513446,111,88,23,15.59999999999999,-5.420000000000014,21.020000000000003,3.037532419897586,3.745130479038224,-0.7075980591406377,0.7725264358706305,0.7359469892402151,0.03657944663041546
Top 8 vs Bottom 8,0.05,1978,1687245,New York Times,1687267,Toronto Blue Jays,72704372.0,73762306.96296297,-1057934.9629629701,-0.014342487464419684,23337.75806451613,20025.29114733872,3312.4669171774076,0.1654141701514098,7074.548244870273,6048.2182567287,1026.3299881415733,0.16969129495281887,30385761.0,32460626.111111112,-2074865.111111112,-0.06391944209606282,41718611.0,41701680.85185185,16930.148148149252,0.0004059823921316319,1302.0,1620.9814814814815,-318.9814814814815,-0.19678292758159777,5897.0,6894.87037037037,-997.8703703703704,-0.14472648748532857,113,75,38,30.86000000000011,-8.85000000000008,39.71000000000019,3.4494505061443927,4.017552154787337,-0.5681016486429442,0.7406562149567577,0.7140516290516569,0.02660458590510084
Top 8 vs Bottom 8,0.05,1978,1687524,St. Louis Perfectos '78,1687663,Chicago Thunderbears,70399353.0,73794687.95061728,-3395334.9506172836,-0.046010560446971605,23571.75316455696,22750.795690064155,820.9574744928068,0.03608478075566124,6571.535342852107,6492.327263452112,79.20807939999486,0.012200259812207737,33519033.0,32326020.505061723,1193012.4949382767,0.036905640604647516,37280320.0,41322540.90123457,-4042220.901234567,-0.09782120879003842,1422.0,1420.8742826159398,1.1257173840601808,0.0007922709263115113,5673.0,6364.827160493827,-691.8271604938273,-0.10869535700638733,92,81,11,12.539999999999996,-8.179999999999977,20.71999999999997,3.362479314345992,3.498378525743718,-0.1358992113977262,0.7283304470650449,0.7132708449392979,0.015059602125746974
Top 8 vs Bottom 8,0.05,1978,1688706,Houston Colt .45s '78,1687233,Baltimore Orioles 1978,64359080.0,64300919.0,58161.0,0.0009045127333249248,18768.0439481268,19354.550299800132,-586.5063516733317,-0.03030327972432345,6223.04012345679,5929.497022825009,293.5431006317813,0.049505565059197565,26050045.0,29051180.0,-3001135.0,-0.10330509810616983,38309035.0,35849739.0,2459296.0,0.06860010891571622,1388.0,1501.0,-113.0,-0.07528314457028651,6156.0,6046.0,110.0,0.01819384717168382,70,55,15,3.4099999999999797,-19.310000000000016,22.719999999999995,4.227513071325649,4.09057817721519,0.13693489411045867,0.7515823999837556,0.7060126593450214,0.0455697406387342
Top 8 vs Bottom 8,0.05,1978,1688748,New York Eagles,1687289,Montreal Cobblestones,56308219.0,56593124.0,-284905.0,-0.005034268827428523,21252.04505928854,19238.14541547278,2013.8996438157592,0.10468262924117555,5429.363833634719,5398.8149963689175,30.54883726580192,0.0056584338019265434,26883837.0,26856451.0,27386.0,0.0010197177579420735,30024382.0,29736673.0,287709.0,0.009675224931854354,1265.0,1396.0,-131.0,-0.09383954154727792,5530.0,5508.0,22.0,0.003994190268700182,58,53,5,2.829999999999977,-11.520000000000008,14.349999999999985,3.849035928063241,4.290328068767908,-0.44129214070466727,0.6815588459855334,0.6797128107843138,0.0018460352012196202
Top 8 vs Bottom 8,0.05,1979,1700417,Pittsburg Tanagers,1700682,St. Louis Perfectos '79,72443299.08641975,72559499.0,-116199.91358025372,-0.00160144316294486,22448.628141906873,21043.15241882041,1405.4757230864634,0.06679016979554087,7502.342560553633,7005.215793991416,497.1267665622172,0.07096523236138097,31247936.086419754,31754117.0,-506180.91358024627,-0.015940638928181983,41195363.0,40805382.0,389981.0,0.009557097149586857,1391.9753086419753,1509.0,-117.02469135802471,-0.07755115398146106,5491.0,5825.0,-334.0,-0.057339055793991456,108,75,33,24.852047257414632,-11.2896708831716,36.141718140586235,3.606541904691796,3.8219948714380383,-0.21545296674624215,0.8218294959752321,0.7664805640858369,0.05534893188939527
Top 8 vs Bottom 8,0.05,1979,1700447,Montreal Islands,1700435,Cleveland Indians,55772482.0,56486669.90123457,-714187.9012345672,-0.012643476814676924,18548.98376383764,17743.851808712752,805.1319551248889,0.04537526371413603,5858.242638623327,5896.574083840653,-38.33144521732538,-0.0065006298016964115,25133873.0,22944990.98765432,2188882.012345679,0.09539694365203366,30638609.0,33541678.913580246,-2903069.9135802463,-0.08655112110100316,1355.0,1293.1234567901236,61.876543209876445,0.047850453013566385,5230.0,5688.333333333333,-458.33333333333303,-0.08057427483152646,64,37,27,8.744221569719635,-36.50028695188988,45.24450852160952,4.447200411070111,4.41870491381763,0.02849549725248046,0.6926344954302103,0.6950355492587166,-0.0024010538285063054
Top 8 vs Bottom 8,0.05,1979,1700487,Minnetonka Moon Dawgs,1700396,Toronto Blue Jays,72865418.6111111,76464499.0,-3599080.3888888955,-0.04706864539698219,20069.112679977723,20608.979388297874,-539.8667083201508,-0.026195703248977797,7441.216265560166,6161.507858411917,1279.7084071482486,0.20769403148632581,28032090.61111111,30995905.0,-2963814.388888892,-0.09561954680429208,44833328.0,45083753.0,-250425.0,-0.005554661786919102,1396.7777777777778,1504.0,-107.22222222222217,-0.07129137115839235,6025.0,7317.0,-1292.0,-0.17657509908432423,94,77,17,13.66851816098722,-15.377648727072234,29.046166888059453,3.934101564473788,3.98600263962766,-0.051901075153872434,0.8110892009460581,0.7260970254475878,0.08499217549847027
Top 8 vs Bottom 8,0.05,1979,1700538,Milwaukee Brewers,1700406,Philly CRYPTKEEPERS,72213137.28395061,74689918.0,-2476780.716049388,-0.03316084395820851,24325.38769868694,19313.608163265308,5011.779535421632,0.25949472998805523,6469.87554883319,6602.811466058186,-132.93591722499605,-0.020133229293060162,35198836.0,28391004.0,6807832.0,0.23978834985899056,36966153.13580247,46298914.0,-9332760.86419753,-0.2015762370624402,1447.0,1470.0,-23.0,-0.0156462585034014,5713.58024691358,7012.0,-1298.4197530864203,-0.1851710999838021,92,66,26,9.607097307654168,-24.284206548018982,33.89130385567315,3.4197300241879747,4.275615219047619,-0.8558851948596446,0.7485848738480987,0.7307214286081004,0.017863445239998277
Top 8 vs Bottom 8,0.05,1979,1700596,Texas Rangers,1700502,SoCal Space Cadets '79,72153478.85185185,74828342.0,-2674863.1481481493,-0.03574665797283272,21629.280479680212,20809.241533546327,820.0389461338855,0.03940744043034483,6604.252819294315,6007.3744136460555,596.8784056482591,0.09935761691370848,32465550.0,32566463.0,-100913.0,-0.003098678539330435,39736077.0,42261879.0,-2525802.0,-0.05976549220634508,1501.0,1565.0,-64.0,-0.04089456869009589,6016.740740740741,7035.0,-1018.2592592592591,-0.14474189897075462,100,66,34,19.34072328037859,-25.056193188828058,44.396916469206644,3.576301500999334,3.7199645495207663,-0.1436630485214323,0.7588672570020683,0.706631022615494,0.05223623438657421
Top 8 vs Bottom 8,0.05,1979,1700980,Oakland Bagchuckers,1700739,New York Nutcrackers,60948311.0,62866912.86419753,-1918601.8641975299,-0.030518467931485938,22396.91196911197,18178.66708780796,4218.24488130401,0.2320436840021729,6128.992709132771,6081.3476456855915,47.64506344717938,0.007834622557876703,29004001.0,28776830.0,227171.0,0.00789423296450642,31944310.0,34090082.86419753,-2145772.86419753,-0.06294419619763048,1295.0,1583.0,-288.0,-0.18193303853442833,5212.0,5605.679012345679,-393.67901234567944,-0.07022860414923149,72,54,18,11.51896185632122,-19.77282425333985,31.291786109661068,3.44763464942085,4.434524451042324,-0.9868898016214742,0.7017131773983116,0.7106495207005681,-0.008936343302256455
Top 8 vs Bottom 8,0.05,1980,1711450,Milwaukee Brewers,1711505,Philly CRYPTKEEPERS,72380877.0,71262342.72839506,1118534.2716049403,0.01569600757959999,23429.78680879414,19973.13457904501,3456.6522297491283,0.1730650848052515,6520.547923602593,6275.00635436678,245.54156923581286,0.03913009093049613,35168110.0,28642584.604938272,6525525.395061728,0.22782599702740036,37212767.0,42462968.0,-5250201.0,-0.123641875433672,1501.0,1434.0555555555557,66.94444444444434,0.046681904466741475,5707.0,6767.0,-1060.0,-0.15664252992463423,89,72,17,15.250000000000009,-14.510000000000034,29.76000000000004,3.463469223184543,4.00837812369736,-0.5449089005128172,0.7516089349220257,0.6877004142603812,0.06390852066164454
Top 8 vs Bottom 8,0.05,1980,1711455,Cleveland Indians,1711809,Oakland Bagchuckers,60498227.74074074,60364561.197530866,133666.54320987314,0.0022143214587857507,20133.70065075922,19132.92795693155,1000.7726938276683,0.052306301266613175,5864.864400150232,6094.989753943946,-230.12535379371457,-0.03775647918764835,27844908.0,26413361.35802469,1431546.6419753097,0.054197821419665226,32580480.234567903,33951199.83950617,-1370719.6049382687,-0.040373230148505024,1383.0,1380.5185185185185,2.4814814814815236,0.0017974995975746921,5555.197530864198,5570.345679012345,-15.148148148146902,-0.0027194269478142408,65,56,9,10.060000000000002,-14.610000000000012,24.670000000000016,4.179252171366595,4.134033296641091,0.04521887472550379,0.6958154089828011,0.6886673048976282,0.007148104085172968
Top 8 vs Bottom 8,0.05,1980,1711460,Boston Yacht Rockers,1711483,New York Nutcrackers,76651579.55555555,73951300.56172839,2700278.993827164,0.036514286744331104,22512.00108785081,19570.55837264151,2941.4427152093012,0.15029937619568723,7562.255531107433,6558.345835096313,1003.9096960111201,0.15307361356865345,30402318.50617284,33191667.0,-2789348.4938271604,-0.08403761383322994,46249261.04938272,40759633.5617284,5489627.487654313,0.13468294505986056,1350.4938271604938,1696.0,-345.50617283950623,-0.20371826228744472,6115.802469135802,6214.925925925926,-99.12345679012378,-0.015949257959233964,115,70,45,20.19000000000002,-11.020000000000008,31.21000000000003,3.4612123635707106,4.1113250790094344,-0.6501127154387238,0.7942339196931649,0.7273179308037798,0.0669159888893851
Top 8 vs Bottom 8,0.05,1980,1711504,Montreal Islands,1712036,Kansas City Monarchs,64812541.02469136,64714363.0,98178.02469135821,0.0015170979074823343,20506.900160421137,20700.835365853654,-193.93520543251725,-0.009368472431427355,6072.641399623871,5388.851553872851,683.78984575102,0.1268897164665066,29432844.91975309,30554433.0,-1121588.0802469105,-0.03670786757021183,35379696.10493827,34159930.0,1219766.1049382687,0.03570751184028387,1435.2654320987654,1476.0,-40.73456790123464,-0.027597945732543816,5826.08024691358,6339.0,-512.9197530864203,-0.08091493186408272,67,64,3,3.5499999999999643,-13.349999999999984,16.89999999999995,3.923483102527601,3.64765772899729,0.27582537353031134,0.6824825598379998,0.6765334397223537,0.005949120115646078
Top 8 vs Bottom 8,0.05,1980,1711533,Pittsburg Tanagers,1711418,San Francisco Quake,76495397.9691358,72861712.0,3633685.969135806,0.04987099354920188,25645.331490542743,21335.31397704254,4310.017513500203,0.20201331548895496,7401.818580142489,6066.49608509381,1335.3224950486792,0.22011429271828664,35135053.969135806,31597600.0,3537453.969135806,0.11195324863710554,41377627.95061728,41064112.0,313515.9506172836,0.007634791922866535,1370.0370370370372,1481.0,-110.96296296296282,-0.07492435041388446,5590.197530864198,6769.0,-1178.8024691358023,-0.1741472106863351,98,68,30,18.209999999999972,-11.990000000000013,30.199999999999985,3.1786223841159553,3.698953340310601,-0.5203309561946456,0.7965721047214479,0.722858633919338,0.07371347080210988
Top 8 vs Bottom 8,0.05,1980,1711733,St. Louis Perfectos '80,1711603,Seattle Sea Snakes,75451779.0,72605427.33333333,2846351.6666666716,0.03920301513548008,23316.470233609645,21718.98281487927,1597.4874187303758,0.07355258910357287,6790.362013729977,6369.729386892178,420.63262683779885,0.06603618478728301,30940956.0,33280721.333333332,-2339765.333333332,-0.07030392490290971,44510823.0,39167466.0,5343357.0,0.13642335197278266,1327.0,1532.3333333333333,-205.33333333333326,-0.13400043506634762,6555.0,6149.0,406.0,0.06602699625955433,85,70,15,4.270000000000018,-8.910000000000007,13.180000000000025,3.4213484611906555,3.4788677796388954,-0.057519318448239876,0.7411330137147216,0.7037611044722718,0.03737190924244982
Top 8 vs Bottom 8,0.05,1981,1721881,Chicago Thunderbears,1723054,Seattle Sea Snakes,75249146.0,73907475.0,1341671.0,0.018153387055910075,23326.939820270443,19393.51145038168,3933.428369888763,0.2028218757573863,5908.779433878862,6627.637163892446,-718.8577300135839,-0.1084636518622264,33969496.12962963,33027150.0,942346.1296296269,0.028532468881802497,34903123.64197531,41409477.0,-6506353.358024687,-0.15712232632217704,1456.2345679012344,1703.0,-246.7654320987656,-0.14490042988770735,5906.993827160494,6248.0,-341.0061728395058,-0.05457845275920392,85,75,10,18.350000000000065,-11.370000000000012,29.720000000000077,3.427438845140096,3.975123557251908,-0.547684712111812,0.7172812593116759,0.6872318068822022,0.030049452429473655
Top 8 vs Bottom 8,0.05,1981,1721888,New York  Times,1722194,Newark Bears,77940187.0,74420257.0,3519930.0,0.04729800919660887,22848.362573099417,22636.937578027464,211.42499507195316,0.009339823213417864,7629.29024350384,5948.5781889634845,1680.712054540356,0.2825401299521648,31256560.0,36264374.0,-5007814.0,-0.13809183635708144,46683627.0,36327967.0,10355660.0,0.2850602677545926,1368.0,1602.0,-234.0,-0.1460674157303371,6119.0,6107.0,12.0,0.0019649582446372715,110,73,37,19.260000000000012,-13.559999999999995,32.82000000000001,3.327817435672515,3.775321945068664,-0.44750450939614916,0.7573380710737047,0.699586764892746,0.057751306180958695
Top 8 vs Bottom 8,0.05,1981,1722342,Milwaukee Brewers,1722113,San Francisco Quake,80121606.0,77309839.0,2811767.0,0.03637010549200603,26286.63994273443,22108.57571397078,4178.064228763651,0.18897934823198326,7453.06027820711,6423.04055054018,1030.0197276669296,0.16036326091391473,36722436.0,34047888.96296296,2674547.0370370373,0.078552507027569,43399170.0,43400485.0,-1315.0,-3.029920057340263e-05,1397.0,1540.030864197531,-143.03086419753095,-0.09287532316572145,5823.0,6757.0,-934.0,-0.13822702382714225,100,77,23,5.660000000000021,-14.92000000000001,20.58000000000003,3.2474777022190415,3.658150784784656,-0.4106730825656144,0.7706262136699296,0.7291081145182774,0.041518099151652166
Top 8 vs Bottom 8,0.05,1981,1722367,Detroit supremes,1722927,1981 Toronto Blue Jays,68415150.0,67213011.0,1202139.0,0.017885510292047435,20589.79111111111,18825.062362897817,1764.7287482132924,0.0937435804564124,6570.5163377547715,5613.276356514218,957.2399812405538,0.17053141880849587,27796218.0,33585073.2962963,-5788855.2962962985,-0.1723639321917062,40618932.0,35488588.41975309,5130343.58024691,0.14456319083661673,1350.0,1784.0617283950617,-434.06172839506166,-0.24329972527662636,6182.0,6322.259259259259,-140.25925925925912,-0.02218499012893893,83,67,16,12.800000000000011,-12.550000000000006,25.350000000000016,3.877167934814815,4.042411944169567,-0.16524400935475203,0.7163026846004529,0.6762649294245493,0.04003775517590358
Top 8 vs Bottom 8,0.05,1981,1722915,Oakland Bagchuckers,1722309,New York Nutcrackers,69376573.0,69117767.0,258806.0,0.003744420736277565,23360.966147083807,19203.285084959098,4157.68106212471,0.21650884438419338,6101.850270329218,6277.032032520326,-175.18176219110774,-0.02790837473562635,31232169.7037037,30514020.0,718149.7037037015,0.02353507350731565,35920010.58024691,38603747.0,-2683736.4197530895,-0.0695201017598911,1336.9382716049383,1589.0,-252.06172839506166,-0.15862915569229807,5886.740740740741,6150.0,-263.2592592592591,-0.04280638361939171,75,67,8,4.909999999999992,-12.990000000000013,17.900000000000006,3.3831834633398583,4.198301603524229,-0.8151181401843703,0.6919852717211309,0.697725836195122,-0.005740564473991072
Top 8 vs Bottom 8,0.05,1982,1733438,Cincinnati Skyline,1733461,Montreal ISLANDS,64196649.0,64530446.40740741,-333797.40740741044,-0.005172711890136461,20640.069071373753,19117.328638497653,1522.7404328761004,0.07965236470380455,6774.9071921540135,6036.597703866109,738.3094882879041,0.12230556424441819,26894010.0,28503937.0,-1609927.0,-0.056480864380243356,37302639.0,35946262.493827164,1356376.5061728358,0.03773345021351693,1303.0,1491.0,-188.0,-0.12608987256874582,5506.0,5954.722222222223,-448.7222222222226,-0.07535569342725201,88,60,28,29.61765440350048,-11.91773751993609,41.53539192343657,3.825508292402149,4.219191356136821,-0.393683063734672,0.729078256629132,0.6701783634790315,0.05889989315010047
Top 8 vs Bottom 8,0.05,1982,1733467,St. Louis Perfectos '82,1733526,Kansas City Monarchs,76245184.0,75943554.44444445,301629.55555555224,0.003971759786094875,22462.255163224516,21637.243993593165,825.0111696313506,0.03812921691300608,7239.036425531915,5767.819202237842,1471.217223294073,0.25507339458963263,33715845.0,40526558.0,-6810713.0,-0.16805555014072504,42529339.0,36198192.44444445,6331146.555555552,0.17490228456220147,1501.0,1873.0,-372.0,-0.198611852642819,5875.0,6275.88888888889,-400.8888888888896,-0.06387762689658849,99,67,32,12.64941463228677,-25.599112263519107,38.24852689580588,3.6603801105929383,3.54515141324079,0.11522869735214814,0.7644164623489361,0.6953993140360816,0.06901714831285455
Top 8 vs Bottom 8,0.05,1982,1733480,Milwaukee Brewers,1733528,San Francisco Quake,67529038.0,69115492.0,-1586454.0,-0.022953667174936743,21675.06596491228,20411.448509485093,1263.6174554271856,0.061907289668344134,6780.677444355031,6191.120314001922,589.5571303531087,0.09522624346675324,30886969.0,30127298.0,759671.0,0.025215371122893293,36616997.5925926,38644973.0,-2027975.407407403,-0.05247708175154897,1425.0,1476.0,-51.0,-0.03455284552845528,5400.197530864198,6242.0,-841.8024691358023,-0.13486101716369792,86,55,31,17.548518746846486,-27.03901954546204,44.58753829230852,3.7720938652631575,3.883494004742547,-0.11140013947938954,0.7392673447800263,0.7234273999519385,0.015839944828087815
Top 8 vs Bottom 8,0.05,1982,1733592,New York Eagles,1733659,New York Nutcrackers,70351755.0,69703149.62962963,648605.3703703731,0.009305251969484285,25859.41472868217,18894.355212633196,6965.059516048976,0.36863176528998354,6183.036937990974,6243.341700030797,-60.30476203982289,-0.009659051984856948,33358645.0,29158888.62962963,4199756.370370369,0.1440300562794019,36993110.0,40544261.0,-3551151.0,-0.08758702002238983,1290.0,1543.2592592592594,-253.25925925925935,-0.1641067485840454,5983.0,6494.0,-511.0,-0.07868801971050199,104,53,51,30.09417401960244,-30.661464569709207,60.755638589311644,2.976197515503876,4.2941038635163675,-1.3179063480124915,0.7300703722212936,0.6835758908684938,0.046494481352799766
Top 8 vs Bottom 8,0.05,1982,1733646,Detroit S’ups,1733488,Minnesota Twins,64889814.0,67491292.0,-2601478.0,-0.03854538745531799,19695.404602821083,20790.388383484955,-1094.9837806638716,-0.05266778861782506,6404.024040066778,6487.264251373626,-83.24021130684832,-0.012831327364107747,26529710.0,29709465.0,-3179755.0,-0.10702834938293238,38360104.0,37781827.0,578277.0,0.01530569180786312,1347.0,1429.0,-82.0,-0.05738278516445061,5990.0,5824.0,166.0,0.028502747252747263,82,43,39,16.04149549623106,-42.65340198345352,58.694897479684585,3.939688196733482,3.877195480755773,0.06249271597770889,0.7112961104841402,0.741889257967033,-0.03059314748289277
Top 8 vs Bottom 8,0.05,1982,1733945,Oakland Bagchuckers,1733421,Baltimore Orioles,65567441.59259259,68823217.0,-3255775.4074074104,-0.04730635313672438,21842.921732522795,19573.15318545074,2269.7685470720535,0.11596335682690273,6771.98062037896,5835.611943435851,936.3686769431097,0.16045766682556373,28745285.0,29118327.555555556,-373042.55555555597,-0.012811263107189719,36902403.50617283,36330430.66666667,571972.8395061567,0.015743629486642652,1316.0,1487.6666666666667,-171.66666666666674,-0.11539323325117634,5449.277777777777,6225.641975308642,-776.3641975308647,-0.12470427959236696,79,70,9,10.431024830926328,-9.400959830619914,19.831984661546244,3.659375936930091,4.06484501142729,-0.40546907449719916,0.7661247597551155,0.6959960278606798,0.07012873189443569
Top 8 vs Bottom 8,0.05,1982,1734606,Newark Ironborn Bears,1733459,Philly CRYPTKEEPERS,66123620.0,69313357.37037037,-3189737.370370373,-0.04601908623941364,21816.563270863368,19178.981811451136,2637.581459412231,0.13752458213592011,5978.879164772691,6212.550275904353,-233.67111113166175,-0.037612751729022675,30266845.444444444,28782679.37037037,1484166.0740740746,0.05156455571686336,35887373.33333333,40530678.0,-4643304.666666672,-0.11456271880442448,1387.3333333333333,1500.7407407407406,-113.40740740740739,-0.07556762092793678,6002.358024691358,6524.0,-521.641975308642,-0.0799573843207606,80,72,8,10.41478771587756,-7.828835378441235,18.243623094318796,3.660722472609323,4.117139283070089,-0.456416810460766,0.7082223795740769,0.7165164723329245,-0.008294092758847627
Top 8 vs Bottom 8,0.05,1983,1744807,Boston Synthesizers,1745221,Minnesota Twins,78696623.0,75622916.0,3073707.0,0.04064517956435321,24442.558069381597,24919.911468812876,-477.3533994312784,-0.019155501416154075,7604.0399211434205,6249.361827443489,1354.6780936999312,0.21677062892261878,32410832.0,37155588.0,-4744756.0,-0.1276996612191953,46285791.0,39258491.0,7027300.0,0.17900076699331113,1326.0,1491.0,-165.0,-0.11066398390342047,6087.0,6282.0,-195.0,-0.031041069723018122,118,78,40,19.05898818835434,-15.51032583544474,34.56931402379908,3.1466510143288087,3.258389352783367,-0.1117383384545585,0.7832300800558568,0.7179927088666029,0.06523737118925388
Top 8 vs Bottom 8,0.05,1983,1744932,New York Eagles,1746068,Oakland Bagchuckers,65754070.0,65759676.0,-5606.0,-8.52498117539513e-05,20796.664086687302,20678.66830639494,117.99578029236363,0.0057061595332941195,6307.344687753447,6239.571283110464,67.77340464298322,0.010861868799613816,26869290.0,29425745.0,-2556455.0,-0.08687817419745869,38884780.0,39035802.46,-151022.4600000009,-0.00386881914762105,1292.0,1423.0,-131.0,-0.09205903021784967,6165.0,6256.167401382811,-91.16740138281057,-0.014572404402519612,84,66,18,12.964658233600112,-11.156708146016747,24.12136637961686,3.846786438854489,3.92822418411806,-0.08143774526357106,0.7315658913381995,0.7120223143227885,0.019543577015410984
Top 8 vs Bottom 8,0.05,1983,1744955,Cincinnati Skyline,1745013,New York Nutcrackers,66940133.654320985,66639240.654320985,300893.0,0.00451525253057472,22947.97798972854,20320.05060240964,2627.9273873189013,0.12932681314323458,6500.274083458957,5996.688942880653,503.58514057830416,0.08397719898014167,31278094.0,33731284.0,-2453190.0,-0.0727274419793803,36884865.67,34730335.93,2154529.740000002,0.06203596027238323,1363.0,1660.0,-297.0,-0.17891566265060244,5674.355449697076,5791.585366660098,-117.22991696302142,-0.020241420878964966,87,64,23,15.721883466352503,-14.006784761171064,29.728668227523567,3.35359433382245,4.074254860843373,-0.7206605270209234,0.7313414643600462,0.7218232816866641,0.009518182673382114
Top 8 vs Bottom 8,0.05,1983,1744966,Texas Rangers,1745144,Philly CRYPTKEEPERS,74720157.04320988,73307570.0,1412587.0432098806,0.019269320251781297,24743.209009556875,21716.7860727729,3026.422936783976,0.13935869362264008,6800.736461457047,6071.083163345364,729.6532981116834,0.12018502769275541,36166782.04320988,34616557.0,1550225.0432098806,0.0447827622836634,38553375.0,38691013.0,-137638.0,-0.003557363566572991,1461.685185185185,1594.0,-132.314814814815,-0.08300803940703572,5669.0,6373.0,-704.0,-0.11046602855797893,95,80,15,6.835429585134145,-8.829675932583836,15.665105517717981,3.2202197643764814,3.783671613550815,-0.5634518491743337,0.76072811896278,0.7232914838851404,0.03743663507763961
Top 8 vs Bottom 8,0.05,1983,1745123,Newark Ironborn Bears,1745143,Montreal Islands,69734830.41975309,70908464.30864197,-1173633.8888888806,-0.01655139341024825,21261.67470760234,21799.651933701654,-537.9772260993159,-0.02467824842962829,6802.6968484242125,6694.020269119401,108.67657930481164,0.016234874550074885,29085971.0,31565896.0,-2479925.0,-0.07856342807440031,40795773.0,39300593.0,1495180.0,0.038044718561880186,1368.0,1448.0,-80.0,-0.05524861878453036,5997.0,5871.0,126.0,0.02146142054164546,99,73,26,21.726583601819872,-10.858767227899424,32.585350829719296,3.679498403508772,3.813783502071824,-0.13428509856305215,0.733039244155411,0.7179945281894056,0.015044715966005429
Top 8 vs Bottom 8,0.05,1983,1745574,Detroit supremes,1744838,Kansas City Monarchs,67693272.65432099,71156132.65432099,-3462860.0,-0.04866565777011378,20557.42760487145,22748.801078894132,-2191.373474022683,-0.09632918527982526,6241.782222966187,5677.080227324418,564.7019956417689,0.09947049769066063,30383878.0,33736472.0,-3352594.0,-0.09937595134428989,37288407.0,34122911.33,3165495.670000002,0.09276745584181678,1478.0,1483.0,-5.0,-0.003371544167228624,5974.0,6010.644550302924,-36.64455030292356,-0.006096609106768236,82,66,16,5.989490281139065,-21.39216739240985,27.381657673548915,4.01574546955345,3.44555407552259,0.5701913940308603,0.7160458453465014,0.6769869955650688,0.03905884978143259
Top 8 vs Bottom 8,0.05,1984,1758224,Detroit Supremes 84,1758223,Houston Hounds,75805624.0,76454917.0,-649293.0,-0.008492494995449462,22618.926171391988,22634.88045540797,-15.954284015981102,-0.0007048539110869889,7091.079798931825,6522.721892542101,568.3579063897241,0.08713508191106056,30224123.43,35785746.0,-5561622.57,-0.15541446502191125,45141814.0,40669171.0,4472643.0,0.10997625203621686,1336.2315788548322,1581.0,-244.76842114516785,-0.1548187357021934,6366.0,6235.0,131.0,0.021010425020048018,105,78,27,13.600326782401815,-16.95345145118776,30.553778233589576,3.5228886336630967,3.518963831752056,0.003924801911040721,0.7620579889098332,0.7454449903448276,0.016612998565005643
Top 8 vs Bottom 8,0.05,1984,1758310,Cincinnati Skyline,1758278,New York Nutcrackers,71856998.0,72455966.0,-598968.0,-0.008266648463426729,24192.807275541796,23091.894904458597,1100.912371083199,0.04767527202242006,7229.32532051282,5696.793375140698,1532.5319453721222,0.26901659309949477,31257107.0,36254275.0,-4997168.0,-0.13783665512549903,40599891.0,35428358.0,5171533.0,0.1459715688771126,1292.0,1570.0,-278.0,-0.17707006369426748,5616.0,6219.0,-603.0,-0.09696092619392183,95,57,38,12.359918136186776,-33.43117863523233,45.791096771419106,3.3158825534055723,3.5090475331210196,-0.19316497971544733,0.7306709314280626,0.7163695882456986,0.01430134318236398
Top 8 vs Bottom 8,0.05,1984,1758311,Minnesota Upper Midwestern Dialects,1758470,Kansas City Monarchs,60753927.0,60225955.0,527972.0,0.008766519351997015,20791.56179775281,20122.494575622208,669.0672221306013,0.033249715616330944,5363.652795838751,4984.194198367205,379.45859747154645,0.07613238617304585,27756735.0,31531949.0,-3775214.0,-0.1197266302821941,32997192.0,28694006.0,4303186.0,0.14996811529209264,1335.0,1567.0,-232.0,-0.14805360561582637,6152.0,5757.0,395.0,0.0686121243703317,81,34,47,23.25329624518975,-47.72458824904868,70.97788449423842,3.7781099385767782,3.9624875583918313,-0.18437761981505307,0.6866204706762029,0.6421545504950494,0.04446592018115347
Top 8 vs Bottom 8,0.05,1984,1758335,New York  Times,1758205,Baltimore Firebirds of '84,61907111.0,60979032.0,928079.0,0.015219641400670225,20362.784643663865,19658.28223495702,704.502408706845,0.0358374348423014,6875.0049613018455,5585.105012744265,1289.8999485575805,0.23095357126038762,26833434.57,27442962.0,-609527.4299999997,-0.022210701235529928,34643150.0,32868343.0,1774807.0,0.053997458892284245,1317.7684211451678,1396.0,-78.23157885483215,-0.05603981293326088,5039.0,5885.0,-846.0,-0.14375531011045029,75,51,24,11.38453699392208,-22.446074868616815,33.830611862538895,3.861835016875096,4.114251468481376,-0.2524164516062797,0.7624515745187538,0.7106748773661853,0.051776697152568496
Top 8 vs Bottom 8,0.05,1984,1758449,Texas Rangers,1758249,Oakland Nights,66905813.0,67579275.0,-673462.0,-0.009965510875930561,21792.17647058823,21110.959704499663,681.216766088568,0.032268394029636216,6048.352626296421,5966.663101604278,81.68952469214219,0.013690989972297674,30748761.0,31434219.0,-685458.0,-0.021806108814092062,36157052.0,34588746.0,1568306.0,0.04534151079082194,1411.0,1489.0,-78.0,-0.05238415043653455,5978.0,5797.0,181.0,0.031223046403312082,91,68,23,20.18262359982927,-11.903552313455624,32.08617591328489,3.5802322388377044,3.7728694325050367,-0.19263719366733234,0.7188797734861158,0.6845529346213558,0.034326838864759956
Top 8 vs Bottom 8,0.05,1985,1772969,Newark Ironbound Bears,1773410,Toronto ModernDayWarriors,66831275.82608695,65334705.70186336,1496570.12422359,0.02290620441534963,24373.709727626458,21043.256075722693,3330.4536519037647,0.15826703053554825,5724.8805361417335,6822.808958277979,-1097.928422136246,-0.16092029380423312,31320217.0,27419362.666666664,3900854.333333336,0.14226641154119712,34944494.09876543,38200444.08024692,-3255949.981481485,-0.08523330186009814,1285.0,1302.9999999999998,-17.999999999999773,-0.013814274750575395,6103.969135802469,5598.932098765432,505.0370370370374,0.09020238647802103,100,56,44,32.038823806204505,-23.206053476180458,55.24487728238496,3.149730842801556,3.830550361985163,-0.6808195191836068,0.715634802898539,0.7523992961897495,-0.036764493291210565
Top 8 vs Bottom 8,0.05,1985,1772975,New York  Times,1773274,St. Louis Perfectos '85,76139249.0,74843624.36024845,1295624.6397515535,0.017311088964843124,27116.917628945343,23399.368799424876,3717.548829520467,0.15887389362450843,7233.867220650636,7098.102286039564,135.76493461107202,0.019126934093087522,35224876.0,32548522.0,2676354.0,0.08222659081109729,40914753.0,42488363.975308634,-1573610.9753086343,-0.03703628071495313,1299.0,1391.0,-92.0,-0.06613946800862691,5656.0,5985.876543209877,-329.8765432098771,-0.05510914580824011,94,75,19,5.811919150382305,-13.059912465826928,18.871831616209235,2.9985003256351037,3.5246283033788637,-0.52612797774376,0.7582016920261668,0.7592261152965003,-0.0010244232703334744
Top 8 vs Bottom 8,0.05,1985,1772983,New York Nutrackers,1773022,Cleveland Wahoos,64154151.0,63810430.63975155,343720.36024844646,0.0053865858105386355,21256.605654761905,20649.854558107167,606.7510966547379,0.02938282664158165,6060.726573187415,5958.659556959873,102.0670162275419,0.01712919076041608,28568878.0,29673841.0,-1104963.0,-0.037236938756934124,35443129.0,34596713.02469136,846415.9753086418,0.024465213637623995,1344.0,1437.0,-93.0,-0.06471816283924847,5848.0,5806.123456790123,41.87654320987713,0.00721247894942767,85,52,33,24.395722231675563,-23.446532046064338,47.8422542777399,3.8308210438988106,3.795399671537927,0.03542137236088383,0.7432380889021888,0.7032617865159391,0.03997630238624972
Top 8 vs Bottom 8,0.05,1985,1772989,Montreal Royales,1773327,San Francisco Quake,70432162.0,71185094.0,-752932.0,-0.01057710199834816,19265.40871236387,18780.61318830727,484.7955240566007,0.02581361530615167,6839.010470334054,6502.252433090024,336.75803724402977,0.05179098177275687,30073303.0,27626282.0,2447021.0,0.08857583514133394,41150326.0,42758812.0,-1608486.0,-0.037617649433291045,1561.0,1471.0,90.0,0.061182868796736845,6017.0,6576.0,-559.0,-0.08500608272506083,97,68,29,23.425831767787276,-14.718158185649688,38.143989953436964,4.18982600768738,4.380759188987083,-0.1909331812997035,0.724891770117999,0.7214624107512166,0.0034293593667823474
Top 8 vs Bottom 8,0.05,1985,1772994,Kansas City Monarchs,1772944,Baltimore Firebirds of '85,59550060.0,59633770.0,-83710.0,-0.0014037348301139119,18268.116219667943,21881.545665634676,-3613.4294459667326,-0.1651359324054371,5439.109142570616,5743.727486437613,-304.61834386699684,-0.053034957627477564,28607870.0,28270957.0,336913.0,0.011917283168022985,32542190.0,31762813.0,779377.0,0.02453740479472022,1566.0,1292.0,274.0,0.21207430340557276,5983.0,5530.0,453.0,0.08191681735985523,68,60,8,6.600075513618964,-5.803825864739586,12.403901378358551,4.414526130906769,3.659334753869969,0.7551913770368004,0.6794331787731906,0.7126770519168174,-0.033243873143626756
Top 8 vs Bottom 8,0.05,1985,1773044,Pittsburgh Tanagers,1773288,Oakland Knights,77908023.0,76826233.0,1081790.0,0.014080997567588627,23180.04432505037,20663.56873479319,2516.4755902571815,0.12178320320922853,7639.667195207893,6443.906976744186,1195.7602184637071,0.18556447552380262,34515086.0,33970907.0,544179.0,0.016018971763102963,43362751.0,44611168.0,-1248417.0,-0.02798440516060907,1489.0,1644.0,-155.0,-0.09428223844282235,5676.0,6923.0,-1247.0,-0.18012422360248448,98,73,25,6.282648984159134,-22.855167385902988,29.137816370062122,3.490216547347213,3.924165721411192,-0.4339491740639789,0.8150119594432698,0.6954581458182869,0.11955381362498285
Top 8 vs Bottom 8,0.05,1986,1786566,New York Times,1786893,San Francisco Quake,73757305.0,70730779.8888889,3026525.1111111045,0.04278936434555769,22618.33125,21424.83471389369,1193.4965361063078,0.05570621906979478,7520.282141658275,5701.132550572924,1819.149591085351,0.3190856509558857,28951464.0,31229473.88888889,-2278009.888888892,-0.07294422880749785,44805841.0,40301306.0,4504535.0,0.11177143986351212,1280.0,1457.6296296296296,-177.62962962962956,-0.12186197784327668,5958.0,7069.0,-1111.0,-0.15716508699957565,91,72,19,21.38501593938209,-10.521411873200504,31.906427812582592,3.450877878125,3.715620916658197,-0.2647430385331968,0.7873298784323598,0.7117714835054464,0.07555839492691341
Top 8 vs Bottom 8,0.05,1986,1786567,Texas Rangers,1786770,Oakland Nights,77855357.33333333,79180747.0,-1325389.6666666716,-0.016738787102711594,25330.87105816398,20421.69006721434,4909.180990949641,0.240390534514624,6685.376649799155,7114.881464872945,-429.50481507379027,-0.06036710761722586,36147153.0,27344643.0,8802510.0,0.32190985269034234,42717328.333333336,47598557.0,-4881228.666666664,-0.10254992954233177,1427.0,1339.0,88.0,0.0657206870799103,6389.666666666667,6690.0,-300.33333333333303,-0.044892874937717986,112,74,38,19.324686729312575,-23.710478420405646,43.035165149718225,3.1063606405045556,4.062002919342794,-0.9556422788382379,0.7732205865564193,0.744858165949178,0.028362420607241368
Top 8 vs Bottom 8,0.05,1986,1786619,New York Eagles,1786689,Chicago Cornhuskers,65133431.0,66707273.666666664,-1573842.6666666642,-0.023593269221750646,21607.925096525098,20293.398,1314.5270965250966,0.06477609597589806,6485.888268156425,5850.173674588666,635.714593567759,0.10866593522327483,27982263.0,30440097.0,-2457834.0,-0.08074330380747474,37151168.0,36267176.666666664,883991.3333333358,0.024374418264154984,1295.0,1500.0,-205.0,-0.13666666666666671,5728.0,6199.333333333333,-471.33333333333303,-0.07602968061081827,76,68,8,1.431298742225362,-8.621902929227653,10.053201671453015,3.635825711969112,3.99867921,-0.36285349803088796,0.7097622807786313,0.7027339630497903,0.007028317728841049
Top 8 vs Bottom 8,0.05,1986,1786863,Newark Ironbound Bears,1786620,New York Nutrackers,67521176.0,67649838.0,-128662.0,-0.0019018818640778035,26421.045245398775,20289.580058224165,6131.46518717461,0.30219773743859646,5942.537342558098,6770.186882933709,-827.6495403756107,-0.12224914240727247,34453043.0,27877883.0,6575160.0,0.2358557857495851,33498083.0,38400500.0,-4902417.0,-0.12766544706449134,1304.0,1374.0,-70.0,-0.05094614264919939,5637.0,5672.0,-35.0,-0.006170662905500723,78,61,17,3.7214305993881647,-28.85680307856573,32.5782336779539,3.1920105475460123,3.987243839883552,-0.7952332923375396,0.7265752507007273,0.7647534425070522,-0.03817819180632498
Top 8 vs Bottom 8,0.05,1986,1787298,Toronto ModernDayWarriors,1787579,Boston Red Sox,82884400.9691358,82792677.16049382,91723.80864198506,0.0011078734471188234,23568.91173481862,22153.021195996043,1415.8905388225758,0.06391410572380463,6921.67790280091,7295.894126394052,-374.2162235931428,-0.05129134511962785,38083869.67283951,33715804.28395062,4368065.388888888,0.129555426057808,42866592.14814815,49064888.0,-6198295.851851851,-0.12632854378169278,1615.8518518518515,1521.9506172839506,93.90123456790093,0.06169795097259834,6193.092592592593,6725.0,-531.9074074074069,-0.07909403827619432,108,97,11,3.1862775726431147,-7.1460217591346575,10.332299331777772,3.62631578824761,3.8187347465565633,-0.1924189583089535,0.7773670976918727,0.7835242393308551,-0.0061571416389824
Top 8 vs Bottom 8,0.05,1987,1798110,Detroit Supremes,1798174,Cleveland Kickapoo,65970108.969135806,62850211.55555555,3119897.4135802537,0.04964020544023895,20231.659385323237,19991.044851066064,240.61453425717264,0.01203611597341503,6460.163334911758,6242.349481668436,217.81385324332223,0.03489292835701763,28391637.117283948,28162939.74074074,228697.37654320896,0.008120507967155577,37390946.85185186,34687271.81481481,2703675.0370370448,0.07794429759339883,1403.3271604938273,1408.7777777777778,-5.450617283950578,-0.003869039794585971,5787.925925925926,5556.765432098766,231.16049382716028,0.04159982937049267,84,63,21,18.600702160090997,-5.620272782842106,24.220974942933104,4.0423870377717845,4.168525109038568,-0.12613807126678367,0.7575589360312657,0.7319537315717909,0.025605204459474784
Top 8 vs Bottom 8,0.05,1987,1798122,Chicago Cornhuskers,1798424,Kansas City Monarchs,68853763.85802469,69719105.7962963,-865341.9382716119,-0.012411833576867037,20634.591549474375,19340.3001080394,1294.2914414349762,0.06692199367149243,6366.004259154274,6093.1130869576255,272.89117219664877,0.04478682215512708,30133763.98148148,28177742.7962963,1956021.1851851828,0.06941724180413367,37846366.87654321,39987860.0,-2141493.123456791,-0.05355358159843493,1460.351851851852,1456.9444444444446,3.4074074074073906,0.002338735303463624,5945.074074074074,6562.7962962962965,-617.7222222222226,-0.09412485080038724,84,57,27,11.001301503282136,-25.738781727674343,36.74008323095648,4.073183508933666,4.274382276796949,-0.20119876786328295,0.7288350974131504,0.7174500324119405,0.011385065001209949
Top 8 vs Bottom 8,0.05,1987,1798824,Toronto ModernDayWarriors,1798138,Texas Rangers,76343989.51851852,77829992.95679012,-1486003.438271597,-0.019092940675153325,22074.75991038915,21714.832493702772,359.92741668637973,0.01657518734214314,6767.5112148125845,7657.750577969125,-890.2393631565401,-0.11625337677068037,31507223.061728396,34483154.0,-2975930.9382716045,-0.08630100768252247,44956577.0,43346838.95679012,1609738.0432098806,0.037136226814936446,1427.2962962962963,1588.0,-160.7037037037037,-0.10119880585875551,6643.0,5660.518518518518,982.4814814814818,0.17356739992410075,97,81,16,9.060932830199908,-11.365307472240492,20.426240302440398,3.636760280129053,3.7562484074307303,-0.11948812730167724,0.7651854494505494,0.8215732903867375,-0.056387840936188094
Top 8 vs Bottom 8,0.05,1987,1798840,Minnesota Upper Midwestern Dialects,1798794,San Francisco Quake,68833383.0,66773283.86419753,2060099.1358024701,0.030852146496078703,22939.776073619632,19789.12729798835,3150.6487756312818,0.15921110255082138,6073.505359394704,5717.3542593293805,356.1511000653236,0.06229299146264533,29913468.0,29190062.160493825,723405.8395061754,0.02478260702319579,38530318.0,37467940.0,1062378.0,0.028354321054213205,1304.0,1475.0555555555557,-171.05555555555566,-0.11596550035780206,6344.0,6553.37037037037,-209.37037037037044,-0.031948502608214024,88,68,20,15.073564190100708,-9.515019445711348,24.588583635812057,3.4698047269938654,4.143288813725367,-0.6734840867315017,0.7089885157471627,0.7084159089498758,0.0005726067972868787
Top 8 vs Bottom 8,0.05,1987,1798841,Cincinnati Skyline,1798475,St. Louis Perfectos '87,70604715.6111111,70447869.0,156846.6111111045,0.0022264209455520323,21323.608489140293,19378.784232365146,1944.8242567751477,0.10035842462846722,7328.046851128841,6696.045928030303,632.0009230985379,0.094384197762581,27435191.611111112,28021722.0,-586530.3888888881,-0.020931275704215713,43169524.0,42426147.0,743377.0,0.017521671246743198,1286.611111111111,1446.0,-159.3888888888889,-0.11022744736437684,5891.0,6336.0,-445.0,-0.07023358585858586,80,70,10,1.156353128527554,-10.58366738910551,11.740020517633065,3.8631386964894854,4.13886759197787,-0.2757288954883843,0.7459140749618061,0.7792142376104797,-0.03330016264867364
Top 8 vs Bottom 8,0.05,1988,1807328,Minnesota Upper Midwestern Dialects,1807702,Kansas City Monarchs 1988,68553241.0,71658262.0,-3105021.0,-0.04333095603128079,23366.721336370538,18348.6435768262,5018.077759544336,0.2734849439160736,5820.651907058308,6073.315417464291,-252.6635104059833,-0.04160223749937797,30773972.0,29137646.0,1636326.0,0.056158483084048694,39830721.0,41243885.0,-1413164.0,-0.034263600531327265,1317.0,1588.0,-271.0,-0.1706549118387909,6843.0,6791.0,52.0,0.007657193344131841,99,59,40,25.289999999999992,-30.28000000000001,55.57,3.4439673340926347,4.399267967254408,-0.9553006331617735,0.6907834368113401,0.7109163481519659,-0.02013291134062578
Top 8 vs Bottom 8,0.05,1988,1807404,Newark Ironbound Bears,1807565,Montreal Royales,66897230.0,66076153.12345679,821076.876543209,0.012426220924349307,24379.13308550186,20555.57573770492,3823.557347796941,0.18601071536923297,5627.3380630259035,6183.899942510945,-556.5618794850416,-0.0900017601609272,32789934.0,31347253.0,1442681.0,0.046022565358438294,34107296.0,34527538.12345679,-420242.12345679104,-0.012171215971268246,1345.0,1525.0,-180.0,-0.11803278688524588,6061.0,5583.456790123457,477.5432098765432,0.08552823597045944,90,66,24,17.73,-9.220000000000027,26.950000000000028,3.335787241635688,3.83100364,-0.49521639836431186,0.673367812275202,0.7134259643377702,-0.04005815206256813
Top 8 vs Bottom 8,0.05,1988,1807606,Milwaukee Brewers,1807394,Chicago Cornhuskers,74205840.38271604,72362030.66666667,1843809.7160493731,0.02548034789878728,25292.43471776641,20766.92935131663,4525.505366449779,0.217918850201263,6350.638181196889,6419.197308855805,-68.55912765891662,-0.010680327206071927,36012055.506172836,32334109.0,3677946.506172836,0.11374819408732861,38316849.87654321,38942298.222222224,-625448.3456790149,-0.01606089969600477,1423.8271604938273,1557.0,-133.17283950617275,-0.08553168882862727,6033.543209876543,6066.537037037038,-32.99382716049513,-0.005438659149208713,95,79,16,11.47999999999998,-8.989999999999975,20.469999999999956,3.156561369895083,3.8373810154142585,-0.6808196455191755,0.7300922522204056,0.7129066179201019,0.01718563430030373
Top 8 vs Bottom 8,0.05,1988,1807733,Oakland Nights,1807222,Cleveland KICKAPOO,68327384.01234567,71779014.0,-3451629.9876543283,-0.0480868960899119,21164.51155729256,23850.71498944405,-2686.203432151491,-0.11262569836335568,6179.84720085811,6811.7849694354545,-631.9377685773443,-0.0927712444554335,30419412.78395062,33891866.0,-3472453.2160493806,-0.10245683185603827,38017847.77160494,37887148.0,130699.7716049403,0.0034497125939629836,1437.283950617284,1421.0,16.283950617284063,0.011459500786266119,6151.907407407407,5562.0,589.9074074074069,0.1060603033814107,89,67,22,14.020000000000032,-17.369999999999997,31.39000000000003,3.7950658284916674,3.338453157635468,0.4566126708561993,0.7312287867680304,0.7230265857425386,0.00820220102549174
Top 8 vs Bottom 8,0.05,1988,1807801,Seattle Sea Snakes,1806946,Chicago Thunderbears '88,74725269.48148148,74868623.43209876,-143353.95061728358,-0.0019147400345526089,20872.996931979746,25462.520491398063,-4589.523559418318,-0.1802462392114239,7205.617702160899,6267.509834989499,938.1078671714004,0.14967792502442423,30993308.14814815,38152286.25925926,-7158978.111111112,-0.1876421785699326,43731961.333333336,36601522.358024694,7130438.975308642,0.19481263389978443,1484.851851851852,1498.3703703703704,-13.518518518518476,-0.009022147518291446,6069.148148148148,5839.882716049383,229.2654320987649,0.03925856789361348,94,79,15,9.340000000000014,-8.730000000000027,18.070000000000043,3.61090510715622,3.060052187483522,0.5508529196726983,0.7492103759243779,0.7453548214663748,0.0038555544580031187
Top 8 vs Bottom 8,0.05,1988,1807886,Toronto ModernDayWarriors,1807859,San Francisco Quake,64441901.302469134,63163431.2962963,1278470.0061728358,0.020240667423142344,21140.682137951128,19477.683714670256,1662.998423280871,0.08537968105665095,5955.162055761862,5546.910125427185,408.2519303346762,0.07359988193485201,31349543.641975302,28943838.0,2405705.6419753022,0.08311633177242439,33092357.660493825,34445695.55555555,-1353337.8950617276,-0.039289027939035326,1482.9012345679014,1486.0,-3.0987654320986167,-0.0020853064818967537,5556.91975308642,6209.888888888889,-652.9691358024684,-0.10514989035807076,80,49,31,10.969999999999969,-32.46,43.42999999999997,3.739829557149398,3.919586393674294,-0.17975683652489582,0.7249628034677039,0.6784113046180822,0.04655149884962173
Top 8 vs Bottom 8,0.05,1989,1815832,Texas Rangers,1815864,Houston flyBALLERS,70208084.12962963,67765075.0,2443009.129629627,0.03605115363082856,25175.560868906658,20568.614122681884,4606.946746224774,0.22397944357099386,6753.101253332552,6353.497307001795,399.603946330757,0.0628951154020918,34883070.65432099,28837197.0,6045873.6543209925,0.2096553855189529,35571543.99382716,38927878.0,-3356334.0061728433,-0.08621929009777629,1385.5925925925926,1402.0,-16.40740740740739,-0.011702858350504552,5267.438271604938,6127.0,-859.5617283950623,-0.1402907994769157,84,62,22,7.614624719409768,-16.197146809721417,23.811771529131185,3.1552872189685734,3.9204767788873047,-0.7651895599187313,0.76051344008379,0.7371686963603721,0.023344743723417882
Top 8 vs Bottom 8,0.05,1989,1815838,New York Times,1815820,St. Louis Perfectos '89,70428251.67901234,70519529.0,-91277.32098765671,-0.0012943552272968173,25519.86431372549,23253.18334550767,2266.680968217821,0.09747830800361035,7219.014709116549,6555.824605998983,663.1901031175657,0.10116044021536297,32537827.0,31833608.0,704219.0,0.022121871953691308,37890424.67901235,38685921.0,-795496.3209876493,-0.020562941256785594,1275.0,1369.0,-94.0,-0.06866325785244709,5248.697530864197,5901.0,-652.3024691358032,-0.11054100476797213,101,73,28,28.57670962825649,-7.109099976365507,35.685809604622,3.0392386666666673,3.364325525200876,-0.3250868585342088,0.763445056280747,0.7186421104050161,0.04480294587573086
Top 8 vs Bottom 8,0.05,1989,1815839,Newark Ironbound Bears,1816054,Toronto ModernDayWarriors,67461077.0,65813475.2345679,1647601.765432097,0.02503441369050674,24176.272314674738,20581.07379663279,3595.198518041947,0.1746846910694304,5523.208197989173,6110.319114250247,-587.1109162610746,-0.09608514797399659,31961032.0,27406875.85185185,4554156.148148149,0.1661683795251121,35707541.0,38406599.38271605,-2699058.3827160522,-0.07027590117574156,1322.0,1331.6543209876545,-9.6543209876545,-0.007249870206927356,6465.0,6285.530864197532,179.46913580246837,0.028552741157429784,86,70,16,8.588022704589271,-7.908604896727256,16.496627601316526,3.3728519084720125,3.9270357200641537,-0.5541838115921411,0.686616693549884,0.6983512299643705,-0.011734536414486518
Top 8 vs Bottom 8,0.05,1989,1815892,Cleveland Cheekapoo,1815812,Philly CRYPTKEEPERS,62440612.0,65312577.0,-2871965.0,-0.04397261801505703,22472.03316138541,22370.01385041551,102.01931096989938,0.004560538569715833,5666.20485987939,5446.341692789969,219.86316708942104,0.04036896314832439,30494549.0,32302300.0,-1807751.0,-0.055963538200066276,31946063.0,33010277.0,-1064214.0,-0.0322388691255151,1357.0,1444.0,-87.0,-0.06024930747922441,5638.0,6061.0,-423.0,-0.06979046361986474,79,67,12,20.289237094622848,-11.112571190317666,31.401808284940515,3.661779649963154,3.513651994459834,0.1481276555033202,0.7084640694217806,0.68860129754166,0.019862771880120644
Top 8 vs Bottom 8,0.05,1989,1815893,Detroit Supreme Bottom Feeders,1816205,Kansas City Monarchs 1989,61938409.0,63003255.018518515,-1064846.018518515,-0.016901444507994468,20312.40942562592,18622.185936443544,1690.2234891823755,0.09076396804064846,5951.863652113652,6408.89404584668,-457.03039373302727,-0.07131189725771925,27584252.0,27542213.0,42039.0,0.0015263479372553679,34354157.0,35580795.10493827,-1226638.1049382687,-0.034474724393329326,1358.0,1479.0,-121.0,-0.08181203515889113,5772.0,5551.783950617284,220.21604938271594,0.03966581757170706,79,50,29,13.584946337888248,-29.87176277623531,43.456709114123555,4.068326916053019,4.315295381338744,-0.24696846528572447,0.6973992267671517,0.6891376805529087,0.00826154621424302
Top 8 vs Bottom 8,0.05,1989,1815959,Minnesota Upper Midwestern Dialects,1816202,San Francisco Quake,63356384.0,65271438.0,-1915054.0,-0.029339846932742608,21767.10336906585,17942.16808929744,3824.9352797684114,0.21318133130465977,5759.444372244961,6146.018140589569,-386.57376834460774,-0.06289824720685333,28427837.0,27325922.0,1101915.0,0.040324897363023915,33432437.52,37945516.0,-4513078.48,-0.11893575198713857,1306.0,1523.0,-217.0,-0.14248194353250165,5804.802574552594,6174.0,-369.1974254474062,-0.059798740759217095,83,70,13,15.342271279811758,-6.969925744877936,22.312197024689695,3.596373045941807,4.277910525935653,-0.6815374799938456,0.6751493560980663,0.7189553015873016,-0.04380594548923533
