season_year,lid,tid,team,owner,W,L,PCT,GB,division_record,one_run_record,extra_inning_record,RS,RA,league,division,standings_source,playoff,championship,finalist,series_wins,series_losses,playoff_W,playoff_L,franchise_id,franchise,draft_year,sheet_team,TeamSal,TILAS,pct,W_sheet,Score_sheet,source,salary_recalc,dump_n,dump_unique,left_row,group,block_salary,block_score,ExpW,Score,record_corrected,sal_first,sal_last,sal_1_40,sal_41_81,sal_82_120,sal_121_162,trajectory,salary_gap_dump,primary,slot,published_score,real_stint_rows,real_positive_weight_players,zero_use_positive_weight_players,inferred_card_rows,fallback_weight_rows,source_card_IP_before_corrections,source_card_PA_before_corrections,card_PA,card_PA_variant_low,card_PA_variant_high,hitter_salary_w,dollars_per_card_PA,OPS_Norm,card_IP,card_IP_variant_low,card_IP_variant_high,pitcher_salary_w,dollars_per_card_IP,ERC_Norm,ERA_Norm,WHIP_Norm,card_salary_vs_official_payroll,rel_sal,top8,top3,date_model_exposure,strict_sensitivity_subset,wins_above_salary_expected,league_teams,bottom3,bottom8,uncertain_weight_positive
1963,128263,1521566,Cincinnati Mudcats,fire13,104,58,0.6419753086419753,-,43-27,26-26,8-8,767,510,National League,East,https://www.whatifsports.com/mlb-l/manage.asp?cLID=128263&lst=1,1,1,1,2,0,8,4,cincinnati-la,Cincinnati / LA,,,,,,,,,,,,,,,,,,,,,,,,,,,,,,,,,,,,,,,,,,,,,,,,,,,,,,,,,,,,,
1963,128263,1521628,Philly CRYPTKEEPERS,cpdpoet,92,70,0.5679012345679012,12,43-27,25-23,9-9,751,621,National League,East,https://www.whatifsports.com/mlb-l/manage.asp?cLID=128263&lst=1,0,0,0,0,0,0,0,philly,Philadelphia CRYPTKEEPERS,,,,,,,,,,,,,,,,,,,,,,,,,,,,,,,,,,,,,,,,,,,,,,,,,,,,,,,,,,,,,
1963,128263,1521830,New York Nutcrackers,n4ser,80,82,0.49382716049382713,24,29-41,20-23,4-7,698,695,National League,East,https://www.whatifsports.com/mlb-l/manage.asp?cLID=128263&lst=1,0,0,0,0,0,0,0,new-york-nationals,New York Nutcrackers / Nationals,,,,,,,,,,,,,,,,,,,,,,,,,,,,,,,,,,,,,,,,,,,,,,,,,,,,,,,,,,,,,
1963,128263,1521690,Pittsburgh Tanagers,coldfoot,56,106,0.345679012345679,48,25-45,17-25,8-6,584,916,National League,East,https://www.whatifsports.com/mlb-l/manage.asp?cLID=128263&lst=1,0,0,0,0,0,0,0,pittsburg,Pittsburg Tanagers,,,,,,,,,,,,,,,,,,,,,,,,,,,,,,,,,,,,,,,,,,,,,,,,,,,,,,,,,,,,,
1963,128263,1521559,St. Louis Perfectos,contrarian23,103,59,0.6358024691358025,-,46-24,26-24,8-10,784,545,National League,West,https://www.whatifsports.com/mlb-l/manage.asp?cLID=128263&lst=1,1,0,0,0,1,2,4,st-louis,St. Louis Perfectos,,,,,,,,,,,,,,,,,,,,,,,,,,,,,,,,,,,,,,,,,,,,,,,,,,,,,,,,,,,,,
1963,128263,1521558,San Francisco Sugaree,h_incandenza,74,88,0.4567901234567901,29,38-32,20-28,8-7,655,684,National League,West,https://www.whatifsports.com/mlb-l/manage.asp?cLID=128263&lst=1,0,0,0,0,0,0,0,georgia-minnesota,Georgia / Minnetonka / Minnesota,,,,,,,,,,,,,,,,,,,,,,,,,,,,,,,,,,,,,,,,,,,,,,,,,,,,,,,,,,,,,
1963,128263,1521546,LA SWAT,dannino,71,91,0.4382716049382716,32,28-42,24-18,15-13,540,643,National League,West,https://www.whatifsports.com/mlb-l/manage.asp?cLID=128263&lst=1,0,0,0,0,0,0,0,montreal,Montreal,,,,,,,,,,,,,,,,,,,,,,,,,,,,,,,,,,,,,,,,,,,,,,,,,,,,,,,,,,,,,
1963,128263,1521540,Houston Thunderbears,chargingryno,68,94,0.41975308641975306,35,28-42,24-15,9-9,527,692,National League,West,https://www.whatifsports.com/mlb-l/manage.asp?cLID=128263&lst=1,0,0,0,0,0,0,0,thunderbears,Thunderbears — Houston / Brooklyn / Chicago,,,,,,,,,,,,,,,,,,,,,,,,,,,,,,,,,,,,,,,,,,,,,,,,,,,,,,,,,,,,,
1963,128263,1521556,New York Eagles,italyprof,105,57,0.6481481481481481,-,43-27,24-22,11-14,886,638,American League,East,https://www.whatifsports.com/mlb-l/manage.asp?cLID=128263&lst=1,1,0,1,1,1,6,5,new-york-eagles,New York Eagles,,,,,,,,,,,,,,,,,,,,,,,,,,,,,,,,,,,,,,,,,,,,,,,,,,,,,,,,,,,,,
1963,128263,1521600,Boston Americans,tycobb33,88,74,0.5432098765432098,17,45-25,25-24,9-4,857,818,American League,East,https://www.whatifsports.com/mlb-l/manage.asp?cLID=128263&lst=1,0,0,0,0,0,0,0,boston,Boston,,,,,,,,,,,,,,,,,,,,,,,,,,,,,,,,,,,,,,,,,,,,,,,,,,,,,,,,,,,,,
1963,128263,1521563,Baltimore Buckaroos,disco dogs,71,91,0.4382716049382716,34,33-37,19-15,8-6,825,775,American League,East,https://www.whatifsports.com/mlb-l/manage.asp?cLID=128263&lst=1,0,0,0,0,0,0,0,baltimore,Baltimore,,,,,,,,,,,,,,,,,,,,,,,,,,,,,,,,,,,,,,,,,,,,,,,,,,,,,,,,,,,,,
1963,128263,1521620,Detroit Supremes,harrelson,50,112,0.30864197530864196,55,19-51,12-31,4-18,704,969,American League,East,https://www.whatifsports.com/mlb-l/manage.asp?cLID=128263&lst=1,0,0,0,0,0,0,0,detroit,Detroit,,,,,,,,,,,,,,,,,,,,,,,,,,,,,,,,,,,,,,,,,,,,,,,,,,,,,,,,,,,,,
1963,128263,1521803,Cleveland Wahoos,strubrosii,100,62,0.6172839506172839,-,39-31,28-15,15-8,881,708,American League,West,https://www.whatifsports.com/mlb-l/manage.asp?cLID=128263&lst=1,1,0,0,0,1,1,4,new-york-times,New York Times,,,,,,,,,,,,,,,,,,,,,,,,,,,,,,,,,,,,,,,,,,,,,,,,,,,,,,,,,,,,,
1963,128263,1521834,California Coyotes,rls1,84,78,0.5185185185185185,16,37-33,26-26,10-9,777,739,American League,West,https://www.whatifsports.com/mlb-l/manage.asp?cLID=128263&lst=1,0,0,0,0,0,0,0,socal-newark,SoCal / Newark,,,,,,,,,,,,,,,,,,,,,,,,,,,,,,,,,,,,,,,,,,,,,,,,,,,,,,,,,,,,,
1963,128263,1521601,Kansas City Missouri Mules,husker75,83,79,0.5123456790123457,17,36-34,20-20,8-7,903,793,American League,West,https://www.whatifsports.com/mlb-l/manage.asp?cLID=128263&lst=1,0,0,0,0,0,0,0,kansas-city,Kansas City Monarchs,,,,,,,,,,,,,,,,,,,,,,,,,,,,,,,,,,,,,,,,,,,,,,,,,,,,,,,,,,,,,
1963,128263,1521749,Lombard iPackers,dbrom,67,95,0.41358024691358025,33,28-42,21-22,7-6,834,1227,American League,West,https://www.whatifsports.com/mlb-l/manage.asp?cLID=128263&lst=1,0,0,0,0,0,0,0,milwaukee,Milwaukee,,,,,,,,,,,,,,,,,,,,,,,,,,,,,,,,,,,,,,,,,,,,,,,,,,,,,,,,,,,,,
1964,129162,1536007,Cincinnati Mudcats,fire13,102,60,0.6296296296296297,-,47-23,22-22,5-5,884,635,National League,East,https://www.whatifsports.com/mlb-l/manage.asp?cLID=129162&lst=1,1,1,1,2,0,8,6,cincinnati-la,Cincinnati / LA,,,,,,,,,,,,,,,,,,,,,,,,,,,,,,,,,,,,,,,,,,,,,,,,,,,,,,,,,,,,,
1964,129162,1535849,Philly CRYPTKEEPERS,cpdpoet,81,81,0.5,21,35-35,18-26,3-9,758,686,National League,East,https://www.whatifsports.com/mlb-l/manage.asp?cLID=129162&lst=1,0,0,0,0,0,0,0,philly,Philadelphia CRYPTKEEPERS,,,,,,,,,,,,,,,,,,,,,,,,,,,,,,,,,,,,,,,,,,,,,,,,,,,,,,,,,,,,,
1964,129162,1535401,New York Nutcrackers,n4ser,77,85,0.47530864197530864,25,38-32,26-20,11-6,732,758,National League,East,https://www.whatifsports.com/mlb-l/manage.asp?cLID=129162&lst=1,0,0,0,0,0,0,0,new-york-nationals,New York Nutcrackers / Nationals,,,,,,,,,,,,,,,,,,,,,,,,,,,,,,,,,,,,,,,,,,,,,,,,,,,,,,,,,,,,,
1964,129162,1535931,Pittsburg Tanagers,coldfoot,50,112,0.30864197530864196,52,20-50,19-31,6-14,639,937,National League,East,https://www.whatifsports.com/mlb-l/manage.asp?cLID=129162&lst=1,0,0,0,0,0,0,0,pittsburg,Pittsburg Tanagers,,,,,,,,,,,,,,,,,,,,,,,,,,,,,,,,,,,,,,,,,,,,,,,,,,,,,,,,,,,,,
1964,129162,1535229,San Francisco Sugaree,h_incandenza,103,59,0.6358024691358025,-,45-25,28-18,11-7,807,617,National League,West,https://www.whatifsports.com/mlb-l/manage.asp?cLID=129162&lst=1,1,0,0,0,1,3,4,georgia-minnesota,Georgia / Minnetonka / Minnesota,,,,,,,,,,,,,,,,,,,,,,,,,,,,,,,,,,,,,,,,,,,,,,,,,,,,,,,,,,,,,
1964,129162,1535001,Houston Thunderbears,chargingryno,83,79,0.5123456790123457,20,32-38,24-20,14-5,740,787,National League,West,https://www.whatifsports.com/mlb-l/manage.asp?cLID=129162&lst=1,0,0,0,0,0,0,0,thunderbears,Thunderbears — Houston / Brooklyn / Chicago,,,,,,,,,,,,,,,,,,,,,,,,,,,,,,,,,,,,,,,,,,,,,,,,,,,,,,,,,,,,,
1964,129162,1535002,LA SWAT,dannino,82,80,0.5061728395061729,21,33-37,24-23,4-6,712,731,National League,West,https://www.whatifsports.com/mlb-l/manage.asp?cLID=129162&lst=1,0,0,0,0,0,0,0,montreal,Montreal,,,,,,,,,,,,,,,,,,,,,,,,,,,,,,,,,,,,,,,,,,,,,,,,,,,,,,,,,,,,,
1964,129162,1535288,St. Louis Perfectos,contrarian23,70,92,0.43209876543209874,33,30-40,18-19,5-7,704,825,National League,West,https://www.whatifsports.com/mlb-l/manage.asp?cLID=129162&lst=1,0,0,0,0,0,0,0,st-louis,St. Louis Perfectos,,,,,,,,,,,,,,,,,,,,,,,,,,,,,,,,,,,,,,,,,,,,,,,,,,,,,,,,,,,,,
1964,129162,1536469,Boston Americans,tycobb33,96,66,0.5925925925925926,-,48-22,24-15,6-7,943,754,American League,East,https://www.whatifsports.com/mlb-l/manage.asp?cLID=129162&lst=1,1,0,1,1,1,7,7,boston,Boston,,,,,,,,,,,,,,,,,,,,,,,,,,,,,,,,,,,,,,,,,,,,,,,,,,,,,,,,,,,,,
1964,129162,1535295,New York Eagles,italyprof,87,75,0.5370370370370371,9,38-32,18-23,6-11,747,657,American League,East,https://www.whatifsports.com/mlb-l/manage.asp?cLID=129162&lst=1,0,0,0,0,0,0,0,new-york-eagles,New York Eagles,,,,,,,,,,,,,,,,,,,,,,,,,,,,,,,,,,,,,,,,,,,,,,,,,,,,,,,,,,,,,
1964,129162,1535744,Baltimore Buckaroos,disco dogs,62,100,0.38271604938271603,34,25-45,17-34,10-13,635,790,American League,East,https://www.whatifsports.com/mlb-l/manage.asp?cLID=129162&lst=1,0,0,0,0,0,0,0,baltimore,Baltimore,,,,,,,,,,,,,,,,,,,,,,,,,,,,,,,,,,,,,,,,,,,,,,,,,,,,,,,,,,,,,
1964,129162,1535570,Detroit Soupremes,harrelson,55,107,0.3395061728395062,41,29-41,19-25,8-7,625,904,American League,East,https://www.whatifsports.com/mlb-l/manage.asp?cLID=129162&lst=1,0,0,0,0,0,0,0,detroit,Detroit,,,,,,,,,,,,,,,,,,,,,,,,,,,,,,,,,,,,,,,,,,,,,,,,,,,,,,,,,,,,,
1964,129162,1535355,Lombard iPackers,dbrom,100,62,0.6172839506172839,-,44-26,28-19,9-5,774,595,American League,West,https://www.whatifsports.com/mlb-l/manage.asp?cLID=129162&lst=1,1,0,0,0,1,3,4,milwaukee,Milwaukee,,,,,,,,,,,,,,,,,,,,,,,,,,,,,,,,,,,,,,,,,,,,,,,,,,,,,,,,,,,,,
1964,129162,1535938,California Coyotes,rls1,98,64,0.6049382716049383,2,46-24,27-19,13-8,793,624,American League,West,https://www.whatifsports.com/mlb-l/manage.asp?cLID=129162&lst=1,0,0,0,0,0,0,0,socal-newark,SoCal / Newark,,,,,,,,,,,,,,,,,,,,,,,,,,,,,,,,,,,,,,,,,,,,,,,,,,,,,,,,,,,,,
1964,129162,1536056,Cleveland Wahoos,strubrosii,87,75,0.5370370370370371,13,30-40,20-17,9-8,788,722,American League,West,https://www.whatifsports.com/mlb-l/manage.asp?cLID=129162&lst=1,0,0,0,0,0,0,0,new-york-times,New York Times,,,,,,,,,,,,,,,,,,,,,,,,,,,,,,,,,,,,,,,,,,,,,,,,,,,,,,,,,,,,,
1964,129162,1535792,Kansas City Bushwhackers,husker75,63,99,0.3888888888888889,37,20-50,17-18,5-7,715,974,American League,West,https://www.whatifsports.com/mlb-l/manage.asp?cLID=129162&lst=1,0,0,0,0,0,0,0,kansas-city,Kansas City Monarchs,,,,,,,,,,,,,,,,,,,,,,,,,,,,,,,,,,,,,,,,,,,,,,,,,,,,,,,,,,,,,
1965,129788,1546676,Cincinnati Mudcats,fire13,92,70,0.5679012345679012,-,42-28,24-18,3-4,865,812,National League,East,https://www.whatifsports.com/mlb-l/manage.asp?cLID=129788&lst=1,1,0,0,0,1,1,4,cincinnati-la,Cincinnati / LA,,,,,,,,,,,,,,,,,,,,,,,,,,,,,,,,,,,,,,,,,,,,,,,,,,,,,,,,,,,,,
1965,129788,1546653,Philly CRYPTKEEPERS,cpdpoet,91,71,0.5617283950617284,1,38-32,26-13,13-5,842,772,National League,East,https://www.whatifsports.com/mlb-l/manage.asp?cLID=129788&lst=1,0,0,0,0,0,0,0,philly,Philadelphia CRYPTKEEPERS,,,,,,,,,,,,,,,,,,,,,,,,,,,,,,,,,,,,,,,,,,,,,,,,,,,,,,,,,,,,,
1965,129788,1546722,New York Nutcrackers,n4ser,80,82,0.49382716049382713,12,38-32,19-18,5-7,736,812,National League,East,https://www.whatifsports.com/mlb-l/manage.asp?cLID=129788&lst=1,0,0,0,0,0,0,0,new-york-nationals,New York Nutcrackers / Nationals,,,,,,,,,,,,,,,,,,,,,,,,,,,,,,,,,,,,,,,,,,,,,,,,,,,,,,,,,,,,,
1965,129788,1546811,Pittsburgh Tanagers,coldfoot,56,106,0.345679012345679,36,22-48,15-21,6-7,726,1011,National League,East,https://www.whatifsports.com/mlb-l/manage.asp?cLID=129788&lst=1,0,0,0,0,0,0,0,pittsburg,Pittsburg Tanagers,,,,,,,,,,,,,,,,,,,,,,,,,,,,,,,,,,,,,,,,,,,,,,,,,,,,,,,,,,,,,
1965,129788,1546629,San Francisco Sugaree,h_incandenza,100,62,0.6172839506172839,-,46-24,23-21,6-6,871,682,National League,West,https://www.whatifsports.com/mlb-l/manage.asp?cLID=129788&lst=1,1,0,1,1,1,6,5,georgia-minnesota,Georgia / Minnetonka / Minnesota,,,,,,,,,,,,,,,,,,,,,,,,,,,,,,,,,,,,,,,,,,,,,,,,,,,,,,,,,,,,,
1965,129788,1546632,St. Louis Perfectos,contrarian23,84,78,0.5185185185185185,16,36-34,19-29,5-4,871,660,National League,West,https://www.whatifsports.com/mlb-l/manage.asp?cLID=129788&lst=1,0,0,0,0,0,0,0,st-louis,St. Louis Perfectos,,,,,,,,,,,,,,,,,,,,,,,,,,,,,,,,,,,,,,,,,,,,,,,,,,,,,,,,,,,,,
1965,129788,1546620,Houston Thunderbears,chargingryno,83,79,0.5123456790123457,17,37-33,32-30,7-8,711,665,National League,West,https://www.whatifsports.com/mlb-l/manage.asp?cLID=129788&lst=1,0,0,0,0,0,0,0,thunderbears,Thunderbears — Houston / Brooklyn / Chicago,,,,,,,,,,,,,,,,,,,,,,,,,,,,,,,,,,,,,,,,,,,,,,,,,,,,,,,,,,,,,
1965,129788,1546744,LA SWAT,dannino,62,100,0.38271604938271603,38,21-49,14-22,3-7,669,877,National League,West,https://www.whatifsports.com/mlb-l/manage.asp?cLID=129788&lst=1,0,0,0,0,0,0,0,montreal,Montreal,,,,,,,,,,,,,,,,,,,,,,,,,,,,,,,,,,,,,,,,,,,,,,,,,,,,,,,,,,,,,
1965,129788,1546627,Detroit Supremes,harrelson,103,59,0.6358024691358025,-,47-23,18-21,7-4,882,603,American League,East,https://www.whatifsports.com/mlb-l/manage.asp?cLID=129788&lst=1,1,1,1,2,0,8,3,detroit,Detroit,,,,,,,,,,,,,,,,,,,,,,,,,,,,,,,,,,,,,,,,,,,,,,,,,,,,,,,,,,,,,
1965,129788,1546695,Baltimore Buckaroos,disco dogs,82,80,0.5061728395061729,21,35-35,24-23,8-8,641,648,American League,East,https://www.whatifsports.com/mlb-l/manage.asp?cLID=129788&lst=1,0,0,0,0,0,0,0,baltimore,Baltimore,,,,,,,,,,,,,,,,,,,,,,,,,,,,,,,,,,,,,,,,,,,,,,,,,,,,,,,,,,,,,
1965,129788,1546651,New York Eagles,italyprof,68,94,0.41975308641975306,35,31-39,24-27,6-4,662,775,American League,East,https://www.whatifsports.com/mlb-l/manage.asp?cLID=129788&lst=1,0,0,0,0,0,0,0,new-york-eagles,New York Eagles,,,,,,,,,,,,,,,,,,,,,,,,,,,,,,,,,,,,,,,,,,,,,,,,,,,,,,,,,,,,,
1965,129788,1546761,Boston Americans,tycobb33,67,95,0.41358024691358025,36,27-43,28-17,4-5,716,928,American League,East,https://www.whatifsports.com/mlb-l/manage.asp?cLID=129788&lst=1,0,0,0,0,0,0,0,boston,Boston,,,,,,,,,,,,,,,,,,,,,,,,,,,,,,,,,,,,,,,,,,,,,,,,,,,,,,,,,,,,,
1965,129788,1546646,California Coyotes,rls1,87,75,0.5370370370370371,-,34-36,19-19,5-8,745,658,American League,West,https://www.whatifsports.com/mlb-l/manage.asp?cLID=129788&lst=1,1,0,0,0,1,1,4,socal-newark,SoCal / Newark,,,,,,,,,,,,,,,,,,,,,,,,,,,,,,,,,,,,,,,,,,,,,,,,,,,,,,,,,,,,,
1965,129788,1546668,Lombard iPackers,dbrom,85,77,0.5246913580246914,2,38-32,22-29,6-9,813,748,American League,West,https://www.whatifsports.com/mlb-l/manage.asp?cLID=129788&lst=1,0,0,0,0,0,0,0,milwaukee,Milwaukee,,,,,,,,,,,,,,,,,,,,,,,,,,,,,,,,,,,,,,,,,,,,,,,,,,,,,,,,,,,,,
1965,129788,1546649,Cleveland Wahoos,strubrosii,81,81,0.5,6,33-37,20-21,2-5,758,755,American League,West,https://www.whatifsports.com/mlb-l/manage.asp?cLID=129788&lst=1,0,0,0,0,0,0,0,new-york-times,New York Times,,,,,,,,,,,,,,,,,,,,,,,,,,,,,,,,,,,,,,,,,,,,,,,,,,,,,,,,,,,,,
1965,129788,1546623,Kansas City Bushwhackers,husker75,75,87,0.46296296296296297,12,35-35,21-19,8-3,740,842,American League,West,https://www.whatifsports.com/mlb-l/manage.asp?cLID=129788&lst=1,0,0,0,0,0,0,0,kansas-city,Kansas City Monarchs,,,,,,,,,,,,,,,,,,,,,,,,,,,,,,,,,,,,,,,,,,,,,,,,,,,,,,,,,,,,,
1966,130303,1556359,Cincinnati Mudcats,fire13,99,63,0.6111111111111112,-,47-23,27-25,7-6,775,603,National League,East,https://www.whatifsports.com/mlb-l/manage.asp?cLID=130303&lst=1,1,1,1,2,0,8,4,cincinnati-la,Cincinnati / LA,,,,,,,,,,,,,,,,,,,,,,,,,,,,,,,,,,,,,,,,,,,,,,,,,,,,,,,,,,,,,
1966,130303,1556350,Philly CRYPTKEEPERS,cpdpoet,77,85,0.47530864197530864,22,36-34,29-20,5-9,720,762,National League,East,https://www.whatifsports.com/mlb-l/manage.asp?cLID=130303&lst=1,0,0,0,0,0,0,0,philly,Philadelphia CRYPTKEEPERS,,,,,,,,,,,,,,,,,,,,,,,,,,,,,,,,,,,,,,,,,,,,,,,,,,,,,,,,,,,,,
1966,130303,1556228,Pittsburg Tanagers,coldfoot,74,88,0.4567901234567901,25,32-38,21-37,9-10,678,723,National League,East,https://www.whatifsports.com/mlb-l/manage.asp?cLID=130303&lst=1,0,0,0,0,0,0,0,pittsburg,Pittsburg Tanagers,,,,,,,,,,,,,,,,,,,,,,,,,,,,,,,,,,,,,,,,,,,,,,,,,,,,,,,,,,,,,
1966,130303,1556296,New York Nutcrackers,n4ser,62,100,0.38271604938271603,37,25-45,13-20,3-7,727,927,National League,East,https://www.whatifsports.com/mlb-l/manage.asp?cLID=130303&lst=1,0,0,0,0,0,0,0,new-york-nationals,New York Nutcrackers / Nationals,,,,,,,,,,,,,,,,,,,,,,,,,,,,,,,,,,,,,,,,,,,,,,,,,,,,,,,,,,,,,
1966,130303,1556107,San Francisco Sugaree,h_incandenza,98,64,0.6049382716049383,-,38-32,20-19,10-6,771,571,National League,West,https://www.whatifsports.com/mlb-l/manage.asp?cLID=130303&lst=1,1,0,0,0,1,3,4,georgia-minnesota,Georgia / Minnetonka / Minnesota,,,,,,,,,,,,,,,,,,,,,,,,,,,,,,,,,,,,,,,,,,,,,,,,,,,,,,,,,,,,,
1966,130303,1556209,St. Louis Perfectos,contrarian23,96,66,0.5925925925925926,2,40-30,24-16,3-4,764,601,National League,West,https://www.whatifsports.com/mlb-l/manage.asp?cLID=130303&lst=1,0,0,0,0,0,0,0,st-louis,St. Louis Perfectos,,,,,,,,,,,,,,,,,,,,,,,,,,,,,,,,,,,,,,,,,,,,,,,,,,,,,,,,,,,,,
1966,130303,1556078,LA SWAT,dannino,74,88,0.4567901234567901,24,36-34,30-20,16-7,611,764,National League,West,https://www.whatifsports.com/mlb-l/manage.asp?cLID=130303&lst=1,0,0,0,0,0,0,0,montreal,Montreal,,,,,,,,,,,,,,,,,,,,,,,,,,,,,,,,,,,,,,,,,,,,,,,,,,,,,,,,,,,,,
1966,130303,1556000,Brooklyn Thunderbears,chargingryno,68,94,0.41975308641975306,30,26-44,18-25,7-11,628,723,National League,West,https://www.whatifsports.com/mlb-l/manage.asp?cLID=130303&lst=1,0,0,0,0,0,0,0,thunderbears,Thunderbears — Houston / Brooklyn / Chicago,,,,,,,,,,,,,,,,,,,,,,,,,,,,,,,,,,,,,,,,,,,,,,,,,,,,,,,,,,,,,
1966,130303,1556376,Detroit Supremes 66,harrelson,115,47,0.7098765432098766,-,56-14,32-17,7-7,852,580,American League,East,https://www.whatifsports.com/mlb-l/manage.asp?cLID=130303&lst=1,1,0,1,1,1,5,5,detroit,Detroit,,,,,,,,,,,,,,,,,,,,,,,,,,,,,,,,,,,,,,,,,,,,,,,,,,,,,,,,,,,,,
1966,130303,1556451,Boston Americans,tycobb33,68,94,0.41975308641975306,47,34-36,20-24,6-9,763,1003,American League,East,https://www.whatifsports.com/mlb-l/manage.asp?cLID=130303&lst=1,0,0,0,0,0,0,0,boston,Boston,,,,,,,,,,,,,,,,,,,,,,,,,,,,,,,,,,,,,,,,,,,,,,,,,,,,,,,,,,,,,
1966,130303,1556099,New York Eagles,italyprof,65,97,0.4012345679012346,50,27-43,33-28,8-2,600,737,American League,East,https://www.whatifsports.com/mlb-l/manage.asp?cLID=130303&lst=1,0,0,0,0,0,0,0,new-york-eagles,New York Eagles,,,,,,,,,,,,,,,,,,,,,,,,,,,,,,,,,,,,,,,,,,,,,,,,,,,,,,,,,,,,,
1966,130303,1556085,Baltimore Buckaroos,disco dogs,57,105,0.35185185185185186,58,23-47,21-17,6-5,569,839,American League,East,https://www.whatifsports.com/mlb-l/manage.asp?cLID=130303&lst=1,0,0,0,0,0,0,0,baltimore,Baltimore,,,,,,,,,,,,,,,,,,,,,,,,,,,,,,,,,,,,,,,,,,,,,,,,,,,,,,,,,,,,,
1966,130303,1556593,California Commanders,bluecrew65,88,74,0.5432098765432098,-,37-33,30-35,9-7,712,613,American League,West,https://www.whatifsports.com/mlb-l/manage.asp?cLID=130303&lst=1,1,0,0,0,1,1,4,socal-newark,SoCal / Newark,,,,,,,,,,,,,,,,,,,,,,,,,,,,,,,,,,,,,,,,,,,,,,,,,,,,,,,,,,,,,
1966,130303,1556394,Cleveland Wahoos,strubrosii,87,75,0.5370370370370371,1,32-38,19-16,5-3,833,755,American League,West,https://www.whatifsports.com/mlb-l/manage.asp?cLID=130303&lst=1,0,0,0,0,0,0,0,new-york-times,New York Times,,,,,,,,,,,,,,,,,,,,,,,,,,,,,,,,,,,,,,,,,,,,,,,,,,,,,,,,,,,,,
1966,130303,1556445,Lombard iPackers,dbrom,85,77,0.5246913580246914,3,36-34,16-26,5-11,808,717,American League,West,https://www.whatifsports.com/mlb-l/manage.asp?cLID=130303&lst=1,0,0,0,0,0,0,0,milwaukee,Milwaukee,,,,,,,,,,,,,,,,,,,,,,,,,,,,,,,,,,,,,,,,,,,,,,,,,,,,,,,,,,,,,
1966,130303,1556580,Kansas City Bushwhackers,husker75,83,79,0.5123456790123457,5,35-35,19-27,6-8,787,680,American League,West,https://www.whatifsports.com/mlb-l/manage.asp?cLID=130303&lst=1,0,0,0,0,0,0,0,kansas-city,Kansas City Monarchs,,,,,,,,,,,,,,,,,,,,,,,,,,,,,,,,,,,,,,,,,,,,,,,,,,,,,,,,,,,,,
1967,130841,1566369,Cincinnati Mudcats,fire13,100,62,0.6172839506172839,-,42-28,23-23,8-10,877,672,National League,East,https://www.whatifsports.com/mlb-l/manage.asp?cLID=130841&lst=1,1,1,1,2,0,8,4,cincinnati-la,Cincinnati / LA,,,,,,,,,,,,,,,,,,,,,,,,,,,,,,,,,,,,,,,,,,,,,,,,,,,,,,,,,,,,,
1967,130841,1566431,Philly CRYPTKEEPERS,cpdpoet,89,73,0.5493827160493827,11,42-28,29-25,10-7,730,669,National League,East,https://www.whatifsports.com/mlb-l/manage.asp?cLID=130841&lst=1,0,0,0,0,0,0,0,philly,Philadelphia CRYPTKEEPERS,,,,,,,,,,,,,,,,,,,,,,,,,,,,,,,,,,,,,,,,,,,,,,,,,,,,,,,,,,,,,
1967,130841,1566680,Pittsburg Tanagers,coldfoot,75,87,0.46296296296296297,25,29-41,31-22,6-6,660,747,National League,East,https://www.whatifsports.com/mlb-l/manage.asp?cLID=130841&lst=1,0,0,0,0,0,0,0,pittsburg,Pittsburg Tanagers,,,,,,,,,,,,,,,,,,,,,,,,,,,,,,,,,,,,,,,,,,,,,,,,,,,,,,,,,,,,,
1967,130841,1566496,New York Nutcrackers,n4ser,71,91,0.4382716049382716,29,27-43,28-29,5-8,649,737,National League,East,https://www.whatifsports.com/mlb-l/manage.asp?cLID=130841&lst=1,0,0,0,0,0,0,0,new-york-nationals,New York Nutcrackers / Nationals,,,,,,,,,,,,,,,,,,,,,,,,,,,,,,,,,,,,,,,,,,,,,,,,,,,,,,,,,,,,,
1967,130841,1566351,Brooklyn Thunderbears,chargingryno,85,77,0.5246913580246914,-,35-35,23-20,13-8,661,643,National League,West,https://www.whatifsports.com/mlb-l/manage.asp?cLID=130841&lst=1,1,0,0,0,1,2,4,thunderbears,Thunderbears — Houston / Brooklyn / Chicago,,,,,,,,,,,,,,,,,,,,,,,,,,,,,,,,,,,,,,,,,,,,,,,,,,,,,,,,,,,,,
1967,130841,1566383,San Francisco Sugaree,h_incandenza,80,82,0.49382716049382713,5,41-29,17-30,5-9,664,601,National League,West,https://www.whatifsports.com/mlb-l/manage.asp?cLID=130841&lst=1,0,0,0,0,0,0,0,georgia-minnesota,Georgia / Minnetonka / Minnesota,,,,,,,,,,,,,,,,,,,,,,,,,,,,,,,,,,,,,,,,,,,,,,,,,,,,,,,,,,,,,
1967,130841,1566498,LA SWAT,dannino,79,83,0.4876543209876543,6,33-37,27-23,12-11,656,681,National League,West,https://www.whatifsports.com/mlb-l/manage.asp?cLID=130841&lst=1,0,0,0,0,0,0,0,montreal,Montreal,,,,,,,,,,,,,,,,,,,,,,,,,,,,,,,,,,,,,,,,,,,,,,,,,,,,,,,,,,,,,
1967,130841,1566355,St. Louis Perfectos,contrarian23,69,93,0.42592592592592593,16,31-39,23-29,6-6,643,790,National League,West,https://www.whatifsports.com/mlb-l/manage.asp?cLID=130841&lst=1,0,0,0,0,0,0,0,st-louis,St. Louis Perfectos,,,,,,,,,,,,,,,,,,,,,,,,,,,,,,,,,,,,,,,,,,,,,,,,,,,,,,,,,,,,,
1967,130841,1566644,Baltimore Buckaroos,disco dogs,98,65,0.6012269938650306,-,41-30,33-21,8-5,755,640,American League,East,https://www.whatifsports.com/mlb-l/manage.asp?cLID=130841&lst=1,1,0,0,0,1,2,4,baltimore,Baltimore,,,,,,,,,,,,,,,,,,,,,,,,,,,,,,,,,,,,,,,,,,,,,,,,,,,,,,,,,,,,,
1967,130841,1566558,Detroit Soupremes,harrelson,97,66,0.5950920245398773,1,41-30,24-27,10-9,751,575,American League,East,https://www.whatifsports.com/mlb-l/manage.asp?cLID=130841&lst=1,0,0,0,0,0,0,0,detroit,Detroit,,,,,,,,,,,,,,,,,,,,,,,,,,,,,,,,,,,,,,,,,,,,,,,,,,,,,,,,,,,,,
1967,130841,1566706,Boston Beavers,bagchucker,72,90,0.4444444444444444,25.5,32-38,23-21,5-8,681,779,American League,East,https://www.whatifsports.com/mlb-l/manage.asp?cLID=130841&lst=1,0,0,0,0,0,0,0,boston,Boston,,,,,,,,,,,,,,,,,,,,,,,,,,,,,,,,,,,,,,,,,,,,,,,,,,,,,,,,,,,,,
1967,130841,1566362,New York Eagles,just4me,67,95,0.41358024691358025,30.5,27-43,26-25,10-7,633,746,American League,East,https://www.whatifsports.com/mlb-l/manage.asp?cLID=130841&lst=1,0,0,0,0,0,0,0,new-york-eagles,New York Eagles,,,,,,,,,,,,,,,,,,,,,,,,,,,,,,,,,,,,,,,,,,,,,,,,,,,,,,,,,,,,,
1967,130841,1566363,Lombard iPackers,dbrom,114,48,0.7037037037037037,-,52-18,22-17,7-3,965,539,American League,West,https://www.whatifsports.com/mlb-l/manage.asp?cLID=130841&lst=1,1,0,1,1,1,6,6,milwaukee,Milwaukee,,,,,,,,,,,,,,,,,,,,,,,,,,,,,,,,,,,,,,,,,,,,,,,,,,,,,,,,,,,,,
1967,130841,1566368,Kansas City Bushwhackers,husker75,85,77,0.5246913580246914,29,38-32,24-26,5-8,914,752,American League,West,https://www.whatifsports.com/mlb-l/manage.asp?cLID=130841&lst=1,0,0,0,0,0,0,0,kansas-city,Kansas City Monarchs,,,,,,,,,,,,,,,,,,,,,,,,,,,,,,,,,,,,,,,,,,,,,,,,,,,,,,,,,,,,,
1967,130841,1566425,Cleveland Wahoos,strubrosii,78,84,0.48148148148148145,36,35-35,15-31,7-8,759,708,American League,West,https://www.whatifsports.com/mlb-l/manage.asp?cLID=130841&lst=1,0,0,0,0,0,0,0,new-york-times,New York Times,,,,,,,,,,,,,,,,,,,,,,,,,,,,,,,,,,,,,,,,,,,,,,,,,,,,,,,,,,,,,
1967,130841,1566611,California Commanders,bluecrew65,38,124,0.2345679012345679,76,15-55,17-16,4-8,637,1356,American League,West,https://www.whatifsports.com/mlb-l/manage.asp?cLID=130841&lst=1,0,0,0,0,0,0,0,socal-newark,SoCal / Newark,,,,,,,,,,,,,,,,,,,,,,,,,,,,,,,,,,,,,,,,,,,,,,,,,,,,,,,,,,,,,
1968,131418,1576552,Pittsburg Tanagers,coldfoot,108,54,0.6666666666666666,-,51-19,28-16,8-4,832,567,National League,East,https://www.whatifsports.com/mlb-l/manage.asp?cLID=131418&lst=1,1,0,1,1,1,5,5,pittsburg,Pittsburg Tanagers,,,,,,,,,,,,,,,,,,,,,,,,,,,,,,,,,,,,,,,,,,,,,,,,,,,,,,,,,,,,,
1968,131418,1576335,Philly CRYPTKEEPERS,cpdpoet,80,82,0.49382716049382713,28,35-35,31-27,6-7,626,640,National League,East,https://www.whatifsports.com/mlb-l/manage.asp?cLID=131418&lst=1,0,0,0,0,0,0,0,philly,Philadelphia CRYPTKEEPERS,,,,,,,,,,,,,,,,,,,,,,,,,,,,,,,,,,,,,,,,,,,,,,,,,,,,,,,,,,,,,
1968,131418,1576501,Cincinnati Mudcats,fire13,68,94,0.41975308641975306,40,29-41,28-30,9-7,553,700,National League,East,https://www.whatifsports.com/mlb-l/manage.asp?cLID=131418&lst=1,0,0,0,0,0,0,0,cincinnati-la,Cincinnati / LA,,,,,,,,,,,,,,,,,,,,,,,,,,,,,,,,,,,,,,,,,,,,,,,,,,,,,,,,,,,,,
1968,131418,1576634,New York Nutcrackers,n4ser,64,98,0.3950617283950617,44,25-45,28-24,5-7,519,753,National League,East,https://www.whatifsports.com/mlb-l/manage.asp?cLID=131418&lst=1,0,0,0,0,0,0,0,new-york-nationals,New York Nutcrackers / Nationals,,,,,,,,,,,,,,,,,,,,,,,,,,,,,,,,,,,,,,,,,,,,,,,,,,,,,,,,,,,,,
1968,131418,1576306,Brooklyn Thunderbears,chargingryno,100,62,0.6172839506172839,-,43-27,30-23,6-6,663,532,National League,West,https://www.whatifsports.com/mlb-l/manage.asp?cLID=131418&lst=1,1,0,0,0,1,1,4,thunderbears,Thunderbears — Houston / Brooklyn / Chicago,,,,,,,,,,,,,,,,,,,,,,,,,,,,,,,,,,,,,,,,,,,,,,,,,,,,,,,,,,,,,
1968,131418,1576418,St. Louis Perfectos,contrarian23,89,73,0.5493827160493827,11,36-34,28-29,9-9,704,589,National League,West,https://www.whatifsports.com/mlb-l/manage.asp?cLID=131418&lst=1,0,0,0,0,0,0,0,st-louis,St. Louis Perfectos,,,,,,,,,,,,,,,,,,,,,,,,,,,,,,,,,,,,,,,,,,,,,,,,,,,,,,,,,,,,,
1968,131418,1576328,San Francisco Sugaree,h_incandenza,88,74,0.5432098765432098,12,40-30,22-37,8-13,594,471,National League,West,https://www.whatifsports.com/mlb-l/manage.asp?cLID=131418&lst=1,0,0,0,0,0,0,0,georgia-minnesota,Georgia / Minnetonka / Minnesota,,,,,,,,,,,,,,,,,,,,,,,,,,,,,,,,,,,,,,,,,,,,,,,,,,,,,,,,,,,,,
1968,131418,1576951,LA SWAT,dannino,51,111,0.3148148148148148,49,21-49,27-36,10-8,421,660,National League,West,https://www.whatifsports.com/mlb-l/manage.asp?cLID=131418&lst=1,0,0,0,0,0,0,0,montreal,Montreal,,,,,,,,,,,,,,,,,,,,,,,,,,,,,,,,,,,,,,,,,,,,,,,,,,,,,,,,,,,,,
1968,131418,1576434,Detroit Supremes 68,harrelson,110,52,0.6790123456790124,-,54-16,27-19,10-9,778,507,American League,East,https://www.whatifsports.com/mlb-l/manage.asp?cLID=131418&lst=1,1,1,1,2,0,8,3,detroit,Detroit,,,,,,,,,,,,,,,,,,,,,,,,,,,,,,,,,,,,,,,,,,,,,,,,,,,,,,,,,,,,,
1968,131418,1577044,Baltimore Buckaroos,disco dogs,75,87,0.46296296296296297,35,31-39,26-22,8-2,595,713,American League,East,https://www.whatifsports.com/mlb-l/manage.asp?cLID=131418&lst=1,0,0,0,0,0,0,0,baltimore,Baltimore,,,,,,,,,,,,,,,,,,,,,,,,,,,,,,,,,,,,,,,,,,,,,,,,,,,,,,,,,,,,,
1968,131418,1576360,New York Eagles,just4me,71,91,0.4382716049382716,39,30-40,18-34,11-9,572,590,American League,East,https://www.whatifsports.com/mlb-l/manage.asp?cLID=131418&lst=1,0,0,0,0,0,0,0,new-york-eagles,New York Eagles,,,,,,,,,,,,,,,,,,,,,,,,,,,,,,,,,,,,,,,,,,,,,,,,,,,,,,,,,,,,,
1968,131418,1577069,Boston Mods,eddiedzen,61,101,0.3765432098765432,49,25-45,22-23,8-13,641,778,American League,East,https://www.whatifsports.com/mlb-l/manage.asp?cLID=131418&lst=1,0,0,0,0,0,0,0,boston,Boston,,,,,,,,,,,,,,,,,,,,,,,,,,,,,,,,,,,,,,,,,,,,,,,,,,,,,,,,,,,,,
1968,131418,1576610,SoCal Space Cadets '68,crustydoc,98,64,0.6049382716049383,-,47-23,24-19,9-6,728,551,American League,West,https://www.whatifsports.com/mlb-l/manage.asp?cLID=131418&lst=1,1,0,0,0,1,2,4,socal-newark,SoCal / Newark,,,,,,,,,,,,,,,,,,,,,,,,,,,,,,,,,,,,,,,,,,,,,,,,,,,,,,,,,,,,,
1968,131418,1576410,Lombard iPackers,dbrom,87,75,0.5370370370370371,11,31-39,30-25,7-11,641,579,American League,West,https://www.whatifsports.com/mlb-l/manage.asp?cLID=131418&lst=1,0,0,0,0,0,0,0,milwaukee,Milwaukee,,,,,,,,,,,,,,,,,,,,,,,,,,,,,,,,,,,,,,,,,,,,,,,,,,,,,,,,,,,,,
1968,131418,1576406,Cleveland Wahoos,strubrosii,77,85,0.47530864197530864,21,31-39,29-26,7-9,601,712,American League,West,https://www.whatifsports.com/mlb-l/manage.asp?cLID=131418&lst=1,0,0,0,0,0,0,0,new-york-times,New York Times,,,,,,,,,,,,,,,,,,,,,,,,,,,,,,,,,,,,,,,,,,,,,,,,,,,,,,,,,,,,,
1968,131418,1576323,Kansas City Bushwhackers 1968,husker75,69,93,0.42592592592592593,29,31-39,22-30,7-8,520,646,American League,West,https://www.whatifsports.com/mlb-l/manage.asp?cLID=131418&lst=1,0,0,0,0,0,0,0,kansas-city,Kansas City Monarchs,,,,,,,,,,,,,,,,,,,,,,,,,,,,,,,,,,,,,,,,,,,,,,,,,,,,,,,,,,,,,
1969,132043,1587486,Pittsburg Tanagers,coldfoot,107,55,0.6604938271604939,-,45-15,29-11,7-4,846,625,National League,East,https://www.whatifsports.com/mlb-l/manage.asp?cLID=132043&lst=1,1,0,0,0,1,2,4,pittsburg,Pittsburg Tanagers,,,,,,,,,,,,,,,,,,,,,,,,,,,,,,,,,,,,,,,,,,,,,,,,,,,,,,,,,,,,,
1969,132043,1587662,Cincinnati Mudcats,fire13,102,60,0.6296296296296297,5,33-24,20-15,10-4,880,579,National League,East,https://www.whatifsports.com/mlb-l/manage.asp?cLID=132043&lst=1,0,0,0,0,0,0,0,cincinnati-la,Cincinnati / LA,,,,,,,,,,,,,,,,,,,,,,,,,,,,,,,,,,,,,,,,,,,,,,,,,,,,,,,,,,,,,
1969,132043,1587900,Philadelphia CRYPTKEEPERS,cpdpoet,73,89,0.4506172839506173,34,24-33,18-29,5-8,752,823,National League,East,https://www.whatifsports.com/mlb-l/manage.asp?cLID=132043&lst=1,0,0,0,0,0,0,0,philly,Philadelphia CRYPTKEEPERS,,,,,,,,,,,,,,,,,,,,,,,,,,,,,,,,,,,,,,,,,,,,,,,,,,,,,,,,,,,,,
1969,132043,1587661,‘69 Houston Colt .45s,txelvis,72,90,0.4444444444444444,35,21-36,18-27,9-11,643,769,National League,East,https://www.whatifsports.com/mlb-l/manage.asp?cLID=132043&lst=1,0,0,0,0,0,0,0,houston,Houston Colt .45s / Astros / flyBALLERS,,,,,,,,,,,,,,,,,,,,,,,,,,,,,,,,,,,,,,,,,,,,,,,,,,,,,,,,,,,,,
1969,132043,1587882,New York Nutcrackers,n4ser,65,97,0.4012345679012346,42,21-36,18-18,4-4,680,833,National League,East,https://www.whatifsports.com/mlb-l/manage.asp?cLID=132043&lst=1,0,0,0,0,0,0,0,new-york-nationals,New York Nutcrackers / Nationals,,,,,,,,,,,,,,,,,,,,,,,,,,,,,,,,,,,,,,,,,,,,,,,,,,,,,,,,,,,,,
1969,132043,1587103,Brooklyn Thunderbears,chargingryno,102,60,0.6296296296296297,-,38-19,22-24,4-16,883,585,National League,West,https://www.whatifsports.com/mlb-l/manage.asp?cLID=132043&lst=1,1,1,1,2,0,8,4,thunderbears,Thunderbears — Houston / Brooklyn / Chicago,,,,,,,,,,,,,,,,,,,,,,,,,,,,,,,,,,,,,,,,,,,,,,,,,,,,,,,,,,,,,
1969,132043,1587996,St. Louis Perfectos '69,kermit,92,70,0.5679012345679012,10,35-25,30-20,10-7,845,697,National League,West,https://www.whatifsports.com/mlb-l/manage.asp?cLID=132043&lst=1,0,0,0,0,0,0,0,st-louis,St. Louis Perfectos,,,,,,,,,,,,,,,,,,,,,,,,,,,,,,,,,,,,,,,,,,,,,,,,,,,,,,,,,,,,,
1969,132043,1587550,LA SWAT,dannino,77,85,0.47530864197530864,25,24-33,14-25,9-7,686,744,National League,West,https://www.whatifsports.com/mlb-l/manage.asp?cLID=132043&lst=1,0,0,0,0,0,0,0,montreal,Montreal,,,,,,,,,,,,,,,,,,,,,,,,,,,,,,,,,,,,,,,,,,,,,,,,,,,,,,,,,,,,,
1969,132043,1587572,San Francisco Sugaree,h_incandenza,72,90,0.4444444444444444,30,20-37,22-26,7-10,685,783,National League,West,https://www.whatifsports.com/mlb-l/manage.asp?cLID=132043&lst=1,0,0,0,0,0,0,0,georgia-minnesota,Georgia / Minnetonka / Minnesota,,,,,,,,,,,,,,,,,,,,,,,,,,,,,,,,,,,,,,,,,,,,,,,,,,,,,,,,,,,,,
1969,132043,1587806,San Diego Quakes,epup1975,57,105,0.35185185185185186,45,27-30,22-17,9-6,532,902,National League,West,https://www.whatifsports.com/mlb-l/manage.asp?cLID=132043&lst=1,0,0,0,0,0,0,0,quake,San Diego / San Francisco Quake,,,,,,,,,,,,,,,,,,,,,,,,,,,,,,,,,,,,,,,,,,,,,,,,,,,,,,,,,,,,,
1969,132043,1587359,Detroit 69 Supremes,harrelson,117,45,0.7222222222222222,-,46-11,20-10,8-4,1015,594,American League,East,https://www.whatifsports.com/mlb-l/manage.asp?cLID=132043&lst=1,1,0,1,1,1,6,4,detroit,Detroit,,,,,,,,,,,,,,,,,,,,,,,,,,,,,,,,,,,,,,,,,,,,,,,,,,,,,,,,,,,,,
1969,132043,1587665,Boston Mods,eddiedzen,100,62,0.6172839506172839,17,34-23,25-19,13-4,826,681,American League,East,https://www.whatifsports.com/mlb-l/manage.asp?cLID=132043&lst=1,0,0,0,0,0,0,0,boston,Boston,,,,,,,,,,,,,,,,,,,,,,,,,,,,,,,,,,,,,,,,,,,,,,,,,,,,,,,,,,,,,
1969,132043,1587274,New York Eagles,just4me,71,91,0.4382716049382716,46,24-36,26-29,7-8,659,746,American League,East,https://www.whatifsports.com/mlb-l/manage.asp?cLID=132043&lst=1,0,0,0,0,0,0,0,new-york-eagles,New York Eagles,,,,,,,,,,,,,,,,,,,,,,,,,,,,,,,,,,,,,,,,,,,,,,,,,,,,,,,,,,,,,
1969,132043,1587654,WashingTex SenatoRangers,frazzman80,69,93,0.42592592592592593,48,22-35,18-20,5-11,717,841,American League,East,https://www.whatifsports.com/mlb-l/manage.asp?cLID=132043&lst=1,0,0,0,0,0,0,0,texas,Texas Rangers,,,,,,,,,,,,,,,,,,,,,,,,,,,,,,,,,,,,,,,,,,,,,,,,,,,,,,,,,,,,,
1969,132043,1587592,‘69 Baltimore Orioles,dodgerdon,58,104,0.35802469135802467,59,18-39,17-28,4-8,652,844,American League,East,https://www.whatifsports.com/mlb-l/manage.asp?cLID=132043&lst=1,0,0,0,0,0,0,0,baltimore,Baltimore,,,,,,,,,,,,,,,,,,,,,,,,,,,,,,,,,,,,,,,,,,,,,,,,,,,,,,,,,,,,,
1969,132043,1587782,Lombard iPackers,dbrom,87,75,0.5370370370370371,-,34-23,25-23,11-6,766,717,American League,West,https://www.whatifsports.com/mlb-l/manage.asp?cLID=132043&lst=1,1,0,0,0,1,0,4,milwaukee,Milwaukee,,,,,,,,,,,,,,,,,,,,,,,,,,,,,,,,,,,,,,,,,,,,,,,,,,,,,,,,,,,,,
1969,132043,1587249,SoCal Space Cadets '69,crustydoc,83,79,0.5123456790123457,4,31-26,28-24,11-11,730,744,American League,West,https://www.whatifsports.com/mlb-l/manage.asp?cLID=132043&lst=1,0,0,0,0,0,0,0,socal-newark,SoCal / Newark,,,,,,,,,,,,,,,,,,,,,,,,,,,,,,,,,,,,,,,,,,,,,,,,,,,,,,,,,,,,,
1969,132043,1587779,Seattle Bagchuckers,chrondon84,79,83,0.4876543209876543,8,33-27,16-21,9-6,794,790,American League,West,https://www.whatifsports.com/mlb-l/manage.asp?cLID=132043&lst=1,0,0,0,0,0,0,0,oakland,Oakland,,,,,,,,,,,,,,,,,,,,,,,,,,,,,,,,,,,,,,,,,,,,,,,,,,,,,,,,,,,,,
1969,132043,1587921,Cleveland Wahoos,strubrosii,74,88,0.4567901234567901,13,24-33,23-20,4-8,746,836,American League,West,https://www.whatifsports.com/mlb-l/manage.asp?cLID=132043&lst=1,0,0,0,0,0,0,0,new-york-times,New York Times,,,,,,,,,,,,,,,,,,,,,,,,,,,,,,,,,,,,,,,,,,,,,,,,,,,,,,,,,,,,,
1969,132043,1588256,Kansas City Kahunas,nockahoma,63,99,0.3888888888888889,24,22-35,20-25,5-8,648,852,American League,West,https://www.whatifsports.com/mlb-l/manage.asp?cLID=132043&lst=1,0,0,0,0,0,0,0,kansas-city,Kansas City Monarchs,,,,,,,,,,,,,,,,,,,,,,,,,,,,,,,,,,,,,,,,,,,,,,,,,,,,,,,,,,,,,
1970,132733,1598686,Cincinnati Mudcats,fire13,105,57,0.6481481481481481,-,34-23,24-12,4-4,904,680,National League,East,https://www.whatifsports.com/mlb-l/manage.asp?cLID=132733&lst=1,1,0,0,0,1,3,4,cincinnati-la,Cincinnati / LA,,,,,,,,,,,,,,,,,,,,,,,,,,,,,,,,,,,,,,,,,,,,,,,,,,,,,,,,,,,,,
1970,132733,1598894,Pittsburg Tanagers,coldfoot,102,60,0.6296296296296297,3,27-30,18-16,4-5,968,711,National League,East,https://www.whatifsports.com/mlb-l/manage.asp?cLID=132733&lst=1,0,0,0,0,0,0,0,pittsburg,Pittsburg Tanagers,,,,,,,,,,,,,,,,,,,,,,,,,,,,,,,,,,,,,,,,,,,,,,,,,,,,,,,,,,,,,
1970,132733,1598701,1970 Houston Colt .45s,txelvis,85,77,0.5246913580246914,20,27-30,25-17,7-9,776,709,National League,East,https://www.whatifsports.com/mlb-l/manage.asp?cLID=132733&lst=1,0,0,0,0,0,0,0,houston,Houston Colt .45s / Astros / flyBALLERS,,,,,,,,,,,,,,,,,,,,,,,,,,,,,,,,,,,,,,,,,,,,,,,,,,,,,,,,,,,,,
1970,132733,1598683,Philly CRYPTKEEPERS,cpdpoet,85,77,0.5246913580246914,20,29-31,17-24,2-3,882,837,National League,East,https://www.whatifsports.com/mlb-l/manage.asp?cLID=132733&lst=1,0,0,0,0,0,0,0,philly,Philadelphia CRYPTKEEPERS,,,,,,,,,,,,,,,,,,,,,,,,,,,,,,,,,,,,,,,,,,,,,,,,,,,,,,,,,,,,,
1970,132733,1598746,New York Nutcrackers,n4ser,73,89,0.4506172839506173,32,27-30,16-26,2-4,785,837,National League,East,https://www.whatifsports.com/mlb-l/manage.asp?cLID=132733&lst=1,0,0,0,0,0,0,0,new-york-nationals,New York Nutcrackers / Nationals,,,,,,,,,,,,,,,,,,,,,,,,,,,,,,,,,,,,,,,,,,,,,,,,,,,,,,,,,,,,,
1970,132733,1598887,St. Louis Perfectos '70,kermit,94,68,0.5802469135802469,-,36-21,22-27,7-5,940,760,National League,West,https://www.whatifsports.com/mlb-l/manage.asp?cLID=132733&lst=1,1,1,1,2,0,8,3,st-louis,St. Louis Perfectos,,,,,,,,,,,,,,,,,,,,,,,,,,,,,,,,,,,,,,,,,,,,,,,,,,,,,,,,,,,,,
1970,132733,1598697,LA SWAT,dannino,75,87,0.46296296296296297,19,35-22,22-19,10-6,758,794,National League,West,https://www.whatifsports.com/mlb-l/manage.asp?cLID=132733&lst=1,0,0,0,0,0,0,0,montreal,Montreal,,,,,,,,,,,,,,,,,,,,,,,,,,,,,,,,,,,,,,,,,,,,,,,,,,,,,,,,,,,,,
1970,132733,1599091,Georgia Browns,ooooohdoggie,58,104,0.35802469135802467,36,26-34,21-22,7-11,729,997,National League,West,https://www.whatifsports.com/mlb-l/manage.asp?cLID=132733&lst=1,0,0,0,0,0,0,0,georgia-minnesota,Georgia / Minnetonka / Minnesota,,,,,,,,,,,,,,,,,,,,,,,,,,,,,,,,,,,,,,,,,,,,,,,,,,,,,,,,,,,,,
1970,132733,1598648,San Diego Quake,epup1975,57,105,0.35185185185185186,37,25-32,19-30,4-3,667,958,National League,West,https://www.whatifsports.com/mlb-l/manage.asp?cLID=132733&lst=1,0,0,0,0,0,0,0,quake,San Diego / San Francisco Quake,,,,,,,,,,,,,,,,,,,,,,,,,,,,,,,,,,,,,,,,,,,,,,,,,,,,,,,,,,,,,
1970,132733,1598639,Brooklyn Thunderbears,chargingryno,51,111,0.3148148148148148,43,22-35,17-21,6-9,663,985,National League,West,https://www.whatifsports.com/mlb-l/manage.asp?cLID=132733&lst=1,0,0,0,0,0,0,0,thunderbears,Thunderbears — Houston / Brooklyn / Chicago,,,,,,,,,,,,,,,,,,,,,,,,,,,,,,,,,,,,,,,,,,,,,,,,,,,,,,,,,,,,,
1970,132733,1598646,Detroit Supremes,harrelson,126,36,0.7777777777777778,-,44-16,18-13,2-2,1092,580,American League,East,https://www.whatifsports.com/mlb-l/manage.asp?cLID=132733&lst=1,1,0,1,1,1,4,5,detroit,Detroit,,,,,,,,,,,,,,,,,,,,,,,,,,,,,,,,,,,,,,,,,,,,,,,,,,,,,,,,,,,,,
1970,132733,1598731,WashingTex SenatoRangers,frazzman80,100,62,0.6172839506172839,26,33-24,23-21,10-4,929,736,American League,East,https://www.whatifsports.com/mlb-l/manage.asp?cLID=132733&lst=1,0,0,0,0,0,0,0,texas,Texas Rangers,,,,,,,,,,,,,,,,,,,,,,,,,,,,,,,,,,,,,,,,,,,,,,,,,,,,,,,,,,,,,
1970,132733,1598641,New York Eagles,just4me,88,74,0.5432098765432098,38,27-30,28-20,9-8,774,735,American League,East,https://www.whatifsports.com/mlb-l/manage.asp?cLID=132733&lst=1,0,0,0,0,0,0,0,new-york-eagles,New York Eagles,,,,,,,,,,,,,,,,,,,,,,,,,,,,,,,,,,,,,,,,,,,,,,,,,,,,,,,,,,,,,
1970,132733,1598694,Boston Mods,eddiedzen,65,97,0.4012345679012346,61,22-35,21-23,10-9,741,902,American League,East,https://www.whatifsports.com/mlb-l/manage.asp?cLID=132733&lst=1,0,0,0,0,0,0,0,boston,Boston,,,,,,,,,,,,,,,,,,,,,,,,,,,,,,,,,,,,,,,,,,,,,,,,,,,,,,,,,,,,,
1970,132733,1598719,‘70 Baltimore Orioles,dodgerdon,59,103,0.36419753086419754,67,18-39,22-20,5-3,642,904,American League,East,https://www.whatifsports.com/mlb-l/manage.asp?cLID=132733&lst=1,0,0,0,0,0,0,0,baltimore,Baltimore,,,,,,,,,,,,,,,,,,,,,,,,,,,,,,,,,,,,,,,,,,,,,,,,,,,,,,,,,,,,,
1970,132733,1598644,SoCal Space Cadets ‘70,crustydoc,86,76,0.5308641975308642,-,27-30,22-23,6-4,767,710,American League,West,https://www.whatifsports.com/mlb-l/manage.asp?cLID=132733&lst=1,1,0,0,0,1,1,4,socal-newark,SoCal / Newark,,,,,,,,,,,,,,,,,,,,,,,,,,,,,,,,,,,,,,,,,,,,,,,,,,,,,,,,,,,,,
1970,132733,1599200,Kansas City Kahunas,nockahoma,85,77,0.5246913580246914,1,32-25,23-12,4-2,873,800,American League,West,https://www.whatifsports.com/mlb-l/manage.asp?cLID=132733&lst=1,0,0,0,0,0,0,0,kansas-city,Kansas City Monarchs,,,,,,,,,,,,,,,,,,,,,,,,,,,,,,,,,,,,,,,,,,,,,,,,,,,,,,,,,,,,,
1970,132733,1599194,Lombard iPackers,dbrom,83,79,0.5123456790123457,3,30-27,19-24,6-7,856,757,American League,West,https://www.whatifsports.com/mlb-l/manage.asp?cLID=132733&lst=1,0,0,0,0,0,0,0,milwaukee,Milwaukee,,,,,,,,,,,,,,,,,,,,,,,,,,,,,,,,,,,,,,,,,,,,,,,,,,,,,,,,,,,,,
1970,132733,1598865,Cleveland Wahoos,strubrosii,72,90,0.4444444444444444,14,28-32,22-19,6-7,710,960,American League,West,https://www.whatifsports.com/mlb-l/manage.asp?cLID=132733&lst=1,0,0,0,0,0,0,0,new-york-times,New York Times,,,,,,,,,,,,,,,,,,,,,,,,,,,,,,,,,,,,,,,,,,,,,,,,,,,,,,,,,,,,,
1970,132733,1598713,Seattle Bagchuckers,chrondon84,71,91,0.4382716049382716,15,27-30,13-23,2-8,719,823,American League,West,https://www.whatifsports.com/mlb-l/manage.asp?cLID=132733&lst=1,0,0,0,0,0,0,0,oakland,Oakland,,,,,,,,,,,,,,,,,,,,,,,,,,,,,,,,,,,,,,,,,,,,,,,,,,,,,,,,,,,,,
1971,133447,1610349,Cincinnati Mudcats,fire13,114,48,0.7037037037037037,-,41-16,27-10,4-2,894,562,National League,East,https://www.whatifsports.com/mlb-l/manage.asp?cLID=133447&lst=1,1,1,1,2,0,8,5,cincinnati-la,Cincinnati / LA,,,,,,,,,,,,,,,,,,,,,,,,,,,,,,,,,,,,,,,,,,,,,,,,,,,,,,,,,,,,,
1971,133447,1610835,Pittsburg Tanagers,coldfoot,85,77,0.5246913580246914,29,34-23,20-24,9-9,813,715,National League,East,https://www.whatifsports.com/mlb-l/manage.asp?cLID=133447&lst=1,0,0,0,0,0,0,0,pittsburg,Pittsburg Tanagers,,,,,,,,,,,,,,,,,,,,,,,,,,,,,,,,,,,,,,,,,,,,,,,,,,,,,,,,,,,,,
1971,133447,1610310,New York Nutcrackers,n4ser,79,83,0.4876543209876543,35,22-35,20-23,9-6,680,751,National League,East,https://www.whatifsports.com/mlb-l/manage.asp?cLID=133447&lst=1,0,0,0,0,0,0,0,new-york-nationals,New York Nutcrackers / Nationals,,,,,,,,,,,,,,,,,,,,,,,,,,,,,,,,,,,,,,,,,,,,,,,,,,,,,,,,,,,,,
1971,133447,1610871,‘71 Houston Colt .45s,txelvis,79,83,0.4876543209876543,35,21-36,31-16,3-8,686,753,National League,East,https://www.whatifsports.com/mlb-l/manage.asp?cLID=133447&lst=1,0,0,0,0,0,0,0,houston,Houston Colt .45s / Astros / flyBALLERS,,,,,,,,,,,,,,,,,,,,,,,,,,,,,,,,,,,,,,,,,,,,,,,,,,,,,,,,,,,,,
1971,133447,1610170,Philly CRYPTKEEPERS,cpdpoet,78,84,0.48148148148148145,36,26-34,14-23,7-2,724,809,National League,East,https://www.whatifsports.com/mlb-l/manage.asp?cLID=133447&lst=1,0,0,0,0,0,0,0,philly,Philadelphia CRYPTKEEPERS,,,,,,,,,,,,,,,,,,,,,,,,,,,,,,,,,,,,,,,,,,,,,,,,,,,,,,,,,,,,,
1971,133447,1610446,St. Louis Perfectos '71,kermit,85,77,0.5246913580246914,-,33-24,18-21,6-7,812,748,National League,West,https://www.whatifsports.com/mlb-l/manage.asp?cLID=133447&lst=1,1,0,0,0,1,3,4,st-louis,St. Louis Perfectos,,,,,,,,,,,,,,,,,,,,,,,,,,,,,,,,,,,,,,,,,,,,,,,,,,,,,,,,,,,,,
1971,133447,1610751,Los Angeles Kings,jmarino2,80,82,0.49382716049382713,5,31-26,24-17,7-9,700,742,National League,West,https://www.whatifsports.com/mlb-l/manage.asp?cLID=133447&lst=1,0,0,0,0,0,0,0,montreal,Montreal,,,,,,,,,,,,,,,,,,,,,,,,,,,,,,,,,,,,,,,,,,,,,,,,,,,,,,,,,,,,,
1971,133447,1610409,San Diego Quake,epup1975,73,89,0.4506172839506173,12,30-27,24-23,9-10,680,767,National League,West,https://www.whatifsports.com/mlb-l/manage.asp?cLID=133447&lst=1,0,0,0,0,0,0,0,quake,San Diego / San Francisco Quake,,,,,,,,,,,,,,,,,,,,,,,,,,,,,,,,,,,,,,,,,,,,,,,,,,,,,,,,,,,,,
1971,133447,1610538,Georgia Browns,ooooohdoggie,66,96,0.4074074074074074,19,24-33,17-22,4-12,711,850,National League,West,https://www.whatifsports.com/mlb-l/manage.asp?cLID=133447&lst=1,0,0,0,0,0,0,0,georgia-minnesota,Georgia / Minnetonka / Minnesota,,,,,,,,,,,,,,,,,,,,,,,,,,,,,,,,,,,,,,,,,,,,,,,,,,,,,,,,,,,,,
1971,133447,1610167,Brooklyn Thunderbears,chargingryno,65,97,0.4012345679012346,20,26-34,16-24,6-6,681,782,National League,West,https://www.whatifsports.com/mlb-l/manage.asp?cLID=133447&lst=1,0,0,0,0,0,0,0,thunderbears,Thunderbears — Houston / Brooklyn / Chicago,,,,,,,,,,,,,,,,,,,,,,,,,,,,,,,,,,,,,,,,,,,,,,,,,,,,,,,,,,,,,
1971,133447,1610857,WashingTex SenatoRangers,frazzman80,96,66,0.5925925925925926,-,31-26,20-25,7-5,754,588,American League,East,https://www.whatifsports.com/mlb-l/manage.asp?cLID=133447&lst=1,1,0,0,0,1,1,4,texas,Texas Rangers,,,,,,,,,,,,,,,,,,,,,,,,,,,,,,,,,,,,,,,,,,,,,,,,,,,,,,,,,,,,,
1971,133447,1610179,New York Eagles,just4me,94,68,0.5802469135802469,2,32-25,21-25,10-4,737,560,American League,East,https://www.whatifsports.com/mlb-l/manage.asp?cLID=133447&lst=1,0,0,0,0,0,0,0,new-york-eagles,New York Eagles,,,,,,,,,,,,,,,,,,,,,,,,,,,,,,,,,,,,,,,,,,,,,,,,,,,,,,,,,,,,,
1971,133447,1610307,Boston Mods,eddiedzen,92,70,0.5679012345679012,4,34-23,21-14,8-8,824,744,American League,East,https://www.whatifsports.com/mlb-l/manage.asp?cLID=133447&lst=1,0,0,0,0,0,0,0,boston,Boston,,,,,,,,,,,,,,,,,,,,,,,,,,,,,,,,,,,,,,,,,,,,,,,,,,,,,,,,,,,,,
1971,133447,1610183,Detroit Supremes 1971,harrelson,80,82,0.49382716049382713,16,23-34,15-18,0-6,687,691,American League,East,https://www.whatifsports.com/mlb-l/manage.asp?cLID=133447&lst=1,0,0,0,0,0,0,0,detroit,Detroit,,,,,,,,,,,,,,,,,,,,,,,,,,,,,,,,,,,,,,,,,,,,,,,,,,,,,,,,,,,,,
1971,133447,1610173,‘71 Baltimore Orioles,dodgerdon,77,85,0.47530864197530864,19,24-36,19-14,4-9,745,807,American League,East,https://www.whatifsports.com/mlb-l/manage.asp?cLID=133447&lst=1,0,0,0,0,0,0,0,baltimore,Baltimore,,,,,,,,,,,,,,,,,,,,,,,,,,,,,,,,,,,,,,,,,,,,,,,,,,,,,,,,,,,,,
1971,133447,1610169,SoCal Space Cadets '71,crustydoc,94,68,0.5802469135802469,-,39-18,24-21,14-7,727,598,American League,West,https://www.whatifsports.com/mlb-l/manage.asp?cLID=133447&lst=1,1,0,1,1,1,6,5,socal-newark,SoCal / Newark,,,,,,,,,,,,,,,,,,,,,,,,,,,,,,,,,,,,,,,,,,,,,,,,,,,,,,,,,,,,,
1971,133447,1610243,Lombard iPackers,dbrom,92,70,0.5679012345679012,2,34-23,21-21,9-5,814,679,American League,West,https://www.whatifsports.com/mlb-l/manage.asp?cLID=133447&lst=1,0,0,0,0,0,0,0,milwaukee,Milwaukee,,,,,,,,,,,,,,,,,,,,,,,,,,,,,,,,,,,,,,,,,,,,,,,,,,,,,,,,,,,,,
1971,133447,1610732,Cleveland Wahoos,strubrosii,71,91,0.4382716049382716,23,29-28,19-23,4-4,680,828,American League,West,https://www.whatifsports.com/mlb-l/manage.asp?cLID=133447&lst=1,0,0,0,0,0,0,0,new-york-times,New York Times,,,,,,,,,,,,,,,,,,,,,,,,,,,,,,,,,,,,,,,,,,,,,,,,,,,,,,,,,,,,,
1971,133447,1610807,Seattle Bagchuckers,chrondon84,68,94,0.41975308641975306,26,29-31,21-26,5-6,599,696,American League,West,https://www.whatifsports.com/mlb-l/manage.asp?cLID=133447&lst=1,0,0,0,0,0,0,0,oakland,Oakland,,,,,,,,,,,,,,,,,,,,,,,,,,,,,,,,,,,,,,,,,,,,,,,,,,,,,,,,,,,,,
1971,133447,1610545,Kansas City Monarchs,poppapomp,52,110,0.32098765432098764,42,13-44,18-20,6-6,582,860,American League,West,https://www.whatifsports.com/mlb-l/manage.asp?cLID=133447&lst=1,0,0,0,0,0,0,0,kansas-city,Kansas City Monarchs,,,,,,,,,,,,,,,,,,,,,,,,,,,,,,,,,,,,,,,,,,,,,,,,,,,,,,,,,,,,,
1972,134068,1620813,Pittsburg Tanagers,coldfoot,111,51,0.6851851851851852,-,36-21,25-24,6-5,832,508,National League,East,https://www.whatifsports.com/mlb-l/manage.asp?cLID=134068&lst=1,1,0,0,0,1,3,4,pittsburg,Pittsburg Tanagers,,,,,,,,,,,,,,,,,,,,,,,,,,,,,,,,,,,,,,,,,,,,,,,,,,,,,,,,,,,,,
1972,134068,1620500,Cincinnati Mudcats,fire13,101,61,0.6234567901234568,10,34-23,27-22,9-3,720,535,National League,East,https://www.whatifsports.com/mlb-l/manage.asp?cLID=134068&lst=1,0,0,0,0,0,0,0,cincinnati-la,Cincinnati / LA,,,,,,,,,,,,,,,,,,,,,,,,,,,,,,,,,,,,,,,,,,,,,,,,,,,,,,,,,,,,,
1972,134068,1620341,Philly CRYPTKEEPERS,cpdpoet,77,85,0.47530864197530864,34,31-29,28-25,9-7,626,669,National League,East,https://www.whatifsports.com/mlb-l/manage.asp?cLID=134068&lst=1,0,0,0,0,0,0,0,philly,Philadelphia CRYPTKEEPERS,,,,,,,,,,,,,,,,,,,,,,,,,,,,,,,,,,,,,,,,,,,,,,,,,,,,,,,,,,,,,
1972,134068,1620784,New York Nutcrackers,n4ser,76,86,0.4691358024691358,35,24-33,24-22,8-10,636,745,National League,East,https://www.whatifsports.com/mlb-l/manage.asp?cLID=134068&lst=1,0,0,0,0,0,0,0,new-york-nationals,New York Nutcrackers / Nationals,,,,,,,,,,,,,,,,,,,,,,,,,,,,,,,,,,,,,,,,,,,,,,,,,,,,,,,,,,,,,
1972,134068,1620802,'72 Houston Colt .45s,txelvis,70,92,0.43209876543209874,41,19-38,19-32,9-9,661,694,National League,East,https://www.whatifsports.com/mlb-l/manage.asp?cLID=134068&lst=1,0,0,0,0,0,0,0,houston,Houston Colt .45s / Astros / flyBALLERS,,,,,,,,,,,,,,,,,,,,,,,,,,,,,,,,,,,,,,,,,,,,,,,,,,,,,,,,,,,,,
1972,134068,1619951,Chicago Thunderbears,chargingryno,99,63,0.6111111111111112,-,39-18,29-22,10-6,779,627,National League,West,https://www.whatifsports.com/mlb-l/manage.asp?cLID=134068&lst=1,1,0,1,1,1,7,7,thunderbears,Thunderbears — Houston / Brooklyn / Chicago,,,,,,,,,,,,,,,,,,,,,,,,,,,,,,,,,,,,,,,,,,,,,,,,,,,,,,,,,,,,,
1972,134068,1620791,Georgia Browns '72,ooooohdoggie,83,79,0.5123456790123457,16,38-19,27-22,7-9,676,676,National League,West,https://www.whatifsports.com/mlb-l/manage.asp?cLID=134068&lst=1,0,0,0,0,0,0,0,georgia-minnesota,Georgia / Minnetonka / Minnesota,,,,,,,,,,,,,,,,,,,,,,,,,,,,,,,,,,,,,,,,,,,,,,,,,,,,,,,,,,,,,
1972,134068,1620812,St. Louis Perfectos '72,kermit,82,80,0.5061728395061729,17,34-26,23-18,5-8,754,796,National League,West,https://www.whatifsports.com/mlb-l/manage.asp?cLID=134068&lst=1,0,0,0,0,0,0,0,st-louis,St. Louis Perfectos,,,,,,,,,,,,,,,,,,,,,,,,,,,,,,,,,,,,,,,,,,,,,,,,,,,,,,,,,,,,,
1972,134068,1620151,San Francisco Seals,jmarino2,67,95,0.41358024691358025,32,16-41,21-25,5-7,640,782,National League,West,https://www.whatifsports.com/mlb-l/manage.asp?cLID=134068&lst=1,0,0,0,0,0,0,0,montreal,Montreal,,,,,,,,,,,,,,,,,,,,,,,,,,,,,,,,,,,,,,,,,,,,,,,,,,,,,,,,,,,,,
1972,134068,1620662,San Diego Quake,epup1975,60,102,0.37037037037037035,39,17-40,20-26,7-4,636,817,National League,West,https://www.whatifsports.com/mlb-l/manage.asp?cLID=134068&lst=1,0,0,0,0,0,0,0,quake,San Diego / San Francisco Quake,,,,,,,,,,,,,,,,,,,,,,,,,,,,,,,,,,,,,,,,,,,,,,,,,,,,,,,,,,,,,
1972,134068,1620470,Texas Rangers,frazzman80,104,58,0.6419753086419753,-,39-18,24-15,6-2,810,610,American League,East,https://www.whatifsports.com/mlb-l/manage.asp?cLID=134068&lst=1,1,1,1,2,0,8,6,texas,Texas Rangers,,,,,,,,,,,,,,,,,,,,,,,,,,,,,,,,,,,,,,,,,,,,,,,,,,,,,,,,,,,,,
1972,134068,1619973,New York Eagles,just4me,90,72,0.5555555555555556,14,28-29,33-23,11-9,643,546,American League,East,https://www.whatifsports.com/mlb-l/manage.asp?cLID=134068&lst=1,0,0,0,0,0,0,0,new-york-eagles,New York Eagles,,,,,,,,,,,,,,,,,,,,,,,,,,,,,,,,,,,,,,,,,,,,,,,,,,,,,,,,,,,,,
1972,134068,1620443,Boston Plaids,eddiedzen,76,86,0.4691358024691358,28,24-33,17-25,9-6,648,688,American League,East,https://www.whatifsports.com/mlb-l/manage.asp?cLID=134068&lst=1,0,0,0,0,0,0,0,boston,Boston,,,,,,,,,,,,,,,,,,,,,,,,,,,,,,,,,,,,,,,,,,,,,,,,,,,,,,,,,,,,,
1972,134068,1620428,Detroit Supremess,harrelson,70,92,0.43209876543209874,34,26-31,21-28,4-5,618,689,American League,East,https://www.whatifsports.com/mlb-l/manage.asp?cLID=134068&lst=1,0,0,0,0,0,0,0,detroit,Detroit,,,,,,,,,,,,,,,,,,,,,,,,,,,,,,,,,,,,,,,,,,,,,,,,,,,,,,,,,,,,,
1972,134068,1620217,‘72 Baltimore Orioles,dodgerdon,69,93,0.42592592592592593,35,27-33,20-25,7-7,704,818,American League,East,https://www.whatifsports.com/mlb-l/manage.asp?cLID=134068&lst=1,0,0,0,0,0,0,0,baltimore,Baltimore,,,,,,,,,,,,,,,,,,,,,,,,,,,,,,,,,,,,,,,,,,,,,,,,,,,,,,,,,,,,,
1972,134068,1620666,Lombard iPackers,dbrom,97,65,0.5987654320987654,-,40-17,24-25,5-7,698,525,American League,West,https://www.whatifsports.com/mlb-l/manage.asp?cLID=134068&lst=1,1,0,0,0,1,3,4,milwaukee,Milwaukee,,,,,,,,,,,,,,,,,,,,,,,,,,,,,,,,,,,,,,,,,,,,,,,,,,,,,,,,,,,,,
1972,134068,1620489,SoCal Space Cadets ‘72,crustydoc,87,75,0.5370370370370371,10,35-25,30-15,6-11,661,675,American League,West,https://www.whatifsports.com/mlb-l/manage.asp?cLID=134068&lst=1,0,0,0,0,0,0,0,socal-newark,SoCal / Newark,,,,,,,,,,,,,,,,,,,,,,,,,,,,,,,,,,,,,,,,,,,,,,,,,,,,,,,,,,,,,
1972,134068,1620502,Kansas City Monarchs,fire13,76,86,0.4691358024691358,21,28-29,21-26,5-7,629,669,American League,West,https://www.whatifsports.com/mlb-l/manage.asp?cLID=134068&lst=1,0,0,0,0,0,0,0,kansas-city,Kansas City Monarchs,,,,,,,,,,,,,,,,,,,,,,,,,,,,,,,,,,,,,,,,,,,,,,,,,,,,,,,,,,,,,
1972,134068,1620716,New York  Times,trentonjoe,70,92,0.43209876543209874,27,27-30,23-27,5-8,522,600,American League,West,https://www.whatifsports.com/mlb-l/manage.asp?cLID=134068&lst=1,0,0,0,0,0,0,0,new-york-times,New York Times,,,,,,,,,,,,,,,,,,,,,,,,,,,,,,,,,,,,,,,,,,,,,,,,,,,,,,,,,,,,,
1972,134068,1620689,Oakland Bagchuckers,chrondon84,55,107,0.3395061728395062,42,14-43,20-29,6-9,517,741,American League,West,https://www.whatifsports.com/mlb-l/manage.asp?cLID=134068&lst=1,0,0,0,0,0,0,0,oakland,Oakland,,,,,,,,,,,,,,,,,,,,,,,,,,,,,,,,,,,,,,,,,,,,,,,,,,,,,,,,,,,,,
1973,134800,1632228,Pittsburg Tanagers,coldfoot,103,59,0.6358024691358025,-,38-19,19-14,7-8,979,705,National League,East,https://www.whatifsports.com/mlb-l/manage.asp?cLID=134800&lst=1,1,1,1,2,0,8,5,pittsburg,Pittsburg Tanagers,,,,,,,,,,,,,,,,,,,,,,,,,,,,,,,,,,,,,,,,,,,,,,,,,,,,,,,,,,,,,
1973,134800,1632643,Cincinnati Mudcats,fire13,101,61,0.6234567901234568,2,36-21,24-22,6-7,841,642,National League,East,https://www.whatifsports.com/mlb-l/manage.asp?cLID=134800&lst=1,0,0,0,0,0,0,0,cincinnati-la,Cincinnati / LA,,,,,,,,,,,,,,,,,,,,,,,,,,,,,,,,,,,,,,,,,,,,,,,,,,,,,,,,,,,,,
1973,134800,1632368,New York  Times,trentonjoe,85,77,0.5246913580246914,18,27-30,30-25,6-8,670,685,National League,East,https://www.whatifsports.com/mlb-l/manage.asp?cLID=134800&lst=1,0,0,0,0,0,0,0,new-york-times,New York Times,,,,,,,,,,,,,,,,,,,,,,,,,,,,,,,,,,,,,,,,,,,,,,,,,,,,,,,,,,,,,
1973,134800,1632135,Chicago Thunderbears,chargingryno,72,90,0.4444444444444444,31,25-35,18-21,5-6,822,850,National League,East,https://www.whatifsports.com/mlb-l/manage.asp?cLID=134800&lst=1,0,0,0,0,0,0,0,thunderbears,Thunderbears — Houston / Brooklyn / Chicago,,,,,,,,,,,,,,,,,,,,,,,,,,,,,,,,,,,,,,,,,,,,,,,,,,,,,,,,,,,,,
1973,134800,1632637,New York Nutcrackers,n4ser,62,100,0.38271604938271603,41,18-39,15-21,5-9,675,939,National League,East,https://www.whatifsports.com/mlb-l/manage.asp?cLID=134800&lst=1,0,0,0,0,0,0,0,new-york-nationals,New York Nutcrackers / Nationals,,,,,,,,,,,,,,,,,,,,,,,,,,,,,,,,,,,,,,,,,,,,,,,,,,,,,,,,,,,,,
1973,134800,1632248,Texas Rangers,frazzman80,102,60,0.6296296296296297,-,34-23,25-21,9-9,861,699,National League,West,https://www.whatifsports.com/mlb-l/manage.asp?cLID=134800&lst=1,1,0,0,0,1,3,4,texas,Texas Rangers,,,,,,,,,,,,,,,,,,,,,,,,,,,,,,,,,,,,,,,,,,,,,,,,,,,,,,,,,,,,,
1973,134800,1632150,Milwaukee Brewers,dbrom,98,64,0.6049382716049383,4,38-19,24-20,8-4,888,712,National League,West,https://www.whatifsports.com/mlb-l/manage.asp?cLID=134800&lst=1,0,0,0,0,0,0,0,milwaukee,Milwaukee,,,,,,,,,,,,,,,,,,,,,,,,,,,,,,,,,,,,,,,,,,,,,,,,,,,,,,,,,,,,,
1973,134800,1632144,San Francisco Seals,jmarino2,70,92,0.43209876543209874,32,26-31,20-18,7-2,737,910,National League,West,https://www.whatifsports.com/mlb-l/manage.asp?cLID=134800&lst=1,0,0,0,0,0,0,0,montreal,Montreal,,,,,,,,,,,,,,,,,,,,,,,,,,,,,,,,,,,,,,,,,,,,,,,,,,,,,,,,,,,,,
1973,134800,1632422,St. Louis Perfectos '73,kermit,69,93,0.42592592592592593,33,22-35,18-17,7-7,713,819,National League,West,https://www.whatifsports.com/mlb-l/manage.asp?cLID=134800&lst=1,0,0,0,0,0,0,0,st-louis,St. Louis Perfectos,,,,,,,,,,,,,,,,,,,,,,,,,,,,,,,,,,,,,,,,,,,,,,,,,,,,,,,,,,,,,
1973,134800,1632746,San Diego Quake,epup1975,66,96,0.4074074074074074,36,24-36,16-23,7-6,676,819,National League,West,https://www.whatifsports.com/mlb-l/manage.asp?cLID=134800&lst=1,0,0,0,0,0,0,0,quake,San Diego / San Francisco Quake,,,,,,,,,,,,,,,,,,,,,,,,,,,,,,,,,,,,,,,,,,,,,,,,,,,,,,,,,,,,,
1973,134800,1632145,Boston Plaids,eddiedzen,117,45,0.7222222222222222,-,42-18,22-8,6-2,1092,696,American League,East,https://www.whatifsports.com/mlb-l/manage.asp?cLID=134800&lst=1,1,0,1,1,1,6,6,boston,Boston,,,,,,,,,,,,,,,,,,,,,,,,,,,,,,,,,,,,,,,,,,,,,,,,,,,,,,,,,,,,,
1973,134800,1632433,Philly CRYPTKEEPERS,cpdpoet,101,61,0.6234567901234568,16,30-27,27-20,11-3,920,706,American League,East,https://www.whatifsports.com/mlb-l/manage.asp?cLID=134800&lst=1,0,0,0,0,0,0,0,philly,Philadelphia CRYPTKEEPERS,,,,,,,,,,,,,,,,,,,,,,,,,,,,,,,,,,,,,,,,,,,,,,,,,,,,,,,,,,,,,
1973,134800,1632158,Detroit Supremes,harrelson,81,81,0.5,36,24-33,21-24,6-8,825,807,American League,East,https://www.whatifsports.com/mlb-l/manage.asp?cLID=134800&lst=1,0,0,0,0,0,0,0,detroit,Detroit,,,,,,,,,,,,,,,,,,,,,,,,,,,,,,,,,,,,,,,,,,,,,,,,,,,,,,,,,,,,,
1973,134800,1632488,‘73 Baltimore Orioles,dodgerdon,79,83,0.4876543209876543,38,27-30,14-19,7-5,799,858,American League,East,https://www.whatifsports.com/mlb-l/manage.asp?cLID=134800&lst=1,0,0,0,0,0,0,0,baltimore,Baltimore,,,,,,,,,,,,,,,,,,,,,,,,,,,,,,,,,,,,,,,,,,,,,,,,,,,,,,,,,,,,,
1973,134800,1632913,New York Eagles,just4me,74,88,0.4567901234567901,43,21-36,22-21,9-7,709,756,American League,East,https://www.whatifsports.com/mlb-l/manage.asp?cLID=134800&lst=1,0,0,0,0,0,0,0,new-york-eagles,New York Eagles,,,,,,,,,,,,,,,,,,,,,,,,,,,,,,,,,,,,,,,,,,,,,,,,,,,,,,,,,,,,,
1973,134800,1632786,‘73 Houston Colt .45s,txelvis,85,77,0.5246913580246914,-,36-21,23-17,8-4,854,886,American League,West,https://www.whatifsports.com/mlb-l/manage.asp?cLID=134800&lst=1,1,0,0,0,1,2,4,houston,Houston Colt .45s / Astros / flyBALLERS,,,,,,,,,,,,,,,,,,,,,,,,,,,,,,,,,,,,,,,,,,,,,,,,,,,,,,,,,,,,,
1973,134800,1632477,SoCal Space Cadets '73,crustydoc,72,90,0.4444444444444444,13,33-27,27-26,3-9,734,787,American League,West,https://www.whatifsports.com/mlb-l/manage.asp?cLID=134800&lst=1,0,0,0,0,0,0,0,socal-newark,SoCal / Newark,,,,,,,,,,,,,,,,,,,,,,,,,,,,,,,,,,,,,,,,,,,,,,,,,,,,,,,,,,,,,
1973,134800,1632644,Kansas City Monarchs,fire13,71,91,0.4382716049382716,14,28-29,22-24,7-11,758,849,American League,West,https://www.whatifsports.com/mlb-l/manage.asp?cLID=134800&lst=1,0,0,0,0,0,0,0,kansas-city,Kansas City Monarchs,,,,,,,,,,,,,,,,,,,,,,,,,,,,,,,,,,,,,,,,,,,,,,,,,,,,,,,,,,,,,
1973,134800,1632151,Georgia Browns '73,ooooohdoggie,65,97,0.4012345679012346,20,28-29,13-32,5-9,885,998,American League,West,https://www.whatifsports.com/mlb-l/manage.asp?cLID=134800&lst=1,0,0,0,0,0,0,0,georgia-minnesota,Georgia / Minnetonka / Minnesota,,,,,,,,,,,,,,,,,,,,,,,,,,,,,,,,,,,,,,,,,,,,,,,,,,,,,,,,,,,,,
1973,134800,1632160,Oakland Bagchuckers,chrondon84,47,115,0.29012345679012347,38,19-38,14-21,1-6,571,886,American League,West,https://www.whatifsports.com/mlb-l/manage.asp?cLID=134800&lst=1,0,0,0,0,0,0,0,oakland,Oakland,,,,,,,,,,,,,,,,,,,,,,,,,,,,,,,,,,,,,,,,,,,,,,,,,,,,,,,,,,,,,
1974,135415,1643142,Pittsburg Tanagers,coldfoot,107,55,0.6604938271604939,-,34-23,28-21,9-7,917,626,National League,East,https://www.whatifsports.com/mlb-l/manage.asp?cLID=135415&lst=1,1,0,0,0,1,1,4,pittsburg,Pittsburg Tanagers,,,,,,,,,,,,,,,,,,,,,,,,,,,,,,,,,,,,,,,,,,,,,,,,,,,,,,,,,,,,,
1974,135415,1642382,Chicago Thunderbears,chargingryno,103,59,0.6358024691358025,4,42-18,22-18,9-3,875,679,National League,East,https://www.whatifsports.com/mlb-l/manage.asp?cLID=135415&lst=1,0,0,0,0,0,0,0,thunderbears,Thunderbears — Houston / Brooklyn / Chicago,,,,,,,,,,,,,,,,,,,,,,,,,,,,,,,,,,,,,,,,,,,,,,,,,,,,,,,,,,,,,
1974,135415,1642849,Cincinnati Mudcats,fire13,94,68,0.5802469135802469,13,30-27,23-23,4-7,822,709,National League,East,https://www.whatifsports.com/mlb-l/manage.asp?cLID=135415&lst=1,0,0,0,0,0,0,0,cincinnati-la,Cincinnati / LA,,,,,,,,,,,,,,,,,,,,,,,,,,,,,,,,,,,,,,,,,,,,,,,,,,,,,,,,,,,,,
1974,135415,1642971,New York Times,trentonjoe,77,85,0.47530864197530864,30,27-30,23-24,9-11,617,678,National League,East,https://www.whatifsports.com/mlb-l/manage.asp?cLID=135415&lst=1,0,0,0,0,0,0,0,new-york-times,New York Times,,,,,,,,,,,,,,,,,,,,,,,,,,,,,,,,,,,,,,,,,,,,,,,,,,,,,,,,,,,,,
1974,135415,1643370,New York Nutcrackers,n4ser,55,107,0.3395061728395062,52,11-46,23-29,8-11,584,851,National League,East,https://www.whatifsports.com/mlb-l/manage.asp?cLID=135415&lst=1,0,0,0,0,0,0,0,new-york-nationals,New York Nutcrackers / Nationals,,,,,,,,,,,,,,,,,,,,,,,,,,,,,,,,,,,,,,,,,,,,,,,,,,,,,,,,,,,,,
1974,135415,1642768,Milwaukee Brewers,dbrom,92,70,0.5679012345679012,-,32-25,19-16,8-6,844,752,National League,West,https://www.whatifsports.com/mlb-l/manage.asp?cLID=135415&lst=1,1,0,1,1,1,6,5,milwaukee,Milwaukee,,,,,,,,,,,,,,,,,,,,,,,,,,,,,,,,,,,,,,,,,,,,,,,,,,,,,,,,,,,,,
1974,135415,1642604,Texas Rangers,frazzman80,88,74,0.5432098765432098,4,30-27,18-19,7-7,791,715,National League,West,https://www.whatifsports.com/mlb-l/manage.asp?cLID=135415&lst=1,0,0,0,0,0,0,0,texas,Texas Rangers,,,,,,,,,,,,,,,,,,,,,,,,,,,,,,,,,,,,,,,,,,,,,,,,,,,,,,,,,,,,,
1974,135415,1642832,San Diego Quake,epup1975,77,85,0.47530864197530864,15,31-26,28-23,6-8,691,750,National League,West,https://www.whatifsports.com/mlb-l/manage.asp?cLID=135415&lst=1,0,0,0,0,0,0,0,quake,San Diego / San Francisco Quake,,,,,,,,,,,,,,,,,,,,,,,,,,,,,,,,,,,,,,,,,,,,,,,,,,,,,,,,,,,,,
1974,135415,1642989,St. Louis Perfectos '74,kermit,77,85,0.47530864197530864,15,29-31,28-29,11-7,783,806,National League,West,https://www.whatifsports.com/mlb-l/manage.asp?cLID=135415&lst=1,0,0,0,0,0,0,0,st-louis,St. Louis Perfectos,,,,,,,,,,,,,,,,,,,,,,,,,,,,,,,,,,,,,,,,,,,,,,,,,,,,,,,,,,,,,
1974,135415,1642646,San Fransisco Golden Seals,jmarino2,63,99,0.3888888888888889,29,22-35,24-24,8-6,597,764,National League,West,https://www.whatifsports.com/mlb-l/manage.asp?cLID=135415&lst=1,0,0,0,0,0,0,0,montreal,Montreal,,,,,,,,,,,,,,,,,,,,,,,,,,,,,,,,,,,,,,,,,,,,,,,,,,,,,,,,,,,,,
1974,135415,1642633,Philly CRYPTKEEPERS,cpdpoet,101,61,0.6234567901234568,-,35-22,15-20,5-9,859,620,American League,East,https://www.whatifsports.com/mlb-l/manage.asp?cLID=135415&lst=1,1,1,1,2,0,8,3,philly,Philadelphia CRYPTKEEPERS,,,,,,,,,,,,,,,,,,,,,,,,,,,,,,,,,,,,,,,,,,,,,,,,,,,,,,,,,,,,,
1974,135415,1642652,Boston Plaids,eddiedzen,98,64,0.6049382716049383,3,36-24,21-22,10-7,1007,786,American League,East,https://www.whatifsports.com/mlb-l/manage.asp?cLID=135415&lst=1,0,0,0,0,0,0,0,boston,Boston,,,,,,,,,,,,,,,,,,,,,,,,,,,,,,,,,,,,,,,,,,,,,,,,,,,,,,,,,,,,,
1974,135415,1642413,New York Eagles,just4me,74,88,0.4567901234567901,27,21-36,22-27,9-8,728,729,American League,East,https://www.whatifsports.com/mlb-l/manage.asp?cLID=135415&lst=1,0,0,0,0,0,0,0,new-york-eagles,New York Eagles,,,,,,,,,,,,,,,,,,,,,,,,,,,,,,,,,,,,,,,,,,,,,,,,,,,,,,,,,,,,,
1974,135415,1642969,Detroit Supremes 74,harrelson,72,90,0.4444444444444444,29,31-26,15-17,7-5,818,944,American League,East,https://www.whatifsports.com/mlb-l/manage.asp?cLID=135415&lst=1,0,0,0,0,0,0,0,detroit,Detroit,,,,,,,,,,,,,,,,,,,,,,,,,,,,,,,,,,,,,,,,,,,,,,,,,,,,,,,,,,,,,
1974,135415,1642891,‘74 Baltimore Orioles,dodgerdon,68,94,0.41975308641975306,33,21-36,17-18,3-9,694,834,American League,East,https://www.whatifsports.com/mlb-l/manage.asp?cLID=135415&lst=1,0,0,0,0,0,0,0,baltimore,Baltimore,,,,,,,,,,,,,,,,,,,,,,,,,,,,,,,,,,,,,,,,,,,,,,,,,,,,,,,,,,,,,
1974,135415,1642847,Kansas City Monarchs,fire13,83,79,0.5123456790123457,-,31-26,26-18,6-7,781,874,American League,West,https://www.whatifsports.com/mlb-l/manage.asp?cLID=135415&lst=1,1,0,0,0,1,1,4,kansas-city,Kansas City Monarchs,,,,,,,,,,,,,,,,,,,,,,,,,,,,,,,,,,,,,,,,,,,,,,,,,,,,,,,,,,,,,
1974,135415,1642981,Georgia Browns '74,ooooohdoggie,78,84,0.48148148148148145,5,30-27,22-18,10-9,765,836,American League,West,https://www.whatifsports.com/mlb-l/manage.asp?cLID=135415&lst=1,0,0,0,0,0,0,0,georgia-minnesota,Georgia / Minnetonka / Minnesota,,,,,,,,,,,,,,,,,,,,,,,,,,,,,,,,,,,,,,,,,,,,,,,,,,,,,,,,,,,,,
1974,135415,1643387,'74 Houston Colt .45s,txelvis,75,87,0.46296296296296297,8,32-25,25-19,6-6,789,821,American League,West,https://www.whatifsports.com/mlb-l/manage.asp?cLID=135415&lst=1,0,0,0,0,0,0,0,houston,Houston Colt .45s / Astros / flyBALLERS,,,,,,,,,,,,,,,,,,,,,,,,,,,,,,,,,,,,,,,,,,,,,,,,,,,,,,,,,,,,,
1974,135415,1642898,Oakland Bagchuckers,chrondon84,72,90,0.4444444444444444,11,30-30,17-29,10-12,741,736,American League,West,https://www.whatifsports.com/mlb-l/manage.asp?cLID=135415&lst=1,0,0,0,0,0,0,0,oakland,Oakland,,,,,,,,,,,,,,,,,,,,,,,,,,,,,,,,,,,,,,,,,,,,,,,,,,,,,,,,,,,,,
1974,135415,1643144,SoCal Soace Cadets '74,crustydoc,66,96,0.4074074074074074,17,21-36,17-19,8-8,687,880,American League,West,https://www.whatifsports.com/mlb-l/manage.asp?cLID=135415&lst=1,0,0,0,0,0,0,0,socal-newark,SoCal / Newark,,,,,,,,,,,,,,,,,,,,,,,,,,,,,,,,,,,,,,,,,,,,,,,,,,,,,,,,,,,,,
1975,136079,1653580,Cincinnati Mudcats,fire13,103,59,0.6358024691358025,-,40-17,22-16,5-10,882,643,National League,East,https://www.whatifsports.com/mlb-l/manage.asp?cLID=136079&lst=1,1,0,0,0,1,1,4,cincinnati-la,Cincinnati / LA,1976.0,Cincinnati Mudcats,79873534.67307693,74265961.33048433,-0.0625287090985685,103.0,16.389369940890067,same-year final block row4; WIS wins,79873534.67307693,156.0,3.0,3.0,first,79873534.67307693,16.389369940890067,88.49605428082477,16.38936994089004,False,78760225.0,80278646.0,79188711.825,80078646.0,80078646.0,,,0.0,False,3.0,,26.0,26.0,0.0,0.0,0.0,1423.9999998946273,6087.0,6087.0,6087.0,6087.0,40694854.0,6685.535403318548,0.7568321925907672,1424.0,1424.0,1424.0,38462255.833333336,27010.01111891386,3.091706078651685,3.1735286889044945,1.2663027507022473,-716424.8397435844,1.0456713708588057,1.0,1.0,False,True,14.503945719175237,20.0,0.0,0.0,0.0
1975,136079,1653542,Pittsburg Tanagers,coldfoot,89,73,0.5493827160493827,14,31-26,22-17,12-8,886,802,National League,East,https://www.whatifsports.com/mlb-l/manage.asp?cLID=136079&lst=1,0,0,0,0,0,0,0,pittsburg,Pittsburg Tanagers,1976.0,Pittsburg Tanagers,71155511.48717949,75234630.57336181,0.060185678662554,89.0,20.00159747165695,same-year final block row4; WIS wins,71155511.48717949,156.0,4.0,7.0,first,71155511.48717949,20.00159747165695,74.16567935357762,20.00159747165695,False,74815211.0,70626473.0,72662184.15,70653340.26829268,70626473.0,,,0.0,False,2.0,,35.0,31.0,2.0,0.0,0.0,1585.5370372859834,6542.660491221935,6542.66049382716,6542.66049382716,6542.66049382716,41127881.925925925,6286.109750724353,0.7494935623603303,1585.537037037037,1585.537037037037,1585.537037037037,35177290.2037037,22186.356661488688,3.6810999500811734,3.63904915145003,1.342655586960838,5149660.642450139,0.9315386071932328,1.0,1.0,False,True,14.834320646422384,20.0,0.0,0.0,0.0
1975,136079,1653438,Chicago Thunderbears,chargingryno,88,74,0.5432098765432098,15,33-27,27-21,5-8,803,688,National League,East,https://www.whatifsports.com/mlb-l/manage.asp?cLID=136079&lst=1,0,0,0,0,0,0,0,thunderbears,Thunderbears — Houston / Brooklyn / Chicago,1976.0,Chicago Thunderbears,72812280.16666667,75050545.16452992,0.0357030447648943,88.0,14.431175198456222,same-year final block row4; WIS wins,72812280.16666667,156.0,6.0,2.0,first,72812280.16666667,14.431175198456222,76.90212028967014,14.431175198456248,False,74497782.0,70528494.0,74497782.0,72450123.31707317,73496302.0,,,0.0,False,6.0,,37.0,31.0,2.0,0.0,0.0,1419.2901232476977,5684.2777778218015,5684.277777777777,5684.277777777777,5684.277777777777,38829373.777777776,6831.012715384541,0.7568109684265566,1419.29012345679,1419.29012345679,1419.29012345679,33394443.71604938,23528.976327063177,3.3163330483070568,3.4815320843188,1.2728857486397738,-588462.6728395075,0.9532283393850802,1.0,0.0,False,True,11.097879710329863,20.0,0.0,0.0,0.0
1975,136079,1653467,New York  Times,trentonjoe,76,86,0.4691358024691358,27,28-29,19-24,6-6,720,772,National League,East,https://www.whatifsports.com/mlb-l/manage.asp?cLID=136079&lst=1,0,0,0,0,0,0,0,new-york-times,New York Times,1976.0,New York Times,69977603.0,75365509.29415955,0.0818205281949041,76.0,5.8553936002856135,same-year final block row4; WIS wins,69977603.0,156.0,1.0,6.0,first,69977603.0,5.8553936002856135,71.79605820273946,5.855393600285619,False,69977603.0,69977603.0,69977603.0,69977603.0,69977603.0,,,0.0,False,10.0,,28.0,25.0,0.0,0.0,0.0,1300.0,5691.0,5691.0,5691.0,5691.0,37866664.0,6653.780354946407,0.7284490647865051,1300.0,1300.0,1300.0,32110939.0,24700.722307692307,3.3342276823076924,3.1482548776923074,1.240624136153846,0.0,0.9161179151257464,0.0,0.0,False,True,4.203941797260541,20.0,0.0,0.0,0.0
1975,136079,1653741,New York Nutcrackers,n4ser,37,125,0.22839506172839505,66,12-45,11-26,2-5,581,1029,National League,East,https://www.whatifsports.com/mlb-l/manage.asp?cLID=136079&lst=1,0,0,0,0,0,0,0,new-york-nationals,New York Nutcrackers / Nationals,1976.0,New York Nutcrackers,67381207.41025642,75653997.69301994,0.1140105032951127,37.0,-45.86881978612949,same-year final block row4; WIS wins,67381207.41025642,156.0,3.0,5.0,first,67381207.41025642,-45.86881978612949,68.35247237140261,-45.86881978612949,False,65693080.0,66722970.0,68680008.1,67318177.6097561,66722970.0,,,0.0,False,20.0,,29.0,29.0,0.0,0.0,0.0,1489.9382711733497,7156.024693527877,7156.024691358025,7156.024691358025,7156.024691358025,38028925.4074074,5314.252961331037,0.6865697558210468,1489.9382716049383,1489.9382716049383,1489.9382716049383,29327902.83950617,19683.971744624432,4.066936270862161,3.811422513767245,1.3956507714546131,-24379.16334283352,0.882126974988549,0.0,0.0,False,True,-31.352472371402612,20.0,1.0,1.0,0.0
1975,136079,1653519,Texas Rangers,frazzman80,101,61,0.6234567901234568,-,35-22,24-26,7-7,948,728,National League,West,https://www.whatifsports.com/mlb-l/manage.asp?cLID=136079&lst=1,1,0,1,1,1,7,5,texas,Texas Rangers,1976.0,Texas Rangers,87927642.01282051,73371060.51495726,-0.1798408305710902,101.0,-2.635889230586396,same-year final block row4; WIS wins,87927642.01282051,156.0,2.0,11.0,first,87927642.01282051,-2.635889230586396,103.73432181720143,-2.6358892305863857,False,86816697.0,89804756.0,86816697.0,86816697.0,88502268.74358974,,,0.0,False,12.0,,33.0,30.0,3.0,0.0,0.0,1706.0123455562757,7428.358024320033,7428.358024691357,7428.358024691357,7428.358024691357,49281743.75308642,6634.2714755101,0.7460389537400054,1706.0123456790122,1706.0123456790122,1706.0123456790122,41477854.12345679,24312.751445505008,3.325819858047429,3.408150915418961,1.2557443361314742,2831955.863722697,1.1511124221089442,0.0,0.0,False,True,-2.734321817201433,20.0,0.0,0.0,0.0
1975,136079,1653473,Milwaukee Brewers,dbrom,98,64,0.6049382716049383,3,40-17,22-23,3-4,987,812,National League,West,https://www.whatifsports.com/mlb-l/manage.asp?cLID=136079&lst=1,0,0,0,0,0,0,0,milwaukee,Milwaukee,1976.0,Milwaukee Brewers,79893705.35897435,74263720.1431624,-0.0576492575887947,98.0,11.495357804034535,same-year final block row4; WIS wins,79893705.35897435,156.0,2.0,4.0,first,79893705.35897435,11.495357804034535,87.8960361490977,11.495357804034525,False,79227851.0,82195659.0,79227851.0,79227851.0,79227851.0,,,0.0,False,8.0,,28.0,28.0,1.0,0.0,0.0,1453.9691356913877,6116.0,6116.0,6116.0,6116.0,50650154.0,8281.581752779595,0.7876953510954873,1453.9691358024693,1453.9691358024693,1453.9691358024693,29328808.901234567,20171.54847310257,3.872588329493977,3.8586680866932994,1.3671535055297757,85257.54226021469,1.0459354371588616,1.0,0.0,False,True,10.103963850902304,20.0,0.0,0.0,0.0
1975,136079,1653686,St. Louis Perfectos '75,kermit,80,82,0.49382716049382713,21,22-35,24-23,7-6,753,816,National League,West,https://www.whatifsports.com/mlb-l/manage.asp?cLID=136079&lst=1,0,0,0,0,0,0,0,st-louis,St. Louis Perfectos,1976.0,St. Louis Perfectos '75,68155384.0,75567978.07193732,0.1044281347026733,80.0,15.327870619460434,same-year final block row4; WIS wins,68155384.0,156.0,1.0,10.0,first,68155384.0,15.327870619460434,69.36744740910945,15.327870619460436,False,68155384.0,68155384.0,68155384.0,68155384.0,68155384.0,,,0.0,False,4.0,,28.0,27.0,0.0,0.0,0.0,1541.0,5606.0,5606.0,5606.0,5606.0,34585528.0,6169.377095968605,0.7180739493756688,1541.0,1541.0,1541.0,33569856.0,21784.4620376379,3.761285419857236,3.509864316677482,1.3399437332900714,0.0,0.8922621755803019,1.0,0.0,False,True,10.632552590890556,20.0,0.0,0.0,0.0
1975,136079,1653505,San Diego Quake,epup1975,73,89,0.4506172839506173,28,26-31,22-25,7-11,688,739,National League,West,https://www.whatifsports.com/mlb-l/manage.asp?cLID=136079&lst=1,0,0,0,0,0,0,0,quake,San Diego / San Francisco Quake,1976.0,San Diego Quake,74125379.0,74904645.29415955,0.0200724780802463,73.0,-7.219435102154556,same-year final block row4; WIS wins,74125379.0,156.0,1.0,8.0,first,74125379.0,-7.219435102154556,78.6802711110624,-7.219435102154536,False,74125379.0,74125379.0,74125379.0,74125379.0,74125379.0,,,0.0,False,14.0,,28.0,28.0,3.0,0.0,0.0,1415.0,6441.0,6441.0,6441.0,6441.0,42687886.0,6627.524607980127,0.7105314461574289,1415.0,1415.0,1415.0,31437493.0,22217.30954063604,3.63164126360424,3.7543336946996466,1.3139932982332156,0.0,0.9704188877030524,0.0,0.0,False,True,-5.680271111062396,20.0,0.0,1.0,0.0
1975,136079,1653622,Montreal Cobblestones,ff09,62,100,0.38271604938271603,39,21-39,22-26,8-2,748,880,National League,West,https://www.whatifsports.com/mlb-l/manage.asp?cLID=136079&lst=1,0,0,0,0,0,0,0,montreal,Montreal,1976.0,Montreal Cobblestones,76964939.53846154,74589138.56766382,-0.0160156080043913,62.0,-25.193612114665576,same-year final block row4; WIS wins,76964939.53846154,156.0,3.0,9.0,first,76964939.53846154,-25.193612114665576,82.88062256800254,-25.193612114665576,False,78719952.0,76542136.0,78719952.0,76582250.92682926,76142136.0,,,0.0,False,18.0,,37.0,29.0,3.0,0.0,0.0,1669.629629678246,7157.0,7157.0,7157.0,7157.0,40518507.0,5661.381444739416,0.7124658824647199,1669.6296296296298,1669.6296296296298,1669.6296296296298,31662618.62962963,18963.857653061223,4.215953453660159,4.0937716129029855,1.4114810509168882,-4783813.908831909,1.007593243051702,0.0,0.0,False,False,-20.880622568002536,20.0,1.0,1.0,1.0
1975,136079,1653607,Detroit Supremes,harrelson,127,35,0.7839506172839507,-,45-12,26-15,12-3,1041,556,American League,East,https://www.whatifsports.com/mlb-l/manage.asp?cLID=136079&lst=1,1,1,1,2,0,8,4,detroit,Detroit,1976.0,Detroit Supremes,100338073.0,75454816.03468707,-0.3363217022820476,127.0,0.2274143372461171,same-year final block row4; WIS wins,100338073.0,156.0,1.0,21.0,second,100338073.0,0.2274143372461171,126.71183911087364,0.2274143372461123,False,100338073.0,100338073.0,100338073.0,100338073.0,100338073.0,,,0.0,False,11.0,,25.0,25.0,0.0,0.0,0.0,1745.0,6829.0,6829.0,6829.0,6829.0,54186034.0,7934.695270171328,0.7959381702006149,1745.0,1745.0,1745.0,46152039.0,26448.15988538682,3.1103180555873924,3.099111828080229,1.247236723209169,0.0,1.3135846657179004,0.0,0.0,False,True,0.2881608891263596,20.0,0.0,0.0,0.0
1975,136079,1653499,Philly CRYPTKEEPERS,cpdpoet,92,70,0.5679012345679012,35,26-31,24-22,12-5,888,819,American League,East,https://www.whatifsports.com/mlb-l/manage.asp?cLID=136079&lst=1,0,0,0,0,0,0,0,philly,Philadelphia CRYPTKEEPERS,1976.0,Philly CRYPTKEEPERS,77989750.92307693,77937962.93212296,-0.0042276898214045,92.0,12.89195487408083,same-year final block row4; WIS wins,77989750.92307693,156.0,2.0,27.0,second,77989750.92307693,12.89195487408083,81.49384967477654,12.891954874080836,False,77966674.0,78166674.0,77966674.0,77966674.0,77966674.0,,,0.0,False,7.0,,26.0,26.0,1.0,0.0,0.0,1525.0,6315.0,6315.0,6315.0,6315.0,47510329.0,7523.409184481394,0.7741907054790182,1525.0,1525.0,1525.0,30656345.0,20102.52131147541,4.044910926557376,4.272057772459017,1.3812692800000002,176923.07692307234,1.021009650999699,1.0,0.0,False,True,10.50615032522346,20.0,0.0,0.0,0.0
1975,136079,1653891,New York Eagles,just4me,84,78,0.5185185185185185,43,31-26,20-18,6-6,821,727,American League,East,https://www.whatifsports.com/mlb-l/manage.asp?cLID=136079&lst=1,0,0,0,0,0,0,0,new-york-eagles,New York Eagles,1976.0,New York Eagles,71577877.0,78650393.3680204,0.0705172223685952,84.0,15.023631012063785,same-year final block row4; WIS wins,71577877.0,156.0,1.0,25.0,second,71577877.0,15.023631012063785,73.02847185478782,15.023631012063788,False,71577877.0,71577877.0,71577877.0,71577877.0,71577877.0,,,0.0,False,5.0,,25.0,25.0,0.0,0.0,0.0,1258.0,5584.0,5584.0,5584.0,5584.0,37580598.0,6730.0497851002865,0.7292209710243553,1258.0,1258.0,1258.0,33997279.0,27024.864069952306,2.8401973060413357,2.961630316375199,1.1511423791732909,0.0,0.9370680422758568,1.0,0.0,False,True,10.971528145212176,20.0,0.0,0.0,0.0
1975,136079,1653440,Boston Plaids,eddiedzen,79,83,0.4876543209876543,48,28-32,22-23,8-7,843,803,American League,East,https://www.whatifsports.com/mlb-l/manage.asp?cLID=136079&lst=1,0,0,0,0,0,0,0,boston,Boston,1976.0,Boston Plaids,70662806.0,78752067.92357595,0.090054425065904,79.0,11.41516886800828,same-year final block row4; WIS wins,70662806.0,156.0,1.0,20.0,second,70662806.0,11.41516886800828,70.90596442356068,11.415168868008283,False,70662806.0,70662806.0,70662806.0,70662806.0,70662806.0,,,0.0,False,9.0,,26.0,26.0,0.0,0.0,0.0,1350.0,6179.0,6179.0,6179.0,6179.0,39675639.0,6421.0453147758535,0.7261013058909209,1350.0,1350.0,1350.0,30987167.0,22953.45703703704,3.35601738,3.3288267266666662,1.2617973659259256,0.0,0.9250883101791167,0.0,0.0,False,True,8.094035576439325,20.0,0.0,0.0,0.0
1975,136079,1653621,1975 Baltimore Orioles,dodgerdon,54,108,0.3333333333333333,73,14-43,16-19,4-8,592,930,American League,East,https://www.whatifsports.com/mlb-l/manage.asp?cLID=136079&lst=1,0,0,0,0,0,0,0,baltimore,Baltimore,1976.0,1975 Baltimore Orioles,67546774.29936306,79098293.66809116,0.1296184206295533,54.0,-19.06151747345671,same-year final block row4; WIS wins,67546774.29936306,157.0,3.0,19.0,second,67546774.29936306,-19.06151747345671,66.7173368147729,-19.06151747345671,False,65764865.0,68142681.0,65764865.0,67902566.07317074,68342681.0,,,0.0,False,17.0,,40.0,34.0,4.0,1.0,1.0,1525.88271595706,6594.944445164571,6594.944444444444,6554.944444444444,6594.944444444444,39053990.14814815,5921.807299081508,0.6629040236595373,1525.882716049383,1525.882716049383,1525.882716049383,30709212.111111112,20125.538999890778,4.005065152245413,3.8342749641009255,1.4239295321145826,2216427.959896192,0.8842945084100958,0.0,0.0,False,False,-12.717336814772906,20.0,0.0,1.0,2.0
1975,136079,1654020,'75 Houston Colt .45s,txelvis,92,70,0.5679012345679012,-,39-21,21-14,5-4,883,699,American League,West,https://www.whatifsports.com/mlb-l/manage.asp?cLID=136079&lst=1,1,0,0,0,1,1,4,houston,Houston Colt .45s / Astros / flyBALLERS,1976.0,75 Houston Colt .45s,85568797.0,77095846.70135373,-0.1178229574109688,92.0,-3.6451668897618617,same-year final block row4; WIS wins,85568797.0,156.0,1.0,23.0,second,85568797.0,-3.6451668897618617,95.4804206808642,-3.645166889761864,False,85568797.0,85568797.0,85568797.0,85568797.0,85568797.0,,,0.0,False,13.0,,25.0,25.0,0.0,0.0,0.0,1688.0,6403.0,6403.0,6403.0,6403.0,44714979.0,6983.441980321724,0.7589115908480399,1688.0,1688.0,1688.0,40853818.0,24202.498815165876,3.2168954283175357,3.216087388033175,1.2395116949052132,0.0,1.120231396143395,0.0,0.0,False,True,-3.4804206808641993,20.0,0.0,1.0,0.0
1975,136079,1653588,Georgia Browns '75,ooooohdoggie,82,80,0.5061728395061729,10,30-27,16-17,2-8,948,988,American League,West,https://www.whatifsports.com/mlb-l/manage.asp?cLID=136079&lst=1,0,0,0,0,0,0,0,georgia-minnesota,Georgia / Minnetonka / Minnesota,1976.0,Georgia Browns '75,100966944.0,75384941.47913152,-0.3402261564233305,82.0,-35.59906681584526,same-year final block row4; WIS wins,100966944.0,156.0,1.0,22.0,second,100966944.0,-35.59906681584526,127.32734751765268,-35.59906681584526,False,100966944.0,100966944.0,100966944.0,100966944.0,100966944.0,,,0.0,False,19.0,,43.0,37.0,12.0,1.0,0.0,2152.0,9443.0,9443.0,9405.0,9443.0,59361647.0,6286.3122948215605,0.72658308685799,2152.0,2152.0,2152.0,42135128.0,19579.520446096656,4.184827093401487,4.019438474907063,1.448615212360595,529831.0,1.32181758546228,0.0,0.0,False,False,-45.32734751765268,20.0,1.0,1.0,0.0
1975,136079,1653498,Oakland Bagchuckers,chrondon84,78,84,0.48148148148148145,14,29-28,21-12,1-6,765,906,American League,West,https://www.whatifsports.com/mlb-l/manage.asp?cLID=136079&lst=1,0,0,0,0,0,0,0,oakland,Oakland,1976.0,Oakland Bagchuckers,65922072.84615385,79278816.05178107,0.1479368243169593,78.0,20.32135954586523,same-year final block row4; WIS wins,65922072.84615385,156.0,2.0,26.0,second,65922072.84615385,20.32135954586523,64.8263951590966,20.321359545865224,False,61456611.0,67567243.0,61456611.0,67269163.3902439,67567243.0,,,0.0,False,1.0,,29.0,28.0,1.0,1.0,0.0,1276.8148150406969,6195.037037428386,6195.0370370370365,6183.0370370370365,6195.0370370370365,40676105.88888889,6565.918112467567,0.7307142529258785,1276.8148148148148,1276.8148148148148,1276.8148148148148,28049419.185185187,21968.27516389163,3.579610342054882,3.592166521813541,1.2986487213552245,2803452.2279202268,0.8630245871180533,1.0,1.0,False,False,13.173604840903394,20.0,0.0,0.0,0.0
1975,136079,1653463,SoCal Space Cadets ‘75,crustydoc,66,96,0.4074074074074074,26,26-31,18-29,7-5,714,958,American League,West,https://www.whatifsports.com/mlb-l/manage.asp?cLID=136079&lst=1,0,0,0,0,0,0,0,socal-newark,SoCal / Newark,1976.0,SoCal Space Cadets ‘75,72709868.98717949,78524616.48055601,0.0699180746184972,66.0,-9.705483228931362,same-year final block row4; WIS wins,72709868.98717949,156.0,2.0,28.0,second,72709868.98717949,-9.705483228931362,73.09413944518404,-9.705483228931367,False,73820814.0,70832755.0,73820814.0,73820814.0,72135242.25641026,,,0.0,False,16.0,,36.0,31.0,4.0,0.0,1.0,1802.9876544437243,6751.141975679967,6751.141975308643,6751.141975308643,6751.141975308643,41055921.24691358,6081.329854574215,0.7039964810154661,1802.987654320988,1802.987654320988,1802.987654320988,36342777.87654321,20156.97544541981,4.012203676120568,3.776636267607948,1.414918221114474,4688830.136277303,0.9518876144643172,0.0,0.0,False,False,-7.094139445184041,20.0,0.0,1.0,1.0
1975,136079,1653581,Kansas City Monarchs,fire13,59,103,0.36419753086419754,33,20-37,16-19,5-5,731,927,American League,West,https://www.whatifsports.com/mlb-l/manage.asp?cLID=136079&lst=1,0,0,0,0,0,0,0,kansas-city,Kansas City Monarchs,1976.0,Kansas City Monarchs,66148453.256410256,79253662.67286369,0.1545574278280629,59.0,-8.028564674676778,same-year final block row4; WIS wins,66148453.256410256,156.0,2.0,24.0,second,66148453.256410256,-8.028564674676778,64.15035254294337,-8.028564674676774,False,67426471.0,65452503.0,67426471.0,66174686.414634146,65452503.0,,,0.0,False,15.0,,41.0,35.0,4.0,1.0,0.0,1463.450617666258,6928.0,6928.0,6928.0,6928.0,36724122.0,5300.825923787529,0.6867863242061201,1463.4506172839506,1449.4506172839506,1463.4506172839506,31807291.320987653,21734.44798569253,3.62631533786628,3.417321358665255,1.3335037183428309,2382960.0645774007,0.8659882660750106,0.0,0.0,False,False,-5.1503525429433665,20.0,0.0,1.0,0.0
1976,136747,1664563,Cincinnati Mudcats,fire13,103,59,0.6358024691358025,-,41-16,29-19,9-4,867,688,National League,East,https://www.whatifsports.com/mlb-l/manage.asp?cLID=136747&lst=1,1,0,0,0,1,3,4,cincinnati-la,Cincinnati / LA,1977.0,Cincinnati Mudcats,78564659.0,75857701.44444445,-0.0352594710226594,103.0,20.926285704613807,same-year final block row82; WIS wins,78564659.0,162.0,1.0,3.0,first,78564659.0,-98.82595839121734,85.17585684521703,20.92628570461381,False,78564659.0,78564659.0,78564659.0,78564659.0,78564659.0,78564659.0,0.0,0.0,False,1.0,,26.0,26.0,0.0,0.0,0.0,1542.0,5979.0,5979.0,5979.0,5979.0,37804158.0,6322.822880080281,0.7715401278809164,1542.0,1542.0,1542.0,39525004.0,25632.29831387808,2.9941869202334637,3.0131118683527887,1.2237930512321662,-1235497.0,1.0362609226953865,1.0,1.0,False,True,17.824143154782973,20.0,0.0,0.0,0.0
1976,136747,1664781,Pittsburg Tanagers,coldfoot,86,76,0.5308641975308642,17,32-25,30-26,4-5,730,618,National League,East,https://www.whatifsports.com/mlb-l/manage.asp?cLID=136747&lst=1,0,0,0,0,0,0,0,pittsburg,Pittsburg Tanagers,1977.0,Pittsburg Tanagers,79764656.0,75724368.44444445,-0.0580341927290781,97.0,10.298369247632731,same-year final block row82; WIS wins,79764656.0,162.0,1.0,7.0,first,79764656.0,-98.86290340981822,87.94327664285196,-2.2096932443668615,True,79764656.0,79764656.0,79764656.0,79764656.0,79764656.0,79764656.0,0.0,0.0,False,12.0,,32.0,27.0,0.0,1.0,0.0,1400.0,6282.0,6282.0,6149.0,6451.0,41689193.0,6636.29305953518,0.7175372810410697,1400.0,1400.0,1400.0,38075463.0,27196.759285714284,2.875718391428572,2.9352348642857145,1.204780037142857,0.0,1.0520887772839451,0.0,0.0,False,False,-1.9432766428519557,20.0,0.0,0.0,0.0
1976,136747,1664535,Chicago Thunderbears,chargingryno,85,77,0.5246913580246914,18,34-26,27-17,7-3,772,746,National League,East,https://www.whatifsports.com/mlb-l/manage.asp?cLID=136747&lst=1,0,0,0,0,0,0,0,thunderbears,Thunderbears — Houston / Brooklyn / Chicago,1977.0,Chicago Thunderbears,71860465.0,76602611.8888889,0.0551926401830035,85.0,13.75958127658011,same-year final block row82; WIS wins,71860465.0,162.0,1.0,2.0,first,71860465.0,-98.66165198498142,74.71898107056333,13.759581276580102,False,71860465.0,71860465.0,71860465.0,71860465.0,71860465.0,71860465.0,0.0,0.0,False,3.0,,29.0,26.0,1.0,1.0,0.0,1453.0,5770.0,5770.0,5755.0,5770.0,40913689.0,7090.760658578856,0.7619128195493933,1453.0,1453.0,1453.0,30946776.0,21298.538196834135,3.667937380591879,3.7694396421197527,1.3405364803854096,0.0,0.947833195154828,1.0,1.0,False,False,10.28101892943667,20.0,0.0,0.0,0.0
1976,136747,1664594,New York  Times,trentonjoe,77,85,0.47530864197530864,26,24-33,22-25,6-6,652,677,National League,East,https://www.whatifsports.com/mlb-l/manage.asp?cLID=136747&lst=1,0,0,0,0,0,0,0,new-york-times,New York Times,1977.0,New York Times,69565939.0,76857559.22222222,0.0895905881991721,49.0,-30.943056640611253,same-year final block row82; WIS wins,69565939.0,162.0,1.0,6.0,first,69565939.0,-98.5906746253186,70.95593522724045,8.518053850468021,True,69565939.0,69565939.0,69565939.0,69565939.0,69565939.0,69565939.0,0.0,0.0,False,8.0,,25.0,25.0,0.0,0.0,0.0,1304.0,6154.0,6154.0,6154.0,6154.0,39424434.0,6406.310367240819,0.7154741637309067,1304.0,1304.0,1304.0,30141505.0,23114.651073619632,3.410768290644172,3.4893539386503067,1.2716104892638038,0.0,0.9175685995952834,1.0,0.0,False,True,6.044064772759555,20.0,0.0,0.0,0.0
1976,136747,1664891,New York Nutcrackers,n4ser,49,113,0.30246913580246915,54,13-44,12-26,1-6,597,885,National League,East,https://www.whatifsports.com/mlb-l/manage.asp?cLID=136747&lst=1,0,0,0,0,0,0,0,new-york-nationals,New York Nutcrackers / Nationals,1977.0,New York Nutcrackers,67634370.0,77072178.0,0.1151564757267105,81.0,18.71322329764423,same-year final block row82; WIS wins,67634370.0,162.0,1.0,5.0,first,67634370.0,-98.53440465064637,68.23165756093776,-28.18582788167201,True,67634370.0,67634370.0,67634370.0,67634370.0,67634370.0,67634370.0,0.0,0.0,False,19.0,,27.0,25.0,0.0,0.0,0.0,1489.0,6267.0,6267.0,6267.0,6267.0,38029248.0,6068.174246050742,0.6990121818413915,1489.0,1489.0,1489.0,29605122.0,19882.553391537946,4.009317001343184,3.618097096037609,1.397228305574211,0.0,0.8920913748524151,0.0,0.0,False,True,-19.23165756093776,20.0,1.0,1.0,0.0
1976,136747,1664811,Milwaukee Brewers,dbrom,106,57,0.6503067484662577,-,36-22,37-19,11-4,853,665,National League,West,https://www.whatifsports.com/mlb-l/manage.asp?cLID=136747&lst=1,1,1,1,2,0,8,5,milwaukee,Milwaukee,1977.0,Milwaukee Brewers,83772158.0,75279090.44444445,-0.1078207015754136,106.0,12.536778179978125,same-year final block row82; WIS wins,83772158.0,162.0,1.0,4.0,first,83772158.0,-98.93833228132095,94.1914294280542,12.536778179978114,False,83772158.0,83772158.0,83772158.0,83772158.0,83772158.0,83772158.0,0.0,0.0,False,4.0,,31.0,30.0,4.0,2.0,0.0,1437.0,6538.0,6538.0,6504.0,6538.0,50408296.0,7710.048332823493,0.7768047420923829,1437.0,1301.0,1437.0,35651470.0,24809.652052887963,3.2323824453723033,3.3774758517745305,1.2843592790535838,2287608.0,1.1049473751965715,1.0,0.0,False,False,11.808570571945792,20.0,0.0,0.0,0.0
1976,136747,1664925,Texas Rangers,frazzman80,105,58,0.6441717791411042,1,40-21,40-22,11-5,817,621,National League,West,https://www.whatifsports.com/mlb-l/manage.asp?cLID=136747&lst=1,0,0,0,0,0,0,0,texas,Texas Rangers,1977.0,Texas Rangers,91477055.0,74422990.77777778,-0.222120593846699,105.0,-4.222421568198353,same-year final block row82; WIS wins,91477055.0,162.0,1.0,11.0,first,91477055.0,-99.0878325863638,109.62899847667914,-4.222421568198353,False,91477055.0,91477055.0,91477055.0,91477055.0,91477055.0,91477055.0,0.0,0.0,False,14.0,,29.0,27.0,2.0,0.0,0.0,1788.0,6948.0,6948.0,6948.0,6948.0,47547153.0,6843.286269430052,0.7323279848013817,1788.0,1788.0,1788.0,43929902.0,24569.296420581657,3.260956727069351,3.18534888310962,1.226137884787472,0.0,1.2065742870437026,0.0,0.0,False,True,-4.628998476679143,20.0,0.0,1.0,0.0
1976,136747,1664881,St. Louis Perfectos '76,kermit,79,83,0.4876543209876543,26.5,25-32,22-25,7-9,719,739,National League,West,https://www.whatifsports.com/mlb-l/manage.asp?cLID=136747&lst=1,0,0,0,0,0,0,0,st-louis,St. Louis Perfectos,1977.0,St. Louis Perfectos '76,71421530.0,76651382.44444445,0.0610270294372041,79.0,6.652001158484326,same-year final block row82; WIS wins,71421530.0,162.0,1.0,10.0,first,71421530.0,-98.64997466887996,74.07268418958816,6.652001158484322,False,71421530.0,71421530.0,71421530.0,71421530.0,71421530.0,71421530.0,0.0,0.0,False,10.0,,26.0,26.0,0.0,0.0,0.0,1389.0,5889.0,5889.0,5889.0,5889.0,37900209.0,6435.763117677025,0.7153328889794531,1389.0,1389.0,1389.0,33521321.0,24133.42044636429,3.237754384449244,3.3637457422606194,1.2473369150467963,0.0,0.9420436812195192,0.0,0.0,False,True,4.927315810411841,20.0,0.0,0.0,0.0
1976,136747,1664756,San Francisco Quake,epup1975,75,87,0.46296296296296297,30.5,26-31,22-20,7-4,716,758,National League,West,https://www.whatifsports.com/mlb-l/manage.asp?cLID=136747&lst=1,0,0,0,0,0,0,0,quake,San Diego / San Francisco Quake,1977.0,San Francisco Quake,78354514.0,75881050.8888889,-0.0345943856701455,86.0,1.0624755159385662,same-year final block row82; WIS wins,78354514.0,162.0,1.0,8.0,first,78354514.0,-98.82485493586118,85.09587714031105,-11.864120189588478,True,78354514.0,78354514.0,78354514.0,78354514.0,78354514.0,78354514.0,0.0,0.0,False,17.0,,27.0,27.0,1.0,0.0,0.0,1509.0,6694.0,6694.0,6694.0,6694.0,45780688.0,6839.063041529728,0.726230804735584,1509.0,1509.0,1509.0,32573826.0,21586.365805168985,3.54536308880053,3.6918120238568584,1.314137722332671,0.0,1.0334891286804742,0.0,0.0,False,True,-10.095877140311046,20.0,0.0,1.0,0.0
1976,136747,1664627,Montreal Cobblestones,ff09,63,99,0.3888888888888889,42.5,18-39,8-23,5-10,671,843,National League,West,https://www.whatifsports.com/mlb-l/manage.asp?cLID=136747&lst=1,0,0,0,0,0,0,0,montreal,Montreal,1977.0,Montreal Cobblestones,68868626.0,76935038.44444445,0.1046697459950416,75.0,8.15994525827488,same-year final block row82; WIS wins,68868626.0,162.0,1.0,9.0,first,68868626.0,-98.55786739655632,69.34175107144115,-9.14564598304908,True,68868626.0,68868626.0,68868626.0,68868626.0,68868626.0,68868626.0,0.0,0.0,False,16.0,,25.0,25.0,0.0,0.0,0.0,1459.0,5557.0,5557.0,5557.0,5557.0,36332553.0,6538.15961849919,0.7080912363325536,1459.0,1459.0,1459.0,32536073.0,22300.255654557917,3.557166685400959,3.596584925976696,1.339416374228924,0.0,0.9083711026292812,0.0,0.0,False,True,-6.341751071441152,20.0,0.0,1.0,0.0
1976,136747,1664602,Detroit suPremes,harrelson,101,61,0.6234567901234568,-,35-22,21-21,5-4,888,629,American League,East,https://www.whatifsports.com/mlb-l/manage.asp?cLID=136747&lst=1,1,0,0,0,1,2,4,detroit,Detroit,1977.0,Detroit Supremes,81714601.0,74812421.55555555,-0.0925025786295177,101.0,9.497571659390042,same-year final block row82; WIS wins,81714601.0,162.0,1.0,21.0,second,81714601.0,-98.91586562713476,92.23948848306598,9.497571659390047,False,81714601.0,81714601.0,81714601.0,81714601.0,81714601.0,81714601.0,0.0,0.0,False,6.0,,27.0,25.0,0.0,0.0,0.0,1590.0,6370.0,6370.0,6370.0,6370.0,42642909.0,6694.334222919937,0.7222896693092621,1590.0,1590.0,1590.0,39071692.0,24573.391194968553,3.243451825157232,3.322122861006289,1.267855904402516,0.0,1.077808379846024,1.0,0.0,False,True,8.760511516934017,20.0,0.0,0.0,0.0
1976,136747,1664578,Philly CRYPTKEEPERS,cpdpoet,97,65,0.5987654320987654,4,33-24,17-22,9-6,915,732,American League,East,https://www.whatifsports.com/mlb-l/manage.asp?cLID=136747&lst=1,0,0,0,0,0,0,0,philly,Philadelphia CRYPTKEEPERS,1977.0,Philly CRYPTKEEPERS,84179696.0,74538522.1111111,-0.1175681967874184,68.0,-28.75660677339807,same-year final block row82; WIS wins,84179696.0,162.0,1.0,27.0,second,84179696.0,-98.95230304078528,95.44744701268544,1.62660504382921,True,84179696.0,84179696.0,84179696.0,84179696.0,84179696.0,84179696.0,0.0,0.0,False,11.0,,30.0,28.0,2.0,1.0,0.0,1740.0,6735.0,6735.0,6687.0,6735.0,47244567.0,7014.783518930958,0.7331014596585004,1740.0,1740.0,1740.0,37994925.0,21836.16379310345,3.701576409195402,3.682097568965517,1.3266994568965516,1059796.0,1.1103227654711405,0.0,0.0,False,False,1.5525529873145558,20.0,0.0,0.0,0.0
1976,136747,1664536,Boston Punks,eddiedzen,86,76,0.5308641975308642,15,31-26,16-27,4-5,911,860,American League,East,https://www.whatifsports.com/mlb-l/manage.asp?cLID=136747&lst=1,0,0,0,0,0,0,0,boston,Boston,1977.0,Boston Punks,73269329.0,75750785.1111111,0.032326113474822,86.0,11.277579089905029,same-year final block row82; WIS wins,73269329.0,162.0,1.0,20.0,second,73269329.0,-98.70607466174528,77.28421188109925,11.277579089905032,False,73269329.0,73269329.0,73269329.0,73269329.0,73269329.0,73269329.0,0.0,0.0,False,5.0,,25.0,25.0,0.0,1.0,0.0,1424.0,6237.0,6237.0,6237.0,6237.0,43461799.0,6968.382074715408,0.7348246249959917,1424.0,1222.0,1424.0,29807530.0,20932.254213483146,3.754033691011236,3.706174884129213,1.330765556179775,0.0,0.9664159870510204,1.0,0.0,False,False,8.715788118900747,20.0,0.0,0.0,0.0
1976,136747,1664584,New York Eagles,just4me,81,81,0.5,20,28-29,26-29,10-11,679,695,American League,East,https://www.whatifsports.com/mlb-l/manage.asp?cLID=136747&lst=1,0,0,0,0,0,0,0,new-york-eagles,New York Eagles,1977.0,New York Eagles,69732029.1111111,76143818.43209876,0.0546505298771761,63.0,-15.751975062951992,same-year final block row82; WIS wins,69732029.1111111,162.0,2.0,25.0,second,71715642.0,-98.662729762904,74.77920111133167,8.318889204776037,True,71715642.0,67252513.0,71715642.0,71715642.0,68282465.84615384,67252513.0,-4.463129,0.0,False,9.0,,28.0,28.0,2.0,1.0,0.0,1320.8888888363851,6171.0,6171.0,6170.0,6171.0,37824760.0,6129.437692432345,0.6665381527143087,1320.888888888889,1320.888888888889,1320.888888888889,32927337.111111112,24928.16571332436,3.110880063593539,3.2825671532637952,1.224379717446164,1020068.0,0.9197593135114548,0.0,0.0,False,False,6.220798888668327,20.0,0.0,0.0,0.0
1976,136747,1664775,1976 Baltimore Orioles,dodgerdon,48,114,0.2962962962962963,53,17-43,13-22,3-9,565,890,American League,East,https://www.whatifsports.com/mlb-l/manage.asp?cLID=136747&lst=1,0,0,0,0,0,0,0,baltimore,Baltimore,1977.0,1976 Baltimore Orioles,61184628.0,77093529.66666667,0.1982865716157186,48.0,-19.707203430193196,same-year final block row82; WIS wins,61184628.0,162.0,1.0,19.0,second,61184628.0,-98.32723340479568,59.781203358969634,-19.7072034301932,False,61184628.0,61184628.0,61184628.0,61184628.0,61184628.0,61184628.0,0.0,0.0,False,18.0,,36.0,33.0,2.0,1.0,0.0,1476.0,6227.0,6227.0,5980.0,6227.0,30803464.0,4946.758310582945,0.6379423527701943,1476.0,1476.0,1476.0,32136889.0,21772.96002710027,3.604515261517616,3.4933847513550136,1.3209838001355014,1755725.0,0.8070198467488287,0.0,0.0,False,False,-11.781203358969634,20.0,1.0,1.0,0.0
1976,136747,1664611,Kansas City Monarchs,fire13,91,71,0.5617283950617284,-,37-20,23-27,4-5,819,703,American League,West,https://www.whatifsports.com/mlb-l/manage.asp?cLID=136747&lst=1,1,0,1,1,1,6,6,kansas-city,Kansas City Monarchs,1977.0,Kansas City Monarchs,79389648.8888889,75070749.56790124,-0.0204186824682527,91.0,9.10965254797385,same-year final block row82; WIS wins,79389648.8888889,162.0,2.0,24.0,second,77406036.0,-98.80099282914314,83.40233689222745,9.109652547973868,False,77406036.0,81869165.0,77406036.0,77406036.0,80839212.15384616,81869165.0,4.463129,0.0,False,7.0,,38.0,30.0,3.0,1.0,0.0,1710.1111111636149,6785.0,6785.0,6785.0,6785.0,42335765.0,6239.611643330877,0.705718176448047,1710.111111111111,1632.111111111111,1710.111111111111,39597552.88888889,23154.959131960237,3.4250310329413294,3.345705890715353,1.27961812903645,2543669.0,1.04714246656455,1.0,0.0,False,False,7.597663107772547,20.0,0.0,0.0,0.0
1976,136747,1665523,‘76 Houston Colt .45s,txelvis,83,79,0.5123456790123457,8,27-30,27-15,6-7,777,735,American League,West,https://www.whatifsports.com/mlb-l/manage.asp?cLID=136747&lst=1,0,0,0,0,0,0,0,houston,Houston Colt .45s / Astros / flyBALLERS,1977.0,‘76 Houston Colt .45s,78550400.0,75163999.44444445,-0.0419940517541121,83.0,-3.4753337929338537,same-year final block row82; WIS wins,78550400.0,162.0,1.0,23.0,second,78550400.0,-98.8370522143727,85.9883833443642,-3.4753337929338546,False,78550400.0,78550400.0,78550400.0,78550400.0,78550400.0,78550400.0,0.0,0.0,False,13.0,,26.0,26.0,1.0,0.0,0.0,1644.0,6672.0,6672.0,6672.0,6672.0,42618833.0,6387.714778177458,0.7663094659022782,1644.0,1644.0,1644.0,35931567.0,21856.184306569343,3.5828957025547443,3.711572626520682,1.2845981161800488,0.0,1.0360728477430503,0.0,0.0,False,True,-2.9883833443641947,20.0,0.0,1.0,0.0
1976,136747,1664769,Georgia Browns,ooooohdoggie,75,87,0.46296296296296297,16,29-28,21-27,3-8,856,880,American League,West,https://www.whatifsports.com/mlb-l/manage.asp?cLID=136747&lst=1,0,0,0,0,0,0,0,georgia-minnesota,Georgia / Minnetonka / Minnesota,1977.0,Georgia Browns,100973207.0,72672576.44444445,-0.3716406742409729,75.0,-43.33584539952092,same-year final block row82; WIS wins,100973207.0,162.0,1.0,22.0,second,100973207.0,-99.24447793866028,132.35880871920023,-43.33584539952092,False,100973207.0,100973207.0,100973207.0,100973207.0,100973207.0,100973207.0,0.0,0.0,False,20.0,,40.0,36.0,5.0,1.0,0.0,2289.0,9062.0,9062.0,8931.0,9062.0,55072431.0,6077.29320238358,0.7013614678327079,2289.0,2289.0,2289.0,46751772.0,20424.53997378768,3.980088161205767,3.738675475753604,1.3858510052424635,850996.0,1.3318276943495964,0.0,0.0,False,False,-57.358808719200226,20.0,1.0,1.0,0.0
1976,136747,1664547,Oakland Bagchuckers,chrondon84,68,94,0.41975308641975306,23,25-32,20-19,8-5,699,839,American League,West,https://www.whatifsports.com/mlb-l/manage.asp?cLID=136747&lst=1,0,0,0,0,0,0,0,oakland,Oakland,1977.0,Oakland Bagchuckers,59158570.0,77318647.22222222,0.2251877619303796,77.0,34.676190015547114,same-year final block row82; WIS wins,59158570.0,162.0,1.0,26.0,second,59158570.0,-98.25095857122666,57.174174582092846,18.93481715658707,True,59158570.0,59158570.0,59158570.0,59158570.0,59158570.0,59158570.0,0.0,0.0,False,2.0,,25.0,25.0,0.0,0.0,0.0,1303.0,5163.0,5163.0,5163.0,5163.0,31401113.0,6081.950997482084,0.7133992731551424,1303.0,1303.0,1303.0,27757457.0,21302.729854182657,3.616879452033769,3.545784115886416,1.3215110376055257,0.0,0.7802963204300245,1.0,1.0,False,True,10.825825417907154,20.0,0.0,0.0,0.0
1976,136747,1664546,SoCal Space Cadets ‘76,crustydoc,63,99,0.3888888888888889,28,26-34,18-20,4-8,728,1028,American League,West,https://www.whatifsports.com/mlb-l/manage.asp?cLID=136747&lst=1,0,0,0,0,0,0,0,socal-newark,SoCal / Newark,1977.0,SoCal Space Cadets ‘76,66874286.0,76461345.44444445,0.1270197418260359,63.0,-5.953361946799281,same-year final block row82; WIS wins,66874286.0,162.0,1.0,28.0,second,66874286.0,-98.50719622137775,66.98804051279525,-5.953361946799296,False,66874286.0,66874286.0,66874286.0,66874286.0,66874286.0,66874286.0,0.0,0.0,False,15.0,,29.0,28.0,2.0,0.0,0.0,1527.0,6183.0,6183.0,6183.0,6183.0,37800358.0,6113.595018599385,0.6932824344331231,1527.0,1527.0,1527.0,28909192.0,18932.01833660773,4.1898288552717755,3.9296035108055007,1.4528370360183365,-164736.0,0.8820659339329044,0.0,0.0,False,True,-3.9880405127952514,20.0,0.0,1.0,0.0
1977,137487,1676473,New York  Times,trentonjoe,88,74,0.5432098765432098,-,28-14,27-22,8-7,771,694,National League,East,https://www.whatifsports.com/mlb-l/manage.asp?cLID=137487&lst=1,1,0,0,0,1,1,3,new-york-times,New York Times,1978.0,New York Times,71379594.5308642,74479088.22391036,0.0335704383433038,,,same-year final block row93; WIS wins,71379594.5308642,162.0,3.0,7.0,first,71379594.5308642,14.07343806292946,77.14328724926669,14.073438062929466,False,67756883.0,76182921.0,67756883.0,67756883.0,73730874.58974358,76182921.0,8.426038,0.0,True,4.0,,40.0,34.0,2.0,1.0,0.0,1361.0493831104818,6326.716049053482,6326.716049382716,6326.716049382716,6326.716049382716,43117205.141975306,6815.1004099800175,0.7112684290158918,1361.0493827160494,1343.0493827160494,1361.0493827160494,30163243.388888888,22161.75531316613,3.716555446401197,3.798189253993378,1.3159602268946438,1900854.0,0.9832919607044682,1.0,0.0,False,False,10.856712750733308,24.0,0.0,0.0,0.0
1977,137487,1676484,Pittsburgh Tanagers,coldfoot,84,78,0.5185185185185185,4,27-15,23-20,6-6,864,851,National League,East,https://www.whatifsports.com/mlb-l/manage.asp?cLID=137487&lst=1,0,0,0,0,0,0,0,pittsburg,Pittsburg Tanagers,1978.0,Pittsburgh Tanagers,77018746.09876543,73966438.08137389,-0.0489447067921319,,,same-year final block row93; WIS wins,77018746.09876543,162.0,9.0,8.0,first,77018746.09876543,-3.2615611592555145,86.83208144208827,-3.2615611592555105,False,72673166.0,78423862.0,72480110.05,81557402.14634146,75453649.48717949,78363967.8095238,5.883857759523809,0.0,True,16.0,,37.0,35.0,0.0,0.0,0.0,1627.518518675051,5568.845679457968,5677.351851851852,5677.351851851852,5677.351851851852,41077739.34567901,7235.369661346632,0.7976245836244511,1536.7283950617284,1536.7283950617284,1536.7283950617284,35923722.802469134,23376.75474593292,3.547296829282989,3.528709481671018,1.298998756481221,-17283.950617283583,1.0609742792768115,0.0,0.0,False,True,-2.832081442088267,24.0,0.0,0.0,0.0
1977,137487,1676156,Montreal Cobblestones,ff09,59,103,0.36419753086419754,29,17-25,11-17,4-6,732,980,National League,East,https://www.whatifsports.com/mlb-l/manage.asp?cLID=137487&lst=1,0,0,0,0,0,0,0,montreal,Montreal,1978.0,Montreal Cobblestones,66969341.61728395,74880020.3069631,0.0988985545830153,,,same-year final block row93; WIS wins,66969341.61728395,162.0,2.0,10.0,first,66969341.61728395,-15.662511155846955,69.9570271875487,-15.66251115584696,False,66919037.0,66989290.0,66919037.0,66979009.07317073,66989290.0,66989290.0,0.070253,0.0,True,22.0,,34.0,26.0,0.0,0.0,0.0,1518.0000001100773,6044.0,6044.0,6044.0,6044.0,39261155.0,6495.889311714097,0.7226728526472534,1518.0,1518.0,1518.0,27708186.61728395,18253.087363164657,4.365146188991362,4.190832357487922,1.42678424742595,7.450580596923828e-09,0.9225383761107396,0.0,0.0,False,True,-10.957027187548704,24.0,1.0,1.0,0.0
1977,137487,1676142,New York Nutcrackers,just4me,57,105,0.35185185185185186,31,12-30,19-24,5-8,689,948,National League,East,https://www.whatifsports.com/mlb-l/manage.asp?cLID=137487&lst=1,0,0,0,0,0,0,0,new-york-nationals,New York Nutcrackers / Nationals,1978.0,New York Nutcrackers,62163564.0,75316909.18126164,0.1660087307793232,,,same-year final block row93; WIS wins,62163564.0,162.0,1.0,6.0,first,62163564.0,-9.509692852259118,62.99017187215175,-9.50969285225912,False,62163564.0,62163564.0,62163564.0,62163564.0,62163564.0,62163564.0,0.0,0.0,True,18.0,,31.0,26.0,1.0,0.0,0.0,1288.0,6027.0,6027.0,6027.0,6027.0,36447255.0,6047.329517172723,0.7066643726231957,1288.0,1288.0,1288.0,26143783.0,20297.968167701863,3.9987090054347822,3.7548707670807455,1.3879268268633542,427474.0,0.8563362279048471,0.0,0.0,False,True,-5.990171872151748,24.0,0.0,1.0,0.0
1977,137487,1676655,Milwaukee Brewers,dbrom,113,49,0.6975308641975309,-,31-11,23-15,11-4,1108,713,National League,Central,https://www.whatifsports.com/mlb-l/manage.asp?cLID=137487&lst=1,1,0,1,2,1,7,5,milwaukee,Milwaukee,1978.0,Milwaukee Brewers,86216318.33950618,73130295.15039745,-0.1798213127705923,,,same-year final block row93; WIS wins,86216318.33950618,162.0,2.0,5.0,first,86216318.33950618,8.93492789391155,103.73165171601096,8.93492789391155,False,82219615.0,86565024.0,85152766.075,86565024.0,86565024.0,86565024.0,1.412257924999997,0.0,True,7.0,,33.0,30.0,2.0,0.0,0.0,1595.259258904644,6045.99382666851,6045.993827160493,6045.993827160493,6045.993827160493,51184519.38271605,8465.857036237649,0.795730840192516,1595.2592592592591,1595.2592592592591,1595.2592592592591,37652292.95679013,23602.61677733408,3.492309030936572,3.3041326803724,1.3043631643024085,2620494.0,1.1876757392915278,1.0,0.0,False,True,9.268348283989042,24.0,0.0,0.0,0.0
1977,137487,1676515,Cincinnati Mudcats,fire13,100,62,0.6172839506172839,13,23-19,22-13,8-5,826,645,National League,Central,https://www.whatifsports.com/mlb-l/manage.asp?cLID=137487&lst=1,1,0,0,1,1,3,6,cincinnati-la,Cincinnati / LA,1978.0,Cincinnati Mudcats,81420509.0,73566277.81762528,-0.108001660464244,,,same-year final block row93; WIS wins,81420509.0,162.0,1.0,3.0,first,81420509.0,6.140607976408139,94.2146478209612,6.140607976408163,False,81420509.0,81420509.0,81420509.0,81420509.0,81420509.0,81420509.0,0.0,0.0,True,9.0,,32.0,25.0,0.0,0.0,0.0,1423.0,5816.0,5816.0,5816.0,5816.0,37546297.0,6455.690680880331,0.7471920524071529,1423.0,1423.0,1423.0,42891292.0,30141.456078706957,2.648422515108925,2.7950653148278284,1.1428400931834153,-982920.0,1.1216109094252165,0.0,0.0,False,True,5.785352179038796,24.0,0.0,0.0,0.0
1977,137487,1676132,Chicago Thunderbears,chargingryno,80,82,0.49382716049382713,33,16-26,15-23,7-8,963,889,National League,Central,https://www.whatifsports.com/mlb-l/manage.asp?cLID=137487&lst=1,0,0,0,0,0,0,0,thunderbears,Thunderbears — Houston / Brooklyn / Chicago,1978.0,Chicago Thunderbears,74673764.87654321,74179618.19248499,-0.0083936222433125,,,same-year final block row93; WIS wins,74673764.87654321,162.0,6.0,2.0,first,74673764.87654321,-2.4179537828615416,81.98229397853054,-2.417953782861526,False,75722927.0,72680781.0,75677300.825,75634810.68292683,74715955.92307693,72740675.1904762,-2.936625634523809,0.0,True,15.0,,62.0,34.0,5.0,1.0,1.0,1279.3024685788075,6265.5,6265.5,6265.5,6265.5,49060376.5,7830.241241720533,0.7704858690766898,1370.0925925925926,1357.0925925925926,1370.0925925925926,28234609.259259257,20607.81104277894,3.9376456584127424,3.95290221655741,1.354477580405938,2621220.882716045,1.0286709130421232,0.0,0.0,False,False,-1.9822939785305351,24.0,0.0,0.0,2.0
1977,137487,1676506,Cleveland Indians,kros2,68,94,0.41975308641975306,45,14-28,22-25,6-9,823,1013,National League,Central,https://www.whatifsports.com/mlb-l/manage.asp?cLID=137487&lst=1,0,0,0,0,0,0,0,cleveland,Cleveland,1978.0,Cleveland Indians,70534544.72839506,74555910.93322574,0.0519068891620969,,,same-year final block row93; WIS wins,70534544.72839506,162.0,2.0,4.0,first,70534544.72839506,-9.435270208536265,75.08441769392813,-9.43527020853626,False,71403655.0,68203749.0,71403655.0,71403655.0,71239557.25641026,68203749.0,-3.199906,0.0,True,17.0,,25.0,25.0,0.0,0.0,0.0,1671.975308611473,5745.0,5745.0,5745.0,5745.0,39207883.0,6824.696779808529,0.7422567209921671,1671.9753086419753,1671.9753086419753,1671.9753086419753,31272340.74074074,18703.82928450122,4.27919481697556,4.158060196248984,1.407219138898324,-54320.987654313445,0.9716509492554116,0.0,0.0,False,True,-7.084417693928131,24.0,0.0,1.0,0.0
1977,137487,1676343,Texas Rangers,frazzman80,94,68,0.5802469135802469,-,23-19,18-25,7-8,884,709,National League,West,https://www.whatifsports.com/mlb-l/manage.asp?cLID=137487&lst=1,1,0,0,0,1,2,3,texas,Texas Rangers,1978.0,Texas Rangers,86535668.5123967,73101263.31649831,-0.1983111565538929,,,same-year final block row93; WIS wins,86535668.5123967,121.0,2.0,13.0,first,87325442.27160494,-11.556133170581194,106.28210114478291,-11.556133170581194,False,86456332.0,89656238.0,86456332.0,86456332.0,86620429.74358974,,,0.0,True,20.0,,30.0,28.0,2.0,0.0,0.0,1674.024691388527,6464.0,6464.0,6464.0,6464.0,46701461.0,7224.854733910891,0.7814870661045793,1674.0246913580247,1674.0246913580247,1674.0246913580247,40678302.25925926,24299.702668220303,3.406804661597688,3.4768530602156407,1.2509655823623116,844094.7468625605,1.1920749581399488,0.0,0.0,False,True,-12.282101144782914,24.0,0.0,1.0,0.0
1977,137487,1676496,St. Louis Perfectos '77,kermit,82,80,0.5061728395061729,12,21-21,22-22,7-7,832,878,National League,West,https://www.whatifsports.com/mlb-l/manage.asp?cLID=137487&lst=1,0,0,0,0,0,0,0,st-louis,St. Louis Perfectos,1978.0,St. Louis Perfectos '77,75158222.0,74135576.6358071,-0.0172231889826703,,,same-year final block row93; WIS wins,75158222.0,121.0,1.0,12.0,first,75158222.0,-1.232789385013328,83.02350495616562,-1.2327893850133331,False,75158222.0,75158222.0,75158222.0,75158222.0,75158222.0,,,0.0,True,14.0,,29.0,25.0,0.0,0.0,0.0,1423.0,6264.0,6264.0,6264.0,6264.0,43506240.0,6945.44061302682,0.7548355044540229,1423.0,1423.0,1423.0,31651982.0,22243.13562895292,3.794416671820098,3.870730344342938,1.3424405775122978,0.0,1.03534456813826,0.0,0.0,False,True,-1.023504956165624,24.0,0.0,0.0,0.0
1977,137487,1676349,San Francisco Quake,epup1975,79,83,0.4876543209876543,15,21-21,21-23,7-7,785,771,National League,West,https://www.whatifsports.com/mlb-l/manage.asp?cLID=137487&lst=1,0,0,0,0,0,0,0,quake,San Diego / San Francisco Quake,1978.0,San Francisco Quake,72981565.0,74333454.54489802,0.0146048228900012,,,same-year final block row93; WIS wins,72981565.0,162.0,1.0,9.0,first,72981565.0,-0.3884686201444218,79.30808703135364,-0.388468620144422,False,72981565.0,72981565.0,72981565.0,72981565.0,72981565.0,72981565.0,0.0,0.0,True,12.0,,27.0,26.0,2.0,1.0,2.0,1617.0,5889.5,5889.5,5889.5,5889.5,39866787.5,6769.129382799898,0.7504827042193734,1617.0,1590.5,1617.0,32908200.5,20351.391774891777,3.996269854669141,4.126677769325912,1.3599176178107606,-206577.0,1.0053599577831864,0.0,0.0,False,False,-0.3080870313536366,24.0,0.0,0.0,2.0
1977,137487,1676718,Seattle Sea Snakes,pi_kapp,75,87,0.46296296296296297,19,19-23,21-23,6-6,726,796,National League,West,https://www.whatifsports.com/mlb-l/manage.asp?cLID=137487&lst=1,0,0,0,0,0,0,0,seattle,Seattle Sea Snakes,1978.0,Seattle Sea Snakes,65597726.290123455,75004712.60943224,0.1197456977311946,,,same-year final block row93; WIS wins,65597726.290123455,162.0,4.0,11.0,first,65597726.290123455,10.702666445637432,67.74904562649368,10.702666445637398,False,70907393.0,61939066.0,67974241.925,66561984.0,66086663.23076923,61939066.0,-6.035175924999997,0.0,True,5.0,,29.0,29.0,0.0,0.0,0.0,1476.111110873607,5677.00617333149,5677.006172839507,5677.006172839507,5677.006172839507,35782244.61728395,6303.013160083724,0.7046881394905807,1476.1111111111113,1476.1111111111113,1476.1111111111113,29815481.672839507,20198.670309036923,3.921072304002007,3.886145870794128,1.354300221155856,0.0,0.9036436438943388,1.0,0.0,False,True,7.250954373506317,24.0,0.0,0.0,0.0
1977,137487,1676147,Boston Punks,eddiedzen,107,55,0.6604938271604939,-,28-14,10-9,2-8,1135,778,American League,East,https://www.whatifsports.com/mlb-l/manage.asp?cLID=137487&lst=1,1,0,0,1,1,3,6,boston,Boston,1978.0,Boston Punks,72459994.0,70828161.71872072,-0.0107272176675373,,,same-year final block row93; WIS wins,72459994.0,162.0,1.0,22.0,second,72459994.0,30.080606619401145,82.25668897214481,30.08060661940113,False,72459994.0,72459994.0,72459994.0,72459994.0,72459994.0,72459994.0,0.0,0.0,True,1.0,,26.0,25.0,0.0,0.0,0.0,1336.0,6060.0,6060.0,6060.0,6060.0,42112562.0,6949.267656765676,0.7567935750165016,1336.0,1336.0,1336.0,30347432.0,22715.14371257485,3.39203147754491,3.5948425179640715,1.2524577080838326,0.0,0.9981750392555976,1.0,1.0,False,True,24.743311027855185,24.0,0.0,0.0,0.0
1977,137487,1676141,New York Eagles,just4me,77,85,0.47530864197530864,30,22-20,23-25,10-5,856,856,American League,East,https://www.whatifsports.com/mlb-l/manage.asp?cLID=137487&lst=1,0,0,0,0,0,0,0,new-york-eagles,New York Eagles,1978.0,New York Eagles,69845791.0,71065816.53690253,0.0293158184188842,,,same-year final block row93; WIS wins,69845791.0,162.0,1.0,28.0,second,69845791.0,-0.8061488315944906,77.62577931294744,-0.8061488315944887,False,69845791.0,69845791.0,69845791.0,69845791.0,69845791.0,69845791.0,0.0,0.0,True,13.0,,36.0,27.0,2.0,1.0,1.0,1310.0,5844.0,5844.0,5844.0,5844.0,42299950.0,7238.184462696783,0.7450524123887748,1310.0,1307.0,1310.0,28350681.0,21641.741221374046,3.6411730160305344,3.590719021374046,1.3002109152671757,804840.0,0.9621629995341052,0.0,0.0,False,False,-0.6257793129474436,24.0,0.0,0.0,1.0
1977,137487,1676714,Baltimore Orioles 1977,dodgerdon,73,89,0.4506172839506173,34,17-25,23-18,4-6,804,941,American League,East,https://www.whatifsports.com/mlb-l/manage.asp?cLID=137487&lst=1,0,0,0,0,0,0,0,baltimore,Baltimore,1978.0,Baltimore Orioles 1977,64211762.87654321,71578000.91176225,0.114709995203096,,,same-year final block row93; WIS wins,64211762.87654321,162.0,2.0,21.0,second,64211762.87654321,6.914726556525459,68.27871365447972,6.914726556525452,False,66552183.0,63657923.0,65900974.5,63657923.0,63657923.0,63657923.0,-2.2430515,0.0,True,8.0,,32.0,31.0,5.0,2.0,0.0,1432.0,6381.135802188568,6381.135802469135,6381.135802469135,6381.135802469135,39429376.48148148,6179.053024733396,0.70093812409881,1432.0,1415.0,1432.0,26792132.0,18709.58938547486,4.328412267458101,4.206137130586593,1.4166754490223463,2009745.604938269,0.8845512591398316,1.0,0.0,False,False,4.721286345520284,24.0,0.0,0.0,0.0
1977,137487,1676133,Toronto Blue Jays,tedcogswell,71,91,0.4382716049382716,36,17-25,20-26,10-6,949,1051,American League,East,https://www.whatifsports.com/mlb-l/manage.asp?cLID=137487&lst=1,0,0,0,0,0,0,0,toronto,Toronto,1978.0,Toronto Blue Jays,72182620.0,70853377.53690253,0.0070926961092913,,,same-year final block row93; WIS wins,72182620.0,121.0,1.0,32.0,second,72182620.0,-11.444393397762184,80.17561250402616,-11.444393397762187,False,72182620.0,72182620.0,72182620.0,72182620.0,72182620.0,,,0.0,True,19.0,,25.0,25.0,0.0,0.0,0.0,1703.0,6171.0,6171.0,6171.0,6171.0,41028504.0,6648.598930481284,0.7498752476097876,1703.0,1703.0,1703.0,31154116.0,18293.667645331767,4.4317708755137994,4.3013364544920725,1.431518455666471,0.0,0.9943540645624656,0.0,0.0,False,True,-9.175612504026162,24.0,0.0,1.0,0.0
1977,137487,1676224,Detroit Supremes,harrelson,130,32,0.8024691358024691,-,33-9,12-9,3-5,1360,649,American League,Central,https://www.whatifsports.com/mlb-l/manage.asp?cLID=137487&lst=1,1,1,1,3,0,11,1,detroit,Detroit,1978.0,Detroit Supremes,101154962.1111111,68219528.25407426,-0.4607649843658618,,,same-year final block row93; WIS wins,101154962.1111111,162.0,2.0,24.0,second,101154962.1111111,-11.822376419299015,147.42969329517348,-11.82237641929903,False,99241419.0,101394155.0,100425423.8,101394155.0,101394155.0,101394155.0,0.968731200000003,0.0,True,21.0,,28.0,27.0,0.0,0.0,0.0,1521.111111280598,7351.000001015072,7351.0,7351.0,7351.0,60907857.55555555,8285.656040750313,0.8196694364213486,1521.111111111111,1521.111111111111,1521.111111111111,40247104.55555555,26459.016873630386,2.957432450109569,3.041918677501826,1.184755329656684,0.0,1.3934635196927674,0.0,0.0,False,True,-17.42969329517348,24.0,0.0,1.0,0.0
1977,137487,1676498,Philly CRYPTKEEPERS,cpdpoet,97,65,0.5987654320987654,33,22-20,24-17,4-8,1018,853,American League,Central,https://www.whatifsports.com/mlb-l/manage.asp?cLID=137487&lst=1,1,0,0,0,1,2,3,philly,Philadelphia CRYPTKEEPERS,1978.0,Philly CRYPTKEEPERS,80770262.48148148,70072682.76585877,-0.1321777372298472,,,same-year final block row93; WIS wins,80770262.48148148,162.0,2.0,30.0,second,80770262.48148148,-0.3600386692071214,97.35049944265982,-0.3600386692071078,False,80335432.0,81571266.0,80335432.0,80335432.0,80810752.76923077,81571266.0,1.235834,0.0,True,11.0,,29.0,28.0,2.0,0.0,0.0,1645.3333337641725,6946.0,6946.0,6946.0,6946.0,47537010.0,6843.79642959977,0.7545560227613015,1645.3333333333333,1645.3333333333333,1645.3333333333333,31963733.48148148,19426.904466054384,4.2153620123244195,4.376597732205565,1.3938735613182065,-1269519.0,1.1126534170446891,0.0,0.0,False,True,-0.3504994426598244,24.0,0.0,0.0,0.0
1977,137487,1676394,Chicago Cornhuskers,wgasa,83,79,0.5123456790123457,47,18-24,23-18,7-4,882,920,American League,Central,https://www.whatifsports.com/mlb-l/manage.asp?cLID=137487&lst=1,0,0,0,0,0,0,0,cornhuskers,Chicago Cornhuskers,1978.0,Chicago Cornhuskers,65724525.0,71440477.08235708,0.0994030700919066,,,same-year final block row93; WIS wins,65724525.0,162.0,1.0,23.0,second,65724525.0,18.735765684753932,69.9031159830702,18.735765684753925,False,65724525.0,65724525.0,65724525.0,65724525.0,65724525.0,65724525.0,0.0,0.0,True,2.0,,27.0,27.0,1.0,1.0,1.0,1492.0,6011.0,6011.0,6011.0,6011.0,36459527.0,6065.467809016803,0.7328490537181832,1492.0,1489.0,1492.0,28911406.0,19377.617962466487,4.0653610207774795,3.946895260053619,1.4086021199731904,-353592.0,0.9053903637078758,1.0,1.0,False,False,13.096884016929806,24.0,0.0,0.0,1.0
1977,137487,1676286,Georgia Dawgs,chargingryno,48,114,0.2962962962962963,82,11-31,12-16,2-6,725,1202,American League,Central,https://www.whatifsports.com/mlb-l/manage.asp?cLID=137487&lst=1,0,0,0,0,0,0,0,georgia-minnesota,Georgia / Minnetonka / Minnesota,1978.0,Georgia Dawgs,63308500.69135802,71660115.65586999,0.1357653627739529,,,same-year final block row93; WIS wins,63308500.69135802,162.0,2.0,25.0,second,63308500.69135802,-27.36016585000909,66.07944602528529,-27.36016585000909,False,64949250.0,62368654.0,64949250.0,63564539.951219514,62368654.0,62368654.0,-2.580596,0.0,True,23.0,,29.0,25.0,0.0,0.0,0.0,1476.0,5802.123456503847,5802.123456790123,5802.123456790123,5802.123456790123,33106048.691358022,5705.850442154001,0.6671810467923622,1476.0,1476.0,1476.0,29963856.0,20300.71544715447,4.158320829268293,3.859714779810298,1.4258815013550137,-238596.0,0.8721083410910759,0.0,0.0,False,True,-18.079446025285293,24.0,1.0,1.0,0.0
1977,137487,1676510,Kansas City Monarchs,fire13,84,78,0.5185185185185185,-,31-11,23-19,9-5,810,841,American League,West,https://www.whatifsports.com/mlb-l/manage.asp?cLID=137487&lst=1,1,0,0,0,1,1,3,kansas-city,Kansas City Monarchs,1978.0,Kansas City Monarchs,66917473.0,71332027.26417527,0.0761363307251774,,,same-year final block row93; WIS wins,66917473.0,162.0,1.0,27.0,second,66917473.0,15.999210665169198,72.41428585446613,15.999210665169228,False,66917473.0,66917473.0,66917473.0,66917473.0,66917473.0,66917473.0,0.0,0.0,True,3.0,,28.0,28.0,0.0,0.0,0.0,1441.0,6126.0,6126.0,6126.0,6126.0,36911112.0,6025.32027424094,0.7135033164707801,1441.0,1441.0,1441.0,30006361.0,20823.29007633588,3.827633673837613,3.719047887578071,1.3450847607911174,0.0,0.9218238582611584,1.0,1.0,False,True,11.58571414553387,24.0,0.0,0.0,0.0
1977,137487,1676898,Houston Colt .45s '77,txelvis,82,80,0.5061728395061729,2,24-18,22-15,8-4,917,954,American League,West,https://www.whatifsports.com/mlb-l/manage.asp?cLID=137487&lst=1,0,0,0,0,0,0,0,houston,Houston Colt .45s / Astros / flyBALLERS,1978.0,Houston Colt .45s '77,68379773.30864197,71199090.87248054,0.0539418833230142,,,same-year final block row93; WIS wins,68379773.30864197,162.0,2.0,26.0,second,68379773.30864197,9.54078306526371,74.85796404353339,9.540783065263692,False,66739024.0,69319620.0,66739024.0,68123734.04878049,69319620.0,69319620.0,2.580596,0.0,True,6.0,,32.0,28.0,1.0,0.0,0.0,1514.0,6001.876543496153,6001.876543209877,6001.876543209877,6001.876543209877,39431844.30864198,6569.919261876944,0.7537084227928713,1514.0,1514.0,1514.0,28756878.0,18993.974900924703,4.2455957721268165,4.066506144649934,1.4032542899603695,-191051.0,0.9419678244334736,1.0,0.0,False,True,7.142035956466614,24.0,0.0,0.0,0.0
1977,137487,1676315,Oakland Bagchuckers,chrondon84,70,92,0.43209876543209874,14,17-25,22-21,8-9,811,914,American League,West,https://www.whatifsports.com/mlb-l/manage.asp?cLID=137487&lst=1,0,0,0,0,0,0,0,oakland,Oakland,1978.0,Oakland Bagchuckers,64706337.2962963,71533039.6008756,0.1095395851021693,,,same-year final block row93; WIS wins,64706337.2962963,162.0,3.0,29.0,second,64706337.2962963,1.7072588509792337,68.82497944671138,1.707258850979243,False,62102023.0,65702936.0,62946287.45,64454568.97560976,65702936.0,65702936.0,2.756648549999997,0.0,True,10.0,,27.0,27.0,0.0,0.0,0.0,1325.0,4997.8580247712935,4889.351851851851,4889.351851851851,4889.351851851851,33385640.641975302,6828.234427295395,0.7571870410320993,1325.0,1325.0,1325.0,31499709.0,23773.36528301887,3.389499947924528,3.5752963569811316,1.2671358294339623,179012.34567900747,0.8913642853850704,0.0,0.0,False,True,1.1750205532886184,24.0,0.0,0.0,0.0
1977,137487,1676153,SoCal Space Cadets '77,crustydoc,43,119,0.2654320987654321,41,12-30,13-26,3-5,728,1152,American League,West,https://www.whatifsports.com/mlb-l/manage.asp?cLID=137487&lst=1,0,0,0,0,0,0,0,socal-newark,SoCal / Newark,1978.0,SoCal Space Cadets '77,61907771.14049587,71787454.70594837,0.1402382215260225,,,same-year final block row93; WIS wins,61907771.14049587,121.0,4.0,31.0,second,61078190.2654321,-34.46862394082181,65.61742265440725,-34.46862394082181,False,69307061.0,58629915.0,68114863.975,59049979.24390244,58629915.0,,,0.0,True,24.0,,32.0,32.0,2.0,2.0,1.0,1390.9074070772836,6257.444443513616,6257.444444444443,6240.444444444443,6257.444444444443,35926675.833333336,5741.4294529183035,0.6918400308679244,1390.9074074074074,1364.4074074074074,1390.9074074074074,25877523.14814815,18604.777723042513,4.366998957719226,4.038311513325079,1.4796949928548289,-103572.15901438148,0.8528125449250108,0.0,0.0,False,False,-22.61742265440725,24.0,1.0,1.0,1.0
1978,138127,1687245,New York Times,trentonjoe,113,49,0.6975308641975309,-,31-11,28-16,10-5,875,537,National League,East,https://www.whatifsports.com/mlb-l/manage.asp?cLID=138127&lst=1,1,1,1,3,0,11,3,new-york-times,New York Times,1979.0,New York Times,72704372.0,69181553.73288439,-0.0449934651935823,,,published score; expected wins and pct recovered from final WIS wins,72704372.0,162.0,1.0,7.0,first,72704372.0,,86.35182637933663,30.86000000000011,False,72704372.0,72704372.0,72704372.0,72704372.0,72704372.0,72704372.0,0.0,0.0,True,1.0,30.86,26.0,26.0,0.0,0.0,0.0,1302.0,5897.0,5897.0,5897.0,5897.0,41718611.0,7074.548244870273,0.7406562149567577,1302.0,1302.0,1302.0,30385761.0,23337.75806451613,3.4494505061443927,3.347765042242704,1.277604846390169,-600000.0,1.0292845565067077,1.0,1.0,False,True,26.64817362066337,24.0,0.0,0.0,0.0
1978,138127,1687327,Pittsburg Tanagers,coldfoot,84,78,0.5185185185185185,29,23-19,19-15,3-5,874,814,National League,East,https://www.whatifsports.com/mlb-l/manage.asp?cLID=138127&lst=1,0,0,0,0,0,0,0,pittsburg,Pittsburg Tanagers,1979.0,Pittsburg Tanagers,68967011.5925926,69521313.76992144,0.0136537330409312,,,published score; expected wins and pct recovered from final WIS wins,68967011.5925926,162.0,4.0,8.0,first,68967011.5925926,,79.41760423560557,5.769999999999986,False,74393617.0,61284548.0,74393617.0,72804141.53658536,67640778.94871795,61284548.0,-13.109069,0.0,True,6.0,5.77,36.0,33.0,3.0,0.0,1.0,1382.7402192758725,6625.40740840104,6625.407407407407,6625.407407407407,6625.407407407407,41697042.44444444,6293.506177118388,0.7326553561838265,1382.740219166541,1382.740219166541,1382.740219166541,29279999.436049383,21175.343734268583,4.008791686971827,3.813189617618806,1.3886154958829282,2010030.2879012227,0.9763742948040957,1.0,0.0,False,False,4.582395764394434,24.0,0.0,0.0,1.0
1978,138127,1687306,New York Nutcrackers,n4ser,75,87,0.46296296296296297,38,19-23,32-15,9-7,686,807,National League,East,https://www.whatifsports.com/mlb-l/manage.asp?cLID=138127&lst=1,0,0,0,0,0,0,0,new-york-nationals,New York Nutcrackers / Nationals,1979.0,New York Nutcrackers,66169284.0,69775652.6419753,0.057158507340111,,,published score; expected wins and pct recovered from final WIS wins,66169284.0,162.0,1.0,6.0,first,66169284.0,,74.50084434290255,0.6699999999999928,False,66169284.0,66169284.0,66169284.0,66169284.0,66169284.0,66169284.0,0.0,0.0,True,12.0,0.67,25.0,25.0,0.0,0.0,0.0,1498.1666668278122,5388.0,5388.0,5388.0,5388.0,34205312.0,6348.4246473645135,0.693348121789161,1498.1666666666663,1498.1666666666663,1498.1666666666663,32036327.666666664,21383.687395705863,3.644837007787296,3.830271697964179,1.325903855045055,72355.66666666418,0.9367665281024145,0.0,0.0,False,True,0.4991556570974467,24.0,0.0,0.0,0.0
1978,138127,1687289,Montreal Cobblestones,ff09,53,109,0.3271604938271605,60,11-31,19-20,7-10,613,1029,National League,East,https://www.whatifsports.com/mlb-l/manage.asp?cLID=138127&lst=1,0,0,0,0,0,0,0,montreal,Montreal,1979.0,Montreal Cobblestones,56593124.0,70646212.6419753,0.1970699306694184,,,published score; expected wins and pct recovered from final WIS wins,56593124.0,162.0,1.0,10.0,first,56593124.0,,59.90054249547921,-11.520000000000008,False,56593124.0,56593124.0,56593124.0,56593124.0,56593124.0,56593124.0,0.0,0.0,True,21.0,-11.52,29.0,25.0,0.0,0.0,0.0,1396.0,5508.0,5508.0,5508.0,5508.0,29736673.0,5398.8149963689175,0.6797128107843138,1396.0,1396.0,1396.0,26856451.0,19238.14541547278,4.290328068767908,3.976980455587392,1.4596116941260746,0.0,0.8011956768936689,0.0,0.0,False,True,-6.900542495479208,24.0,0.0,1.0,0.0
1978,138127,1687663,Chicago Thunderbears,chargingryno,81,81,0.5,-,21-21,20-24,9-11,888,816,National League,Central,https://www.whatifsports.com/mlb-l/manage.asp?cLID=138127&lst=1,1,0,0,1,1,3,5,thunderbears,Thunderbears — Houston / Brooklyn / Chicago,1979.0,Chicago Thunderbears,73794687.95061728,69082434.1010101,-0.0602544978246052,,,published score; expected wins and pct recovered from final WIS wins,73794687.95061728,162.0,2.0,2.0,first,73794687.95061728,,88.2160749292093,-8.179999999999977,False,70533464.0,76276054.0,70533464.0,72074158.87804878,76276054.0,76276054.0,5.74259,0.0,True,19.0,-8.18,39.0,31.0,2.0,1.0,1.0,1420.874282456614,6364.8271602579825,6364.827160493827,6364.827160493827,6572.827160493827,41322540.90123457,6492.327263452112,0.7132708449392979,1420.8742826159398,1420.8742826159398,1420.8742826159398,32326020.505061723,22750.795690064155,3.498378525743718,3.609306245231438,1.2867432209527656,-146126.54432100058,1.0447202908210524,0.0,0.0,False,False,-7.216074929209299,24.0,0.0,1.0,1.0
1978,138127,1687270,Cincinnati Mudcats,fire13,80,82,0.49382716049382713,1,26-16,19-18,5-6,760,749,National League,Central,https://www.whatifsports.com/mlb-l/manage.asp?cLID=138127&lst=1,0,0,0,0,0,0,0,cincinnati-la,Cincinnati / LA,1979.0,Cincinnati Mudcats,68245653.48148148,69586891.78002244,0.0267997962361216,,,published score; expected wins and pct recovered from final WIS wins,68245653.48148148,162.0,2.0,3.0,first,68245653.48148148,,77.91195948578108,2.6799999999999713,False,67519792.0,70192282.0,67519792.0,67519792.0,67656842.76923077,70192282.0,2.67249,0.0,True,10.0,2.68,36.0,28.0,0.0,0.0,1.0,1412.422535254556,5644.827160613266,5644.827160493827,5644.827160493827,5644.827160493827,33569538.469135806,5946.955950055881,0.7272529788474534,1412.422535254556,1412.422535254556,1412.422535254556,35721781.17,25291.143604956706,3.283836613921663,3.4164035262469064,1.2780688773238078,1045666.15765433,0.96616194108928,0.0,0.0,False,False,2.0880405142189176,24.0,0.0,0.0,1.0
1978,138127,1687404,Milwaukee Brewers,dbrom,79,83,0.4876543209876543,2,20-22,26-25,6-9,844,950,National League,Central,https://www.whatifsports.com/mlb-l/manage.asp?cLID=138127&lst=1,0,0,0,0,0,0,0,milwaukee,Milwaukee,1979.0,Milwaukee Brewers,64556357.0,69922282.36924802,0.0840171619921859,,,published score; expected wins and pct recovered from final WIS wins,64556357.0,162.0,1.0,5.0,first,64556357.0,,71.55797101449276,10.399999999999988,False,64556357.0,64556357.0,64556357.0,64556357.0,64556357.0,64556357.0,0.0,0.0,True,5.0,10.4,29.0,28.0,0.0,0.0,0.0,1431.0,5929.0,5929.0,5929.0,5929.0,36615472.0,6175.657277787148,0.7306030093776352,1431.0,1431.0,1431.0,28540885.0,19944.71348707198,4.0879533193570925,4.0868628371768,1.4115148448637316,600000.0,0.9139321261785148,1.0,0.0,False,True,7.4420289855072355,24.0,0.0,0.0,0.0
1978,138127,1688604,Cleveland Indians,kros2,69,93,0.42592592592592593,12,17-25,18-24,9-7,720,871,National League,Central,https://www.whatifsports.com/mlb-l/manage.asp?cLID=138127&lst=1,0,0,0,0,0,0,0,cleveland,Cleveland,1979.0,Cleveland Indians,74044515.59876543,69059722.496633,-0.0641852427446568,,,published score; expected wins and pct recovered from final WIS wins,74044515.59876543,162.0,2.0,4.0,first,74044515.59876543,,88.7003470883147,-22.210000000000008,False,74111973.0,74003774.0,74111973.0,74059193.0,74003774.0,74003774.0,-0.108199,0.0,True,24.0,-22.21,33.0,27.0,1.0,0.0,1.0,1871.0,6254.0409657918735,6254.040965582743,6254.040965582743,6254.040965582743,37461200.38876544,5989.919252995308,0.6913451224327137,1871.0,1871.0,1871.0,37218889.0,19892.511491181187,4.047553535542491,4.007748645109568,1.389410598075895,635573.7900000066,1.0482571309443298,0.0,0.0,False,False,-19.7003470883147,24.0,1.0,1.0,1.0
1978,138127,1687317,Texas Rangers,frazzman80,97,65,0.5987654320987654,-,24-18,18-24,7-5,920,698,National League,West,https://www.whatifsports.com/mlb-l/manage.asp?cLID=138127&lst=1,1,0,0,0,1,1,3,texas,Texas Rangers,1979.0,Texas Rangers,79951133.40123457,68522757.24186307,-0.1578729256015222,,,published score; expected wins and pct recovered from final WIS wins,79951133.40123457,162.0,2.0,13.0,first,79951133.40123457,,100.75828399293654,-3.730000000000011,False,79883676.0,79991875.0,79883676.0,79936456.0,79991875.0,79991875.0,0.108199,0.0,True,15.0,-3.73,31.0,28.0,2.0,0.0,0.0,1715.0,6004.58024670445,6004.580246913581,6004.580246913581,6004.580246913581,42668318.40123457,7105.961890203157,0.7946319477489406,1715.0,1715.0,1715.0,38078642.0,22203.28979591837,3.4996858268221573,3.54219081516035,1.2684905930029156,795827.0,1.1318778310209232,0.0,0.0,False,True,-3.7582839929365406,24.0,0.0,0.0,0.0
1978,138127,1687524,St. Louis Perfectos '78,kermit,92,70,0.5679012345679012,5,21-21,23-22,8-5,840,716,National League,West,https://www.whatifsports.com/mlb-l/manage.asp?cLID=138127&lst=1,1,0,0,0,1,0,3,st-louis,St. Louis Perfectos,1979.0,St. Louis Perfectos '78,70399353.0,69391100.91470256,-0.0064033164575515,,,published score; expected wins and pct recovered from final WIS wins,70399353.0,162.0,1.0,12.0,first,70399353.0,,81.74871156921984,12.539999999999996,False,70399353.0,70399353.0,70399353.0,70399353.0,70399353.0,70399353.0,0.0,0.0,True,4.0,12.54,27.0,27.0,0.0,0.0,0.0,1422.0,5673.0,5673.0,5673.0,5673.0,37280320.0,6571.535342852107,0.7283304470650449,1422.0,1422.0,1422.0,33519033.0,23571.75316455696,3.362479314345992,3.1717697004219407,1.2840370358649789,400000.0,0.9966521247300528,1.0,0.0,False,True,10.251288430780164,24.0,0.0,0.0,0.0
1978,138127,1687376,San Francisco Quake,epup1975,88,74,0.5432098765432098,9,21-21,22-31,7-10,792,672,National League,West,https://www.whatifsports.com/mlb-l/manage.asp?cLID=138127&lst=1,0,0,0,0,0,0,0,quake,San Diego / San Francisco Quake,1979.0,San Francisco Quake,76254946.0,68858774.27833892,-0.098832965966879,,,published score; expected wins and pct recovered from final WIS wins,76254946.0,162.0,1.0,9.0,first,76254946.0,,93.0429266229647,-5.420000000000014,False,76254946.0,76254946.0,76254946.0,76254946.0,76254946.0,76254946.0,0.0,0.0,True,18.0,-5.42,28.0,28.0,2.0,0.0,0.0,1622.0,6515.0,6515.0,6515.0,6515.0,41696761.0,6400.116807367614,0.7359469892402151,1622.0,1622.0,1622.0,34274165.0,21130.804562268804,3.745130479038224,3.805261983970407,1.335679683723798,-284020.0,1.0795504605287414,0.0,0.0,False,True,-5.0429266229647,24.0,0.0,1.0,0.0
1978,138127,1688110,Seattle Sea Snakes,pi_kapp,68,94,0.41975308641975306,29,18-24,19-22,7-7,748,872,National League,West,https://www.whatifsports.com/mlb-l/manage.asp?cLID=138127&lst=1,0,0,0,0,0,0,0,seattle,Seattle Sea Snakes,1979.0,Seattle Sea Snakes,62021025.03703704,70152767.09315376,0.1301054943534162,,,published score; expected wins and pct recovered from final WIS wins,62021025.03703704,162.0,2.0,11.0,first,62021025.03703704,,66.66666666666667,2.0000000000000018,False,62055866.0,61911142.0,62055866.0,62055866.0,62055866.0,61921479.428571425,-0.1343865714285746,0.0,True,11.0,2.0,29.0,28.0,1.0,1.0,0.0,1484.8518517564123,5458.129630045947,5458.12962962963,5415.12962962963,5458.12962962963,33069647.14814815,6058.7874220920885,0.6980201651963263,1484.8518518518515,1484.8518518518515,1484.8518518518515,29079022.22222222,19583.78688483699,4.055507704148064,4.303287605909057,1.3915012524631465,127644.33333333582,0.878039126028598,0.0,0.0,False,False,1.3333333333333286,24.0,0.0,0.0,0.0
1978,138127,1687234,Boston Post-Punks,eddiedzen,111,51,0.6851851851851852,-,34-8,16-13,3-4,1057,671,American League,East,https://www.whatifsports.com/mlb-l/manage.asp?cLID=138127&lst=1,1,0,1,2,1,10,6,boston,Boston,1979.0,Boston Post-Punks,80007038.0,71050135.44893378,-0.1219895154386204,,,published score; expected wins and pct recovered from final WIS wins,80007038.0,162.0,1.0,22.0,second,80007038.0,,96.02076124567476,15.59999999999999,False,80007038.0,80007038.0,80007038.0,80007038.0,80007038.0,80007038.0,0.0,0.0,True,2.0,15.6,33.0,27.0,2.0,0.0,0.0,1367.0,6414.0,6414.0,6414.0,6414.0,47294895.0,7373.697380729654,0.7624704629404429,1367.0,1367.0,1367.0,33681159.0,24638.74103877103,3.037532419897586,3.177828743233358,1.2033952304316018,969016.0,1.132669279163092,1.0,1.0,False,True,14.979238754325236,24.0,0.0,0.0,0.0
1978,138127,1687267,Toronto Blue Jays,tedcogswell,75,87,0.46296296296296297,36,15-27,22-24,6-5,825,888,American League,East,https://www.whatifsports.com/mlb-l/manage.asp?cLID=138127&lst=1,0,0,0,0,0,0,0,toronto,Toronto,1979.0,Toronto Blue Jays,73762306.96296297,71617838.2704826,-0.0109418324730137,,,published score; expected wins and pct recovered from final WIS wins,73762306.96296297,162.0,2.0,32.0,second,73762306.96296297,,82.28195282501379,-8.85000000000008,False,73727466.0,73872190.0,73727466.0,73727466.0,73727466.0,73861852.57142857,0.1343865714285671,0.0,True,20.0,-8.85,30.0,29.0,1.0,1.0,0.0,1620.9814814157753,6975.870369954053,6975.87037037037,6975.87037037037,6975.87037037037,41927357.85185185,6010.340735392106,0.7099968601050712,1620.9814814814815,1620.9814814814815,1620.9814814814815,32460626.111111112,20025.29114733872,4.017552154787337,4.093984220648212,1.3724133514217496,625676.9999999851,1.0442618692763754,0.0,0.0,False,False,-7.281952825013789,24.0,0.0,1.0,0.0
1978,138127,1688748,New York Eagles,just4me,58,104,0.35802469135802467,53,22-20,22-17,8-8,594,882,American League,East,https://www.whatifsports.com/mlb-l/manage.asp?cLID=138127&lst=1,0,0,0,0,0,0,0,new-york-eagles,New York Eagles,1979.0,New York Eagles,56308219.0,73204573.53984287,0.2332577584599229,,,published score; expected wins and pct recovered from final WIS wins,56308219.0,162.0,1.0,28.0,second,56308219.0,,56.40377321793252,2.829999999999977,False,56308219.0,56308219.0,56308219.0,56308219.0,56308219.0,56308219.0,0.0,0.0,True,8.0,2.83,31.0,30.0,2.0,1.0,0.0,1265.0,5708.0,5708.0,5703.0,5708.0,30587304.0,5358.672740014015,0.6799974709004905,1265.0,1265.0,1265.0,26883837.0,21252.04505928854,3.849035928063241,3.8835400703557306,1.3493953168379444,1162922.0,0.7971622424728126,1.0,0.0,False,False,1.5962267820674825,24.0,0.0,0.0,0.0
1978,138127,1687233,Baltimore Orioles 1978,dodgerdon,55,107,0.3395061728395062,56,13-29,14-24,2-15,776,1015,American League,East,https://www.whatifsports.com/mlb-l/manage.asp?cLID=138127&lst=1,0,0,0,0,0,0,0,baltimore,Baltimore,1979.0,Baltimore Orioles 1978,64300919.0,72477964.44893378,0.1158167572690172,,,published score; expected wins and pct recovered from final WIS wins,64300919.0,162.0,1.0,21.0,second,64300919.0,,68.16210187135954,-19.310000000000016,False,64300919.0,64300919.0,64300919.0,64300919.0,64300919.0,64300919.0,0.0,0.0,True,23.0,-19.31,31.0,31.0,2.0,1.0,0.0,1572.0,6294.0,6294.0,6294.0,6294.0,36852794.0,5855.226247219574,0.7023067000953288,1572.0,1554.0,1572.0,29843025.0,18984.112595419847,4.203670916666667,3.891504585877862,1.430933486641221,2394900.0,0.9103158596279288,0.0,0.0,False,False,-13.16210187135954,24.0,1.0,1.0,0.0
1978,138127,1687236,Philly CRYPTKEEPERS,cpdpoet,105,57,0.6481481481481481,-,22-20,23-18,8-7,978,679,American League,Central,https://www.whatifsports.com/mlb-l/manage.asp?cLID=138127&lst=1,1,0,0,1,1,5,4,philly,Philadelphia CRYPTKEEPERS,1979.0,Philly CRYPTKEEPERS,86042276.27160494,70501477.42424244,-0.2058919165774883,,,published score; expected wins and pct recovered from final WIS wins,86042276.27160494,162.0,2.0,30.0,second,86042276.27160494,,107.34001226743,-2.1800000000000264,False,84948436.0,88975757.0,84948436.0,84948436.0,85154965.28205128,88975757.0,4.027321,0.0,True,14.0,-2.18,48.0,28.0,3.0,0.0,0.0,1510.0,7000.469135798196,7000.469135802469,7000.469135802469,7000.469135802469,49813836.27160494,7115.7854288425115,0.7578167037651797,1510.0,1510.0,1510.0,35928049.0,23793.40993377483,3.4172818152317883,3.472922579470199,1.2657696781456953,-300391.0,1.2181108747221765,0.0,0.0,False,True,-2.340012267429998,24.0,0.0,0.0,0.0
1978,138127,1687682,Detroit Supremes 78,harrelson,103,59,0.6358024691358025,2,28-14,19-20,6-8,990,653,American League,Central,https://www.whatifsports.com/mlb-l/manage.asp?cLID=138127&lst=1,1,0,0,0,1,0,3,detroit,Detroit,1979.0,Detroit Supremes 78,86524337.7037037,70457653.65768799,-0.2134238556775047,,,published score; expected wins and pct recovered from final WIS wins,86524337.7037037,162.0,2.0,24.0,second,86524337.7037037,,108.39823195116816,-4.979999999999984,False,86178658.0,86845326.0,86178658.0,86227438.58536585,86845326.0,86845326.0,0.666668,0.0,True,17.0,-4.98,26.0,26.0,0.0,0.0,1.0,1490.9629630129566,6985.675082691175,6985.6750837999725,6985.6750837999725,6985.6750837999725,48661363.024814814,6965.878378406439,0.7761856737533612,1490.962962962963,1490.962962962963,1490.962962962963,37718089.88888889,25297.804724761525,3.037861768531399,2.934902471209261,1.2325643443958665,-144884.78999999166,1.2249354765129292,0.0,0.0,False,False,-5.398231951168157,24.0,0.0,1.0,1.0
1978,138127,1687230,Chicago Cornhuskers,wgasa,95,67,0.5864197530864198,10,23-19,19-19,6-1,943,780,American League,Central,https://www.whatifsports.com/mlb-l/manage.asp?cLID=138127&lst=1,0,0,0,0,0,0,0,cornhuskers,Chicago Cornhuskers,1979.0,Chicago Cornhuskers,74433652.25925925,71556806.87991022,-0.0265967890934913,,,published score; expected wins and pct recovered from final WIS wins,74433652.25925925,162.0,2.0,23.0,second,74433652.25925925,,84.1378088743247,12.909999999999975,False,74061830.0,75371291.0,74061830.0,74061830.0,74196133.6923077,75371291.0,1.309461,0.0,True,3.0,12.91,32.0,28.0,3.0,1.0,0.0,1592.0,6324.1111111372775,6324.111111111111,6322.111111111111,6324.111111111111,39650284.25925926,6269.700763099484,0.7496570698935877,1592.0,1592.0,1592.0,32809864.0,20609.21105527638,3.891142883165829,3.8233202839195974,1.3595015037688445,-1973504.0,1.0537661855444698,1.0,1.0,False,False,10.862191125675295,24.0,0.0,0.0,0.0
1978,138127,1687229,Georgia Dawgs,chargingryno,77,85,0.47530864197530864,28,11-31,17-17,8-6,797,812,American League,Central,https://www.whatifsports.com/mlb-l/manage.asp?cLID=138127&lst=1,0,0,0,0,0,0,0,georgia-minnesota,Georgia / Minnetonka / Minnesota,1979.0,Minnesota Dawgs,72171977.0,71762413.72166106,0.0076746727189884,,,published score; expected wins and pct recovered from final WIS wins,72171977.0,162.0,1.0,25.0,second,72171977.0,,80.10819808572617,-3.8799999999999946,False,72171977.0,72171977.0,72171977.0,72171977.0,72171977.0,72171977.0,0.0,0.0,True,16.0,-3.88,28.0,25.0,0.0,0.0,0.0,1355.0,6527.0,6527.0,6527.0,6527.0,40578795.0,6217.066799448445,0.7085260653745977,1355.0,1355.0,1355.0,30709500.0,22663.837638376383,3.3837399365313656,3.671548181549816,1.264187433210332,-883682.0,1.0217473763291334,0.0,0.0,False,True,-3.1081980857261726,24.0,0.0,0.0,0.0
1978,138127,1687269,Kansas City Monarchs,fire13,88,74,0.5432098765432098,-,25-17,22-23,10-3,755,678,American League,West,https://www.whatifsports.com/mlb-l/manage.asp?cLID=138127&lst=1,1,0,0,0,1,0,3,kansas-city,Kansas City Monarchs,1979.0,Kansas City Monarchs,74931130.0,71511581.63075197,-0.0387367654611027,,,published score; expected wins and pct recovered from final WIS wins,74931130.0,162.0,1.0,27.0,second,74931130.0,,85.59478649936776,2.8100000000000014,False,74931130.0,74931130.0,74931130.0,74931130.0,74931130.0,74931130.0,0.0,0.0,True,9.0,2.81,29.0,29.0,0.0,0.0,0.0,1355.0,6352.0,6352.0,6352.0,6352.0,41660963.0,6558.715837531486,0.7051376951668766,1355.0,1355.0,1355.0,33470167.0,24701.230258302585,3.204042962361624,3.265866743173431,1.258588347601476,200000.0,1.0608090378745925,0.0,0.0,False,True,2.405213500632243,24.0,0.0,0.0,0.0
1978,138127,1687323,Oakland Bagchuckers,chrondon84,72,90,0.4444444444444444,16,19-23,26-23,7-8,667,852,American League,West,https://www.whatifsports.com/mlb-l/manage.asp?cLID=138127&lst=1,0,0,0,0,0,0,0,oakland,Oakland,1979.0,Oakland Bagchuckers,67683441.74074075,72170462.38159372,0.0707761705646498,,,published score; expected wins and pct recovered from final WIS wins,67683441.74074075,162.0,2.0,29.0,second,67683441.74074075,,73.00010138902971,-1.3700000000000043,False,68055264.0,66745803.0,68055264.0,68055264.0,67920960.3076923,66745803.0,-1.309461,0.0,True,13.0,-1.37,35.0,31.0,2.0,0.0,0.0,1414.0,5095.061728604741,5095.061728395061,5095.061728395061,5095.061728395061,30197556.83950617,5926.828456505937,0.7085193918429853,1414.0,1414.0,1414.0,38744947.0,27400.95261669024,3.0595245586987274,2.9084506449787835,1.2231427414427154,1259062.0987654328,0.9582026417196192,0.0,0.0,False,True,-1.0001013890297088,24.0,0.0,0.0,0.0
1978,138127,1688706,Houston Colt .45s '78,txelvis,70,92,0.43209876543209874,18,24-18,12-16,8-6,782,924,American League,West,https://www.whatifsports.com/mlb-l/manage.asp?cLID=138127&lst=1,0,0,0,0,0,0,0,houston,Houston Colt .45s / Astros / flyBALLERS,1979.0,Houston Colt .45s '78,64359080.0,72472677.08529742,0.1202921088389273,,,published score; expected wins and pct recovered from final WIS wins,64359080.0,162.0,1.0,26.0,second,64359080.0,,67.6917126003288,3.4099999999999797,False,64359080.0,64359080.0,64359080.0,64359080.0,64359080.0,64359080.0,0.0,0.0,True,7.0,3.41,28.0,27.0,1.0,0.0,0.0,1388.0,6156.0,6156.0,6156.0,6156.0,38309035.0,6223.04012345679,0.7515823999837556,1388.0,1388.0,1388.0,26050045.0,18768.0439481268,4.227513071325649,4.1112858890489905,1.4136202608069164,0.0,0.91113925191431,1.0,0.0,False,True,2.308287399671201,24.0,0.0,0.0,0.0
1978,138127,1687240,SoCal Space Cadets '78,crustydoc,56,106,0.345679012345679,32,16-26,21-26,7-8,657,1016,American League,West,https://www.whatifsports.com/mlb-l/manage.asp?cLID=138127&lst=1,0,0,0,0,0,0,0,socal-newark,SoCal / Newark,1979.0,SoCal Space Cadets '78,61034150.0,72774943.44893378,0.1397667228828413,,,published score; expected wins and pct recovered from final WIS wins,61034150.0,162.0,1.0,31.0,second,61034150.0,,65.66604127579737,-14.719999999999988,False,61034150.0,61034150.0,61034150.0,61034150.0,61034150.0,61034150.0,0.0,0.0,True,22.0,-14.72,37.0,35.0,8.0,0.0,0.0,1701.0,6428.0,6428.0,6428.0,6428.0,36721082.0,5712.676104542626,0.6654615615276914,1701.0,1701.0,1701.0,29950932.0,17607.83774250441,4.5119181587301584,3.905363217519106,1.4893352304526748,5637864.0,0.8640678171941829,0.0,0.0,False,True,-9.666041275797369,24.0,1.0,1.0,0.0
1979,138842,1700417,Pittsburg Tanagers,coldfoot,108,54,0.6666666666666666,-,27-15,22-17,3-7,969,752,National League,East,https://www.whatifsports.com/mlb-l/manage.asp?cLID=138842&lst=1,1,0,0,0,1,2,3,pittsburg,Pittsburg Tanagers,1980.0,Pittsburg Tanagers,72443299.08641975,70266566.48204266,-0.0462336680347498,,,same-year final block row93; WIS wins,72443299.08641975,162.0,2.0,9.0,first,72443299.08641975,24.85204725741463,86.50238612213559,24.852047257414632,False,71099978.0,73926186.0,71099978.0,71099978.0,73636318.51282051,73926186.0,2.826208,0.0,True,1.0,,26.0,26.0,0.0,0.0,0.0,1391.9753087776471,5491.0,5491.0,5491.0,5491.0,41195363.0,7502.342560553633,0.8218294959752321,1391.9753086419753,1391.9753086419753,1391.9753086419753,31247936.086419754,22448.628141906873,3.606541904691796,3.518247959804879,1.3000841141552106,1.4901161193847656e-08,1.022006561416471,1.0,1.0,False,True,21.49761387786441,24.0,0.0,0.0,0.0
1979,138842,1700444,New York  Times,trentonjoe,101,61,0.6234567901234568,7,28-14,24-17,8-1,937,696,National League,East,https://www.whatifsports.com/mlb-l/manage.asp?cLID=138842&lst=1,1,1,1,3,0,11,3,new-york-times,New York Times,1980.0,New York Times,84580354.0,69163197.85353535,-0.1953244820930388,,,same-year final block row93; WIS wins,84580354.0,162.0,1.0,8.0,first,84580354.0,-4.597519243696796,105.86726801999536,-4.597519243696812,False,84580354.0,84580354.0,84580354.0,84580354.0,84580354.0,84580354.0,0.0,0.0,True,15.0,,38.0,27.0,1.0,0.0,0.0,1354.0,7174.0,7174.0,7174.0,7174.0,54254844.0,7562.704767214943,0.7429208029411765,1354.0,1354.0,1354.0,29397233.0,21711.398079763665,3.638700831610045,3.5603947090103403,1.2812358094534713,-928277.0,1.1932321946272633,0.0,0.0,False,True,-4.867268019995365,24.0,0.0,0.0,0.0
1979,138842,1700447,Montreal Islands,cpdpoet,64,98,0.3950617283950617,44,15-27,19-18,4-5,711,912,National League,East,https://www.whatifsports.com/mlb-l/manage.asp?cLID=138842&lst=1,0,0,0,0,0,0,0,montreal,Montreal,1980.0,Montreal Islands,55772482.0,71782095.3080808,0.2077860150601248,,,same-year final block row93; WIS wins,55772482.0,162.0,1.0,6.0,first,55772482.0,8.744221569719638,58.85370190356958,8.744221569719635,False,55772482.0,55772482.0,55772482.0,55772482.0,55772482.0,55772482.0,0.0,0.0,True,8.0,,27.0,27.0,0.0,0.0,0.0,1355.0,5230.0,5230.0,5230.0,5230.0,30638609.0,5858.242638623327,0.6926344954302103,1355.0,1355.0,1355.0,25133873.0,18548.98376383764,4.447200411070111,4.198200587453875,1.4784738826568264,0.0,0.7868200823168645,1.0,0.0,False,True,5.146298096430421,24.0,0.0,0.0,0.0
1979,138842,1700739,New York Nutcrackers,n4ser,54,108,0.3333333333333333,54,14-28,15-26,6-8,752,1055,National League,East,https://www.whatifsports.com/mlb-l/manage.asp?cLID=138842&lst=1,0,0,0,0,0,0,0,new-york-nationals,New York Nutcrackers / Nationals,1980.0,New York Nutcrackers,62866912.86419753,71137147.0476992,0.1239475388691474,,,same-year final block row93; WIS wins,62866912.86419753,162.0,2.0,7.0,first,62866912.86419753,-19.772824253339852,67.30886323422399,-19.77282425333985,False,63359502.0,62545222.0,63359502.0,63021873.70731708,62545222.0,62545222.0,-0.81428,0.0,True,21.0,,25.0,25.0,0.0,0.0,0.0,1583.0,5605.679011175517,5605.679012345679,5605.679012345679,5605.679012345679,34090082.86419753,6081.3476456855915,0.7106495207005681,1583.0,1583.0,1583.0,28776830.0,18178.66708780796,4.434524451042324,4.502301015161086,1.4460146310802275,0.0,0.8869060113698195,0.0,0.0,False,True,-13.308863234223992,24.0,0.0,1.0,0.0
1979,138842,1700397,Cincinnati Mudcats,fire13,109,53,0.6728395061728395,-,29-13,19-12,6-7,959,634,National League,Central,https://www.whatifsports.com/mlb-l/manage.asp?cLID=138842&lst=1,1,0,0,0,1,2,3,cincinnati-la,Cincinnati / LA,1980.0,Cincinnati Mudcats,84424641.0,69177353.58080809,-0.2170858334078225,,,same-year final block row93; WIS wins,84424641.0,162.0,1.0,3.0,first,84424641.0,0.0777569834764553,108.9153107398247,0.0777569834764513,False,84424641.0,84424641.0,84424641.0,84424641.0,84424641.0,84424641.0,0.0,0.0,True,11.0,,31.0,26.0,0.0,0.0,0.0,1445.0,6002.0,6002.0,6002.0,6002.0,41013570.0,6833.317227590803,0.7563951250083306,1445.0,1445.0,1445.0,43411071.0,30042.26366782007,2.5860160456747407,2.9039644242214537,1.1404933460207614,0.0,1.19103544613976,0.0,0.0,False,True,0.0846892601752955,24.0,0.0,0.0,0.0
1979,138842,1700538,Milwaukee Brewers,dbrom,92,70,0.5679012345679012,17,26-16,19-21,8-8,904,778,National League,Central,https://www.whatifsports.com/mlb-l/manage.asp?cLID=138842&lst=1,0,0,0,0,0,0,0,milwaukee,Milwaukee,1980.0,Milwaukee Brewers,72213137.28395061,70287490.28226711,-0.0249063467197764,,,same-year final block row93; WIS wins,72213137.28395061,162.0,3.0,5.0,first,72213137.28395061,9.60709730765418,83.93617043043014,9.607097307654168,False,71924002.0,71893166.0,71924002.0,72261630.29268293,72738282.0,71953531.42857143,0.0295294285714328,0.0,True,6.0,,27.0,27.0,0.0,0.0,0.0,1447.0,5713.580248083742,5713.58024691358,5713.58024691358,5713.58024691358,36966153.13580247,6469.87554883319,0.7485848738480987,1447.0,1447.0,1447.0,35198836.0,24325.38769868694,3.4197300241879747,3.3766605715272986,1.3202325763648928,-48148.14814813435,1.0187595133764544,1.0,0.0,False,True,8.063829569569862,24.0,0.0,0.0,0.0
1979,138842,1700361,Chicago Thunderbears,chargingryno,89,73,0.5493827160493827,20,20-22,15-18,9-5,953,859,National League,Central,https://www.whatifsports.com/mlb-l/manage.asp?cLID=138842&lst=1,0,0,0,0,0,0,0,thunderbears,Thunderbears — Houston / Brooklyn / Chicago,1980.0,Chicago Thunderbears,73528008.01234567,70167956.57968575,-0.0453070930105576,,,same-year final block row93; WIS wins,73528008.01234567,162.0,2.0,2.0,first,73528008.01234567,3.0213202247700166,86.38988493432376,3.0213202247699744,False,72808249.0,73665609.0,73108325.0,73665609.0,73665609.0,73665609.0,0.557284,0.0,True,10.0,,51.0,28.0,0.0,0.0,0.0,1435.9012347872035,5406.666667442502,5406.666666666666,5406.666666666666,5406.666666666666,40706771.086419754,7528.99588528109,0.7847065470776821,1435.9012345679012,1435.9012345679012,1435.9012345679012,32821236.925925925,22857.58667503525,3.474464300392063,3.524690494110466,1.3254023550056746,0.0,1.0373092830415704,0.0,0.0,False,True,2.61011506567624,24.0,0.0,0.0,0.0
1979,138842,1700435,Cleveland Indians,harrelson,37,125,0.22839506172839505,72,9-33,14-28,2-11,697,1187,National League,Central,https://www.whatifsports.com/mlb-l/manage.asp?cLID=138842&lst=1,0,0,0,0,0,0,0,cleveland,Cleveland,1980.0,Cleveland Indians,56486669.90123457,71717169.1352413,0.2138252303141098,,,same-year final block row93; WIS wins,56486669.90123457,162.0,3.0,4.0,first,56486669.90123457,-36.50028695188988,58.267979844203715,-36.50028695188988,False,58549750.0,54866182.0,58249674.0,57692390.0,55156049.48717949,54866182.0,-3.383492,0.0,True,24.0,,33.0,28.0,0.0,0.0,0.0,1293.123456435149,5688.333332557498,5688.333333333333,5688.333333333333,5688.333333333333,33541678.913580246,5896.574083840653,0.6950355492587166,1293.1234567901236,1293.1234567901236,1293.1234567901236,22944990.98765432,17743.851808712752,4.41870491381763,4.4023561435036225,1.4642348146606454,0.0,0.796895613530252,0.0,0.0,False,True,-21.267979844203715,24.0,1.0,1.0,0.0
1979,138842,1700596,Texas Rangers,frazzman80,100,62,0.6172839506172839,-,24-18,25-11,8-6,932,740,National League,West,https://www.whatifsports.com/mlb-l/manage.asp?cLID=138842&lst=1,1,0,0,1,1,3,6,texas,Texas Rangers,1980.0,Texas Rangers,72153478.85185185,70292913.77609429,-0.0237103602639317,,,same-year final block row93; WIS wins,72153478.85185185,162.0,2.0,13.0,first,72153478.85185185,19.34072328037859,83.7936935953207,19.34072328037859,False,71950025.0,72795141.0,71950025.0,71950025.0,71950025.0,72734775.57142857,0.7847505714285672,0.0,True,2.0,,28.0,26.0,0.0,0.0,0.0,1501.0,6016.740740740741,6016.740740740741,6016.740740740741,6016.740740740741,39736077.0,6604.252819294315,0.7588672570020683,1501.0,1501.0,1501.0,32465550.0,21629.280479680212,3.576301500999334,3.5716591965356432,1.2761557268487675,48148.14814814925,1.017917871570826,1.0,1.0,False,True,16.206306404679296,24.0,0.0,0.0,0.0
1979,138842,1700570,San Francisco Quake,epup1975,86,76,0.5308641975308642,14,21-21,23-17,7-4,862,764,National League,West,https://www.whatifsports.com/mlb-l/manage.asp?cLID=138842&lst=1,0,0,0,0,0,0,0,quake,San Diego / San Francisco Quake,1980.0,San Francisco Quake,71044915.0,70393692.3080808,-0.0082841605798919,,,same-year final block row93; WIS wins,71044915.0,162.0,1.0,10.0,first,71044915.0,4.917153622437147,81.96943686585908,4.917153622437143,False,71044915.0,71044915.0,71044915.0,71044915.0,71044915.0,71044915.0,0.0,0.0,True,9.0,,28.0,27.0,1.0,0.0,0.0,1400.0,6461.0,6461.0,6461.0,6461.0,40399125.0,6252.766599597586,0.7410248086673888,1400.0,1400.0,1400.0,29960644.0,21400.46,3.690392145714286,3.5485892714285714,1.34115635,-685146.0,1.0022786123897918,0.0,0.0,False,True,4.03056313414092,24.0,0.0,0.0,0.0
1979,138842,1700682,St. Louis Perfectos '79,kermit,75,87,0.46296296296296297,25,19-23,23-23,7-4,800,897,National League,West,https://www.whatifsports.com/mlb-l/manage.asp?cLID=138842&lst=1,0,0,0,0,0,0,0,st-louis,St. Louis Perfectos,1980.0,St. Louis Perfectos '79,72559499.0,70256002.85353535,-0.0300014024869314,,,same-year final block row93; WIS wins,72559499.0,162.0,1.0,12.0,first,72559499.0,-11.289670883171596,84.54483344462359,-11.2896708831716,False,72559499.0,72559499.0,72559499.0,72559499.0,72559499.0,72559499.0,0.0,0.0,True,17.0,,27.0,26.0,1.0,0.0,0.0,1509.0,5825.0,5825.0,5825.0,5825.0,40805382.0,7005.215793991416,0.7664805640858369,1509.0,1509.0,1509.0,31754117.0,21043.15241882041,3.8219948714380383,3.7561188913187538,1.3379892166998013,0.0,1.0236458720996215,0.0,0.0,False,True,-9.544833444623592,24.0,0.0,1.0,0.0
1979,138842,1700707,Seattle Sea Snakes,pi_kapp,72,90,0.4444444444444444,28,20-22,17-17,6-8,843,906,National League,West,https://www.whatifsports.com/mlb-l/manage.asp?cLID=138842&lst=1,0,0,0,0,0,0,0,seattle,Seattle Sea Snakes,1980.0,Seattle Sea Snakes,67302133.3888889,70733945.18181819,0.0463776897959745,,,same-year final block row93; WIS wins,67302133.3888889,162.0,2.0,11.0,first,67302133.3888889,-4.889921579135254,75.70175652825979,-4.889921579135237,False,68318594.0,66911187.0,68318594.0,67082822.0,66911187.0,66911187.0,-1.407407,0.0,True,16.0,,30.0,28.0,0.0,0.0,0.0,1565.2222221869742,5996.0,5996.0,5996.0,5996.0,38471382.0,6416.174449633088,0.711484948298866,1565.2222222222222,1565.2222222222222,1565.2222222222222,27669036.38888889,17677.385355292117,4.353152102292894,4.421514837864698,1.401112102470363,-1161715.0,0.9494766636554952,0.0,0.0,False,True,-3.701756528259793,24.0,0.0,0.0,0.0
1979,138842,1700683,Boston Post-Punks,eddiedzen,111,51,0.6851851851851852,-,36-6,22-17,3-3,1097,744,American League,East,https://www.whatifsports.com/mlb-l/manage.asp?cLID=138842&lst=1,1,0,0,0,1,2,3,boston,Boston,1980.0,Boston Post-Punks,81671791.0,70377659.96464647,-0.1655560577523996,,,same-year final block row93; WIS wins,81671791.0,162.0,1.0,22.0,second,81671791.0,9.045355220791215,101.79250622390208,9.045355220791196,False,81671791.0,81671791.0,81671791.0,81671791.0,81671791.0,81671791.0,0.0,0.0,True,7.0,,26.0,26.0,1.0,0.0,0.0,1373.0,6786.0,6786.0,6786.0,6786.0,52514102.0,7738.594459180667,0.77273216115532,1373.0,1373.0,1373.0,29157689.0,21236.481427530955,3.695747367079388,3.78503927530954,1.3217920378732704,0.0,1.1521991314208635,1.0,0.0,False,True,9.20749377609792,24.0,0.0,0.0,0.0
1979,138842,1700396,Toronto Blue Jays,tedcogswell,77,85,0.47530864197530864,34,21-21,29-19,9-6,897,996,American League,East,https://www.whatifsports.com/mlb-l/manage.asp?cLID=138842&lst=1,0,0,0,0,0,0,0,toronto,Toronto,1980.0,Toronto Blue Jays,76464499.0,70851050.14646465,-0.0826063516722382,,,same-year final block row93; WIS wins,76464499.0,162.0,1.0,32.0,second,76464499.0,-15.377648727072238,90.99250829329496,-15.377648727072234,False,76464499.0,76464499.0,76464499.0,76464499.0,76464499.0,76464499.0,0.0,0.0,True,20.0,,29.0,26.0,0.0,1.0,0.0,1504.0,7317.0,7317.0,7317.0,7317.0,45083753.0,6161.507858411917,0.7260970254475878,1504.0,1404.0,1504.0,30995905.0,20608.979388297874,3.98600263962766,3.783582151595744,1.3838654501329788,-384841.0,1.0787363452373844,0.0,0.0,False,False,-13.99250829329496,24.0,0.0,1.0,0.0
1979,138842,1700366,Baltimore Orioles 1979,dodgerdon,62,100,0.38271604938271603,49,16-26,18-20,5-6,735,938,American League,East,https://www.whatifsports.com/mlb-l/manage.asp?cLID=138842&lst=1,0,0,0,0,0,0,0,baltimore,Baltimore,1980.0,Baltimore Orioles 1979,65040447.0,71889600.32828283,0.0892642701459686,,,same-year final block row93; WIS wins,65040447.0,162.0,1.0,21.0,second,65040447.0,-12.665112176191537,70.99110280542216,-12.665112176191515,False,65040447.0,65040447.0,65040447.0,65040447.0,65040447.0,65040447.0,0.0,0.0,True,18.0,,33.0,28.0,2.0,0.0,0.0,1585.0,5805.0,5805.0,5805.0,5805.0,32138517.0,5536.350904392765,0.694958396055125,1585.0,1585.0,1585.0,33143865.0,20910.955835962144,3.913635985488959,3.871079845425868,1.3849379968454258,241935.0,0.9175695258185868,0.0,0.0,False,True,-8.991102805422159,24.0,0.0,1.0,0.0
1979,138842,1700442,New York Eagles,just4me,51,111,0.3148148148148148,60,11-31,14-28,4-3,650,969,American League,East,https://www.whatifsports.com/mlb-l/manage.asp?cLID=138842&lst=1,0,0,0,0,0,0,0,new-york-eagles,New York Eagles,1980.0,New York Eagles,52125397.0,73063695.78282829,0.2798700218678804,,,same-year final block row93; WIS wins,52125397.0,162.0,1.0,28.0,second,52125397.0,-2.0292575091820364,52.05635754447797,-2.0292575091820364,False,52125397.0,52125397.0,52125397.0,52125397.0,52125397.0,52125397.0,0.0,0.0,True,13.0,,34.0,30.0,4.0,1.0,0.0,1295.0,4769.0,4769.0,4769.0,4769.0,26567362.0,5570.845460264206,0.6797668595722373,1295.0,1279.0,1295.0,24986437.0,19294.545945945945,4.135615359073359,4.149514562162162,1.4484986046332045,-571598.0,0.7353681903261763,0.0,0.0,False,False,-1.0563575444779687,24.0,0.0,0.0,0.0
1979,138842,1700433,Detroit Supremes,harrelson,129,33,0.7962962962962963,-,27-15,18-6,4-3,1186,693,American League,Central,https://www.whatifsports.com/mlb-l/manage.asp?cLID=138842&lst=1,1,0,1,2,1,8,7,detroit,Detroit,1980.0,Detroit Supremes,85525463.0,70027326.14646465,-0.2205331989104854,,,same-year final block row93; WIS wins,85525463.0,162.0,1.0,24.0,second,85525463.0,17.911987003346567,109.40363509974496,17.911987003346574,False,85525463.0,85525463.0,85525463.0,85525463.0,85525463.0,85525463.0,0.0,0.0,True,3.0,,25.0,25.0,0.0,0.0,0.0,1426.0,6588.0,6588.0,6588.0,6588.0,52109277.0,7909.726320582878,0.8007857946265938,1426.0,1426.0,1426.0,33416186.0,23433.510518934083,3.4073526269284713,3.439710532258064,1.28313378401122,0.0,1.2065654857864845,1.0,1.0,False,True,19.59636490025504,24.0,0.0,0.0,0.0
1979,138842,1700368,Chicago Cornhuskers,trentonjoe,97,65,0.5987654320987654,32,23-19,25-13,4-4,917,784,American League,Central,https://www.whatifsports.com/mlb-l/manage.asp?cLID=138842&lst=1,1,0,0,1,1,5,6,cornhuskers,Chicago Cornhuskers,1980.0,Chicago Cornhuskers,80202557.0,70511226.6919192,-0.1370057007547797,,,same-year final block row93; WIS wins,80202557.0,162.0,1.0,23.0,second,80202557.0,-1.0051138557953514,97.98485939839487,-1.005113855795381,False,80202557.0,80202557.0,80202557.0,80202557.0,80202557.0,80202557.0,0.0,0.0,True,12.0,,26.0,25.0,1.0,0.0,0.0,1535.0,5893.0,5893.0,5893.0,5893.0,44235328.0,7506.419141354149,0.7746126645172239,1535.0,1535.0,1535.0,33113144.0,21572.08078175896,3.75098675960912,3.710128398697068,1.2942975589576549,-2854085.0,1.1314716547985622,0.0,0.0,False,True,-0.9848593983948746,24.0,0.0,0.0,0.0
1979,138842,1700487,Minnetonka Moon Dawgs,chargingryno,94,68,0.5802469135802469,35,25-17,13-17,4-4,1128,881,American League,Central,https://www.whatifsports.com/mlb-l/manage.asp?cLID=138842&lst=1,0,0,0,0,0,0,0,georgia-minnesota,Georgia / Minnetonka / Minnesota,1980.0,Minnetonka Moon Dawgs,72865418.6111111,71178239.27272727,-0.0144584259501007,,,same-year final block row93; WIS wins,72865418.6111111,162.0,2.0,27.0,second,72865418.6111111,13.668518160987238,82.69660018517092,13.66851816098722,False,71848958.0,73256365.0,71848958.0,73084730.0,73256365.0,73256365.0,1.407407,0.0,True,4.0,,27.0,27.0,0.0,0.0,0.0,1396.7777778130258,6025.0,6025.0,6025.0,6025.0,44833328.0,7441.216265560166,0.8110892009460581,1396.7777777777778,1396.7777777777778,1396.7777777777778,28032090.61111111,20069.112679977723,3.934101564473788,3.8808076117254,1.3442808199427252,0.0,1.0279616867265695,1.0,0.0,False,True,11.303399814829078,24.0,0.0,0.0,0.0
1979,138842,1700406,Philly CRYPTKEEPERS,cpdpoet,66,96,0.4074074074074074,63,9-33,8-25,2-8,909,984,American League,Central,https://www.whatifsports.com/mlb-l/manage.asp?cLID=138842&lst=1,0,0,0,0,0,0,0,philly,Philadelphia CRYPTKEEPERS,1980.0,Philly CRYPTKEEPERS,74689918.0,71012375.6919192,-0.0517008491407043,,,same-year final block row93; WIS wins,74689918.0,162.0,1.0,30.0,second,74689918.0,-24.28420654801898,87.16807549782493,-24.284206548018982,False,74689918.0,74689918.0,74689918.0,74689918.0,74689918.0,74689918.0,0.0,0.0,True,22.0,,26.0,26.0,1.0,0.0,0.0,1470.0,7012.0,7012.0,7012.0,7012.0,46298914.0,6602.811466058186,0.7307214286081004,1470.0,1470.0,1470.0,28391004.0,19313.608163265308,4.275615219047619,4.189726706122449,1.4071333789115643,0.0,1.0537011321999237,0.0,0.0,False,True,-21.16807549782493,24.0,1.0,1.0,0.0
1979,138842,1700980,Oakland Bagchuckers,chrondon84,72,91,0.44171779141104295,-,22-21,25-25,3-9,706,835,American League,West,https://www.whatifsports.com/mlb-l/manage.asp?cLID=138842&lst=1,1,0,0,0,1,1,3,oakland,Oakland,1980.0,Oakland Bagchuckers,60948311.0,72261612.6919192,0.1505116615279018,,,same-year final block row93; WIS wins,60948311.0,162.0,1.0,29.0,second,60948311.0,11.518961856321226,64.56301134937334,11.51896185632122,False,60948311.0,60948311.0,60948311.0,60948311.0,60948311.0,60948311.0,0.0,0.0,True,5.0,,30.0,27.0,2.0,1.0,0.0,1358.0,5334.0,5334.0,5334.0,5334.0,32454829.0,6084.519872515935,0.7013322286839145,1358.0,1338.0,1358.0,29847126.0,21978.737849779085,3.5300008100147284,3.811319240795286,1.275927628865979,1353644.0,0.8598389987035876,1.0,0.0,False,False,7.43698865062666,24.0,0.0,0.0,0.0
1979,138842,1700414,Kansas City Monarchs,fire13,71,92,0.43558282208588955,1,21-22,13-30,5-5,909,884,American League,West,https://www.whatifsports.com/mlb-l/manage.asp?cLID=138842&lst=1,0,0,0,0,0,0,0,kansas-city,Kansas City Monarchs,1980.0,Kansas City Monarchs,66236819.0,71780839.23737374,0.0634154295687472,,,same-year final block row93; WIS wins,66236819.0,162.0,1.0,26.0,second,66236819.0,-3.8058558928141446,73.8090667150041,-3.8058558928141473,False,66236819.0,66236819.0,66236819.0,66236819.0,66236819.0,66236819.0,0.0,0.0,True,14.0,,29.0,29.0,0.0,0.0,0.0,1458.0,6190.0,6190.0,6190.0,6190.0,36501416.0,5896.836187399031,0.7117121423747981,1458.0,1458.0,1458.0,29735403.0,20394.652263374486,3.706960605624142,3.7763748381344313,1.3036984266117968,0.0,0.9344475538669276,0.0,0.0,False,True,-2.809066715004107,24.0,0.0,0.0,0.0
1979,138842,1700502,SoCal Space Cadets '79,crustydoc,66,96,0.4074074074074074,5.5,21-21,27-14,11-2,713,979,American League,West,https://www.whatifsports.com/mlb-l/manage.asp?cLID=138842&lst=1,0,0,0,0,0,0,0,socal-newark,SoCal / Newark,1980.0,SoCal Space Cadets '79,74828342.0,70999791.6919192,-0.0590334392978391,,,same-year final block row93; WIS wins,74828342.0,162.0,1.0,31.0,second,74828342.0,-25.056193188828058,88.06598277866146,-25.056193188828058,False,74828342.0,74828342.0,74828342.0,74828342.0,74828342.0,74828342.0,0.0,0.0,True,23.0,,34.0,33.0,5.0,0.0,0.0,1688.0,7299.0,7299.0,7299.0,7299.0,43445615.0,5952.269488971092,0.7010886134949994,1688.0,1688.0,1688.0,33972132.0,20125.670616113744,3.918702519549763,3.643930525473934,1.3716790444312794,2589405.0,1.0556539730843335,0.0,0.0,False,True,-22.065982778661464,24.0,1.0,1.0,0.0
1979,138842,1701522,Houston Astros ‘79,txelvis,62,100,0.38271604938271603,9.5,21-21,23-31,4-5,819,1118,American League,West,https://www.whatifsports.com/mlb-l/manage.asp?cLID=138842&lst=1,0,0,0,0,0,0,0,houston,Houston Colt .45s / Astros / flyBALLERS,1980.0,Houston Astros ‘79,65227088.0,71872632.96464647,0.0854345608628438,,,same-year final block row93; WIS wins,65227088.0,162.0,1.0,25.0,second,65227088.0,-13.17084328792494,71.40458614102589,-13.17084328792494,False,65227088.0,65227088.0,65227088.0,65227088.0,65227088.0,65227088.0,0.0,0.0,True,19.0,,27.0,27.0,0.0,0.0,0.0,1373.0,5759.0,5759.0,5759.0,5759.0,38305083.0,6651.342767841639,0.7612923492620247,1373.0,1373.0,1373.0,27122005.0,19753.827385287692,4.080578525127459,4.181924529497451,1.3942240131099783,200000.0,0.9202025964964112,0.0,0.0,False,True,-9.404586141025888,24.0,0.0,1.0,0.0
1980,139517,1711535,New York  Times,trentonjoe,117,45,0.7222222222222222,-,31-11,25-18,6-5,1017,623,National League,East,https://www.whatifsports.com/mlb-l/manage.asp?cLID=139517&lst=1,1,1,1,3,0,11,6,new-york-times,New York Times,1981.0,New York Times,103659386.0,73319102.99943884,-0.4193176627002043,117.0,-16.58560506483406,published score; expected wins and pct recovered from final WIS wins,103659386.0,162.0,1.0,8.0,first,103659386.0,-16.58560506483406,140.2709507253327,-16.590000000000003,False,103659386.0,103659386.0,103659386.0,103659386.0,103659386.0,103659386.0,0.0,0.0,True,23.0,-16.59,37.0,31.0,3.0,0.0,0.0,1515.0,6993.0,6993.0,6993.0,6993.0,67334269.0,9628.810095810097,0.7897150082225084,1515.0,1515.0,1515.0,35162789.0,23209.76171617162,3.445578218481848,3.6942056831683168,1.233721919471947,-1162328.0,1.4371523795171743,0.0,0.0,False,True,-23.27095072533271,24.0,1.0,1.0,0.0
1980,139517,1711533,Pittsburg Tanagers,coldfoot,98,64,0.6049382716049383,19,22-20,24-21,8-2,858,722,National League,East,https://www.whatifsports.com/mlb-l/manage.asp?cLID=139517&lst=1,1,0,0,0,1,1,3,pittsburg,Pittsburg Tanagers,1981.0,Pittsburg Tanagers,76495397.9691358,75788556.45679012,-0.0162074190179345,72.0,-13.153419960926549,published score; expected wins and pct recovered from final WIS wins,76495397.9691358,162.0,6.0,9.0,first,76495397.9691358,-13.153419960926549,82.90330767278574,18.209999999999972,True,78114512.0,76717225.0,77379314.625,76044574.85365854,75823868.38461539,76717225.0,-0.662089625,0.0,True,3.0,18.21,35.0,31.0,2.0,0.0,0.0,1453.0370370585465,5655.1975307824705,5655.197530864198,5655.197530864198,5655.197530864198,41671832.95061728,7368.767001185405,0.7944005219005351,1453.0370370370372,1453.0370370370372,1453.0370370370372,36149936.969135806,24878.881988342848,3.361346174598117,3.3466047802474166,1.2777693300214108,1326371.9506172836,1.0605459616889563,1.0,1.0,False,True,15.096692327214257,24.0,0.0,0.0,0.0
1980,139517,1711483,New York Nutcrackers,n4ser,70,92,0.43209876543209874,47,18-24,26-28,6-5,705,840,National League,East,https://www.whatifsports.com/mlb-l/manage.asp?cLID=139517&lst=1,0,0,0,0,0,0,0,new-york-nationals,New York Nutcrackers / Nationals,1981.0,New York Nutcrackers,73951300.56172839,76019838.03928171,0.0201677025686566,70.0,-11.017431983685468,published score; expected wins and pct recovered from final WIS wins,73951300.56172839,162.0,2.0,7.0,first,73951300.56172839,-11.017431983685468,78.66936390200046,-11.020000000000008,False,74015428.0,73794393.0,74015428.0,74015428.0,73987090.17948718,73794393.0,-0.221035,0.0,True,18.0,-11.02,27.0,26.0,0.0,0.0,0.0,1696.0,6214.92592542077,6214.925925925926,6214.925925925926,6214.925925925926,40759633.5617284,6558.345835096313,0.7273179308037798,1696.0,1696.0,1696.0,33191667.0,19570.55837264151,4.1113250790094344,3.873545324292453,1.407973483490566,0.0,1.0252741374589822,0.0,0.0,False,True,-8.669363902000455,24.0,0.0,1.0,0.0
1980,139517,1711504,Montreal Islands,cpdpoet,67,95,0.41358024691358025,50,13-29,24-25,5-9,678,875,National League,East,https://www.whatifsports.com/mlb-l/manage.asp?cLID=139517&lst=1,0,0,0,0,0,0,0,montreal,Montreal,1981.0,Montreal Islands,64812541.02469136,76850634.36083053,0.1491420060391544,67.0,3.5532456025904637,published score; expected wins and pct recovered from final WIS wins,64812541.02469136,162.0,2.0,6.0,first,64812541.02469136,3.5532456025904637,64.70304200869147,3.5499999999999643,False,69811441.0,63900333.0,67594775.5,63900333.0,63900333.0,63900333.0,-3.6944425,0.0,True,8.0,3.55,35.0,33.0,6.0,0.0,0.0,1484.2654320899378,6415.0802457680975,6415.08024691358,6415.08024691358,6415.08024691358,37438583.10493827,5836.027245793332,0.6724483319769294,1484.2654320987654,1484.2654320987654,1484.2654320987654,30022703.91975309,20227.31465038615,3.982770221309124,3.825650933994869,1.3707242280464629,2648746.0,0.8985727308493768,1.0,0.0,False,True,2.296957991308531,24.0,0.0,0.0,0.0
1980,139517,1712687,Cincinnati Reds,mvw,94,68,0.5802469135802469,-,23-19,22-26,5-12,826,682,National League,Central,https://www.whatifsports.com/mlb-l/manage.asp?cLID=139517&lst=1,1,0,0,1,1,6,5,cincinnati-la,Cincinnati / LA,1981.0,Cincinnati Reds,81833905.04938272,75303237.63131315,-0.0968729488680107,94.0,1.3036334750950955,published score; expected wins and pct recovered from final WIS wins,81833905.04938272,162.0,3.0,3.0,first,81833905.04938272,1.3036334750950955,92.79368213228037,1.29999999999999,False,76107274.0,83804631.0,78323939.5,82018382.0,83117612.15384616,83804631.0,5.4806915,0.0,True,9.0,1.3,32.0,29.0,0.0,0.0,0.0,1481.7345679100622,6044.327161021213,6044.327160493827,6044.327160493827,6044.327160493827,41388030.969135806,6847.417399847424,0.7292812673831498,1481.7345679012344,1481.7345679012344,1481.7345679012344,40442191.08024691,27293.81628555122,3.001607112276653,3.1452359736711646,1.1944656835382288,-3683.0,1.1345599844369412,0.0,0.0,False,True,1.2063178677196331,24.0,0.0,0.0,0.0
1980,139517,1711415,Chicago Thunderbears,chargingryno,92,70,0.5679012345679012,2,21-21,26-22,6-12,966,783,National League,Central,https://www.whatifsports.com/mlb-l/manage.asp?cLID=139517&lst=1,0,0,0,0,0,0,0,thunderbears,Thunderbears — Houston / Brooklyn / Chicago,1981.0,Chicago Thunderbears,77354918.31481482,75710418.24354659,-0.0320690873847195,92.0,8.502330682278616,published score; expected wins and pct recovered from final WIS wins,77354918.31481482,162.0,2.0,2.0,first,77354918.31481482,8.502330682278616,84.79262672811069,8.499999999999886,False,75094611.0,77728926.0,76214194.875,77728926.0,77728926.0,77728926.0,1.514731125,0.0,True,6.0,8.5,28.0,27.0,1.0,0.0,0.0,1419.5185182969376,5928.0,5928.0,5928.0,5928.0,41484365.0,6998.037280701755,0.7907459386302294,1419.5185185185185,1419.5185185185185,1419.5185185185185,35660746.31481481,25121.719688470268,3.2502949819535405,3.3485040018829197,1.2829990046442454,-209807.0000000149,1.072462506419754,1.0,0.0,False,True,7.20737327188931,24.0,0.0,0.0,0.0
1980,139517,1711450,Milwaukee Brewers,dbrom,89,73,0.5493827160493827,5,27-15,29-22,11-6,800,739,National League,Central,https://www.whatifsports.com/mlb-l/manage.asp?cLID=139517&lst=1,0,0,0,0,0,0,0,milwaukee,Milwaukee,1981.0,Milwaukee Brewers,72380877.0,76162603.81762065,0.0328626566377247,89.0,15.249357821168532,published score; expected wins and pct recovered from final WIS wins,72380877.0,162.0,1.0,5.0,first,72380877.0,15.249357821168532,77.2234273318872,15.250000000000009,False,72380877.0,72380877.0,72380877.0,72380877.0,72380877.0,72380877.0,0.0,0.0,True,4.0,15.25,31.0,30.0,3.0,0.0,0.0,1544.0,5838.0,5838.0,5838.0,5838.0,37735901.0,6463.840527577938,0.7488047836073998,1544.0,1544.0,1544.0,35585045.0,23047.308937823833,3.5505015790155436,3.76705333031088,1.3130651976036267,940069.0,1.0035015026240837,1.0,0.0,False,True,11.776572668112806,24.0,0.0,0.0,0.0
1980,139517,1711455,Cleveland Indians,harrelson,65,97,0.4012345679012346,29,13-29,19-28,7-5,715,940,National League,Central,https://www.whatifsports.com/mlb-l/manage.asp?cLID=139517&lst=1,0,0,0,0,0,0,0,cleveland,Cleveland,1981.0,Cleveland Indians,60498227.74074074,77242844.6593715,0.2056797782290121,65.0,10.058439599283062,published score; expected wins and pct recovered from final WIS wins,60498227.74074074,162.0,2.0,4.0,first,60498227.74074074,10.058439599283062,59.05869525713248,10.060000000000002,False,61026505.0,59575981.0,61026505.0,61026505.0,60394225.307692304,59575981.0,-1.450524,0.0,True,5.0,10.06,34.0,27.0,0.0,0.0,0.0,1383.0,5555.197530045004,5555.197530864198,5555.197530864198,5555.197530864198,32580480.234567903,5864.864400150232,0.6958154089828011,1383.0,1383.0,1383.0,27844908.0,20133.70065075922,4.179252171366595,4.078898785972523,1.441649884309472,-72839.50617283583,0.8387583151821628,1.0,0.0,False,True,5.941304742867523,24.0,0.0,0.0,0.0
1980,139517,1711733,St. Louis Perfectos '80,kermit,85,77,0.5246913580246914,-,23-19,26-14,5-0,861,796,National League,West,https://www.whatifsports.com/mlb-l/manage.asp?cLID=139517&lst=1,1,0,0,0,1,0,3,st-louis,St. Louis Perfectos,1981.0,St. Louis Perfectos '80,75451779.0,75883430.90852974,-0.0044437079698097,85.0,4.266165750724894,published score; expected wins and pct recovered from final WIS wins,75451779.0,162.0,1.0,12.0,first,75451779.0,4.266165750724894,81.51913302004411,4.270000000000018,False,75451779.0,75451779.0,75451779.0,75451779.0,75451779.0,75451779.0,0.0,0.0,True,7.0,4.27,29.0,27.0,1.0,0.0,0.0,1327.0,6555.0,6555.0,6555.0,6555.0,44510823.0,6790.362013729977,0.7411330137147216,1327.0,1327.0,1327.0,30940956.0,23316.470233609645,3.4213484611906555,3.2012622253202716,1.279432065561417,0.0,1.0460770405166586,1.0,0.0,False,True,3.4808669799558913,24.0,0.0,0.0,0.0
1980,139517,1711463,Texas Rangers,frazzman80,81,81,0.5,4,24-18,20-28,6-6,874,813,National League,West,https://www.whatifsports.com/mlb-l/manage.asp?cLID=139517&lst=1,0,0,0,0,0,0,0,texas,Texas Rangers,1981.0,Texas Rangers,78264047.0,75627770.18125701,-0.044859196065875,81.0,-6.183224343353379,published score; expected wins and pct recovered from final WIS wins,78264047.0,162.0,1.0,13.0,first,78264047.0,-6.183224343353379,86.33553613302074,-6.180000000000064,False,78264047.0,78264047.0,78264047.0,78264047.0,78264047.0,78264047.0,0.0,0.0,True,16.0,-6.18,26.0,26.0,1.0,0.0,0.0,1567.0,5967.0,5967.0,5967.0,5967.0,40392296.0,6769.280375398022,0.7905234754818166,1567.0,1567.0,1567.0,34962150.0,22311.51882578175,3.453181322910019,3.544234550733886,1.2703626541161457,-2909601.0,1.085066830095771,0.0,0.0,False,True,-5.335536133020739,24.0,0.0,0.0,0.0
1980,139517,1711603,Seattle Sea Snakes,pi_kapp,70,92,0.43209876543209874,15,17-25,19-29,4-3,765,762,National League,West,https://www.whatifsports.com/mlb-l/manage.asp?cLID=139517&lst=1,0,0,0,0,0,0,0,seattle,Seattle Sea Snakes,1981.0,Seattle Sea Snakes,72605427.33333333,76142190.15095398,0.0361903708515097,68.0,-11.516718879034652,published score; expected wins and pct recovered from final WIS wins,72605427.33333333,162.0,2.0,11.0,first,72605427.33333333,-11.516718879034652,76.84707432209903,-8.910000000000007,True,73035562.0,71745158.0,73035562.0,73035562.0,72638514.61538461,71745158.0,-1.290404,0.0,True,17.0,-8.91,32.0,28.0,2.0,2.0,0.0,1626.3333331776123,6266.0,6266.0,5919.0,6266.0,39818871.0,6354.751196935844,0.7010248075007979,1626.3333333333333,1626.3333333333333,1626.3333333333333,34904556.33333333,21462.117032178725,3.5715423904488635,3.6222357370362785,1.2863834939536791,2118000.0,1.0066147088500146,0.0,0.0,False,False,-6.847074322099033,24.0,0.0,1.0,0.0
1980,139517,1711418,San Francisco Quake,epup1975,68,94,0.41975308641975306,17,20-22,25-22,8-5,698,843,National League,West,https://www.whatifsports.com/mlb-l/manage.asp?cLID=139517&lst=1,0,0,0,0,0,0,0,quake,San Diego / San Francisco Quake,1981.0,San Francisco Quake,72861712.0,76118891.54489337,0.0325049602494392,98.0,26.839190377302664,published score; expected wins and pct recovered from final WIS wins,72861712.0,162.0,1.0,10.0,first,72861712.0,26.839190377302664,77.26394727871833,-11.990000000000013,True,72861712.0,72861712.0,72861712.0,72861712.0,72861712.0,72861712.0,0.0,0.0,True,19.0,-11.99,29.0,29.0,0.0,0.0,0.0,1481.0,6769.0,6769.0,6769.0,6769.0,41064112.0,6066.49608509381,0.722858633919338,1481.0,1481.0,1481.0,31597600.0,21335.31397704254,3.698953340310601,3.763837388251182,1.324354502363268,-200000.0,1.010167885583415,0.0,0.0,False,True,-9.263947278718334,24.0,0.0,1.0,0.0
1980,139517,1711460,Boston Yacht Rockers,eddiedzen,115,47,0.7098765432098766,-,31-11,10-13,3-3,1181,748,American League,East,https://www.whatifsports.com/mlb-l/manage.asp?cLID=139517&lst=1,1,0,0,1,1,6,5,boston,Boston,1981.0,Boston Yacht Rockers,76651579.55555555,67659869.95005612,-0.1193778841873671,115.0,20.186500970848204,published score; expected wins and pct recovered from final WIS wins,76651579.55555555,162.0,2.0,22.0,second,76651579.55555555,20.186500970848204,95.68183709127214,20.19000000000002,False,76305316.0,76776700.0,76305316.0,76742208.48780487,76776700.0,76776700.0,0.471384,0.0,True,2.0,20.19,27.0,27.0,1.0,0.0,0.0,1350.49382735678,6115.8024692175295,6115.802469135802,6115.802469135802,6115.802469135802,46249261.04938272,7562.255531107433,0.7942339196931649,1350.4938271604938,1350.4938271604938,1350.4938271604938,30402318.50617284,22512.00108785081,3.4612123635707106,3.5515255148185387,1.2986248080537526,0.0,1.0627112913057062,1.0,1.0,False,True,19.318162908727857,24.0,0.0,0.0,0.0
1980,139517,1711534,Toronto Blue Jays,tedcogswell,75,87,0.46296296296296297,40,21-21,22-22,7-13,903,984,American League,East,https://www.whatifsports.com/mlb-l/manage.asp?cLID=139517&lst=1,0,0,0,0,0,0,0,toronto,Toronto,1981.0,Toronto Blue Jays,67538198.0,68488359.18237935,0.0279180103771053,75.0,-3.584818334146523,published score; expected wins and pct recovered from final WIS wins,67538198.0,162.0,1.0,32.0,second,67538198.0,-3.584818334146523,77.7846919726198,-3.5800000000000054,False,67538198.0,67538198.0,67538198.0,67538198.0,67538198.0,67538198.0,0.0,0.0,True,14.0,-3.58,38.0,29.0,4.0,0.0,0.0,1717.0,6451.0,6451.0,6451.0,6451.0,37212691.0,5768.515113935824,0.7168346135947914,1717.0,1717.0,1717.0,33902719.0,19745.322655794993,4.102815852649971,4.199170652300524,1.4204301997670354,3577212.0,0.9363617295977622,0.0,0.0,False,True,-2.7846919726197967,24.0,0.0,0.0,0.0
1980,139517,1711462,New York Eagles,just4me,66,96,0.4074074074074074,49,15-27,22-19,11-4,837,1053,American League,East,https://www.whatifsports.com/mlb-l/manage.asp?cLID=139517&lst=1,0,0,0,0,0,0,0,new-york-eagles,New York Eagles,1981.0,New York Eagles,60251545.09876543,69150782.17340067,0.1395856940869869,66.0,0.6772430796835187,published score; expected wins and pct recovered from final WIS wins,60251545.09876543,162.0,2.0,28.0,second,60251545.09876543,0.6772430796835187,65.68471337579619,0.4799999999999693,False,58398147.0,61055231.0,58398147.0,60471968.65853658,61055231.0,61055231.0,2.657084,0.0,True,12.0,0.48,31.0,30.0,1.0,0.0,0.0,1339.5617283181034,6128.0,6128.0,6128.0,6128.0,34171232.0,5576.245430809399,0.6892161768929504,1339.5617283950617,1339.5617283950617,1339.5617283950617,27039856.271604937,20185.599288508773,3.980687006723224,3.9784578080540447,1.422017982443125,959543.1728395076,0.8353382626468295,0.0,0.0,False,True,0.3152866242038072,24.0,0.0,0.0,0.0
1980,139517,1711441,Baltimore Orioles 1980,dodgerdon,46,116,0.2839506172839506,69,17-25,21-29,6-7,685,1100,American League,East,https://www.whatifsports.com/mlb-l/manage.asp?cLID=139517&lst=1,0,0,0,0,0,0,0,baltimore,Baltimore,1981.0,Baltimore Orioles 1980,57021684.25925926,69444405.88608305,0.1907918001047842,46.0,-23.992968316893535,published score; expected wins and pct recovered from final WIS wins,57021684.25925926,162.0,2.0,21.0,second,57021684.25925926,-23.992968316893535,60.51835284830946,-23.99000000000003,False,56493407.0,57943931.0,56493407.0,56493407.0,57125686.692307696,57943931.0,1.450524,0.0,True,24.0,-23.99,36.0,29.0,1.0,0.0,0.0,1483.0,5166.802469954996,5166.802469135802,5166.802469135802,5166.802469135802,29821249.765432097,5771.703087851932,0.69743435794328,1483.0,1483.0,1483.0,27474401.0,18526.231287929873,4.3577715455158454,4.255992534052597,1.4315838988536749,273966.5061728358,0.7905588908009878,0.0,0.0,False,True,-14.518352848309462,24.0,1.0,1.0,0.0
1980,139517,1711448,Chicago Cornhuskers,wgasa,107,55,0.6604938271604939,-,28-14,22-16,6-7,1031,730,American League,Central,https://www.whatifsports.com/mlb-l/manage.asp?cLID=139517&lst=1,1,0,1,2,1,10,9,cornhuskers,Chicago Cornhuskers,1981.0,Chicago Cornhuskers,83344348.0,67051436.45510662,-0.2234813220994501,107.0,-2.5710504253159345,published score; expected wins and pct recovered from final WIS wins,83344348.0,162.0,1.0,23.0,second,83344348.0,-2.5710504253159345,109.82243662116392,-2.5700000000000056,False,83344348.0,83344348.0,83344348.0,83344348.0,83344348.0,83344348.0,0.0,0.0,True,13.0,-2.57,33.0,25.0,0.0,0.0,0.0,1563.0,6882.0,6882.0,6882.0,6882.0,47747821.0,6938.073379831444,0.7508338983580355,1563.0,1563.0,1563.0,35231304.0,22540.82149712092,3.513248772872681,3.2701476685860524,1.279418399232246,-365223.0,1.1555010372867485,0.0,0.0,False,True,-2.8224366211639165,24.0,0.0,0.0,0.0
1980,139517,1711417,Detroit Supremes 80,harrelson,93,69,0.5740740740740741,14,27-15,28-14,7-5,899,823,American League,Central,https://www.whatifsports.com/mlb-l/manage.asp?cLID=139517&lst=1,1,0,0,0,1,1,3,detroit,Detroit,1981.0,Detroit Supremes 80,63835994.0,68824923.18237935,0.0902068320205741,93.0,31.191393058699543,published score; expected wins and pct recovered from final WIS wins,63835994.0,162.0,1.0,24.0,second,63835994.0,31.191393058699543,70.88954950834668,31.189999999999984,False,63835994.0,63835994.0,63835994.0,63835994.0,63835994.0,63835994.0,0.0,0.0,True,1.0,31.19,26.0,26.0,0.0,0.0,0.0,1409.0,5904.0,5904.0,5904.0,5904.0,37889922.0,6417.669715447155,0.7592158705284552,1409.0,1409.0,1409.0,25946072.0,18414.52945351313,4.212515115684883,3.885396388928319,1.4065652881476225,0.0,0.8850337071834871,1.0,1.0,False,True,22.110450491653324,24.0,0.0,0.0,0.0
1980,139517,1711610,Minnesota Twins,schwingkid,92,70,0.5679012345679012,15,15-27,27-12,6-5,947,867,American League,Central,https://www.whatifsports.com/mlb-l/manage.asp?cLID=139517&lst=1,0,0,0,0,0,0,0,georgia-minnesota,Georgia / Minnetonka / Minnesota,1981.0,Minnesota Twins,77871128.72839506,67549001.84343435,-0.1257247338133954,92.0,-4.666576561092399,published score; expected wins and pct recovered from final WIS wins,77871128.72839506,162.0,2.0,27.0,second,77871128.72839506,-4.666576561092399,96.50687086961082,-4.669999999999996,False,79129517.0,76131592.0,79129517.0,79129517.0,77130900.33333333,76131592.0,-2.997925,0.0,True,15.0,-4.67,28.0,28.0,0.0,0.0,0.0,1408.4814814108354,6447.246912002561,6447.246913580248,6447.246913580248,6447.246913580248,49557843.08641975,7686.667464531705,0.7544679907670419,1408.4814814814815,1408.4814814814815,1408.4814814814815,28313285.64197531,20101.993540017706,3.948682883615136,3.835129318388599,1.37180250866444,0.0,1.0796193404782577,0.0,0.0,False,True,-4.506870869610822,24.0,0.0,0.0,0.0
1980,139517,1711505,Philly CRYPTKEEPERS,cpdpoet,72,90,0.4444444444444444,35,14-28,15-25,5-3,876,899,American League,Central,https://www.whatifsports.com/mlb-l/manage.asp?cLID=139517&lst=1,0,0,0,0,0,0,0,philly,Philadelphia CRYPTKEEPERS,1981.0,Philly CRYPTKEEPERS,71262342.72839506,68149800.57070707,-0.0272882691715706,56.0,-33.50706171370753,published score; expected wins and pct recovered from final WIS wins,71262342.72839506,162.0,2.0,30.0,second,71262342.72839506,-33.50706171370753,84.22037665224006,-14.510000000000034,True,73673063.0,70597971.0,73288676.5,70597971.0,70597971.0,70597971.0,-2.6907055,0.0,True,21.0,-14.51,34.0,28.0,2.0,0.0,0.0,1434.055555324858,6888.0,6888.0,6888.0,6888.0,42849836.0,6220.94018583043,0.6849492274535424,1434.0555555555557,1434.0555555555557,1434.0555555555557,28642584.604938272,19973.13457904501,4.00837812369736,3.951118033897647,1.381992279704025,230077.87654320896,0.9879939422184244,0.0,0.0,False,True,-12.220376652240065,24.0,0.0,1.0,0.0
1980,139517,1712729,Houston Astros '80,frazzman80,85,77,0.5246913580246914,-,27-15,17-15,2-6,839,736,American League,West,https://www.whatifsports.com/mlb-l/manage.asp?cLID=139517&lst=1,1,0,0,0,1,2,3,houston,Houston Colt .45s / Astros / flyBALLERS,1981.0,Houston Astros '80,71526470.43827161,68125788.96071829,-0.0266996176002177,85.0,1.0083134492996146,published score; expected wins and pct recovered from final WIS wins,71526470.43827161,162.0,2.0,25.0,second,71526470.43827161,1.0083134492996146,84.15008415008417,1.0099999999999776,False,71462343.0,71683378.0,71462343.0,71462343.0,71490680.82051282,71683378.0,0.221035,0.0,True,10.0,1.01,47.0,32.0,2.0,0.0,0.0,1752.0,5869.07407457923,5869.074074074074,5869.074074074074,5869.074074074074,35725331.4382716,6087.047290148192,0.7327458141572798,1752.0,1752.0,1752.0,39243881.0,22399.475456621003,3.570065506849315,3.5769979417808213,1.304609593607306,3442741.999999985,0.9916558563141292,0.0,0.0,False,True,0.8499158499158312,24.0,0.0,0.0,0.0
1980,139517,1711440,SoCal Space Cadets '80,crustydoc,77,85,0.47530864197530864,8,23-19,21-22,4-8,849,958,American League,West,https://www.whatifsports.com/mlb-l/manage.asp?cLID=139517&lst=1,0,0,0,0,0,0,0,socal-newark,SoCal / Newark,1981.0,SoCal Space Cadets '80,66527934.0,68580201.36419754,0.0381003157799342,70.0,-8.65382825251372,same-year final block row93; WIS wins,66527934.0,162.0,1.0,31.0,second,66527934.0,-8.65382825251372,76.63156392969069,0.4807889222349093,True,66527934.0,66527934.0,66527934.0,66527934.0,66527934.0,66527934.0,0.0,0.0,True,11.0,,33.0,28.0,2.0,1.0,0.0,1551.0,6231.0,6231.0,6231.0,6231.0,37263505.0,5980.341036751725,0.7023253359171883,1551.0,1551.0,1552.0,29665766.0,19126.8639587363,4.387579241779497,4.29331502321083,1.491277441650548,401337.0,0.9223552477193094,0.0,0.0,False,False,0.3684360703093148,24.0,0.0,0.0,0.0
1980,139517,1712036,Kansas City Monarchs,big_dowg,64,98,0.3950617283950617,21,18-24,16-19,4-9,762,1051,American League,West,https://www.whatifsports.com/mlb-l/manage.asp?cLID=139517&lst=1,0,0,0,0,0,0,0,kansas-city,Kansas City Monarchs,1981.0,Kansas City Monarchs,64714363.0,68745071.45510663,0.0629503348049692,64.0,-13.34565231425458,published score; expected wins and pct recovered from final WIS wins,64714363.0,162.0,1.0,26.0,second,64714363.0,-13.34565231425458,73.86035776110789,-13.349999999999984,False,64714363.0,64714363.0,64714363.0,64714363.0,64714363.0,64714363.0,0.0,0.0,True,20.0,-13.35,31.0,31.0,0.0,1.0,0.0,1476.0,6339.0,6339.0,6339.0,6339.0,34159930.0,5388.851553872851,0.6765334397223537,1476.0,1447.0,1508.0,30554433.0,20700.835365853654,3.64765772899729,3.792360029132791,1.3019302181571817,0.0,0.8972115730493346,0.0,0.0,False,False,-9.860357761107892,24.0,0.0,1.0,0.0
1980,139517,1711809,Oakland Bagchuckers,chrondon84,56,106,0.345679012345679,29,16-26,11-28,5-3,718,923,American League,West,https://www.whatifsports.com/mlb-l/manage.asp?cLID=139517&lst=1,0,0,0,0,0,0,0,oakland,Oakland,1981.0,Oakland Bagchuckers,60364561.197530866,69140507.98260382,0.1405872071441348,77.0,17.405413267034927,published score; expected wins and pct recovered from final WIS wins,60364561.197530866,162.0,3.0,29.0,second,60364561.197530866,17.405413267034927,65.58144981847992,-14.610000000000012,True,59833904.0,61045580.0,59833904.0,59833904.0,60733290.51282051,61045580.0,1.211676,0.0,True,22.0,-14.61,34.0,34.0,0.0,0.0,0.0,1380.5185185891646,5570.3456812081295,5570.345679012345,5570.345679012345,5570.345679012345,33951199.83950617,6094.989753943946,0.6886673048976282,1380.5185185185185,1380.5185185185185,1380.5185185185185,26413361.35802469,19132.92795693155,4.134033296641091,3.9207975187261903,1.39747939807909,0.0,0.8369051381757323,0.0,0.0,False,True,-9.581449818479925,24.0,1.0,1.0,0.0
1981,140165,1721888,New York  Times,trentonjoe,110,52,0.6790123456790124,-,31-11,34-19,5-3,836,545,National League,East,https://www.whatifsports.com/mlb-l/manage.asp?cLID=140165&lst=1,1,0,0,1,1,5,5,new-york-times,New York Times,1982.0,New York Times,77940187.0,72800489.81818181,-0.0924706841734354,110.0,19.75949545306584,published score; expected wins and pct recovered from final WIS wins,77940187.0,21.0,1.0,8.0,first,77940187.0,19.75949545306584,92.23545195371456,19.260000000000012,False,77940187.0,77940187.0,,,,,,0.0,True,2.0,19.26,28.0,25.0,0.0,0.0,0.0,1368.0,6119.0,6119.0,6119.0,6119.0,46683627.0,7629.29024350384,0.7573380710737047,1368.0,1368.0,1368.0,31256560.0,22848.362573099417,3.327817435672515,3.603959125,1.2684775021929824,0.0,1.0793345809564716,1.0,1.0,False,True,17.76454804628544,24.0,0.0,0.0,0.0
1981,140165,1721960,Pittsburg Tanagers,coldfoot,99,63,0.6111111111111112,11,18-24,17-30,5-6,886,614,National League,East,https://www.whatifsports.com/mlb-l/manage.asp?cLID=140165&lst=1,1,1,1,3,0,11,3,pittsburg,Pittsburg Tanagers,1982.0,Pittsburg Tanagers,83178133.0,72324312.9090909,-0.1556980896442727,99.0,-1.4243505501488771,published score; expected wins and pct recovered from final WIS wins,83178133.0,21.0,1.0,9.0,first,83178133.0,-1.4243505501488771,100.46681550639332,-1.4599999999999835,False,83178133.0,83178133.0,,,,,,0.0,True,12.0,-1.46,28.0,28.0,0.0,0.0,0.0,1513.5246916920794,5685.537036896936,5685.537037037037,5685.537037037037,5685.537037037037,40978209.43209877,7207.447452220656,0.7839501401158667,1513.5246913580247,1513.5246913580247,1513.5246913580247,42136775.02469136,27840.163603068628,3.1384000327173505,3.3210777534860574,1.2379716377460837,-63148.54320988059,1.1518709254097206,0.0,0.0,True,False,-1.466815506393317,24.0,0.0,0.0,0.0
1981,140165,1721913,Montreal ISLANDS,cpdpoet,80,82,0.49382716049382713,30,20-22,21-26,7-8,648,681,National League,East,https://www.whatifsports.com/mlb-l/manage.asp?cLID=140165&lst=1,0,0,0,0,0,0,0,montreal,Montreal,1982.0,Montreal Islands,70309329.0,73494204.18181819,0.0289938739159782,80.0,3.4311597919692134,published score; expected wins and pct recovered from final WIS wins,70309329.0,21.0,1.0,6.0,first,70309329.0,3.4311597919692134,77.66236287739055,3.0100000000000016,False,70309329.0,70309329.0,,,,,,0.0,True,9.0,3.01,35.0,27.0,2.0,0.0,0.0,1622.0,6138.0,6138.0,6138.0,6138.0,36784185.0,5992.861681329423,0.674233955751059,1622.0,1622.0,1622.0,34544075.0,21297.210234278667,3.7492086054254017,3.7339633779284833,1.3541305573366216,1018931.0,0.9736606117399448,0.0,0.0,False,True,2.3376371226094506,24.0,0.0,0.0,0.0
1981,140165,1722309,New York Nutcrackers,n4ser,67,95,0.41358024691358025,43,15-27,30-23,8-6,636,846,National League,East,https://www.whatifsports.com/mlb-l/manage.asp?cLID=140165&lst=1,0,0,0,0,0,0,0,new-york-nationals,New York Nutcrackers / Nationals,1982.0,New York Nutcrackers,69117767.0,73602528.0,0.0348136458484023,67.0,-12.637685905379998,published score; expected wins and pct recovered from final WIS wins,69117767.0,21.0,1.0,7.0,first,69117767.0,-12.637685905379998,77.0026433743248,-12.990000000000013,False,69117767.0,69117767.0,,,,,,0.0,True,20.0,-12.99,26.0,25.0,0.0,0.0,0.0,1589.0,6150.0,6150.0,6150.0,6150.0,38603747.0,6277.032032520326,0.697725836195122,1589.0,1589.0,1589.0,30514020.0,19203.285084959098,4.198301603524229,4.090033255506608,1.4264709213341726,0.0,0.9571595726552729,0.0,0.0,False,True,-10.002643374324805,24.0,0.0,1.0,0.0
1981,140165,1722342,Milwaukee Brewers,dbrom,100,62,0.6172839506172839,-,29-13,27-21,6-5,886,657,National League,Central,https://www.whatifsports.com/mlb-l/manage.asp?cLID=140165&lst=1,1,0,0,0,1,1,3,milwaukee,Milwaukee,1982.0,Milwaukee Brewers,80121606.0,72602179.0,-0.1113364384581282,100.0,6.33644517291024,published score; expected wins and pct recovered from final WIS wins,80121606.0,21.0,1.0,5.0,first,80121606.0,6.33644517291024,94.6431951542684,5.660000000000021,False,80121606.0,80121606.0,,,,,,0.0,True,6.0,5.66,30.0,28.0,1.0,0.0,0.0,1397.0,6047.0,6047.0,6047.0,6047.0,44464593.0,7353.165702000992,0.7630293607739375,1397.0,1397.0,1397.0,36722436.0,26286.63994273443,3.2474777022190415,3.060348314244811,1.2682774733715103,1065423.0,1.1095433994477013,1.0,0.0,False,True,5.356804845731602,24.0,0.0,0.0,0.0
1981,140165,1722334,Cincinnati Skyline,sinatra,86,76,0.5308641975308642,14,20-22,20-28,10-9,767,673,National League,Central,https://www.whatifsports.com/mlb-l/manage.asp?cLID=140165&lst=1,0,0,0,0,0,0,0,cincinnati-la,Cincinnati / LA,1982.0,Cincinnati Skyline,74538062.0,73109773.9090909,-0.0430146777182224,86.0,0.4920361001371404,published score; expected wins and pct recovered from final WIS wins,74538062.0,21.0,1.0,3.0,first,74538062.0,0.4920361001371404,86.11194552918793,-0.1299999999999856,False,74538062.0,74538062.0,,,,,,0.0,True,10.0,-0.13,27.0,27.0,1.0,0.0,0.0,1325.0,6144.0,6144.0,6144.0,6144.0,42081421.0,6849.189615885417,0.7161948877278644,1325.0,1325.0,1325.0,34566702.0,26088.076981132075,2.951406970566038,3.306151336603774,1.1768145132075474,2110061.0,1.032221130212037,0.0,0.0,False,True,-0.1119455291879347,24.0,0.0,0.0,0.0
1981,140165,1721881,Chicago Thunderbears,chargingryno,85,77,0.5246913580246914,15,25-17,35-18,6-6,748,728,National League,Central,https://www.whatifsports.com/mlb-l/manage.asp?cLID=140165&lst=1,0,0,0,0,0,0,0,thunderbears,Thunderbears — Houston / Brooklyn / Chicago,1982.0,Chicago Thunderbears,75249146.0,73045129.9090909,0.0815918506675367,85.0,-2.1470841237093565,published score; expected wins and pct recovered from final WIS wins,75249146.0,21.0,1.0,2.0,first,75249146.0,-2.1470841237093565,71.82087029995772,18.350000000000065,False,75249146.0,75249146.0,,,,,,0.0,True,3.0,18.35,37.0,31.0,0.0,0.0,0.0,1456.2345679450575,5906.993824952359,5906.993827160494,5906.993827160494,5906.993827160494,34903123.64197531,5908.779433878862,0.7172812593116759,1456.2345679012344,1456.2345679012344,1456.2345679012344,33969496.12962963,23326.939820270443,3.427438845140096,3.3216675093255903,1.291176006489763,-6376526.22839506,1.042068393616279,1.0,1.0,True,False,13.179129700042282,24.0,0.0,0.0,0.0
1981,140165,1722293,Cleveland Bad News Bears,harrelson,49,113,0.30246913580246915,51,10-32,15-20,2-8,630,1072,National League,Central,https://www.whatifsports.com/mlb-l/manage.asp?cLID=140165&lst=1,0,0,0,0,0,0,0,cleveland,Cleveland,1982.0,Cleveland Bad News Bears,53559997.0,75016870.72727273,0.2412727025659437,49.0,-8.092792680353174,published score; expected wins and pct recovered from final WIS wins,53559997.0,21.0,1.0,4.0,first,53559997.0,-8.092792680353174,55.64387917329093,-11.939999999999984,False,53559997.0,53559997.0,,,,,,0.0,True,18.0,-11.94,36.0,32.0,0.0,1.0,0.0,1331.4753083079206,5339.660495152762,5339.660493827161,5311.660493827161,5339.660493827161,30392294.62345679,5691.802813791508,0.6834642182951937,1331.4753086419753,1331.4753086419753,1331.4753086419753,23895003.97530864,17946.261429121136,4.441998116477128,4.122451297859517,1.4750463779711542,727301.5987654328,0.7417118067477164,0.0,0.0,True,False,-6.643879173290927,24.0,0.0,1.0,0.0
1981,140165,1722189,Texas Rangers,frazzman80,89,73,0.5493827160493827,-,22-20,25-19,8-7,791,774,National League,West,https://www.whatifsports.com/mlb-l/manage.asp?cLID=140165&lst=1,1,0,0,0,1,1,3,texas,Texas Rangers,1982.0,Texas Rangers,73251565.0,73226728.18181819,-0.0746588480389091,89.0,7.308689058441006,published score; expected wins and pct recovered from final WIS wins,73251565.0,21.0,1.0,13.0,first,73251565.0,7.308689058441006,89.99898877540703,-1.110000000000011,False,73251565.0,73251565.0,,,,,,0.0,True,11.0,-1.11,37.0,30.0,1.0,0.0,0.0,1600.0,5621.932100406098,5621.932098765432,5621.932098765432,5621.932098765432,36201088.69135803,6439.261103724062,0.7529725448856056,1600.0,1600.0,1600.0,38048333.0,23780.208125,3.2979999543750007,3.27846594875,1.24884846975,997856.6913580298,1.0144054082610907,0.0,0.0,True,False,-0.998988775407028,24.0,0.0,0.0,0.0
1981,140165,1722113,San Francisco Quake,epup1975,77,85,0.47530864197530864,12,20-22,21-20,7-4,714,704,National League,West,https://www.whatifsports.com/mlb-l/manage.asp?cLID=140165&lst=1,0,0,0,0,0,0,0,quake,San Diego / San Francisco Quake,1982.0,San Francisco Quake,77309839.0,72857794.18181819,-0.0786980678816547,77.0,-14.254584221053149,published score; expected wins and pct recovered from final WIS wins,77309839.0,21.0,1.0,10.0,first,77309839.0,-14.254584221053149,90.50305594734368,-14.92000000000001,False,77309839.0,77309839.0,,,,,,0.0,True,23.0,-14.92,26.0,26.0,0.0,1.0,0.0,1540.0308640597132,6757.0,6757.0,6757.0,6757.0,43400485.0,6423.04055054018,0.7291081145182774,1540.030864197531,1540.030864197531,1570.030864197531,34047888.96296296,22108.57571397078,3.658150784784656,3.6158642872557465,1.3507383031364613,138534.96296295524,1.0706053692285509,0.0,0.0,True,False,-13.503055947343682,24.0,1.0,1.0,0.0
1981,140165,1723054,Seattle Sea Snakes,pi_kapp,75,87,0.46296296296296297,14,18-24,23-31,10-11,714,730,National League,West,https://www.whatifsports.com/mlb-l/manage.asp?cLID=140165&lst=1,0,0,0,0,0,0,0,seattle,Seattle Sea Snakes,1982.0,Seattle Sea Snakes,73907475.0,73167100.0,-0.0306412092671756,75.0,-10.277337186552254,published score; expected wins and pct recovered from final WIS wins,73907475.0,21.0,1.0,11.0,first,73907475.0,-10.277337186552254,84.62146000225658,-11.370000000000012,False,73907475.0,73907475.0,,,,,,0.0,True,17.0,-11.37,27.0,25.0,0.0,0.0,0.0,1703.0,6248.0,6248.0,6248.0,6248.0,41409477.0,6627.637163892446,0.6872318068822022,1703.0,1703.0,1703.0,33027150.0,19393.51145038168,3.975123557251908,4.052100571931885,1.3789052595419848,529152.0,1.023488608754248,0.0,0.0,False,True,-9.621460002256583,24.0,0.0,1.0,0.0
1981,140165,1722440,St. Louis Perfectos '81,kermit,74,88,0.4567901234567901,15,24-18,14-24,4-6,810,806,National League,West,https://www.whatifsports.com/mlb-l/manage.asp?cLID=140165&lst=1,0,0,0,0,0,0,0,st-louis,St. Louis Perfectos,1982.0,St. Louis Perfectos '81,70262469.0,73498464.18181819,0.0256530294595205,74.0,-4.890192707775878,published score; expected wins and pct recovered from final WIS wins,70262469.0,21.0,1.0,12.0,first,70262469.0,-4.890192707775878,78.04260704492724,-5.180000000000007,False,70262469.0,70262469.0,,,,,,0.0,True,14.0,-5.18,25.0,24.0,0.0,1.0,0.0,1446.0,5422.0,5422.0,5413.0,5422.0,34635033.0,6387.870343046846,0.73447173247879,1446.0,1446.0,1446.0,35313004.0,24421.16459197787,3.389939549100968,3.5289089792531123,1.2506778612033196,-314432.0,0.9730116831138996,0.0,0.0,False,False,-4.042607044927237,24.0,0.0,0.0,0.0
1981,140165,1721950,Boston Yacht Rockers,eddiedzen,120,42,0.7407407407407407,-,38-4,15-12,7-6,1174,660,American League,East,https://www.whatifsports.com/mlb-l/manage.asp?cLID=140165&lst=1,1,0,0,0,1,2,3,boston,Boston,1982.0,Boston Yacht Rockers,80824954.0,70318311.0909091,-0.1325147501800361,120.0,22.560326060194544,published score; expected wins and pct recovered from final WIS wins,80824954.0,21.0,1.0,22.0,second,80824954.0,22.560326060194544,97.39469198928656,23.210000000000043,False,80824954.0,80824954.0,,,,,,0.0,True,1.0,23.21,26.0,25.0,0.0,0.0,0.0,1382.0,6497.0,6497.0,6497.0,6497.0,49531221.0,7623.706479913806,0.758033222487302,1382.0,1382.0,1382.0,31293733.0,22643.8010130246,3.4270985701881336,3.402170060057887,1.270830516642547,0.0,1.1192835328508528,1.0,1.0,False,True,22.605308010713443,24.0,0.0,0.0,0.0
1981,140165,1722927,1981 Toronto Blue Jays,mickr9,67,95,0.41358024691358025,53,21-21,15-20,5-9,787,987,American League,East,https://www.whatifsports.com/mlb-l/manage.asp?cLID=140165&lst=1,0,0,0,0,0,0,0,toronto,Toronto,1982.0,1981 Toronto Blue Jays,67213011.0,71555760.45454545,0.0382453941291779,67.0,-7.969945417834816,published score; expected wins and pct recovered from final WIS wins,67213011.0,21.0,1.0,32.0,second,67213011.0,-7.969945417834816,76.61520869068039,-12.550000000000006,False,67213011.0,67213011.0,,,,,,0.0,True,19.0,-12.55,34.0,28.0,1.0,0.0,0.0,1784.0617285729677,6322.259259302384,6322.259259259259,6322.259259259259,6322.259259259259,35488588.41975309,5613.276356514218,0.6762649294245493,1784.0617283950617,1784.0617283950617,1784.0617283950617,33585073.2962963,18825.062362897817,4.042411944169567,3.8791842041464544,1.385674289116941,1860650.716049388,0.9307820503754722,0.0,0.0,True,False,-9.61520869068039,24.0,0.0,1.0,0.0
1981,140165,1722629,New York Eagles,just4me,58,104,0.35802469135802467,62,14-28,20-20,7-9,709,923,American League,East,https://www.whatifsports.com/mlb-l/manage.asp?cLID=140165&lst=1,0,0,0,0,0,0,0,new-york-eagles,New York Eagles,1982.0,New York Eagles,63803176.0,71865745.45454545,0.1265549413046429,58.0,-13.847438974727783,published score; expected wins and pct recovered from final WIS wins,63803176.0,21.0,1.0,28.0,second,63803176.0,-13.847438974727783,67.03652334720296,-13.480000000000004,False,63803176.0,63803176.0,,,,,,0.0,True,21.0,-13.48,31.0,28.0,1.0,1.0,0.0,1336.0,6085.0,6085.0,6085.0,6085.0,36001295.0,5916.400164338537,0.6725901506162695,1336.0,1313.0,1336.0,28937797.0,21660.027694610777,3.886451379491018,3.853508877994012,1.3690758080838323,1135916.0,0.8835618296842426,0.0,0.0,False,False,-9.03652334720296,24.0,0.0,1.0,0.0
1981,140165,1722680,Baltimore Orioles 1981,dodgerdon,36,126,0.2222222222222222,84,11-31,14-19,6-6,601,1173,American League,East,https://www.whatifsports.com/mlb-l/manage.asp?cLID=140165&lst=1,0,0,0,0,0,0,0,baltimore,Baltimore,1982.0,Baltimore Orioles 1981,52613825.0,72882959.18181819,0.3007145297177905,36.0,-29.73621926537081,published score; expected wins and pct recovered from final WIS wins,52613825.0,21.0,1.0,21.0,second,52613825.0,-29.73621926537081,50.16722408026757,-28.24000000000002,False,52613825.0,52613825.0,,,,,,0.0,True,24.0,-28.24,36.0,33.0,1.0,0.0,0.0,1510.0,5013.413579673051,5013.413580246913,5013.413580246913,5013.413580246913,24606968.5308642,4908.22632862703,0.6715867004181375,1510.0,1510.0,1510.0,27779496.0,18397.01721854305,4.417901530463577,4.317754664238411,1.480447894701987,-227360.46913580596,0.7286089877984528,0.0,0.0,True,False,-14.167224080267571,24.0,1.0,1.0,0.0
1981,140165,1721914,Philadelphia CRYPTKEEPERS,cpdpoet,106,56,0.654320987654321,-,26-16,29-14,6-5,830,613,American League,Central,https://www.whatifsports.com/mlb-l/manage.asp?cLID=140165&lst=1,1,0,1,2,1,7,7,philly,Philadelphia CRYPTKEEPERS,1982.0,Philadelphia CRYPTKEEPERS,82463855.0,70169320.0909091,-0.1498784123845079,106.0,5.800451581123468,published score; expected wins and pct recovered from final WIS wins,82463855.0,21.0,1.0,31.0,second,82463855.0,5.800451581123468,99.68964544343083,6.329999999999969,False,82463855.0,82463855.0,,,,,,0.0,True,5.0,6.33,28.0,26.0,1.0,0.0,0.0,1647.0,7131.0,7131.0,7131.0,7131.0,45528294.0,6384.559528817837,0.7036615166596549,1647.0,1647.0,1647.0,39282546.0,23850.969034608377,3.3847957559198543,3.270680191863994,1.28941772859745,2346985.0,1.141979430720127,1.0,0.0,False,True,6.310354556569166,24.0,0.0,0.0,0.0
1981,140165,1721890,Chicago Cornhuskers,wgasa,103,59,0.6358024691358025,3,24-18,20-18,7-3,1025,772,American League,Central,https://www.whatifsports.com/mlb-l/manage.asp?cLID=140165&lst=1,1,0,0,1,1,5,6,cornhuskers,Chicago Cornhuskers,1982.0,Chicago Cornhuskers,81712890.0,70237589.63636364,-0.1381982477160851,103.0,4.436485985279883,published score; expected wins and pct recovered from final WIS wins,81712890.0,21.0,1.0,23.0,second,81712890.0,4.436485985279883,98.14197236779415,4.950000000000032,False,81712890.0,81712890.0,,,,,,0.0,True,7.0,4.95,30.0,24.0,0.0,0.0,0.0,1506.0,6278.0,6278.0,6278.0,6278.0,45337402.0,7221.631411277477,0.7868253294998407,1506.0,1506.0,1506.0,35196349.0,23370.74966799469,3.266712836653386,3.2632013187251,1.260805243691899,-1179139.0,1.1315798855716406,1.0,0.0,False,True,4.858027632205847,24.0,0.0,0.0,0.0
1981,140165,1722367,Detroit supremes,harrelson,83,79,0.5123456790123457,23,19-23,17-21,6-5,867,791,American League,Central,https://www.whatifsports.com/mlb-l/manage.asp?cLID=140165&lst=1,0,0,0,0,0,0,0,detroit,Detroit,1982.0,Detroit supremes,68415150.0,71446475.0909091,0.0654806964384039,83.0,12.341158136062544,published score; expected wins and pct recovered from final WIS wins,68415150.0,21.0,1.0,24.0,second,68415150.0,12.341158136062544,73.58156028368793,12.800000000000011,False,68415150.0,68415150.0,,,,,,0.0,True,4.0,12.8,40.0,30.0,1.0,1.0,0.0,1350.0,6561.0,6561.0,6292.0,6561.0,41775664.0,6367.2708428593205,0.7054389950617284,1350.0,1350.0,1350.0,27796218.0,20589.79111111111,3.877167934814815,3.916382414074074,1.3796026474074072,1156732.0,0.9474295623171156,1.0,0.0,False,False,9.418439716312063,24.0,0.0,0.0,0.0
1981,140165,1721985,Minnesota Twins,schwingkid,68,94,0.41975308641975306,38,15-27,14-22,2-5,832,909,American League,Central,https://www.whatifsports.com/mlb-l/manage.asp?cLID=140165&lst=1,0,0,0,0,0,0,0,georgia-minnesota,Georgia / Minnetonka / Minnesota,1982.0,Minnesota Twins,66865706.0,71587333.63636364,0.0728422421243434,68.0,-6.938037692980238,published score; expected wins and pct recovered from final WIS wins,66865706.0,21.0,1.0,27.0,second,66865706.0,-6.938037692980238,72.77397260273973,-6.56000000000001,False,66865706.0,66865706.0,,,,,,0.0,True,15.0,-6.56,26.0,25.0,0.0,1.0,0.0,1405.0,5958.0,5958.0,5958.0,5958.0,37722540.0,6331.409869083585,0.699916665844243,1405.0,1275.0,1405.0,29143166.0,20742.466903914592,3.724272137366549,3.3586305501779363,1.3282133850533808,0.0,0.9259724866437468,0.0,0.0,False,False,-4.7739726027397325,24.0,0.0,0.0,0.0
1981,140165,1722191,Houston Astros 1981,frazzman80,105,57,0.6481481481481481,-,35-7,24-19,4-6,1018,694,American League,West,https://www.whatifsports.com/mlb-l/manage.asp?cLID=140165&lst=1,1,0,0,0,1,1,3,houston,Houston Colt .45s / Astros / flyBALLERS,1982.0,Houston Astros 1981,85308795.0,69910689.18181819,-0.2710276586433957,105.0,-1.7247509048341276,published score; expected wins and pct recovered from final WIS wins,85308795.0,21.0,1.0,25.0,second,85308795.0,-1.7247509048341276,116.7315175097277,-10.050000000000049,False,85308795.0,85308795.0,,,,,,0.0,True,16.0,-10.05,35.0,27.0,1.0,0.0,0.0,1787.7345679952289,6757.462962918793,6757.4629629629635,6757.4629629629635,6757.4629629629635,48435231.08024691,7167.6650461446825,0.7854024104063272,1787.7345679012346,1787.7345679012346,1787.7345679012346,41695317.90740741,23322.99137469658,3.370832761239999,3.6079507794574135,1.24185765475652,4821753.987654328,1.181376848675338,0.0,0.0,True,False,-11.731517509727697,24.0,0.0,0.0,0.0
1981,140165,1722915,Oakland Bagchuckers,chrondon84,75,87,0.46296296296296297,30,16-26,25-29,8-7,717,813,American League,West,https://www.whatifsports.com/mlb-l/manage.asp?cLID=140165&lst=1,0,0,0,0,0,0,0,oakland,Oakland,1982.0,Oakland Bagchuckers,69376573.0,71359073.0,0.0846464516971618,75.0,-1.225607422681261,published score; expected wins and pct recovered from final WIS wins,69376573.0,21.0,1.0,30.0,second,69376573.0,-1.225607422681261,71.4898484415213,4.909999999999992,False,69376573.0,69376573.0,,,,,,0.0,True,8.0,4.91,28.0,28.0,0.0,1.0,0.0,1336.9382714270323,5886.740740697616,5886.740740740741,5886.740740740741,5886.740740740741,35920010.58024691,6101.850270329218,0.6919852717211309,1336.9382716049383,1319.9382716049383,1379.9382716049383,31232169.7037037,23360.966147083807,3.3831834633398583,3.278493157149189,1.2548548225427547,-2224392.716049388,0.9607435808070498,1.0,0.0,True,False,3.5101515584786966,24.0,0.0,0.0,0.0
1981,140165,1722194,Newark Bears,italyprof,73,89,0.4506172839506173,32,19-23,20-19,6-3,762,932,American League,West,https://www.whatifsports.com/mlb-l/manage.asp?cLID=140165&lst=1,0,0,0,0,0,0,0,socal-newark,SoCal / Newark,1982.0,Newark Bears,74420257.0,70900556.27272727,-0.0292228017090449,73.0,-13.979976799874692,published score; expected wins and pct recovered from final WIS wins,74420257.0,21.0,1.0,29.0,second,74420257.0,-13.979976799874692,84.45164275798241,-13.559999999999995,False,74420257.0,74420257.0,,,,,,0.0,True,22.0,-13.56,25.0,25.0,0.0,0.0,0.0,1602.0,6107.0,6107.0,6107.0,6107.0,36327967.0,5948.5781889634845,0.699586764892746,1602.0,1602.0,1602.0,36264374.0,22636.937578027464,3.775321945068664,3.868185748439451,1.3649866079900124,-1827916.0,1.0305897380483309,0.0,0.0,False,True,-11.451642757982412,24.0,1.0,1.0,0.0
1981,140165,1722204,Kansas City Monarchs,big_dowg,59,103,0.36419753086419754,46,14-28,15-18,5-4,804,1095,American League,West,https://www.whatifsports.com/mlb-l/manage.asp?cLID=140165&lst=1,0,0,0,0,0,0,0,kansas-city,Kansas City Monarchs,1982.0,Kansas City Monarchs,61308184.0,72092562.9090909,0.1748200951135438,59.0,-6.414910715082921,published score; expected wins and pct recovered from final WIS wins,61308184.0,21.0,1.0,26.0,second,61308184.0,-6.414910715082921,62.10526315789474,-5.000000000000004,False,61308184.0,61308184.0,,,,,,0.0,True,13.0,-5.0,31.0,29.0,3.0,0.0,0.0,1561.0,6224.0,6224.0,6224.0,6224.0,33454569.0,5375.091420308483,0.67725239156491,1561.0,1561.0,1561.0,31300948.0,20051.856502242154,4.082941142857143,3.849666255605381,1.4372382869955158,3447333.0,0.849010576364697,0.0,0.0,False,True,-3.10526315789474,24.0,0.0,0.0,0.0
1982,140790,1733614,Pittsburg Tanagers,coldfoot,119,43,0.7345679012345679,-,32-10,27-20,8-6,1002,553,National League,East,https://www.whatifsports.com/mlb-l/manage.asp?cLID=140790&lst=1,1,0,0,1,1,4,5,pittsburg,Pittsburg Tanagers,1983.0,Pittsburg Tanagers,92311870.0,70782933.05387205,-0.3060246989382541,119.0,-2.465604180942303,same-year final block row94; WIS wins,92311870.0,162.0,1.0,9.0,first,92311870.0,-2.465604180942303,122.00824027327197,-2.465604180942327,False,92311870.0,92311870.0,92311870.0,92311870.0,92311870.0,92311870.0,0.0,0.0,True,14.0,,28.0,26.0,0.0,0.0,0.0,1519.0,7225.0,7225.0,7225.0,7225.0,53918182.0,7462.724152249135,0.7935491112941176,1519.0,1519.0,1519.0,38393688.0,25275.63396971692,3.096806564845293,3.1011598439763,1.2209620658327849,0.0,1.2881998743050236,0.0,0.0,False,True,-3.0082402732719657,24.0,0.0,0.0,0.0
1982,140790,1733462,New York  Times,trentonjoe,76,86,0.4691358024691358,43,15-27,20-30,10-9,762,737,National League,East,https://www.whatifsports.com/mlb-l/manage.asp?cLID=140790&lst=1,0,0,0,0,0,0,0,new-york-times,New York Times,1983.0,New York Times,67880968.0,73003924.14478114,0.0668578956257335,76.0,3.499819914124383,same-year final block row94; WIS wins,67880968.0,162.0,1.0,8.0,first,67880968.0,3.499819914124383,73.4300794562334,3.499819914124358,False,67880968.0,67880968.0,67880968.0,67880968.0,67880968.0,67880968.0,0.0,0.0,True,11.0,,37.0,30.0,0.0,0.0,0.0,1313.0,5394.0,5394.0,5394.0,5394.0,38715487.0,7177.50964034112,0.7270171648869113,1313.0,1313.0,1313.0,29165481.0,22212.856816450876,3.5837243351104338,3.483082309215537,1.287733035795887,0.0,0.9472698846345908,0.0,0.0,False,True,2.5699205437665995,24.0,0.0,0.0,0.0
1982,140790,1733461,Montreal ISLANDS,cpdpoet,60,102,0.37037037037037035,59,18-24,24-22,7-12,626,899,National League,East,https://www.whatifsports.com/mlb-l/manage.asp?cLID=140790&lst=1,0,0,0,0,0,0,0,montreal,Montreal,1983.0,Montreal Islands,64530446.40740741,73308517.01683502,0.1162342648415474,60.0,-11.917737519936086,same-year final block row94; WIS wins,64530446.40740741,162.0,2.0,6.0,first,64530446.40740741,-11.917737519936086,68.1181412813733,-11.91773751993609,False,64631584.0,64379518.0,64631584.0,64631584.0,64482929.692307696,64379518.0,-0.252066,0.0,True,20.0,,29.0,27.0,0.0,0.0,0.0,1491.0,5954.722221688869,5954.722222222223,5954.722222222223,5954.722222222223,35946262.493827164,6036.597703866109,0.6701783634790315,1491.0,1491.0,1491.0,28503937.0,19117.328638497653,4.219191356136821,4.004483606304494,1.4232138537894032,-80246.91358024627,0.9005138012139641,0.0,0.0,False,True,-8.118141281373298,24.0,0.0,1.0,0.0
1982,140790,1733659,New York Nutcrackers,n4ser,53,109,0.3271604938271605,66,19-23,20-21,4-7,608,907,National League,East,https://www.whatifsports.com/mlb-l/manage.asp?cLID=140790&lst=1,0,0,0,0,0,0,0,new-york-nationals,New York Nutcrackers / Nationals,1983.0,New York Nutcrackers,69703149.62962963,72838271.26936027,0.0398311845413104,53.0,-30.661464569709207,same-year final block row94; WIS wins,69703149.62962963,162.0,2.0,7.0,first,69703149.62962963,-30.661464569709207,76.43657263756793,-30.661464569709207,False,70554595.0,68969145.0,70554595.0,70322577.92682926,68969145.0,68969145.0,-1.58545,0.0,True,23.0,,27.0,27.0,1.0,0.0,0.0,1543.2592592817991,6494.0,6494.0,6494.0,6494.0,40544261.0,6243.341700030797,0.6835758908684938,1543.2592592592594,1543.2592592592594,1543.2592592592594,29158888.62962963,18894.355212633196,4.2941038635163675,4.122728694873763,1.445415914622732,0.0,0.9726981870430438,0.0,0.0,False,True,-23.436572637567934,24.0,1.0,1.0,0.0
1982,140790,1733438,Cincinnati Skyline,sinatra,88,74,0.5432098765432098,-,17-25,19-21,5-3,784,743,National League,Central,https://www.whatifsports.com/mlb-l/manage.asp?cLID=140790&lst=1,1,0,0,0,1,1,3,cincinnati-la,Cincinnati / LA,1983.0,Cincinnati Skyline,64196649.0,73338862.23569024,0.1183845396467307,88.0,29.61765440350049,same-year final block row94; WIS wins,64196649.0,162.0,1.0,3.0,first,64196649.0,29.61765440350049,67.89198616884048,29.61765440350048,False,64196649.0,64196649.0,64196649.0,64196649.0,64196649.0,64196649.0,0.0,0.0,True,2.0,,28.0,28.0,0.0,0.0,0.0,1303.0,5506.0,5506.0,5506.0,5506.0,37302639.0,6774.9071921540135,0.729078256629132,1303.0,1303.0,1303.0,26894010.0,20640.069071373753,3.825508292402149,3.9251611312356096,1.333762260168841,0.0,0.8958557027671926,1.0,1.0,False,True,20.108013831159525,24.0,0.0,0.0,0.0
1982,140790,1733480,Milwaukee Brewers,dbrom,86,76,0.5308641975308642,2,24-18,20-16,8-7,837,840,National League,Central,https://www.whatifsports.com/mlb-l/manage.asp?cLID=140790&lst=1,0,0,0,0,0,0,0,milwaukee,Milwaukee,1983.0,Milwaukee Brewers,67529038.0,73035917.78114478,0.0693058205222698,86.0,17.548518746846497,same-year final block row94; WIS wins,67529038.0,162.0,1.0,5.0,first,67529038.0,17.548518746846497,73.16127920353496,17.548518746846486,False,67529038.0,67529038.0,67529038.0,67529038.0,67529038.0,67529038.0,0.0,0.0,True,3.0,,34.0,31.0,2.0,0.0,0.0,1425.0,5468.197530479348,5468.197530864198,5468.197530864198,5468.197530864198,37650876.5925926,6885.427305813188,0.7340579800333692,1425.0,1425.0,1425.0,30886969.0,21675.06596491228,3.7720938652631575,3.948105613333333,1.350408794385965,1008807.592592597,0.9423587482686588,1.0,1.0,False,True,12.83872079646504,24.0,0.0,0.0,0.0
1982,140790,1733470,Cleveland Indians,harrelson,84,78,0.5185185185185185,4,19-23,18-19,4-7,819,796,National League,Central,https://www.whatifsports.com/mlb-l/manage.asp?cLID=140790&lst=1,0,0,0,0,0,0,0,cleveland,Cleveland,1983.0,Cleveland Indians,73455638.0,72497135.96296297,-0.0189933171970565,84.0,0.9212370239355556,same-year final block row94; WIS wins,73455638.0,162.0,1.0,4.0,first,73455638.0,0.9212370239355556,83.23322471768519,0.9212370239355838,False,73455638.0,73455638.0,73455638.0,73455638.0,73455638.0,73455638.0,0.0,0.0,True,12.0,,33.0,25.0,0.0,0.0,0.0,1496.0,5734.0,5734.0,5734.0,5734.0,37149116.0,6478.743634461109,0.7379023344611091,1496.0,1496.0,1496.0,36306522.0,24269.06550802139,3.392686047459893,3.6309630006684497,1.2826654779411766,0.0,1.025063663411816,0.0,0.0,False,True,0.7667752823148106,24.0,0.0,0.0,0.0
1982,140790,1733214,Chicago Thunderbears,chargingryno,80,82,0.49382716049382713,8,24-18,16-25,3-8,795,761,National League,Central,https://www.whatifsports.com/mlb-l/manage.asp?cLID=140790&lst=1,0,0,0,0,0,0,0,thunderbears,Thunderbears — Houston / Brooklyn / Chicago,1983.0,Chicago Thunderbears,72930232.0,72544900.14478114,-0.0111124233519337,80.0,-2.7970604245662702,same-year final block row94; WIS wins,72930232.0,162.0,1.0,2.0,first,72930232.0,-2.7970604245662702,82.3020377258411,-2.7970604245662667,False,72930232.0,72930232.0,72930232.0,72930232.0,72930232.0,72930232.0,0.0,0.0,True,15.0,,32.0,26.0,1.0,0.0,0.0,1526.0,5750.0,5750.0,5750.0,5750.0,38343342.0,6668.4073043478265,0.7440733364,1526.0,1526.0,1526.0,34969327.0,22915.679554390565,3.5902373197903015,3.441269528833552,1.292922023591088,382437.0,1.0177316925270414,0.0,0.0,False,True,-2.302037725841103,24.0,0.0,0.0,0.0
1982,140790,1733523,Texas Rangers,frazzman80,104,58,0.6419753086419753,-,27-15,18-16,7-6,1008,725,National League,West,https://www.whatifsports.com/mlb-l/manage.asp?cLID=140790&lst=1,1,1,1,3,0,11,4,texas,Texas Rangers,1983.0,Texas Rangers,79752523.55555555,71924691.82154882,-0.1107786244547857,104.0,9.969795357269213,same-year final block row94; WIS wins,79752523.55555555,162.0,2.0,13.0,first,79752523.55555555,9.969795357269213,94.57142269122664,9.969795357269206,False,78954073.0,80391284.0,78954073.0,79269558.34146342,80391284.0,80391284.0,1.437211,0.0,True,8.0,,29.0,29.0,3.0,2.0,1.0,1641.5,6262.111111933974,6262.11111111111,6262.11111111111,6262.11111111111,44156412.55555555,7051.3620362320125,0.7722795585372345,1641.5,1637.5,1641.5,36556387.5,22270.11117879988,3.4972190185805667,3.7433322129150177,1.2797935957965274,960276.5,1.1129358642585736,1.0,0.0,False,False,9.428577308773356,24.0,0.0,0.0,1.0
1982,140790,1733467,St. Louis Perfectos '82,kermit,99,63,0.6111111111111112,5,23-19,25-12,6-3,909,770,National League,West,https://www.whatifsports.com/mlb-l/manage.asp?cLID=140790&lst=1,1,0,0,0,1,1,3,st-louis,St. Louis Perfectos,1983.0,St. Louis Perfectos '82,76245184.0,72243540.87205388,-0.0575452891733444,99.0,12.64941463228677,same-year final block row94; WIS wins,76245184.0,162.0,1.0,12.0,first,76245184.0,12.64941463228677,87.8832795742068,12.64941463228677,False,76245184.0,76245184.0,76245184.0,76245184.0,76245184.0,76245184.0,0.0,0.0,True,5.0,,34.0,30.0,0.0,0.0,0.0,1501.0,5875.0,5875.0,5875.0,5875.0,42529339.0,7239.036425531915,0.7644164623489361,1501.0,1501.0,1501.0,33715845.0,22462.255163224516,3.6603801105929383,3.676208854097269,1.3126243910726183,0.0,1.0639914070115075,1.0,0.0,False,True,11.116720425793204,24.0,0.0,0.0,0.0
1982,140790,1733673,Seattle Sea Snakes,pi_kapp,87,75,0.5370370370370371,17,22-20,23-21,8-6,897,809,National League,West,https://www.whatifsports.com/mlb-l/manage.asp?cLID=140790&lst=1,0,0,0,0,0,0,0,seattle,Seattle Sea Snakes,1983.0,Seattle Sea Snakes,73272943.0,72513744.5993266,-0.0127999749865895,87.0,5.453409405857894,same-year final block row94; WIS wins,73272943.0,162.0,1.0,11.0,first,73272943.0,5.453409405857894,82.50088877180218,5.453409405857901,False,73272943.0,73272943.0,73272943.0,73272943.0,73272943.0,73272943.0,0.0,0.0,True,10.0,,28.0,27.0,2.0,0.0,0.0,1682.0,5976.802469520652,5976.802469135802,5976.802469135802,5976.802469135802,42496889.4074074,7110.305155116179,0.7264734940116211,1682.0,1682.0,1682.0,31721859.0,18859.60701545779,4.128358742568372,4.146900978596909,1.3720654357907252,945805.407407403,1.0225141789735075,0.0,0.0,False,True,4.499111228197819,24.0,0.0,0.0,0.0
1982,140790,1733528,San Francisco Quake,epup1975,55,107,0.3395061728395062,49,12-30,10-26,3-11,721,920,National League,West,https://www.whatifsports.com/mlb-l/manage.asp?cLID=140790&lst=1,0,0,0,0,0,0,0,quake,San Diego / San Francisco Quake,1983.0,San Francisco Quake,69115492.0,72891694.69023569,0.0492314355851332,55.0,-27.039019545462057,same-year final block row94; WIS wins,69115492.0,162.0,1.0,10.0,first,69115492.0,-27.039019545462057,75.38275891765262,-27.03901954546204,False,69115492.0,69115492.0,69115492.0,69115492.0,69115492.0,69115492.0,0.0,0.0,True,22.0,,27.0,27.0,0.0,0.0,0.0,1476.0,6242.0,6242.0,6242.0,6242.0,38644973.0,6191.120314001922,0.7234273999519385,1476.0,1476.0,1476.0,30127298.0,20411.448509485093,3.883494004742547,3.8091712357723577,1.3663543109756096,-343221.0,0.9644975029422528,0.0,0.0,False,True,-20.382758917652623,24.0,1.0,1.0,0.0
1982,140790,1733441,Boston New Wave,eddiedzen,110,52,0.6790123456790124,-,29-13,17-14,6-6,1108,761,American League,East,https://www.whatifsports.com/mlb-l/manage.asp?cLID=140790&lst=1,1,0,0,0,1,2,3,boston,Boston,1983.0,Boston New Wave,82020933.0,69716818.4915825,-0.1725960156911207,110.0,7.059716001886541,same-year final block row94; WIS wins,82020933.0,162.0,1.0,22.0,second,82020933.0,7.059716001886541,102.74639622438534,7.059716001886529,False,82020933.0,82020933.0,82020933.0,82020933.0,82020933.0,82020933.0,0.0,0.0,True,9.0,,25.0,25.0,0.0,0.0,0.0,1377.0,6424.0,6424.0,6424.0,6424.0,51576471.0,8028.715909090909,0.7866915907222913,1377.0,1377.0,1377.0,30444462.0,22109.267973856207,3.513530678286129,3.7540345468409586,1.2796742897603486,0.0,1.144591216503151,0.0,0.0,False,True,7.253603775614664,24.0,0.0,0.0,0.0
1982,140790,1733592,New York Eagles,just4me,104,58,0.6419753086419753,6,25-17,32-17,6-4,945,682,American League,East,https://www.whatifsports.com/mlb-l/manage.asp?cLID=140790&lst=1,1,0,0,0,1,0,3,new-york-eagles,New York Eagles,1983.0,New York Eagles,70351755.0,70777652.85521886,0.0091099429998368,104.0,30.094174019602445,same-year final block row94; WIS wins,70351755.0,162.0,1.0,28.0,second,70351755.0,30.094174019602445,79.9420887090066,30.09417401960244,False,70351755.0,70351755.0,70351755.0,70351755.0,70351755.0,70351755.0,0.0,0.0,True,1.0,,31.0,29.0,3.0,0.0,0.0,1321.0,6180.0,6180.0,6180.0,6180.0,37812311.0,6118.496925566343,0.7279719915857603,1321.0,1321.0,1321.0,33587026.0,25425.454958364877,3.065073494322483,2.9244408697956095,1.2133994087812263,1047582.0,0.9817493887637398,1.0,1.0,False,True,24.057911290993403,24.0,0.0,0.0,0.0
1982,140790,1733421,Baltimore Orioles,chargingryno,70,92,0.43209876543209874,40,17-25,21-24,6-5,783,944,American League,East,https://www.whatifsports.com/mlb-l/manage.asp?cLID=140790&lst=1,0,0,0,0,0,0,0,baltimore,Baltimore,1983.0,Baltimore Orioles,68823217.0,70916610.85521886,0.0325088048048877,70.0,-9.400959830619913,same-year final block row94; WIS wins,68823217.0,162.0,1.0,21.0,second,68823217.0,-9.400959830619913,77.26351169850254,-9.400959830619914,False,68823217.0,68823217.0,68823217.0,68823217.0,68823217.0,68823217.0,0.0,0.0,True,19.0,,32.0,32.0,2.0,0.0,0.0,1487.6666670089594,6225.641975900234,6225.641975308642,6225.641975308642,6225.641975308642,36330430.66666667,5835.611943435851,0.6959960278606798,1487.6666666666667,1487.6666666666667,1487.6666666666667,29118327.555555556,19573.15318545074,4.06484501142729,3.939909001344387,1.4031743076406005,-3374458.777777776,0.9604188441710408,0.0,0.0,False,True,-7.2635116985025405,24.0,0.0,1.0,0.0
1982,140790,1734111,Toronto ModernDayWarriors,coldfoot,55,107,0.3395061728395062,55,13-29,19-22,7-2,800,1088,American League,East,https://www.whatifsports.com/mlb-l/manage.asp?cLID=140790&lst=1,0,0,0,0,0,0,0,toronto,Toronto,1983.0,Toronto ModernDayWarriors,57625994.0,71934540.21885522,0.2011592548253638,55.0,-7.562902192331687,same-year final block row94; WIS wins,57625994.0,162.0,1.0,32.0,second,57625994.0,-7.562902192331687,59.499920815814896,-7.562902192331711,False,57625994.0,57625994.0,57625994.0,57625994.0,57625994.0,57625994.0,0.0,0.0,True,17.0,,36.0,28.0,0.0,0.0,0.0,1392.0,5704.0,5704.0,5704.0,5704.0,31662136.0,5550.865357643759,0.696337444337307,1392.0,1392.0,1392.0,25498475.0,18317.86997126437,4.399992397988505,4.117254413074713,1.4676675854885055,-465383.0,0.804163085716951,0.0,0.0,False,True,-4.499920815814896,24.0,0.0,1.0,0.0
1982,140790,1733508,Chicago Cornhuskers,wgasa,87,75,0.5370370370370371,-,26-16,19-22,7-5,989,875,American League,Central,https://www.whatifsports.com/mlb-l/manage.asp?cLID=140790&lst=1,1,0,0,1,1,5,6,cornhuskers,Chicago Cornhuskers,1983.0,Chicago Cornhuskers,77113997.0,70162903.58249158,-0.0955208303474133,87.0,-6.069825958639028,same-year final block row94; WIS wins,77113997.0,162.0,1.0,23.0,second,77113997.0,-6.069825958639028,92.62199382457295,-6.06982595863903,False,77113997.0,77113997.0,77113997.0,77113997.0,77113997.0,77113997.0,0.0,0.0,True,16.0,,30.0,28.0,1.0,1.0,0.0,1714.0,6549.0,6549.0,6436.0,6549.0,42275731.0,6455.29561765155,0.7319787189494578,1714.0,1714.0,1714.0,35479899.0,20700.057759626605,3.933121943407235,3.7754408593932327,1.3866838436406068,641633.0,1.0761155769302255,0.0,0.0,False,False,-5.621993824572954,24.0,0.0,0.0,0.0
1982,140790,1733646,Detroit S’ups,harrelson,82,80,0.5061728395061729,5,24-18,23-18,2-2,983,1010,American League,Central,https://www.whatifsports.com/mlb-l/manage.asp?cLID=140790&lst=1,0,0,0,0,0,0,0,detroit,Detroit,1983.0,Detroit S’ups,64889814.0,71274192.94612795,0.0922995378106978,82.0,16.041495496231033,same-year final block row94; WIS wins,64889814.0,162.0,1.0,24.0,second,64889814.0,16.041495496231033,70.66437712590778,16.04149549623106,False,64889814.0,64889814.0,64889814.0,64889814.0,64889814.0,64889814.0,0.0,0.0,True,4.0,,29.0,29.0,0.0,0.0,0.0,1347.0,5990.0,5990.0,5990.0,5990.0,38360104.0,6404.024040066778,0.7112961104841402,1347.0,1347.0,1347.0,26529710.0,19695.404602821083,3.939688196733482,3.93249167409057,1.3901062472160353,0.0,0.9055287281958035,1.0,0.0,False,True,11.335622874092223,24.0,0.0,0.0,0.0
1982,140790,1733459,Philly CRYPTKEEPERS,cpdpoet,72,90,0.4444444444444444,15,23-19,22-23,5-6,880,977,American League,Central,https://www.whatifsports.com/mlb-l/manage.asp?cLID=140790&lst=1,0,0,0,0,0,0,0,philly,Philadelphia CRYPTKEEPERS,1983.0,Philly CRYPTKEEPERS,69313357.37037037,70872052.63973063,0.0250133882754152,72.0,-7.828835378441252,same-year final block row94; WIS wins,69313357.37037037,162.0,2.0,31.0,second,69313357.37037037,-7.828835378441252,78.11553677944876,-7.828835378441235,False,68461912.0,70047362.0,68461912.0,68693929.07317074,70047362.0,70047362.0,1.58545,0.0,True,18.0,,26.0,26.0,0.0,0.0,0.0,1500.7407407182009,6524.0,6524.0,6524.0,6524.0,40530678.0,6212.550275904353,0.7165164723329245,1500.7407407407406,1500.7407407407406,1500.7407407407406,28782679.37037037,19178.981811451136,4.117139283070089,4.0635737397334655,1.4165539113894374,0.0,0.9672586878823958,0.0,0.0,False,True,-6.11553677944876,24.0,0.0,1.0,0.0
1982,140790,1733488,Minnesota Twins,schwingkid,43,119,0.2654320987654321,44,11-31,17-16,6-3,853,1539,American League,Central,https://www.whatifsports.com/mlb-l/manage.asp?cLID=140790&lst=1,0,0,0,0,0,0,0,georgia-minnesota,Georgia / Minnetonka / Minnesota,1983.0,Minnesota Twins,67491292.0,71037694.94612795,0.0528209422220684,43.0,-42.65340198345351,same-year final block row94; WIS wins,67491292.0,162.0,1.0,27.0,second,67491292.0,-42.65340198345351,74.98265195712744,-42.65340198345352,False,67491292.0,67491292.0,67491292.0,67491292.0,67491292.0,67491292.0,0.0,0.0,True,24.0,,25.0,25.0,0.0,0.0,0.0,1429.0,5824.0,5824.0,5824.0,5824.0,37781827.0,6487.264251373626,0.741889257967033,1429.0,1429.0,1429.0,29709465.0,20790.388383484955,3.877195480755773,4.029489838348495,1.3629985311406576,0.0,0.9418320078564506,0.0,0.0,False,True,-31.982651957127445,24.0,1.0,1.0,0.0
1982,140790,1733443,Houston Astros 1982,frazzman80,104,58,0.6419753086419753,-,29-13,22-15,5-5,1071,778,American League,West,https://www.whatifsports.com/mlb-l/manage.asp?cLID=140790&lst=1,1,0,1,2,1,9,6,houston,Houston Colt .45s / Astros / flyBALLERS,1983.0,Houston Astros 1982,83640961.0,69569543.21885522,-0.1960502509494176,104.0,-1.8571381770209456,same-year final block row94; WIS wins,83640961.0,162.0,1.0,25.0,second,83640961.0,-1.8571381770209456,105.96797165705796,-1.857138177020945,False,83640961.0,83640961.0,83640961.0,83640961.0,83640961.0,83640961.0,0.0,0.0,True,13.0,,35.0,31.0,5.0,3.0,1.0,1746.5,6486.0,6486.0,6486.0,6486.0,44312788.0,6832.067221708295,0.8035274239284613,1746.5,1744.5,1780.5,39898677.5,22844.93415402233,3.5398710592613805,3.8155512404809615,1.2783673243057545,570504.5,1.1671984918835614,0.0,0.0,False,False,-1.9679716570579584,24.0,0.0,0.0,1.0
1982,140790,1734606,Newark Ironborn Bears,trentonjoe,80,82,0.49382716049382713,24,18-24,23-20,5-9,874,907,American League,West,https://www.whatifsports.com/mlb-l/manage.asp?cLID=140790&lst=1,0,0,0,0,0,0,0,socal-newark,SoCal / Newark,1983.0,Newark Ironborn Bears,66123620.0,71162028.76430976,0.0757715732826605,80.0,10.414787715877564,same-year final block row94; WIS wins,66123620.0,162.0,1.0,29.0,second,66123620.0,10.414787715877564,72.4540631331541,10.41478771587756,False,66123620.0,66123620.0,66123620.0,66123620.0,66123620.0,66123620.0,0.0,0.0,True,7.0,,32.0,28.0,4.0,1.0,0.0,1436.3333329910406,6215.358024099766,6215.358024691358,6215.358024691358,6215.358024691358,36834702.33333333,5926.400729773321,0.7067634434495196,1436.3333333333333,1424.3333333333333,1436.3333333333333,30929546.444444444,21533.68283437766,3.7094982436760273,3.6860814137851,1.353993130888837,1640628.777777776,0.9227463269089138,1.0,0.0,False,False,7.545936866845906,24.0,0.0,0.0,0.0
1982,140790,1733945,Oakland Bagchuckers,chrondon84,79,83,0.4876543209876543,25,21-21,18-24,11-4,884,885,American League,West,https://www.whatifsports.com/mlb-l/manage.asp?cLID=140790&lst=1,0,0,0,0,0,0,0,oakland,Oakland,1983.0,Oakland Bagchuckers,65567441.59259259,71212590.43771043,0.0842028361649084,79.0,10.43102483092632,same-year final block row94; WIS wins,65567441.59259259,162.0,2.0,30.0,second,65567441.59259259,10.43102483092632,71.53786729857094,10.431024830926328,False,65466304.0,65718370.0,65466304.0,65466304.0,65614958.307692304,65718370.0,0.252066,0.0,True,6.0,,27.0,26.0,0.0,1.0,0.0,1316.0,5449.277778311131,5449.277777777777,5449.277777777777,5449.277777777777,36902403.50617283,6771.98062037896,0.7661247597551155,1316.0,1194.0,1316.0,28745285.0,21842.921732522795,3.659375936930091,3.705002212765956,1.3031844794832828,80246.91358024627,0.9149849311695208,1.0,0.0,False,False,7.462132701429056,24.0,0.0,0.0,0.0
1982,140790,1733526,Kansas City Monarchs,big_dowg,67,95,0.41358024691358025,37,16-26,17-26,3-6,811,843,American League,West,https://www.whatifsports.com/mlb-l/manage.asp?cLID=140790&lst=1,0,0,0,0,0,0,0,kansas-city,Kansas City Monarchs,1983.0,Kansas City Monarchs,75943554.44444445,70269307.45117845,-0.075089851720347,67.0,-25.599112263519107,same-year final block row94; WIS wins,75943554.44444445,162.0,2.0,26.0,second,75943554.44444445,-25.599112263519107,90.0526889374036,-25.599112263519107,False,76742005.0,75304794.0,76742005.0,76426519.65853658,75304794.0,75304794.0,-1.437211,0.0,True,21.0,,30.0,29.0,2.0,1.0,0.0,1873.0,6368.888888066027,6368.88888888889,6288.88888888889,6512.88888888889,36453349.44444445,5723.659193998604,0.6923928308583391,1873.0,1873.0,1873.0,40526558.0,21637.243993593165,3.54515141324079,3.567091684997331,1.2764554879871863,1036353.0,1.0597822066610725,0.0,0.0,False,False,-23.0526889374036,24.0,0.0,1.0,0.0
1983,141465,1745521,Pittsburg Tanagers,coldfoot,97,65,0.5987654320987654,-,29-13,27-20,5-8,918,757,National League,East,https://www.whatifsports.com/mlb-l/manage.asp?cLID=141465&lst=1,1,0,1,2,1,7,6,pittsburg,Pittsburg Tanagers,1984.0,Pittsburg Tanagers,79742972.75308642,69690995.55331089,-0.1454390103213349,97.0,-2.118583462928616,same-year final block row94; WIS wins,79742972.75308642,162.0,3.0,9.0,first,79742972.75308642,-2.118583462928616,99.0995057404614,-2.1185834629286138,False,81692140.0,79630029.0,80087451.2,79630029.0,79630029.0,79630029.0,-0.457422200000003,0.0,True,16.0,,31.0,26.0,0.0,0.0,0.0,1450.691358226895,6227.0,6227.0,6227.0,6227.0,46948414.0,7539.491568973824,0.7953181558374819,1450.6913580246917,1450.6913580246917,1450.6913580246917,32793324.185185187,22605.307465150716,3.521845588676323,3.6234039693207154,1.2863677193249707,-1234.567901223898,1.139395575973169,0.0,0.0,False,True,-2.099505740461396,24.0,0.0,0.0,0.0
1983,141465,1745122,New York  Times,trentonjoe,82,80,0.5061728395061729,15,20-22,14-22,4-13,862,764,National League,East,https://www.whatifsports.com/mlb-l/manage.asp?cLID=141465&lst=1,0,0,0,0,0,0,0,new-york-times,New York Times,1984.0,New York Times,67682370.04938272,70787413.98092031,0.0419154680611558,82.0,7.60849623574171,same-year final block row94; WIS wins,67682370.04938272,162.0,3.0,8.0,first,67682370.04938272,7.60849623574171,76.20216141703135,7.608496235741713,False,67140718.0,68266270.0,67370718.0,67540718.0,67540718.0,68248994.95238096,0.8782769523809553,0.0,True,5.0,,43.0,33.0,0.0,0.0,0.0,1279.975308657905,5543.0,5543.0,5543.0,5543.0,42219843.0,7616.785675626917,0.7587817868302362,1279.9753086419753,1279.9753086419753,1279.9753086419753,25504502.35802469,19925.776837901965,3.939673277185131,3.9397026321977657,1.3427464892600165,41975.30864197016,0.967069452557634,1.0,0.0,False,True,5.797838582968652,24.0,0.0,0.0,0.0
1983,141465,1745143,Montreal Islands,cpdpoet,73,89,0.4506172839506173,24,19-23,24-23,6-9,756,895,National League,East,https://www.whatifsports.com/mlb-l/manage.asp?cLID=141465&lst=1,0,0,0,0,0,0,0,montreal,Montreal,1984.0,Montreal Islands,70908464.30864197,70494132.68462402,-0.0076290737717831,73.0,-10.858767227899426,same-year final block row94; WIS wins,70908464.30864197,162.0,2.0,6.0,first,70908464.30864197,-10.858767227899426,81.89251789531852,-10.858767227899424,False,71266489.0,70866489.0,71036489.0,70866489.0,70866489.0,70866489.0,-0.17,0.0,True,18.0,,31.0,26.0,1.0,0.0,0.0,1538.0,5871.0,5871.0,5871.0,5871.0,39300593.0,6694.020269119401,0.7179945281894056,1538.0,1538.0,1538.0,32906627.0,21395.726267880364,3.894244760078024,3.679171147594278,1.3694335682704812,1298755.6913580298,1.0131650193488804,0.0,0.0,False,True,-8.89251789531852,24.0,0.0,1.0,0.0
1983,141465,1745013,New York Nutcrackers,n4ser,64,98,0.3950617283950617,33,16-26,22-19,3-11,701,944,National League,East,https://www.whatifsports.com/mlb-l/manage.asp?cLID=141465&lst=1,0,0,0,0,0,0,0,new-york-nationals,New York Nutcrackers / Nationals,1984.0,New York Nutcrackers,66639240.654320985,70882243.92592593,0.0578475474613112,64.0,-14.006784761171067,same-year final block row94; WIS wins,66639240.654320985,162.0,2.0,7.0,first,66639240.654320985,-14.006784761171067,74.42447618949102,-14.006784761171064,False,66818253.0,66618253.0,66703253.0,66618253.0,66618253.0,66618253.0,-0.085,0.0,True,21.0,,28.0,26.0,1.0,0.0,1.0,1660.0,5791.585366660098,5791.585366660098,5791.585366660098,5791.585366660098,34730335.93,5996.688942880653,0.7218232816866641,1660.0,1660.0,1660.0,33731284.0,20320.05060240964,4.074254860843373,4.093388725903615,1.3952460620481928,1822379.275679022,0.9521648537338472,0.0,0.0,False,False,-10.424476189491015,24.0,0.0,1.0,1.0
1983,141465,1744955,Cincinnati Skyline,sinatra,87,75,0.5370370370370371,-,26-16,28-26,11-4,789,735,National League,Central,https://www.whatifsports.com/mlb-l/manage.asp?cLID=141465&lst=1,1,0,0,0,1,2,3,cincinnati-la,Cincinnati / LA,1984.0,Cincinnati Skyline,66940133.654320985,70854890.01683502,0.0510468111147078,87.0,15.721883466352487,same-year final block row94; WIS wins,66940133.654320985,162.0,2.0,3.0,first,66940133.654320985,15.721883466352487,75.18024888118613,15.721883466352503,False,67119146.0,66919146.0,67004146.0,66919146.0,66919146.0,66919146.0,-0.085,0.0,True,3.0,,33.0,28.0,1.0,0.0,1.0,1363.0,5674.355449697076,5674.355449697076,5674.355449697076,5674.355449697076,36884865.67,6500.274083458957,0.7313414643600462,1363.0,1363.0,1363.0,31278094.0,22947.97798972854,3.35359433382245,3.7659176955245783,1.2619511254585474,1222826.0156790167,0.9564641184991932,1.0,1.0,False,False,11.819751118813867,24.0,0.0,0.0,1.0
1983,141465,1744375,Chicago Thunderbears,chargingryno,85,77,0.5246913580246914,2,19-23,9-16,4-6,962,866,National League,Central,https://www.whatifsports.com/mlb-l/manage.asp?cLID=141465&lst=1,0,0,0,0,0,0,0,thunderbears,Thunderbears — Houston / Brooklyn / Chicago,1984.0,Chicago Thunderbears,73001357.85185185,70303869.6352413,-0.0422184088050865,85.0,-1.180642032683137,same-year final block row94; WIS wins,73001357.85185185,162.0,4.0,2.0,first,73001357.85185185,-1.180642032683137,86.01553556754799,-1.1806420326831324,False,68726989.0,74342710.0,70331677.8,72955935.36585365,74342710.0,74342710.0,4.011032200000003,0.0,True,13.0,,36.0,29.0,2.0,0.0,0.0,1577.5802464946808,6429.0,6429.0,6429.0,6429.0,39015471.0,6068.668688754083,0.7346973652045418,1577.5802469135804,1577.5802469135804,1577.5802469135804,36500354.41975309,23136.924090652978,3.4246265886965497,3.5241794530379393,1.29861031513335,2514467.567901239,1.043069016676643,0.0,0.0,False,True,-1.0155355675479854,24.0,0.0,0.0,0.0
1983,141465,1745106,Milwaukee Brewers,dbrom,85,77,0.5246913580246914,2,24-18,20-23,7-3,803,785,National League,Central,https://www.whatifsports.com/mlb-l/manage.asp?cLID=141465&lst=1,0,0,0,0,0,0,0,milwaukee,Milwaukee,1984.0,Milwaukee Brewers,71828062.88271604,70410532.81425364,-0.0240507578978475,85.0,1.3905662307876967,same-year final block row94; WIS wins,71828062.88271604,162.0,3.0,5.0,first,71828062.88271604,1.3905662307876967,83.8342295145299,1.3905662307877042,False,70009551.0,72342876.0,70257882.875,72342876.0,72342876.0,72342876.0,2.084993125,0.0,True,12.0,,32.0,31.0,2.0,2.0,1.0,1540.777777789045,5795.766484626101,5795.766485191753,5795.766485191753,5795.766485191753,38257439.2737037,6600.928345103599,0.7477726081185994,1540.7777777777778,1442.7777777777778,1568.7777777777778,34353456.37037037,22296.17850532439,3.690836705319584,3.4807067007523864,1.3427099927645965,782832.7613580376,1.0263045664562545,0.0,0.0,False,False,1.1657704854701052,24.0,0.0,0.0,1.0
1983,141465,1744718,Cleveland Tribe 83,harrelson,57,105,0.35185185185185186,30,15-27,18-20,1-7,782,970,National League,Central,https://www.whatifsports.com/mlb-l/manage.asp?cLID=141465&lst=1,0,0,0,0,0,0,0,cleveland,Cleveland,1984.0,Cleveland Tribe 83,60522807.0,71438283.349046,0.1482234192942221,57.0,-12.033032076992829,same-year final block row94; WIS wins,60522807.0,162.0,1.0,4.0,first,60522807.0,-12.033032076992829,64.79704978565259,-12.033032076992834,False,60522807.0,60522807.0,60522807.0,60522807.0,60522807.0,60522807.0,0.0,0.0,True,20.0,,28.0,26.0,2.0,1.0,0.0,1321.0,5440.0,5440.0,5364.0,5440.0,32099481.0,5900.6398897058825,0.7435553945772059,1321.0,1321.0,1321.0,28585119.0,21639.0,3.948125863739591,3.859153080242242,1.385406418016654,161793.0,0.8647711034651504,0.0,0.0,False,False,-7.797049785652589,24.0,0.0,1.0,0.0
1983,141465,1744966,Texas Rangers,frazzman80,95,67,0.5864197530864198,-,23-19,26-20,17-9,841,733,National League,West,https://www.whatifsports.com/mlb-l/manage.asp?cLID=141465&lst=1,1,0,0,1,1,5,6,texas,Texas Rangers,1984.0,Texas Rangers,74720157.04320988,70147615.16329966,-0.0659782721151406,95.0,6.835429585134173,same-year final block row94; WIS wins,74720157.04320988,162.0,2.0,13.0,first,74720157.04320988,6.835429585134173,88.92181214500305,6.835429585134145,False,73711651.0,75238548.0,73711651.0,74679927.14634146,75238548.0,75238548.0,1.526897,0.0,True,6.0,,32.0,27.0,0.0,1.0,0.0,1461.6851854986917,5669.0,5669.0,5669.0,5669.0,38553375.0,6800.736461457047,0.76072811896278,1461.685185185185,1286.685185185185,1461.685185185185,36166782.04320988,24743.209009556875,3.2202197643764814,3.165359622328363,1.2572118460807542,0.0,1.0676278226379343,1.0,0.0,False,False,6.078187854996955,24.0,0.0,0.0,0.0
1983,141465,1745105,St. Louis Perfectos '83,kermit,88,74,0.5432098765432098,7,21-21,25-27,7-6,874,744,National League,West,https://www.whatifsports.com/mlb-l/manage.asp?cLID=141465&lst=1,1,0,0,0,1,0,3,st-louis,St. Louis Perfectos,1984.0,St. Louis Perfectos '83,73167765.27160494,70288741.68799102,-0.0418512166476087,88.0,2.359979212041958,same-year final block row94; WIS wins,73167765.27160494,162.0,2.0,12.0,first,73167765.27160494,2.359979212041958,85.97109991367348,2.3599792120419627,False,74062827.0,73062827.0,73487827.0,73062827.0,73062827.0,73062827.0,-0.425,0.0,True,10.0,,26.0,25.0,0.0,1.0,0.0,1378.0,6107.0,6107.0,6107.0,6107.0,41612940.0,6813.974128049779,0.7707943567217946,1378.0,1302.0,1378.0,31449887.0,22822.84978229318,3.532062916545718,3.35574790275762,1.2999412053701016,-104938.2716049403,1.0454467042813285,0.0,0.0,False,False,2.028900086326516,24.0,0.0,0.0,0.0
1983,141465,1745456,San Francisco Quake,epup1975,83,79,0.5123456790123457,12,19-23,20-20,9-4,785,756,National League,West,https://www.whatifsports.com/mlb-l/manage.asp?cLID=141465&lst=1,0,0,0,0,0,0,0,quake,San Diego / San Francisco Quake,1984.0,San Francisco Quake,72356821.72839506,70362463.82828282,-0.0292861301349503,83.0,-1.7277215335468536,same-year final block row94; WIS wins,72356821.72839506,162.0,2.0,10.0,first,72356821.72839506,-1.7277215335468536,84.45922013330892,-1.7277215335468554,False,71461760.0,72461760.0,72036760.0,72461760.0,72461760.0,72461760.0,0.425,0.0,True,15.0,,32.0,32.0,3.0,0.0,0.0,1533.0,6130.0,6130.0,6130.0,6130.0,39887280.0,6506.89722675367,0.7347228454323003,1533.0,1533.0,1533.0,31999150.0,20873.5485975212,3.845422615133725,4.040729993476844,1.3713276164383563,-470391.7283950597,1.0338596583812671,0.0,0.0,False,True,-1.459220133308918,24.0,0.0,0.0,0.0
1983,141465,1745237,Seattle Sea Snakes,pi_kapp,77,85,0.47530864197530864,18,21-21,21-23,6-3,780,788,National League,West,https://www.whatifsports.com/mlb-l/manage.asp?cLID=141465&lst=1,0,0,0,0,0,0,0,seattle,Seattle Sea Snakes,1984.0,Seattle Sea Snakes,68833770.64197531,70682741.19977553,0.0249971632273617,77.0,-1.43039504938034,same-year final block row94; WIS wins,68833770.64197531,162.0,2.0,11.0,first,68833770.64197531,-1.43039504938034,78.11738723978313,-1.4303950493803397,False,69017398.0,68291846.0,69017398.0,69017398.0,69017398.0,68309121.04761904,-0.7082769523809552,0.0,True,14.0,,29.0,26.0,0.0,0.0,0.0,1447.024691342095,5501.0,5501.0,5501.0,5501.0,37745593.0,6861.587529540084,0.7153145894564624,1447.0246913580247,1447.0246913580247,1447.0246913580247,31088177.64197531,21484.206750334874,3.6453131875282616,3.606176841044629,1.2983366816072144,0.0,0.9835210682433824,0.0,0.0,False,True,-1.1173872397831277,24.0,0.0,0.0,0.0
1983,141465,1744807,Boston Synthesizers,eddiedzen,118,44,0.7283950617283951,-,31-11,25-11,5-2,1031,677,American League,East,https://www.whatifsports.com/mlb-l/manage.asp?cLID=141465&lst=1,1,1,1,3,0,11,1,boston,Boston,1984.0,Boston Synthesizers,78696623.0,68604495.0291807,-0.1455221396868048,118.0,19.05898818835435,same-year final block row94; WIS wins,78696623.0,162.0,1.0,22.0,second,78696623.0,19.05898818835435,99.11053486639832,19.05898818835434,False,78696623.0,78696623.0,78696623.0,78696623.0,78696623.0,78696623.0,0.0,0.0,True,2.0,,25.0,25.0,0.0,1.0,0.0,1326.0,6087.0,6087.0,5698.0,6087.0,46285791.0,7604.0399211434205,0.7832300800558568,1326.0,1326.0,1326.0,32410832.0,24442.558069381597,3.1466510143288087,3.0377550656108596,1.2316728725490196,0.0,1.1244449635439238,1.0,1.0,False,False,18.889465133601675,24.0,0.0,0.0,0.0
1983,141465,1744932,New York Eagles,just4me,84,78,0.5185185185185185,34,20-22,22-20,6-4,980,955,American League,East,https://www.whatifsports.com/mlb-l/manage.asp?cLID=141465&lst=1,1,0,0,0,1,0,3,new-york-eagles,New York Eagles,1984.0,New York Eagles,65754070.0,69781090.75645342,0.0584337716935396,84.0,12.964658233600112,same-year final block row94; WIS wins,65754070.0,162.0,1.0,28.0,second,65754070.0,12.964658233600112,74.35953980075435,12.964658233600112,False,65754070.0,65754070.0,65754070.0,65754070.0,65754070.0,65754070.0,0.0,0.0,True,4.0,,30.0,28.0,1.0,1.0,0.0,1292.0,6362.0,6362.0,6362.0,6362.0,39716117.0,6242.709368123232,0.7280452767997484,1292.0,1236.0,1292.0,26869290.0,20796.664086687302,3.846786438854489,4.061087914086687,1.3328959349845202,831337.0,0.9395172248244326,1.0,0.0,False,False,9.640460199245652,24.0,0.0,0.0,0.0
1983,141465,1745407,Toronto ModernDayWarriors,coldfoot,78,84,0.48148148148148145,40,19-23,17-22,7-9,960,1004,American League,East,https://www.whatifsports.com/mlb-l/manage.asp?cLID=141465&lst=1,0,0,0,0,0,0,0,toronto,Toronto,1984.0,Toronto ModernDayWarriors,65738043.96296296,69782547.66891134,0.058682055410451,78.0,4.934550805653942,same-year final block row94; WIS wins,65738043.96296296,162.0,2.0,32.0,second,65738043.96296296,4.934550805653942,74.33204735822561,4.934550805653948,False,66275081.0,65675081.0,65930081.0,65675081.0,65675081.0,65675081.0,-0.255,0.0,True,8.0,,26.0,26.0,0.0,0.0,0.0,1333.0,6367.0,6367.0,6367.0,6367.0,38779319.0,6090.673629652898,0.7268042083398775,1333.0,1333.0,1333.0,26895762.0,20176.865716429107,4.003524488372093,3.8498432603150783,1.3855349227306826,-62962.96296296269,0.939288239183818,1.0,0.0,False,True,3.667952641774391,24.0,0.0,0.0,0.0
1983,141465,1744975,Baltimore Firebirds,chargingryno,52,110,0.32098765432098764,66,14-28,14-19,4-5,635,993,American League,East,https://www.whatifsports.com/mlb-l/manage.asp?cLID=141465&lst=1,0,0,0,0,0,0,0,baltimore,Baltimore,1984.0,Baltimore Firebirds,60032447.66049383,70301238.24186307,0.1464221130745194,52.0,-19.9773631492597,same-year final block row94; WIS wins,60032447.66049383,162.0,3.0,21.0,second,60032447.66049383,-19.9773631492597,64.98161276163815,-19.97736314925972,False,63641083.0,59307758.0,62242751.125,59307758.0,59307758.0,59307758.0,-2.934993125,0.0,True,23.0,,27.0,27.0,0.0,1.0,1.0,1342.222222210955,5790.480747330989,5790.480746765337,5780.480746765337,5790.480746765337,33501907.336296298,5785.68668154385,0.6821706878610999,1342.2222222222222,1342.2222222222222,1342.2222222222222,25156078.62962963,18742.11156181016,4.118731121054084,4.018305498316777,1.397206651848786,-1374461.6945678964,0.8577646771584658,0.0,0.0,False,False,-12.981612761638146,24.0,1.0,1.0,1.0
1983,141465,1744683,Chicago Cornhuskers,wgasa,87,75,0.5370370370370371,-,19-23,22-15,10-8,895,831,American League,Central,https://www.whatifsports.com/mlb-l/manage.asp?cLID=141465&lst=1,1,0,0,0,1,1,3,cornhuskers,Chicago Cornhuskers,1984.0,Chicago Cornhuskers,72142106.66049382,69200360.150954,-0.0380571749144816,87.0,1.7391419985991647,same-year final block row94; WIS wins,72142106.66049382,162.0,4.0,23.0,second,72142106.66049382,1.7391419985991647,85.51281079331088,1.7391419985991918,False,75833839.0,70353332.0,75603839.0,72298727.48780487,70353332.0,70353332.0,-5.250507,0.0,True,11.0,,27.0,27.0,0.0,0.0,0.0,1541.0432097797325,6189.0,6189.0,6189.0,6189.0,38869977.0,6280.493940862822,0.7367966083858458,1541.0432098765432,1541.0432098765432,1541.0432098765432,33230154.35185185,21563.41505473685,3.5701557185007755,3.6167627980324375,1.311923255446647,-41975.30864197016,1.0307917341490096,0.0,0.0,False,True,1.4871892066891237,24.0,0.0,0.0,0.0
1983,141465,1745574,Detroit supremes,harrelson,82,80,0.5061728395061729,5,20-22,18-17,8-6,865,846,American League,Central,https://www.whatifsports.com/mlb-l/manage.asp?cLID=141465&lst=1,0,0,0,0,0,0,0,detroit,Detroit,1984.0,Detroit supremes,67693272.65432099,69604799.60606061,0.0316031501354578,82.0,5.989490281139067,same-year final block row94; WIS wins,67693272.65432099,162.0,2.0,24.0,second,67693272.65432099,5.989490281139067,77.36616128872164,5.989490281139065,False,67872285.0,67672285.0,67757285.0,67672285.0,67672285.0,67672285.0,-0.085,0.0,True,7.0,,33.0,28.0,0.0,0.0,0.0,1478.0,5974.0,5974.0,5974.0,5974.0,37288407.0,6241.782222966187,0.7160458453465014,1478.0,1478.0,1478.0,30383878.0,20557.42760487145,4.01574546955345,3.828045845737483,1.4023394161028415,-20987.65432098508,0.9672252328026432,1.0,0.0,False,True,4.633838711278358,24.0,0.0,0.0,0.0
1983,141465,1745144,Philly CRYPTKEEPERS,cpdpoet,80,82,0.49382716049382713,7,24-18,23-19,9-2,904,920,American League,Central,https://www.whatifsports.com/mlb-l/manage.asp?cLID=141465&lst=1,0,0,0,0,0,0,0,philly,Philadelphia CRYPTKEEPERS,1984.0,Philly CRYPTKEEPERS,73307570.0,69094408.93827161,-0.0564409286347839,80.0,-8.829675932583838,same-year final block row94; WIS wins,73307570.0,162.0,1.0,31.0,second,73307570.0,-8.829675932583838,87.74785086959191,-8.829675932583836,False,73307570.0,73307570.0,73307570.0,73307570.0,73307570.0,73307570.0,0.0,0.0,True,17.0,,27.0,27.0,2.0,0.0,0.0,1691.0,6501.0,6501.0,6501.0,6501.0,38917123.0,5986.328718658668,0.7175919480079986,1691.0,1691.0,1691.0,35846778.0,21198.567711413365,3.8961720177409815,3.95782247072738,1.3566093636901242,1456331.0,1.0474442832971835,0.0,0.0,False,True,-7.747850869591915,24.0,0.0,1.0,0.0
1983,141465,1745221,Minnesota Twins,schwingkid,78,84,0.48148148148148145,9,21-21,20-25,5-10,833,897,American League,Central,https://www.whatifsports.com/mlb-l/manage.asp?cLID=141465&lst=1,0,0,0,0,0,0,0,georgia-minnesota,Georgia / Minnetonka / Minnesota,1984.0,Minnesota Twins,75622916.0,68883922.93827161,-0.0931304426335588,78.0,-15.510325835444744,same-year final block row94; WIS wins,75622916.0,162.0,1.0,27.0,second,75622916.0,-15.510325835444744,92.31897361573944,-15.51032583544474,False,75622916.0,75622916.0,75622916.0,75622916.0,75622916.0,75622916.0,0.0,0.0,True,22.0,,28.0,26.0,1.0,1.0,0.0,1491.0,6282.0,6282.0,6282.0,6282.0,39258491.0,6249.361827443489,0.7179927088666029,1491.0,1471.0,1491.0,37155588.0,24919.911468812876,3.258389352783367,3.459626871227365,1.2493445043594902,791163.0,1.0805267593846462,0.0,0.0,False,False,-14.318973615739438,24.0,1.0,1.0,0.0
1983,141465,1745123,Newark Ironborn Bears,trentonjoe,99,63,0.6111111111111112,-,25-17,29-17,6-9,993,824,American League,West,https://www.whatifsports.com/mlb-l/manage.asp?cLID=141465&lst=1,1,0,0,1,1,3,4,socal-newark,SoCal / Newark,1984.0,Newark Ironborn Bears,69734830.41975309,69419203.44556679,-0.0028251557120085,99.0,21.72658360181989,same-year final block row94; WIS wins,69734830.41975309,162.0,2.0,29.0,second,69734830.41975309,21.72658360181989,81.32981068772878,21.726583601819872,False,68481744.0,69881744.0,69286744.0,69881744.0,69881744.0,69881744.0,0.595,0.0,True,1.0,,32.0,30.0,0.0,0.0,0.0,1368.0,5997.0,5997.0,5997.0,5997.0,40795773.0,6802.6968484242125,0.733039244155411,1368.0,1368.0,1368.0,29085971.0,21261.67470760234,3.679498403508772,3.512089122807019,1.2954350757309945,146913.58024691045,0.9963957265241352,1.0,1.0,False,True,17.67018931227122,24.0,0.0,0.0,0.0
1983,141465,1744968,Houston Colt 45's,frazzman80,81,81,0.5,18,24-18,18-25,8-7,916,857,American League,West,https://www.whatifsports.com/mlb-l/manage.asp?cLID=141465&lst=1,0,0,0,0,0,0,0,houston,Houston Colt .45s / Astros / flyBALLERS,1984.0,Houston Colt 45's,67708379.30864197,69603426.2738496,0.02881261116008,81.0,4.269964595660052,same-year final block row94; WIS wins,67708379.30864197,162.0,2.0,25.0,second,67708379.30864197,4.269964595660052,77.6829649018327,4.26996459566007,False,68066404.0,67666404.0,67836404.0,67666404.0,67666404.0,67666404.0,-0.17,0.0,True,9.0,,27.0,26.0,0.0,0.0,0.0,1346.0,6244.0,6244.0,6244.0,6244.0,38436662.0,6155.775464445868,0.7737170898942985,1346.0,1346.0,1346.0,28132161.0,20900.565378900446,3.8721141456166417,3.927462941307578,1.374132795690936,-1139556.3086419702,0.9674410819804056,0.0,0.0,False,True,3.3170350981672954,24.0,0.0,0.0,0.0
1983,141465,1744838,Kansas City Monarchs,big_dowg,66,96,0.4074074074074074,33,21-21,15-23,6-8,762,901,American League,West,https://www.whatifsports.com/mlb-l/manage.asp?cLID=141465&lst=1,0,0,0,0,0,0,0,kansas-city,Kansas City Monarchs,1984.0,Kansas City Monarchs,71156132.65432099,69289994.15151516,-0.0251154716231087,66.0,-21.39216739240983,same-year final block row94; WIS wins,71156132.65432099,162.0,2.0,26.0,second,71156132.65432099,-21.39216739240983,83.9610987997489,-21.39216739240985,False,71335145.0,71135145.0,71220145.0,71135145.0,71135145.0,71135145.0,-0.085,0.0,True,24.0,,31.0,27.0,2.0,0.0,1.0,1483.0,6304.644550302924,6304.644550302924,6304.644550302924,6304.644550302924,35464685.33,5625.16808791322,0.6785235343225797,1483.0,1483.0,1483.0,33736472.0,22748.801078894132,3.44555407552259,3.423791993256912,1.2609702061362105,-1954975.3243209869,1.016703791577112,0.0,0.0,False,False,-17.961098799748896,24.0,1.0,1.0,1.0
1983,141465,1746068,Oakland Bagchuckers,chrondon84,66,96,0.4074074074074074,33,14-28,22-27,7-8,736,921,American League,West,https://www.whatifsports.com/mlb-l/manage.asp?cLID=141465&lst=1,0,0,0,0,0,0,0,oakland,Oakland,1984.0,Oakland Bagchuckers,65759676.0,69780581.12008978,0.0590789895681214,66.0,-11.156708146016731,same-year final block row94; WIS wins,65759676.0,162.0,1.0,30.0,second,65759676.0,-11.156708146016731,74.28810732100413,-11.156708146016747,False,65759676.0,65759676.0,65759676.0,65759676.0,65759676.0,65759676.0,0.0,0.0,True,19.0,,27.0,27.0,2.0,0.0,1.0,1423.0,6256.167401382811,6256.167401382811,6256.167401382811,6256.167401382811,39035802.46,6239.571283110464,0.7120223143227885,1423.0,1423.0,1423.0,29425745.0,20678.66830639494,3.92822418411806,3.969413914265635,1.3646331033028811,2701871.4600000083,0.9395973253195404,0.0,0.0,False,False,-8.288107321004134,24.0,0.0,1.0,1.0
1984,142154,1758380,Pittsburgh Tanagers,coldfoot,105,57,0.6481481481481481,-,32-10,29-19,9-6,987,806,National League,East,https://www.whatifsports.com/mlb-l/manage.asp?cLID=142154&lst=1,1,1,1,3,0,11,4,pittsburg,Pittsburg Tanagers,1985.0,Pittsburgh Tanagers,85547434.0,68521381.57575758,-0.247237708963788,,,same-year final block row94; WIS wins,85547434.0,162.0,1.0,9.0,first,85547434.0,-7.274779629728514,113.23780043952736,-7.274779629728512,False,85547434.0,85547434.0,85547434.0,85547434.0,85547434.0,85547434.0,0.0,0.0,True,17.0,,32.0,26.0,1.0,0.0,0.0,1660.0,6310.0,6310.0,6310.0,6310.0,48567617.0,7696.928209191759,0.8068333955467512,1660.0,1660.0,1660.0,37203981.0,22412.036746987953,3.611515827710844,3.769306595180723,1.2945278837349394,224164.0,1.2241159054032231,0.0,0.0,False,True,-8.237800439527362,24.0,0.0,1.0,0.0
1984,142154,1758335,New York  Times,trentonjoe,75,87,0.46296296296296297,30,16-26,24-27,6-9,802,861,National League,East,https://www.whatifsports.com/mlb-l/manage.asp?cLID=142154&lst=1,0,0,0,0,0,0,0,new-york-times,New York Times,1985.0,New York Times,61907111.0,70670501.84848486,0.1237042931924054,,,same-year final block row94; WIS wins,61907111.0,162.0,1.0,8.0,first,61907111.0,11.38453699392208,67.33430153244029,11.38453699392208,False,61907111.0,61907111.0,61907111.0,61907111.0,61907111.0,61907111.0,0.0,0.0,True,7.0,,35.0,30.0,0.0,2.0,1.0,1317.7684211451678,5039.0,5039.0,4742.0,5039.0,34643150.0,6875.0049613018455,0.7624515745187538,1317.7684211451678,1220.7684211451678,1380.7684211451678,26833434.57,20362.784643663865,3.861835016875096,3.8136825006701,1.3432066608705229,-430526.4299999997,0.8858416400036364,1.0,0.0,False,False,7.665698467559707,24.0,0.0,0.0,1.0
1984,142154,1758722,Montreal Royales,stevebobldn,75,87,0.46296296296296297,30,22-20,31-22,5-7,778,881,National League,East,https://www.whatifsports.com/mlb-l/manage.asp?cLID=142154&lst=1,0,0,0,0,0,0,0,montreal,Montreal,1985.0,Montreal Royales,62382061.27160494,70627324.55106622,0.116474030075515,,,same-year final block row94; WIS wins,62382061.27160494,162.0,3.0,6.0,first,62382061.27160494,10.143637234202956,68.09290294320353,10.143637234202952,False,64874009.0,60972462.0,64285332.95,63310028.92682927,60972462.0,60972462.0,-3.312870950000003,0.0,True,8.0,,44.0,40.0,4.0,0.0,0.0,1639.5679008939735,5956.333330217738,5956.333333333334,5956.333333333334,5956.333333333334,36991899.518518515,6210.51533692739,0.7133935168425349,1639.567901234568,1639.567901234568,1639.567901234568,30108045.50617284,18363.402627913107,4.336635517631112,4.270774600557208,1.4613304508640488,4717883.753086418,0.8926378015547495,1.0,0.0,False,False,6.907097056796474,24.0,0.0,0.0,4.0
1984,142154,1758278,New York Nutcrackers,n4ser,57,105,0.35185185185185186,48,14-28,16-32,3-9,619,800,National League,East,https://www.whatifsports.com/mlb-l/manage.asp?cLID=142154&lst=1,0,0,0,0,0,0,0,new-york-nationals,New York Nutcrackers / Nationals,1985.0,New York Nutcrackers,72455966.0,69711515.03030303,-0.0389926967236825,,,same-year final block row94; WIS wins,72455966.0,162.0,1.0,7.0,first,72455966.0,-33.43117863523232,85.6256710445048,-33.43117863523233,False,72455966.0,72455966.0,72455966.0,72455966.0,72455966.0,72455966.0,0.0,0.0,True,23.0,,25.0,25.0,0.0,1.0,0.0,1570.0,6219.0,6219.0,6219.0,6256.0,35428358.0,5696.793375140698,0.7163695882456986,1570.0,1570.0,1570.0,36254275.0,23091.894904458597,3.5090475331210196,3.276727504458599,1.311115399363057,-773333.0,1.0367873853697958,0.0,0.0,False,False,-28.6256710445048,24.0,1.0,1.0,0.0
1984,142154,1758219,Milwaukee Brewers,dbrom,103,59,0.6358024691358025,-,27-15,25-22,3-9,892,670,National League,Central,https://www.whatifsports.com/mlb-l/manage.asp?cLID=142154&lst=1,1,0,0,0,1,0,3,milwaukee,Milwaukee,1985.0,Milwaukee Brewers,77642854.0,69239979.75757577,-0.1210542578361,,,same-year final block row94; WIS wins,77642854.0,162.0,1.0,5.0,first,77642854.0,7.404331924844483,95.89929768575222,7.404331924844465,False,77642854.0,77642854.0,77642854.0,77642854.0,77642854.0,77642854.0,0.0,0.0,True,11.0,,26.0,26.0,0.0,1.0,0.0,1431.0,6328.0,6328.0,6328.0,6328.0,38878810.0,6143.933312262959,0.7331507931099873,1431.0,1374.0,1524.0,38764044.0,27088.779874213837,2.9534593577917536,3.1836141418588406,1.1899915045422782,0.0,1.1110076372635591,0.0,0.0,False,False,7.100702314247783,24.0,0.0,0.0,0.0
1984,142154,1758310,Cincinnati Skyline,sinatra,95,67,0.5864197530864198,8,29-13,28-14,9-5,795,723,National League,Central,https://www.whatifsports.com/mlb-l/manage.asp?cLID=142154&lst=1,1,0,0,0,1,2,3,cincinnati-la,Cincinnati / LA,1985.0,Cincinnati Skyline,71856998.0,69765966.66666667,-0.0300422428781131,,,same-year final block row94; WIS wins,71856998.0,162.0,1.0,3.0,first,71856998.0,12.359918136186794,84.549723403015,12.359918136186776,False,71856998.0,71856998.0,71856998.0,71856998.0,71856998.0,71856998.0,0.0,0.0,True,6.0,,38.0,29.0,0.0,0.0,0.0,1292.0,5616.0,5616.0,5616.0,5616.0,40599891.0,7229.32532051282,0.7306709314280626,1292.0,1292.0,1292.0,31257107.0,24192.807275541796,3.3158825534055723,3.4667391447368425,1.2348380851393188,0.0,1.0282166285236285,1.0,0.0,False,True,10.450276596985006,24.0,0.0,0.0,0.0
1984,142154,1758206,Chicago Thunderbirds of '84,chargingryno,68,94,0.41975308641975306,35,14-28,17-27,2-7,830,901,National League,Central,https://www.whatifsports.com/mlb-l/manage.asp?cLID=142154&lst=1,0,0,0,0,0,0,0,thunderbears,Thunderbears — Houston / Brooklyn / Chicago,1985.0,Chicago Thunderbirds of '84,70371978.0,69900968.48484848,-0.0069036390190009,,,same-year final block row94; WIS wins,70371978.0,162.0,1.0,2.0,first,70371978.0,-16.87792588293322,81.8073907831399,-16.87792588293322,False,70371978.0,70371978.0,70371978.0,70371978.0,70371978.0,70371978.0,0.0,0.0,True,19.0,,27.0,27.0,0.0,0.0,0.0,1354.0,5780.0,5780.0,5780.0,5780.0,41589828.0,7195.471972318339,0.766977310415225,1354.0,1354.0,1354.0,28782150.0,21257.1270310192,3.9100859217134416,3.9499665251846383,1.3803107974889215,0.0,1.0069671705697882,0.0,0.0,False,True,-13.807390783139894,24.0,0.0,1.0,0.0
1984,142154,1758225,Cleveland Indians 84,harrelson,66,96,0.4074074074074074,37,14-28,19-21,5-4,797,933,National League,Central,https://www.whatifsports.com/mlb-l/manage.asp?cLID=142154&lst=1,0,0,0,0,0,0,0,cleveland,Cleveland,1985.0,Cleveland Indians 84,60118980.0,70833059.21212122,0.1504451257730519,,,same-year final block row94; WIS wins,60118980.0,162.0,1.0,4.0,first,60118980.0,2.214951582218452,64.5698099723813,2.2149515822184496,False,60118980.0,60118980.0,60118980.0,60118980.0,60118980.0,60118980.0,0.0,0.0,True,14.0,,30.0,25.0,0.0,0.0,0.0,1371.0,5132.0,5132.0,5132.0,5132.0,30086258.0,5862.482073265784,0.7292178871979735,1371.0,1371.0,1371.0,27816217.0,20288.998541210796,4.254166720641867,4.130525742523707,1.4429764784828591,-2216505.0,0.860254904134451,0.0,0.0,False,True,1.430190027618707,24.0,0.0,0.0,0.0
1984,142154,1758449,Texas Rangers,frazzman80,91,71,0.5617283950617284,-,25-17,22-23,5-5,817,691,National League,West,https://www.whatifsports.com/mlb-l/manage.asp?cLID=142154&lst=1,1,0,0,1,1,4,4,texas,Texas Rangers,1985.0,Texas Rangers,66905813.0,70216074.39393939,0.0462316677041297,,,same-year final block row94; WIS wins,66905813.0,162.0,1.0,13.0,first,66905813.0,20.182623599829306,75.71810073226698,20.18262359982927,False,66905813.0,66905813.0,66905813.0,66905813.0,66905813.0,66905813.0,0.0,0.0,True,2.0,,32.0,27.0,1.0,0.0,0.0,1411.0,5978.0,5978.0,5978.0,5978.0,36157052.0,6048.352626296421,0.7188797734861158,1411.0,1411.0,1411.0,30748761.0,21792.17647058823,3.5802322388377044,3.5513519057406095,1.3117515790219705,0.0,0.9573690995481378,1.0,1.0,False,True,15.281899267733024,24.0,0.0,0.0,0.0
1984,142154,1758798,Seattle Sea Snakes,pi_kapp,88,74,0.5432098765432098,3,22-20,23-21,12-5,844,802,National League,West,https://www.whatifsports.com/mlb-l/manage.asp?cLID=142154&lst=1,0,0,0,0,0,0,0,seattle,Seattle Sea Snakes,1985.0,Seattle Sea Snakes,69321556.06172839,69996461.38832773,0.0088818095357253,,,same-year final block row94; WIS wins,69321556.06172839,162.0,2.0,11.0,first,69321556.06172839,10.043360651695057,79.96847740640543,10.043360651695066,False,67908274.0,70570503.0,67908274.0,68232936.07317074,70570503.0,70570503.0,2.662229,0.0,True,9.0,,28.0,28.0,0.0,0.0,0.0,1575.222222626049,5726.567902876633,5726.567901234567,5726.567901234567,5726.567901234567,39355679.04938271,6872.472260548623,0.711385966456111,1575.2222222222222,1575.2222222222222,1575.2222222222222,29859704.172839507,18955.867782715355,4.119564724953563,4.084236933060591,1.3920899187651357,-106172.8395061791,0.9919364660600216,0.0,0.0,False,True,8.031522593594573,24.0,0.0,0.0,0.0
1984,142154,1758365,St. Louis Perfectos '84,kermit,84,78,0.5185185185185185,7,22-20,22-23,6-7,760,724,National League,West,https://www.whatifsports.com/mlb-l/manage.asp?cLID=142154&lst=1,0,0,0,0,0,0,0,st-louis,St. Louis Perfectos,1985.0,St. Louis Perfectos '84,66303365.0,70270842.39393939,0.0555097604267926,,,same-year final block row94; WIS wins,66303365.0,162.0,1.0,12.0,first,66303365.0,12.474240530241993,74.68376723772066,12.474240530241998,False,66303365.0,66303365.0,66303365.0,66303365.0,66303365.0,66303365.0,0.0,0.0,True,5.0,,26.0,25.0,0.0,1.0,0.0,1355.0,5873.0,5873.0,5873.0,5873.0,35881375.0,6109.5479312106245,0.7201104470117486,1355.0,1337.0,1355.0,30423301.0,22452.620664206643,3.5590451047970477,3.592411156457564,1.3140761335793356,1311.0,0.9487485466630756,1.0,0.0,False,False,9.31623276227934,24.0,0.0,0.0,0.0
1984,142154,1758207,San Francisco Quake,epup1975,73,89,0.4506172839506173,18,15-27,23-23,7-5,758,823,National League,West,https://www.whatifsports.com/mlb-l/manage.asp?cLID=142154&lst=1,0,0,0,0,0,0,0,quake,San Diego / San Francisco Quake,1985.0,San Francisco Quake,74468515.0,69528556.03030303,-0.071482321860258,,,same-year final block row94; WIS wins,74468515.0,162.0,1.0,10.0,first,74468515.0,-18.530284957562763,89.6038484508932,-18.53028495756276,False,74468515.0,74468515.0,74468515.0,74468515.0,74468515.0,74468515.0,0.0,0.0,True,21.0,,27.0,27.0,2.0,0.0,0.0,1596.0,6459.0,6459.0,6459.0,6459.0,41010885.0,6349.417092429168,0.7333393884037777,1596.0,1596.0,1596.0,33457630.0,20963.42731829574,3.893828444235589,3.87931627443609,1.4061656766917294,0.0,1.065585364761011,0.0,0.0,False,True,-16.603848450893196,24.0,0.0,1.0,0.0
1984,142154,1758215,Boston Synthesizers,eddiedzen,122,40,0.7530864197530864,-,30-12,20-11,7-5,1172,703,American League,East,https://www.whatifsports.com/mlb-l/manage.asp?cLID=142154&lst=1,1,0,0,0,1,2,3,boston,Boston,1985.0,Boston Synthesizers,85549629.0,68400871.06060606,-0.2468743394983295,,,same-year final block row94; WIS wins,85549629.0,162.0,1.0,22.0,second,85549629.0,7.78812327260727,113.1850117581595,7.788123272607272,False,85549629.0,85549629.0,85549629.0,85549629.0,85549629.0,85549629.0,0.0,0.0,True,10.0,,25.0,25.0,0.0,0.0,0.0,1353.0,6348.0,6348.0,6348.0,6348.0,50977370.0,8030.461562696913,0.8170187798204157,1353.0,1353.0,1353.0,34572259.0,25552.29785661493,3.080122527716186,3.1743059401330376,1.233784549150037,0.0,1.224147314111664,0.0,0.0,False,True,8.814988241840496,24.0,0.0,0.0,0.0
1984,142154,1758381,Toronto ModernDayWarriors,coldfoot,91,71,0.5617283950617284,31,21-21,23-20,7-4,962,840,American League,East,https://www.whatifsports.com/mlb-l/manage.asp?cLID=142154&lst=1,1,0,0,0,1,1,3,toronto,Toronto,1985.0,Toronto ModernDayWarriors,75511854.0,69313396.06060606,-0.0862918738237942,,,same-year final block row94; WIS wins,75511854.0,162.0,1.0,32.0,second,75511854.0,-0.498190549325398,91.45562327196758,-0.4981905493253946,False,75511854.0,75511854.0,75511854.0,75511854.0,75511854.0,75511854.0,0.0,0.0,True,16.0,,27.0,25.0,0.0,1.0,0.0,1421.0,6642.0,6642.0,6642.0,6642.0,44416530.0,6687.222222222223,0.734258163474857,1421.0,1398.0,1421.0,31095324.0,21882.705137227305,3.648736517241379,3.6216891055594655,1.3304213786066152,0.0,1.0805147180438637,0.0,0.0,False,False,-0.4556232719675819,24.0,0.0,0.0,0.0
1984,142154,1758284,New York Eagles,just4me,88,74,0.5432098765432098,34,22-20,26-27,10-9,867,777,American League,East,https://www.whatifsports.com/mlb-l/manage.asp?cLID=142154&lst=1,0,0,0,0,0,0,0,new-york-eagles,New York Eagles,1985.0,New York Eagles,71488932.66666667,69679116.18181819,-0.0231145530220528,,,same-year final block row94; WIS wins,71488932.66666667,162.0,2.0,28.0,second,71488932.66666667,5.108798998591677,83.7227718691554,5.108798998591668,False,70410267.0,71649585.0,70998943.05,71649585.0,71649585.0,71649585.0,0.650641950000003,0.0,True,12.0,,29.0,28.0,0.0,0.0,0.0,1361.0,5852.444444327105,5852.444444444444,5852.444444444444,5852.444444444444,38136897.74074074,6516.4049146921825,0.7397069267884264,1361.0,1361.0,1361.0,33526109.0,24633.437913299043,3.2848185172667153,3.5189237986774433,1.2293550590007345,174074.07407407463,1.0229499056344196,0.0,0.0,False,True,4.277228130844605,24.0,0.0,0.0,0.0
1984,142154,1758205,Baltimore Firebirds of '84,chargingryno,51,111,0.3148148148148148,71,11-31,21-28,10-7,641,1036,American League,East,https://www.whatifsports.com/mlb-l/manage.asp?cLID=142154&lst=1,0,0,0,0,0,0,0,baltimore,Baltimore,1985.0,Baltimore Firebirds of '84,60979032.0,70634561.6969697,0.1388493370115883,,,same-year final block row94; WIS wins,60979032.0,162.0,1.0,21.0,second,60979032.0,-22.446074868616815,65.76069478572684,-22.446074868616815,False,60979032.0,60979032.0,60979032.0,60979032.0,60979032.0,60979032.0,0.0,0.0,True,22.0,,34.0,28.0,1.0,1.0,0.0,1396.0,5885.0,5885.0,5863.0,5885.0,32868343.0,5585.105012744265,0.7106748773661853,1396.0,1396.0,1396.0,27442962.0,19658.28223495702,4.114251468481376,3.993574636819484,1.3970712163323782,-667727.0,0.8725615658710714,0.0,0.0,False,False,-14.76069478572684,24.0,1.0,1.0,0.0
1984,142154,1758224,Detroit Supremes 84,harrelson,105,57,0.6481481481481481,-,25-17,29-18,5-2,1105,788,American League,Central,https://www.whatifsports.com/mlb-l/manage.asp?cLID=142154&lst=1,1,0,1,2,1,8,5,detroit,Detroit,1985.0,Detroit Supremes 84,75805624.0,69286689.6969697,-0.0940014367418348,,,same-year final block row94; WIS wins,75805624.0,162.0,1.0,24.0,second,75805624.0,13.60032678240184,92.42931158210882,13.600326782401815,False,75805624.0,75805624.0,75805624.0,75805624.0,75805624.0,75805624.0,0.0,0.0,True,3.0,,44.0,26.0,0.0,0.0,1.0,1336.2315788548322,6366.0,6366.0,6366.0,6366.0,45141814.0,7091.079798931825,0.7620579889098332,1336.2315788548322,1336.2315788548322,1336.2315788548322,30224123.43,22618.926171391988,3.5228886336630967,3.303317300827346,1.3268383664098335,-439686.5699999929,1.084718333660555,1.0,1.0,False,False,12.570688417891176,24.0,0.0,0.0,1.0
1984,142154,1758290,Chicago Cornhuskers,wgasa,87,75,0.5370370370370371,18,21-21,21-23,4-5,936,850,American League,Central,https://www.whatifsports.com/mlb-l/manage.asp?cLID=142154&lst=1,0,0,0,0,0,0,0,cornhuskers,Chicago Cornhuskers,1985.0,Chicago Cornhuskers,72523493.0,69585065.24242425,-0.0423550142220269,,,same-year final block row94; WIS wins,72523493.0,162.0,1.0,23.0,second,72523493.0,1.125079832790193,86.03207052479372,1.1250798327901768,False,72523493.0,72523493.0,72523493.0,72523493.0,72523493.0,72523493.0,0.0,0.0,True,15.0,,35.0,28.0,2.0,1.0,0.0,1473.0,6408.0,6408.0,6402.0,6408.0,41222317.0,6432.945848938826,0.7503473234862671,1473.0,1473.0,1473.0,30750591.0,20876.164969450103,3.795391877121521,3.462668739307536,1.3480837338764426,-550585.0,1.037753643162451,0.0,0.0,False,False,0.967929475206276,24.0,0.0,0.0,0.0
1984,142154,1758311,Minnesota Upper Midwestern Dialects,sinatra,81,81,0.5,24,19-23,25-13,6-4,792,880,American League,Central,https://www.whatifsports.com/mlb-l/manage.asp?cLID=142154&lst=1,0,0,0,0,0,0,0,georgia-minnesota,Georgia / Minnetonka / Minnesota,1985.0,Minnesota Upper Midwestern Dialects,60753927.0,70655025.7878788,0.1392599103878433,,,same-year final block row94; WIS wins,60753927.0,162.0,1.0,27.0,second,60753927.0,23.253296245189727,65.71832353989576,23.25329624518975,False,60753927.0,60753927.0,60753927.0,60753927.0,60753927.0,60753927.0,0.0,0.0,True,1.0,,29.0,28.0,0.0,1.0,0.0,1335.0,6152.0,6152.0,6152.0,6345.0,32997192.0,5363.652795838751,0.6866204706762029,1335.0,1335.0,1335.0,27756735.0,20791.56179775281,3.7781099385767782,3.816328864419475,1.3028570539325843,0.0,0.8693404919241217,1.0,1.0,False,False,15.281676460104237,24.0,0.0,0.0,0.0
1984,142154,1758228,Philly CRYPTKEEPERS,cpdpoet,79,83,0.4876543209876543,26,19-23,18-21,3-6,829,866,American League,Central,https://www.whatifsports.com/mlb-l/manage.asp?cLID=142154&lst=1,0,0,0,0,0,0,0,philly,Philadelphia CRYPTKEEPERS,1985.0,Philly CRYPTKEEPERS,67217054.0,70067468.78787878,0.0402147211667513,,,same-year final block row94; WIS wins,67217054.0,162.0,1.0,31.0,second,67217054.0,3.4120674618095497,76.39340546902322,3.4120674618095537,False,67217054.0,67217054.0,67217054.0,67217054.0,67217054.0,67217054.0,0.0,0.0,True,13.0,,30.0,27.0,2.0,0.0,0.0,1682.0,5922.0,5922.0,5922.0,5922.0,35681058.0,6025.170212765957,0.7028094776933469,1682.0,1682.0,1682.0,32736913.0,19463.087395957195,4.109261618311534,3.978218123662306,1.383110521997622,1200917.0,0.96182271131297,0.0,0.0,False,True,2.6065945309767784,24.0,0.0,0.0,0.0
1984,142154,1758253,Newark Ironborn Bears,trentonjoe,80,82,0.49382716049382713,-,25-17,19-21,5-6,817,800,American League,West,https://www.whatifsports.com/mlb-l/manage.asp?cLID=142154&lst=1,1,0,0,1,1,3,6,socal-newark,SoCal / Newark,1985.0,Newark Ironborn Bears,63869518.0,70371790.24242423,0.09028764778663,,,same-year final block row94; WIS wins,63869518.0,162.0,1.0,29.0,second,63869518.0,12.865469751825866,70.8808461754582,12.865469751825875,False,63869518.0,63869518.0,63869518.0,63869518.0,63869518.0,63869518.0,0.0,0.0,True,4.0,,29.0,29.0,0.0,1.0,0.0,1326.0,5849.0,5849.0,5849.0,5849.0,34439560.0,5888.110788168918,0.7165924558557017,1326.0,1205.0,1326.0,29429958.0,22194.53846153846,3.4761773024132725,3.5247255942684763,1.3109866417797889,0.0,0.9139221271585712,1.0,0.0,False,False,9.119153824541796,24.0,0.0,0.0,0.0
1984,142154,1758223,Houston Hounds,fabulous,78,84,0.48148148148148145,2,26-16,12-20,7-6,798,820,American League,West,https://www.whatifsports.com/mlb-l/manage.asp?cLID=142154&lst=1,0,0,0,0,0,0,0,houston,Houston Colt .45s / Astros / flyBALLERS,1985.0,Houston Hounds,76454917.0,69227663.06060606,-0.1057282932711981,,,same-year final block row94; WIS wins,76454917.0,162.0,1.0,25.0,second,76454917.0,-16.95345145118777,93.9232290360074,-16.95345145118776,False,76454917.0,76454917.0,76454917.0,76454917.0,76454917.0,76454917.0,0.0,0.0,True,20.0,,25.0,25.0,0.0,0.0,0.0,1581.0,6235.0,6235.0,6235.0,6235.0,40669171.0,6522.721892542101,0.7454449903448276,1581.0,1581.0,1581.0,35785746.0,22634.88045540797,3.518963831752056,3.703158218216319,1.302784990512334,0.0,1.094009201327807,0.0,0.0,False,True,-15.9232290360074,24.0,0.0,1.0,0.0
1984,142154,1758249,Oakland Nights,duhbigcat,68,94,0.41975308641975306,12,24-18,18-23,7-7,670,780,American League,West,https://www.whatifsports.com/mlb-l/manage.asp?cLID=142154&lst=1,0,0,0,0,0,0,0,oakland,Oakland,1985.0,Oakland Nights,67579275.0,70034539.60606061,0.0331743471241573,,,same-year final block row94; WIS wins,67579275.0,162.0,1.0,30.0,second,67579275.0,-11.903552313455624,77.18812935789481,-11.903552313455624,False,67579275.0,67579275.0,67579275.0,67579275.0,67579275.0,67579275.0,0.0,0.0,True,18.0,,27.0,26.0,0.0,0.0,0.0,1489.0,5797.0,5797.0,5797.0,5797.0,34588746.0,5966.663101604278,0.6845529346213558,1489.0,1489.0,1489.0,31434219.0,21110.959704499663,3.7728694325050367,3.721264791806582,1.317514767629281,-1556310.0,0.967005806429196,0.0,0.0,False,True,-9.188129357894807,24.0,0.0,1.0,0.0
1984,142154,1758470,Kansas City Monarchs,big_dowg,34,128,0.20987654320987653,46,9-33,13-25,2-6,637,1150,American League,West,https://www.whatifsports.com/mlb-l/manage.asp?cLID=142154&lst=1,0,0,0,0,0,0,0,kansas-city,Kansas City Monarchs,1985.0,Kansas City Monarchs,60225955.0,70703023.24242425,0.1458515032798455,,,same-year final block row94; WIS wins,60225955.0,162.0,1.0,26.0,second,60225955.0,-47.72458824904868,65.04013810925413,-47.72458824904868,False,60225955.0,60225955.0,60225955.0,60225955.0,60225955.0,60225955.0,0.0,0.0,True,24.0,,32.0,32.0,1.0,0.0,0.0,1613.0,5757.0,5757.0,5757.0,5757.0,28694006.0,4984.194198367205,0.6421545504950494,1613.0,1613.0,1613.0,31933003.0,19797.274023558588,4.0579689125852445,3.9742899969001857,1.3539015407315562,401054.0,0.8617856315082318,0.0,0.0,False,True,-31.04013810925413,24.0,1.0,1.0,0.0
1985,143210,1773044,Pittsburgh Tanagers,coldfoot,98,64,0.6049382716049383,-,25-17,23-22,4-3,863,742,National League,East,https://www.whatifsports.com/mlb-l/manage.asp?cLID=143210&lst=1,1,1,1,3,0,11,5,pittsburg,Pittsburg Tanagers,1986.0,Pittsburgh Tanagers,77908023.0,71680856.78994918,-0.0922455332537769,98.0,6.282648984159129,same-year final block row4; WIS wins,77908023.0,161.0,1.0,9.0,first,77908023.0,6.282648984159129,92.20696034270505,6.282648984159134,False,77908023.0,77908023.0,77908023.0,77908023.0,77908023.0,,,0.0,True,7.0,,28.0,25.0,0.0,1.0,0.0,1489.0,5676.0,5676.0,5675.0,5676.0,43362751.0,7639.667195207893,0.8150119594432698,1489.0,1489.0,1489.0,34515086.0,23180.04432505037,3.490216547347213,3.434889353928811,1.3192599926124915,-30186.0,1.1000760805834369,1.0,0.0,False,False,5.793039657294955,24.0,0.0,0.0,0.0
1985,143210,1772989,Montreal Royales,stevebobldn,97,65,0.5987654320987654,1,26-16,24-14,7-6,815,741,National League,East,https://www.whatifsports.com/mlb-l/manage.asp?cLID=143210&lst=1,1,0,0,1,1,6,6,montreal,Montreal,1986.0,Montreal Royales,70432162.0,72360480.51722191,0.0208633800143519,97.0,23.425831767787272,same-year final block row4; WIS wins,70432162.0,161.0,1.0,6.0,first,70432162.0,23.425831767787272,78.58970736571199,23.425831767787276,False,70432162.0,70432162.0,70432162.0,70432162.0,70432162.0,,,0.0,True,3.0,,37.0,30.0,0.0,1.0,0.0,1561.0,6017.0,6017.0,6017.0,6017.0,41150326.0,6839.010470334054,0.724891770117999,1561.0,1558.0,1561.0,30073303.0,19265.40871236387,4.18982600768738,4.1194583177450355,1.420742868673927,791467.0,0.9945155034928518,1.0,1.0,False,False,18.410292634288012,24.0,0.0,0.0,0.0
1985,143210,1772975,New York  Times,trentonjoe,94,68,0.5802469135802469,4,17-25,28-21,4-3,793,674,National League,East,https://www.whatifsports.com/mlb-l/manage.asp?cLID=143210&lst=1,0,0,0,0,0,0,0,new-york-times,New York Times,1986.0,New York Times,76139249.0,71841654.42631282,-0.0652909218723785,94.0,5.811919150382304,same-year final block row4; WIS wins,76139249.0,161.0,1.0,8.0,first,76139249.0,5.811919150382304,88.83687277839188,5.811919150382305,False,76139249.0,76139249.0,76139249.0,76139249.0,76139249.0,,,0.0,True,8.0,,37.0,32.0,1.0,0.0,0.0,1299.0,5656.0,5656.0,5656.0,5656.0,40914753.0,7233.867220650636,0.7582016920261668,1299.0,1299.0,1299.0,35224876.0,27116.917628945343,2.9985003256351037,3.2255653071593535,1.152651384834488,380.0,1.0751006557885106,1.0,0.0,False,True,5.163127221608121,24.0,0.0,0.0,0.0
1985,143210,1772983,New York Nutrackers,just4me,85,77,0.5246913580246914,13,16-26,31-19,9-6,757,813,National League,East,https://www.whatifsports.com/mlb-l/manage.asp?cLID=143210&lst=1,0,0,0,0,0,0,0,new-york-nationals,New York Nutcrackers / Nationals,1986.0,New York Nutrackers,64154151.0,72931208.78994918,0.1142205031530169,85.0,24.395722231675563,same-year final block row4; WIS wins,64154151.0,161.0,1.0,7.0,first,64154151.0,24.395722231675563,68.33032396539757,24.395722231675563,False,64154151.0,64154151.0,64154151.0,64154151.0,64154151.0,,,0.0,True,2.0,,29.0,26.0,1.0,1.0,0.0,1392.0,5848.0,5848.0,5848.0,5848.0,35443129.0,6060.726573187415,0.7432380889021888,1392.0,1392.0,1393.0,29121000.0,20920.258620689656,3.911771594109197,4.062534724137931,1.3669333994252872,409978.0,0.9058687958907388,1.0,1.0,False,False,16.669676034602432,24.0,0.0,0.0,0.0
1985,143210,1773319,Milwaukee Brewers,cdew8,96,66,0.5925925925925926,-,24-18,25-21,9-3,922,734,National League,Central,https://www.whatifsports.com/mlb-l/manage.asp?cLID=143210&lst=1,1,0,0,0,1,2,3,milwaukee,Milwaukee,1986.0,Milwaukee Brewers,77358388.0,71730823.60813099,-0.0851101472940229,96.0,5.139843696437184,same-year final block row4; WIS wins,77358388.0,161.0,1.0,5.0,first,77358388.0,5.139843696437184,91.30696472896992,5.139843696437185,False,77358388.0,77358388.0,77358388.0,77358388.0,77358388.0,,,0.0,True,9.0,,26.0,26.0,1.0,1.0,0.0,1538.0,6228.0,6228.0,5845.0,6343.0,41079000.0,6595.857418111754,0.7332368350995505,1538.0,1538.0,1538.0,35348450.0,22983.387516254876,3.5445430331599477,3.711227256827048,1.2948321150845252,-930938.0,1.0923151300000613,0.0,0.0,False,False,4.693035271030084,24.0,0.0,0.0,0.0
1985,143210,1772966,Cincinnati Skyline,sinatra,90,72,0.5555555555555556,6,28-14,22-14,6-4,799,677,National League,Central,https://www.whatifsports.com/mlb-l/manage.asp?cLID=143210&lst=1,0,0,0,0,0,0,0,cincinnati-la,Cincinnati / LA,1986.0,Cincinnati Skyline,75612775.0,71889515.69904009,-0.0585419511794173,90.0,2.2662018752342727,same-year final block row4; WIS wins,75612775.0,161.0,1.0,3.0,first,75612775.0,2.2662018752342727,88.00561510028587,2.266201875234275,False,75612775.0,75612775.0,75612775.0,75612775.0,75612775.0,,,0.0,True,12.0,,33.0,28.0,1.0,0.0,0.0,1394.0,6073.0,6073.0,6073.0,6073.0,38131822.0,6278.910258521324,0.7411524591635107,1394.0,1394.0,1394.0,37757121.0,27085.452654232424,3.073699428981349,2.9170062725968435,1.185617406599713,276168.0,1.067666742923733,0.0,0.0,False,True,1.9943848997141345,24.0,0.0,0.0,0.0
1985,143210,1772945,Chicago Thunderbears of '85,chargingryno,68,94,0.41975308641975306,28,16-26,12-22,6-10,772,917,National League,Central,https://www.whatifsports.com/mlb-l/manage.asp?cLID=143210&lst=1,0,0,0,0,0,0,0,thunderbears,Thunderbears — Houston / Brooklyn / Chicago,1986.0,Chicago Thunderbears of '85,64568760.92546584,72893516.97854319,0.1068666027990693,68.0,-1.6037935619440655,same-year final block row4; WIS wins,64568760.92546584,161.0,3.0,2.0,first,64568760.92546584,-1.6037935619440655,69.10835535393178,-1.6037935619440669,False,67560802.0,59695815.0,67560802.0,67560802.0,63477362.35897436,,,0.0,True,15.0,,41.0,33.0,4.0,1.0,0.0,1387.5555553316258,5899.999999509525,5899.999999999999,5884.999999999999,5899.999999999999,38044100.5925926,6448.152642812305,0.7159594972570622,1387.5555555555557,1387.5555555555557,1387.5555555555557,29032148.722222224,20923.233384048686,3.8413531017243225,3.895711518137411,1.3709418802930815,2507488.389348984,0.9117231667785411,0.0,0.0,False,False,-1.1083553539317847,24.0,0.0,0.0,0.0
1985,143210,1773022,Cleveland Wahoos,harrelson,52,110,0.32098765432098764,44,16-26,18-32,6-9,625,838,National League,Central,https://www.whatifsports.com/mlb-l/manage.asp?cLID=143210&lst=1,0,0,0,0,0,0,0,cleveland,Cleveland,1986.0,Cleveland Wahoos,63810430.63975155,72962456.0954263,0.1180572583257214,52.0,-23.446532046064338,same-year final block row4; WIS wins,63810430.63975155,161.0,2.0,4.0,first,63810430.63975155,-23.446532046064338,67.92638059361313,-23.446532046064338,False,64902049.0,62317482.0,64902049.0,64902049.0,63112733.384615384,,,0.0,True,23.0,,33.0,28.0,1.0,1.0,0.0,1437.0,5806.123457474974,5806.123456790123,5806.123456790123,5806.123456790123,34596713.02469136,5958.659556959873,0.7032617865159391,1437.0,1437.0,1437.0,29673841.0,20649.854558107167,3.795399671537927,3.7987008489909537,1.3688280723729993,460123.3849398047,0.9010153991267258,0.0,0.0,False,False,-15.926380593613132,24.0,1.0,1.0,0.0
1985,143210,1772999,Seattle Sea Snakes,pi_kapp,92,70,0.5679012345679012,-,27-15,23-20,7-9,893,744,National League,West,https://www.whatifsports.com/mlb-l/manage.asp?cLID=143210&lst=1,1,0,0,0,1,1,3,seattle,Seattle Sea Snakes,1986.0,Seattle Sea Snakes,80325379.33540373,71461097.1230943,-0.1279361004257616,92.0,-4.954186734118977,same-year final block row4; WIS wins,80325379.33540373,161.0,2.0,11.0,first,80325379.33540373,-4.954186734118977,96.79542616215964,-4.954186734118982,False,79821429.0,81352297.0,79821429.0,79821429.0,80292465.3076923,,,0.0,True,16.0,,30.0,28.0,1.0,0.0,0.0,1542.5061731390526,6124.753086686211,6124.753086419753,6124.753086419753,6124.753086419753,47184513.74691358,7703.9046441781475,0.7513919097672872,1542.5061728395062,1542.5061728395062,1542.5061728395062,33137754.783950616,21483.061375987447,3.628480643065237,3.5782234136406195,1.2951778035864354,-3110.8045395314693,1.1342096111291222,0.0,0.0,False,True,-4.795426162159643,24.0,0.0,0.0,0.0
1985,143210,1773158,Texas Rangers,frazzman80,84,78,0.5185185185185185,8,29-13,26-23,5-7,790,719,National League,West,https://www.whatifsports.com/mlb-l/manage.asp?cLID=143210&lst=1,0,0,0,0,0,0,0,texas,Texas Rangers,1986.0,Texas Rangers,70059410.42857143,72394367.0237154,0.0277742231825804,84.0,7.967694768922279,same-year final block row4; WIS wins,70059410.42857143,161.0,2.0,13.0,first,70059410.42857143,7.967694768922279,77.80104982307985,7.967694768922273,False,70651553.0,69269887.0,70651553.0,70651553.0,69659587.66666667,,,0.0,True,5.0,,29.0,29.0,0.0,1.0,0.0,1395.4999999372426,5971.53703705034,5971.5370370370365,5971.5370370370365,5971.5370370370365,36018172.5,6031.641816270394,0.7435229253247659,1395.5,1257.5,1395.5,34244893.12962963,24539.51496211367,3.3087730189896094,3.4456225041203865,1.254989715713205,203655.20105819404,0.9892521805135424,1.0,0.0,False,False,6.19895017692015,24.0,0.0,0.0,0.0
1985,143210,1773274,St. Louis Perfectos '85,kermit,75,87,0.46296296296296297,17,13-29,16-27,3-5,753,717,National League,West,https://www.whatifsports.com/mlb-l/manage.asp?cLID=143210&lst=1,0,0,0,0,0,0,0,st-louis,St. Louis Perfectos,1986.0,St. Louis Perfectos '85,74843624.36024845,71959438.48447205,-0.0442883835478311,75.0,-13.059912465826931,same-year final block row4; WIS wins,74843624.36024845,161.0,2.0,12.0,first,74843624.36024845,-13.059912465826931,86.26630375834411,-13.059912465826928,False,73752006.0,76336573.0,73752006.0,73752006.0,75541321.61538461,,,0.0,True,18.0,,29.0,27.0,1.0,1.0,0.0,1391.0,5985.876542525026,5985.876543209877,5985.876543209877,5985.876543209877,42488363.975308634,7098.102286039564,0.7592261152965003,1391.0,1386.0,1391.0,32548522.0,23399.368799424876,3.5246283033788637,3.3590276319194827,1.308464242990654,193261.61506018043,1.0568061898179748,0.0,0.0,False,False,-11.266303758344108,24.0,0.0,1.0,0.0
1985,143210,1773327,San Francisco Quake,epup1975,68,94,0.41975308641975306,24,15-27,17-20,5-4,717,818,National League,West,https://www.whatifsports.com/mlb-l/manage.asp?cLID=143210&lst=1,0,0,0,0,0,0,0,quake,San Diego / San Francisco Quake,1986.0,San Francisco Quake,71185094.0,72292032.15358554,0.0108965319646831,68.0,-14.71815818564969,same-year final block row4; WIS wins,71185094.0,161.0,1.0,10.0,first,71185094.0,-14.71815818564969,79.73561376409872,-14.718158185649688,False,71185094.0,71185094.0,71185094.0,71185094.0,71185094.0,,,0.0,True,19.0,,29.0,29.0,1.0,0.0,0.0,1471.0,6576.0,6576.0,6576.0,6576.0,42758812.0,6502.252433090024,0.7214624107512166,1471.0,1471.0,1471.0,27626282.0,18780.61318830727,4.380759188987083,4.366655660774983,1.4898670523453434,-800000.0,1.0051470463251715,0.0,0.0,False,True,-11.735613764098716,24.0,0.0,1.0,0.0
1985,143210,1773865,1985 Boston Red Sox,yates33,92,70,0.5679012345679012,-,23-19,14-15,2-4,1015,826,American League,East,https://www.whatifsports.com/mlb-l/manage.asp?cLID=143210&lst=1,1,0,1,2,1,8,8,boston,Boston,1986.0,1985 Boston Red Sox,88035532.97515528,67750988.39412762,-0.2903556891545568,92.0,-23.093170539520152,same-year final block row4; WIS wins,88035532.97515528,161.0,3.0,22.0,second,88035532.97515528,-23.093170539520152,119.62526689164336,-23.09317053952016,False,87293386.0,90714583.0,86959474.0,86180346.0,88273070.76923077,,,0.0,True,21.0,,31.0,28.0,0.0,1.0,0.0,1835.0,6181.432098975326,6181.432098765432,6181.432098765432,6181.432098765432,44120457.82098766,7137.578657508749,0.7736926175566611,1835.0,1655.0,1835.0,44110494.0,24038.41634877384,3.56132588773842,3.2524611732970032,1.292271753678474,195418.84583237767,1.243078444788449,0.0,0.0,False,False,-27.625266891643363,24.0,0.0,1.0,0.0
1985,143210,1772984,New York Eagles,just4me,89,73,0.5493827160493827,3,31-11,18-17,5-7,918,851,American League,East,https://www.whatifsports.com/mlb-l/manage.asp?cLID=143210&lst=1,1,0,0,0,1,0,3,new-york-eagles,New York Eagles,1986.0,New York Eagles,74524334.57142857,68979279.15810277,-0.072384811110546,89.0,-0.7980730468071452,same-year final block row4; WIS wins,74524334.57142857,161.0,2.0,28.0,second,74524334.57142857,-0.7980730468071452,89.7159992083556,-0.7980730468071462,False,72895497.0,76696118.0,72895497.0,72895497.0,75624147.97435898,,,0.0,True,14.0,,36.0,29.0,2.0,2.0,0.0,1342.444444453956,6647.666667157142,6647.666666666666,6592.666666666666,6647.666666666666,43968386.4074074,6614.108169393884,0.7383355496189138,1342.4444444444443,1340.4444444444443,1342.4444444444443,31311020.61111111,23323.885573580537,3.4290149921922417,3.605550375310379,1.2707784670087736,755072.4470899403,1.0522977573622403,0.0,0.0,False,False,-0.7159992083555977,24.0,0.0,0.0,0.0
1985,143210,1772944,Baltimore Firebirds of '85,chargingryno,60,102,0.37037037037037035,32,17-25,16-26,6-7,711,936,American League,East,https://www.whatifsports.com/mlb-l/manage.asp?cLID=143210&lst=1,0,0,0,0,0,0,0,baltimore,Baltimore,1986.0,Baltimore Firebirds of '85,59633770.0,70332966.84641446,0.1590200427209489,60.0,-5.803825864739583,same-year final block row4; WIS wins,59633770.0,161.0,1.0,21.0,second,59633770.0,-5.803825864739583,63.69685451751296,-5.803825864739586,False,59633770.0,59633770.0,59633770.0,59633770.0,59633770.0,,,0.0,True,17.0,,34.0,29.0,1.0,1.0,0.0,1389.0,5530.0,5530.0,5302.0,5530.0,31762813.0,5743.727486437613,0.7126770519168174,1292.0,1292.0,1292.0,28270957.0,21881.545665634676,3.659334753869969,3.576754142414861,1.328284064241486,400000.0,0.8420401576871503,0.0,0.0,False,False,-3.696854517512961,24.0,0.0,1.0,0.0
1985,143210,1773410,Toronto ModernDayWarriors,coldfoot,56,106,0.345679012345679,36,13-29,16-21,5-6,811,1072,American League,East,https://www.whatifsports.com/mlb-l/manage.asp?cLID=143210&lst=1,0,0,0,0,0,0,0,toronto,Toronto,1986.0,Toronto ModernDayWarriors,65334705.70186336,69814699.96442689,0.0714855501430349,56.0,-23.206053476180468,same-year final block row4; WIS wins,65334705.70186336,161.0,3.0,32.0,second,65334705.70186336,-23.206053476180468,72.92241450650047,-23.206053476180458,False,65633117.0,65163246.0,65633117.0,65633117.0,64895180.897435896,,,0.0,True,22.0,,38.0,31.0,3.0,1.0,0.0,1303.0000002144182,5701.93209839199,5701.932098765432,5531.932098765432,5701.932098765432,38558346.08024692,6762.329928235286,0.7483107527094455,1302.9999999999998,1302.9999999999998,1302.9999999999998,27419362.666666664,21043.256075722693,3.830550361985163,3.886675933742646,1.3611885502686112,643003.0450502187,0.9225384524849022,0.0,0.0,False,False,-16.922414506500473,24.0,1.0,1.0,0.0
1985,143210,1773020,Detroit RIP Ryne Sanberg,harrelson,112,50,0.691358024691358,-,31-11,17-13,9-3,1097,709,American League,Central,https://www.whatifsports.com/mlb-l/manage.asp?cLID=143210&lst=1,1,0,0,1,1,6,4,detroit,Detroit,1986.0,Detroit RIP Ryne Sanberg,83614843.0,68152869.30095993,-0.2212168543773019,112.0,2.2824933352711443,same-year final block row4; WIS wins,83614843.0,161.0,1.0,24.0,second,83614843.0,2.2824933352711443,109.50065485094882,2.282493335271152,False,83614843.0,83614843.0,83614843.0,83614843.0,83614843.0,,,0.0,True,11.0,,27.0,27.0,0.0,0.0,0.0,1408.0,6365.0,6365.0,6365.0,6365.0,48866577.0,7677.388373919875,0.7921493961822467,1408.0,1408.0,1408.0,34548266.0,24537.120738636364,3.3077672066761363,3.1454160724431817,1.2856121861505685,-200000.0,1.1806574627883886,0.0,0.0,False,True,2.49934514905118,24.0,0.0,0.0,0.0
1985,143210,1772993,Chicago Cornhuskers,wgasa,86,76,0.5308641975308642,26,25-17,17-25,5-6,868,836,American League,Central,https://www.whatifsports.com/mlb-l/manage.asp?cLID=143210&lst=1,0,0,0,0,0,0,0,cornhuskers,Chicago Cornhuskers,1986.0,Chicago Cornhuskers,70516437.0,69343633.4827781,-0.0122029421981504,86.0,4.330309506128535,same-year final block row4; WIS wins,70516437.0,161.0,1.0,23.0,second,70516437.0,4.330309506128535,82.43050404729051,4.330309506128538,False,70516437.0,70516437.0,70516437.0,70516437.0,70516437.0,,,0.0,True,10.0,,31.0,28.0,2.0,1.0,0.0,1531.0,6444.0,6444.0,6444.0,6444.0,39889226.0,6190.134388578523,0.7471122154717567,1531.0,1531.0,1531.0,32580391.0,21280.464402351405,3.762302595035925,3.842509406923579,1.326838442847812,1953180.0,0.9957054824978532,0.0,0.0,False,False,3.569495952709488,24.0,0.0,0.0,0.0
1985,143210,1772967,Minnesota Twonkies,sinatra,82,80,0.5061728395061729,30,18-24,22-21,8-5,829,834,American League,Central,https://www.whatifsports.com/mlb-l/manage.asp?cLID=143210&lst=1,0,0,0,0,0,0,0,georgia-minnesota,Georgia / Minnetonka / Minnesota,1986.0,Minnesota Twonkies,61493741.0,70163878.5736872,0.1276474304351316,82.0,22.52961217832584,same-year final block row4; WIS wins,61493741.0,161.0,1.0,27.0,second,61493741.0,22.52961217832584,66.92259817215427,22.52961217832583,False,61493741.0,61493741.0,61493741.0,61493741.0,61493741.0,,,0.0,True,4.0,,29.0,29.0,1.0,1.0,0.0,1300.0,6186.0,6186.0,6136.0,6186.0,36414228.0,5886.5548011639185,0.7205784421758811,1300.0,1300.0,1300.0,26262041.0,20201.57,3.965353616923077,4.021298900000001,1.3371508323076924,1182528.0,0.8683033014416627,1.0,0.0,False,False,15.077401827845732,24.0,0.0,0.0,0.0
1985,143210,1773004,Philly CRYPTKEEPERS,cpdpoet,42,120,0.25925925925925924,70,10-32,18-19,7-6,621,1033,American League,Central,https://www.whatifsports.com/mlb-l/manage.asp?cLID=143210&lst=1,0,0,0,0,0,0,0,philly,Philadelphia CRYPTKEEPERS,1986.0,Philly CRYPTKEEPERS,55103651.0,70744795.84641446,0.224731142680929,42.0,-26.59642964172833,same-year final block row4; WIS wins,55103651.0,161.0,1.0,31.0,second,55103651.0,-26.59642964172833,57.21792522489626,-26.596429641728335,False,55103651.0,55103651.0,55103651.0,55103651.0,55103651.0,,,0.0,True,24.0,,29.0,26.0,0.0,0.0,0.0,1352.0,5737.0,5737.0,5737.0,5737.0,29534282.0,5148.035907268607,0.6669018615304166,1352.0,1352.0,1352.0,25121637.0,18581.092455621303,4.225113141272189,4.120757837278107,1.415288573224852,-447732.0,0.7780740170741796,0.0,0.0,False,True,-15.217925224896264,24.0,1.0,1.0,0.0
1985,143210,1772969,Newark Ironbound Bears,trentonjoe,100,62,0.6172839506172839,-,26-16,25-14,8-5,800,681,American League,West,https://www.whatifsports.com/mlb-l/manage.asp?cLID=143210&lst=1,1,0,0,0,1,1,3,socal-newark,SoCal / Newark,1986.0,Newark Ironbound Bears,66831275.82608695,69678648.13495201,0.0460780220180999,100.0,32.038823806204505,same-year final block row4; WIS wins,66831275.82608695,161.0,2.0,29.0,second,66831275.82608695,32.038823806204505,75.73530051037989,32.038823806204505,False,65911808.0,67024848.0,66245720.0,67024848.0,67024848.0,,,0.0,True,1.0,,32.0,30.0,0.0,0.0,0.0,1285.0,6103.969135966017,6103.969135802469,6103.969135802469,6103.969135802469,34944494.09876543,5724.8805361417335,0.715634802898539,1285.0,1285.0,1285.0,31320217.0,24373.709727626458,3.149730842801556,3.4875699377431904,1.2193065358754869,-566564.7273215204,0.9436703068585416,1.0,1.0,False,True,24.264699489620114,24.0,0.0,0.0,0.0
1985,143210,1773307,HOU - We have a LOT of Problems,the_creeper,85,77,0.5246913580246914,15,20-22,30-21,6-5,801,746,American League,West,https://www.whatifsports.com/mlb-l/manage.asp?cLID=143210&lst=1,0,0,0,0,0,0,0,houston,Houston Colt .45s / Astros / flyBALLERS,1986.0,HOU - We have a LOT of Problems,71831821.23602484,69224053.09768493,-0.0320992043541972,85.0,0.240294467494934,same-year final block row4; WIS wins,71831821.23602484,161.0,3.0,25.0,second,71831821.23602484,0.240294467494934,84.79623932825045,0.2402944674949392,False,71743629.0,71594427.0,71743629.0,71743629.0,72264558.02564102,,,0.0,True,13.0,,32.0,32.0,0.0,1.0,0.0,1387.993826923705,6405.7098762634505,6405.709876543209,6405.709876543209,6405.709876543209,40664386.753086425,6348.146815389435,0.7262307747989112,1387.993827160494,1360.993827160494,1422.993827160494,31366890.08641975,22598.72448466789,3.547730047990927,3.497777188312468,1.2936977323875387,199455.60348133743,1.0142789577203914,0.0,0.0,False,False,0.2037606717495492,24.0,0.0,0.0,0.0
1985,143210,1773288,Oakland Knights,duhbigcat,73,89,0.4506172839506173,27,17-25,12-27,4-9,725,772,American League,West,https://www.whatifsports.com/mlb-l/manage.asp?cLID=143210&lst=1,0,0,0,0,0,0,0,oakland,Oakland,1986.0,Oakland Knights,76826233.0,68770015.66459629,-0.111212198341486,73.0,-22.855167385902988,same-year final block row4; WIS wins,76826233.0,161.0,1.0,30.0,second,76826233.0,-22.855167385902988,94.6272064198638,-22.855167385902988,False,76826233.0,76826233.0,76826233.0,76826233.0,76826233.0,,,0.0,True,20.0,,29.0,28.0,3.0,0.0,0.0,1686.0,6923.0,6923.0,6923.0,6923.0,44611168.0,6443.906976744186,0.6954581458182869,1686.0,1686.0,1686.0,34423117.0,20417.03262158956,3.964890158956109,3.743017033214709,1.3328706417556346,2208052.0,1.0848010003363824,0.0,0.0,False,True,-21.627206419863796,24.0,0.0,1.0,0.0
1985,143210,1772994,Kansas City Monarchs,stevebobldn,68,94,0.41975308641975306,32,21-21,18-14,3-7,731,996,American League,West,https://www.whatifsports.com/mlb-l/manage.asp?cLID=143210&lst=1,0,0,0,0,0,0,0,kansas-city,Kansas City Monarchs,1986.0,Kansas City Monarchs,59550060.0,70340576.84641446,0.1581037785229219,68.0,6.600075513618969,same-year final block row4; WIS wins,59550060.0,161.0,1.0,26.0,second,59550060.0,6.600075513618969,63.78982348029621,6.600075513618964,False,59550060.0,59550060.0,59550060.0,59550060.0,59550060.0,,,0.0,True,6.0,,46.0,38.0,4.0,1.0,0.0,1678.0,6092.0,6092.0,6092.0,6092.0,33120440.0,5436.7104399212085,0.6745839298260012,1678.0,1678.0,1749.0,29832859.0,17778.819427890347,4.569145250893921,4.292047243742551,1.4567430268176398,3403239.0,0.8408581565894503,1.0,0.0,False,False,4.2101765197037935,24.0,0.0,0.0,0.0
1986,143991,1787295,Pittsburg Tanagers,coldfoot,101,61,0.6234567901234568,-,25-17,27-9,8-3,938,783,National League,East,https://www.whatifsports.com/mlb-l/manage.asp?cLID=143991&lst=1,1,0,0,0,1,1,3,pittsburg,Pittsburg Tanagers,1987.0,Pittsburg Tanagers,82400354.65432099,70032148.73737374,-0.1744901503711544,,,same-year final block row95; WIS wins,82400354.65432099,162.0,4.0,9.0,first,82400354.65432099,-1.945621971982113,103.00406981434368,-1.9456219719821144,False,82682006.0,81842315.0,83700364.8,82234520.65853658,81842315.0,81842315.0,-1.858049799999997,0.0,True,11.0,,30.0,28.0,0.0,0.0,1.0,1335.1358025803804,6976.919752362574,6976.91975308642,6976.91975308642,6976.91975308642,50251489.35185185,7202.532224857798,0.7950473331504846,1335.1358024691358,1335.1358024691358,1335.1358024691358,30180138.22839506,22604.545674366134,3.5596538304514267,3.4681118282969328,1.3396310622214411,-1968727.0740740744,1.1624429998581567,0.0,0.0,False,True,-2.00406981434368,24.0,0.0,0.0,0.0
1986,143991,1786566,New York Times,trentonjoe,91,71,0.5617283950617284,10,18-24,27-18,6-7,924,755,National League,East,https://www.whatifsports.com/mlb-l/manage.asp?cLID=143991&lst=1,1,0,0,1,1,3,5,new-york-times,New York Times,1987.0,New York Times,73757305.0,70817880.5241302,0.0529520041285687,,,same-year final block row95; WIS wins,73757305.0,162.0,1.0,8.0,first,73757305.0,21.38501593938211,74.96806693623871,21.38501593938209,False,73757305.0,73757305.0,73757305.0,73757305.0,73757305.0,73757305.0,0.0,0.0,True,3.0,,25.0,25.0,0.0,0.0,0.0,1280.0,5958.0,5958.0,5958.0,5958.0,44805841.0,7520.282141658275,0.7873298784323598,1280.0,1280.0,1280.0,28951464.0,22618.33125,3.450877878125,3.4570017132812496,1.24302909453125,0.0,1.0405132750379125,1.0,1.0,False,True,16.031933063761286,24.0,0.0,0.0,0.0
1986,143991,1786950,Montreal Royales,stevebobldn,81,81,0.5,20,26-16,26-23,5-9,784,793,National League,East,https://www.whatifsports.com/mlb-l/manage.asp?cLID=143991&lst=1,0,0,0,0,0,0,0,montreal,Montreal,1987.0,Montreal Royales,72588196.16049382,70924163.14590348,-0.0219924675414511,,,same-year final block row95; WIS wins,72588196.16049382,162.0,2.0,6.0,first,72588196.16049382,-3.0976525760371283,83.5893062998901,-3.097652576037113,False,74592700.0,71529213.0,74592700.0,72724720.12195122,71529213.0,71529213.0,-3.063487,0.0,True,12.0,,43.0,36.0,3.0,1.0,1.0,1738.0,6049.049382295685,6049.04938271605,6049.04938271605,6049.04938271605,40950317.96296296,6769.711300418594,0.7235430474264909,1738.0,1738.0,1862.0,34229493.0,19694.76006904488,4.1813653676639815,4.126856169735327,1.4011745546605292,2591614.8024691343,1.0240203558962715,0.0,0.0,False,False,-2.5893062998900973,24.0,0.0,0.0,0.0
1986,143991,1786620,New York Nutrackers,just4me,61,101,0.3765432098765432,40,15-27,18-17,6-6,793,1023,National League,East,https://www.whatifsports.com/mlb-l/manage.asp?cLID=143991&lst=1,0,0,0,0,0,0,0,new-york-nationals,New York Nutcrackers / Nationals,1987.0,New York Nutrackers,67649838.0,71373104.79685746,-0.0399608159929902,,,same-year final block row95; WIS wins,67649838.0,162.0,1.0,7.0,first,67649838.0,-28.85680307856573,85.74256238072105,-28.85680307856573,False,67649838.0,67649838.0,67649838.0,67649838.0,67649838.0,67649838.0,0.0,0.0,True,24.0,,29.0,25.0,0.0,3.0,0.0,1374.0,5672.0,5672.0,5209.0,5761.0,38400500.0,6770.186882933709,0.7647534425070522,1374.0,1374.0,1445.0,27877883.0,20289.580058224165,3.987243839883552,3.9306232903930134,1.3597792983988355,-1371455.0,0.9543536669779924,0.0,0.0,False,False,-24.742562380721058,24.0,1.0,1.0,0.0
1986,143991,1786642,Milwaukee Brewers,cdew8,112,50,0.691358024691358,-,33-9,22-14,7-4,952,678,National League,Central,https://www.whatifsports.com/mlb-l/manage.asp?cLID=143991&lst=1,1,0,0,0,1,1,3,milwaukee,Milwaukee,1987.0,Milwaukee Brewers,75546759.0,70655202.88776655,-0.072066140213402,,,same-year final block row95; WIS wins,75546759.0,162.0,1.0,5.0,first,75546759.0,24.893522324636585,89.67638826686115,24.893522324636574,False,75546759.0,75546759.0,75546759.0,75546759.0,75546759.0,75546759.0,0.0,0.0,True,1.0,,27.0,27.0,0.0,4.0,0.0,1409.0,6126.0,6126.0,5503.0,6126.0,40521626.0,6614.695723147242,0.7372643048318643,1409.0,1291.0,1426.0,35025133.0,24858.149751596877,3.260053127040454,3.490775933286018,1.228035275372605,0.0,1.0657575629368492,1.0,1.0,False,False,22.323611733138847,24.0,0.0,0.0,0.0
1986,143991,1787180,Cincinnati Skyline,sinatra,81,81,0.5,31,22-20,21-33,8-10,854,807,National League,Central,https://www.whatifsports.com/mlb-l/manage.asp?cLID=143991&lst=1,0,0,0,0,0,0,0,cincinnati-la,Cincinnati / LA,1987.0,Cincinnati Skyline,72763611.17901234,70908216.32603817,-0.0291670147240226,,,same-year final block row95; WIS wins,72763611.17901234,162.0,3.0,3.0,first,72763611.17901234,-4.079542170136382,84.44496808352564,-4.079542170136385,False,73046222.0,72420069.0,73811414.825,72420069.0,72420069.0,72420069.0,-1.391345825000003,0.0,True,13.0,,32.0,27.0,0.0,0.0,0.0,1368.3703703419555,5800.259258272768,5800.259259259259,5800.259259259259,5800.259259259259,41136201.06790124,7092.131442613251,0.7495606651137348,1368.3703703703704,1368.3703703703704,1368.3703703703704,31627410.11111111,23113.194202349372,3.4325977375087966,3.4952107068333964,1.2519144074234467,0.0,1.0264949806864472,0.0,0.0,False,True,-3.4449680835256373,24.0,0.0,0.0,0.0
1986,143991,1786344,Chicago Thunderbears '86,chargingryno,64,98,0.3950617283950617,48,17-25,14-21,3-7,786,1029,National League,Central,https://www.whatifsports.com/mlb-l/manage.asp?cLID=143991&lst=1,0,0,0,0,0,0,0,thunderbears,Thunderbears — Houston / Brooklyn / Chicago,1987.0,Chicago Thunderbears '86,63033953.44444445,71792730.66554433,0.1184285830215597,,,same-year final block row95; WIS wins,63033953.44444445,162.0,3.0,2.0,first,63033953.44444445,-5.72618884802811,67.88735834263697,-5.726188848028125,False,66900619.0,62156040.0,65711589.45,62156040.0,62156040.0,62156040.0,-3.555549450000003,0.0,True,14.0,,29.0,28.0,0.0,1.0,1.0,1434.870370208774,5458.962960859224,5458.9629629629635,5458.9629629629635,5458.9629629629635,37063553.370370366,6789.486139003472,0.7090323055783216,1434.8703704420907,1434.8703704420907,1456.8703704420907,28125568.812222224,19601.470203581244,4.300191942251828,4.129535311748767,1.4498294892384638,2155168.738148138,0.8892361961580103,0.0,0.0,False,False,-3.887358342636972,24.0,0.0,0.0,1.0
1986,143991,1786693,Cleveland Kickapoo,harrelson,58,104,0.35802469135802467,54,12-30,20-19,5-4,747,1012,National League,Central,https://www.whatifsports.com/mlb-l/manage.asp?cLID=143991&lst=1,0,0,0,0,0,0,0,cleveland,Cleveland,1987.0,Cleveland Kickapoo,59308817.48765432,72131379.38888888,0.1739793798022288,,,same-year final block row95; WIS wins,59308817.48765432,162.0,3.0,4.0,first,59308817.48765432,-6.736523026862591,62.18940348611031,-6.736523026862596,False,60585212.0,58658510.0,60842513.2,59097282.80487805,58658510.0,58658510.0,-2.184003200000003,0.0,True,17.0,,40.0,32.0,0.0,2.0,0.0,1378.9999991894656,5464.0,5464.0,5378.0,5593.0,32511178.0,5950.069180087848,0.7123295464311858,1379.0,1379.0,1413.074074074074,26451243.487654317,19181.46735870509,4.2589744164674705,4.189631457560051,1.4408960413701108,-346396.00000000745,0.8366847449578724,0.0,0.0,False,False,-4.189403486110308,24.0,0.0,1.0,0.0
1986,143991,1786567,Texas Rangers,frazzman80,112,50,0.691358024691358,-,30-12,20-15,3-3,957,647,National League,West,https://www.whatifsports.com/mlb-l/manage.asp?cLID=143991&lst=1,1,1,1,3,0,11,3,texas,Texas Rangers,1987.0,Texas Rangers,77855357.33333333,70445330.31200898,-0.1052465396106192,,,same-year final block row95; WIS wins,77855357.33333333,162.0,2.0,13.0,first,77855357.33333333,19.32468672931258,93.86154958367618,19.324686729312575,False,77261214.0,77974186.0,77492929.9,77974186.0,77974186.0,77974186.0,0.481256099999994,0.0,True,4.0,,32.0,31.0,4.0,2.0,0.0,1486.0,6524.66666602519,6524.666666666667,6521.666666666667,6524.666666666667,43215846.333333336,6623.4565750485335,0.7675964209001739,1486.0,1486.0,1502.0,37097331.0,24964.55652759085,3.161525734185734,3.372046911843876,1.2269618873485868,2457820.000000015,1.0983255534913268,1.0,0.0,False,False,18.13845041632382,24.0,0.0,0.0,0.0
1986,143991,1786830,St. Louis Perfectos '86,kermit,79,83,0.4876543209876543,33,15-27,17-19,7-5,851,877,National League,West,https://www.whatifsports.com/mlb-l/manage.asp?cLID=143991&lst=1,0,0,0,0,0,0,0,st-louis,St. Louis Perfectos,1987.0,St. Louis Perfectos '86,69814226.0,71176342.25140291,0.0185724164633286,,,same-year final block row95; WIS wins,69814226.0,162.0,1.0,12.0,first,69814226.0,0.1874237575361277,78.85221222095512,0.1874237575361315,False,69814226.0,69814226.0,69814226.0,69814226.0,69814226.0,69814226.0,0.0,0.0,True,9.0,,32.0,29.0,0.0,0.0,0.0,1487.0,5707.0,5707.0,5707.0,5707.0,37810091.0,6625.213071666375,0.7609550244962326,1487.0,1487.0,1487.0,32004135.0,21522.619367854742,3.8657531842636184,3.873408095494285,1.3493974525891053,0.0,0.9848872452633264,0.0,0.0,False,True,0.1477877790448758,24.0,0.0,0.0,0.0
1986,143991,1786893,San Francisco Quake,epup1975,72,90,0.4444444444444444,40,24-18,22-21,8-7,723,805,National League,West,https://www.whatifsports.com/mlb-l/manage.asp?cLID=143991&lst=1,0,0,0,0,0,0,0,quake,San Diego / San Francisco Quake,1987.0,San Francisco Quake,70730779.8888889,71093019.17059483,0.0045877137414821,,,same-year final block row95; WIS wins,70730779.8888889,162.0,2.0,10.0,first,70730779.8888889,-10.5214118732005,80.46617800670847,-10.521411873200504,False,68943075.0,71205639.0,69282459.6,71205639.0,71205639.0,71205639.0,1.923179400000006,0.0,True,22.0,,33.0,33.0,1.0,0.0,0.0,1457.6296296580445,7069.0,7069.0,7069.0,7069.0,40301306.0,5701.132550572924,0.7117714835054464,1457.6296296296296,1457.6296296296296,1457.6296296296296,31229473.88888889,21424.83471389369,3.715620916658197,3.537933597630179,1.3591646062692686,800000.0,0.9978173067491212,0.0,0.0,False,True,-8.466178006708475,24.0,1.0,1.0,0.0
1986,143991,1786986,Seattle Sea Snakes,pi_kapp,70,92,0.43209876543209874,42,15-27,19-28,5-2,696,782,National League,West,https://www.whatifsports.com/mlb-l/manage.asp?cLID=143991&lst=1,0,0,0,0,0,0,0,seattle,Seattle Sea Snakes,1987.0,Seattle Sea Snakes,67304792.61728396,71404472.55892256,0.0566941330366398,,,same-year final block row95; WIS wins,67304792.61728396,162.0,7.0,11.0,first,67304792.61728396,-6.106231390707525,74.55233828272631,-6.106231390707539,False,69928775.0,66130971.0,71107086.1,65914251.43902439,66130971.0,66130971.0,-4.976115099999994,0.0,True,15.0,,38.0,38.0,1.0,1.0,1.0,1314.0555559002412,6007.055556344781,6007.055555555556,6007.055555555556,6007.055555555556,40575968.975308634,6754.718447340215,0.7002893577297478,1314.0555554838354,1314.0555554838354,1319.9814814097613,26221690.113703705,19954.780453744876,3.987232414135246,4.022127136075117,1.3401583470188612,-507133.5282716155,0.9494860230041978,0.0,0.0,False,False,-4.552338282726311,24.0,0.0,0.0,1.0
1986,143991,1787298,Toronto ModernDayWarriors,coldfoot,108,54,0.6666666666666666,-,28-14,23-18,11-7,1003,758,American League,East,https://www.whatifsports.com/mlb-l/manage.asp?cLID=143991&lst=1,1,0,0,1,1,5,5,toronto,Toronto,1987.0,Toronto ModernDayWarriors,82884400.9691358,69601239.71997756,-0.186623809048515,,,same-year final block row95; WIS wins,82884400.9691358,162.0,4.0,32.0,second,82884400.9691358,3.186277572643123,104.6650800286579,3.1862775726431147,False,77546927.0,85986589.0,77615686.0,82428469.19512194,85426706.20512821,85986589.0,8.370903,0.0,True,7.0,,29.0,28.0,0.0,4.0,0.0,1615.8518521623455,6193.092592853076,6193.092592592593,5679.092592592593,6568.092592592593,42866592.14814815,6921.67790280091,0.7773670976918727,1615.8518518518515,1615.8518518518515,1691.8518518518515,38083869.67283951,23568.91173481862,3.62631578824761,3.698009445806974,1.2954045863497448,-1933939.1481481493,1.1692715657378074,1.0,0.0,False,False,3.334919971342103,24.0,0.0,0.0,0.0
1986,143991,1787579,Boston Red Sox,the_creeper,97,65,0.5987654320987654,11,21-21,16-20,6-8,1155,857,American League,East,https://www.whatifsports.com/mlb-l/manage.asp?cLID=143991&lst=1,1,0,1,2,1,9,7,boston,Boston,1987.0,Boston Red Sox,82792677.16049382,69609578.24803592,-0.18516988951686,,,same-year final block row95; WIS wins,82792677.16049382,162.0,3.0,22.0,second,82792677.16049382,-7.146021759134653,104.465098682557,-7.1460217591346575,False,78481950.0,85495925.0,79112953.75,81042088.41463415,85495925.0,85495925.0,6.38297125,0.0,True,18.0,,37.0,31.0,0.0,0.0,0.0,1521.9506166266744,6725.0,6725.0,6725.0,6725.0,49064888.0,7295.894126394052,0.7835242393308551,1521.9506172839506,1521.9506172839506,1521.9506172839506,33715804.28395062,22153.021195996043,3.8187347465565633,3.743203300580801,1.3226561253346094,-11984.876543194056,1.1679775943741708,0.0,0.0,False,True,-7.465098682556999,24.0,0.0,1.0,0.0
1986,143991,1786619,New York Eagles,just4me,76,86,0.4691358024691358,32,21-21,16-28,11-8,804,872,American League,East,https://www.whatifsports.com/mlb-l/manage.asp?cLID=143991&lst=1,0,0,0,0,0,0,0,new-york-eagles,New York Eagles,1987.0,New York Eagles,65133431.0,71214964.26262626,0.0533160566338803,,,same-year final block row95; WIS wins,65133431.0,162.0,1.0,28.0,second,65133431.0,1.431298742225373,74.92756273696568,1.431298742225362,False,65133431.0,65133431.0,65133431.0,65133431.0,65133431.0,65133431.0,0.0,0.0,True,8.0,,27.0,27.0,0.0,0.0,0.0,1295.0,5728.0,5728.0,5728.0,5728.0,37151168.0,6485.888268156425,0.7097622807786313,1295.0,1295.0,1295.0,27982263.0,21607.925096525098,3.635825711969112,3.6918465057915055,1.2923780733590733,0.0,0.9188540661059388,1.0,0.0,False,True,1.0724372630343169,24.0,0.0,0.0,0.0
1986,143991,1787253,Baltimore Orioles '86,chargingryno,69,93,0.42592592592592593,39,14-28,29-22,10-10,726,907,American League,East,https://www.whatifsports.com/mlb-l/manage.asp?cLID=143991&lst=1,0,0,0,0,0,0,0,baltimore,Baltimore,1987.0,Baltimore Orioles '86,67145431.90123457,71032055.08978675,0.0578594891045745,,,same-year final block row95; WIS wins,67145431.90123457,162.0,3.0,21.0,second,67145431.90123457,-7.286916569803645,74.42315307305046,-7.286916569803658,False,66289638.0,66198736.0,66289638.0,69318083.0,66758618.79487179,66198736.0,-0.090902,0.0,True,19.0,,42.0,33.0,2.0,2.0,0.0,1423.4938274946408,6217.382714689347,6217.382716049383,6217.382716049383,6217.382716049383,34804545.61728395,5597.941643103365,0.7133586007656748,1423.4938271604938,1328.4938271604938,1423.4938271604938,30428442.28395062,21375.886360285513,3.748222646010946,3.8121984184453135,1.334741450205112,-1912444.0,0.9472378803887792,0.0,0.0,False,False,-5.423153073050457,24.0,0.0,1.0,0.0
1986,143991,1787181,Minnesota Upper Midwestern Dialects,sinatra,84,79,0.5153374233128835,-,25-18,23-15,7-9,823,835,American League,Central,https://www.whatifsports.com/mlb-l/manage.asp?cLID=143991&lst=1,1,0,0,0,1,1,3,georgia-minnesota,Georgia / Minnetonka / Minnesota,1987.0,Minnesota Upper Midwestern Dialects,63243625.0,71386764.8080808,0.1103803360965867,,,same-year final block row95; WIS wins,63243625.0,162.0,1.0,27.0,second,63243625.0,22.20673220586036,68.73598408514832,22.20673220586036,False,63243625.0,63243625.0,63243625.0,63243625.0,63243625.0,63243625.0,0.0,0.0,True,2.0,,27.0,27.0,0.0,2.0,1.0,1336.0,5751.8118274595545,5751.8118274595545,5739.8118274595545,5913.8118274595545,31285831.11,5439.300180273499,0.6831520233310523,1336.0,1336.0,1349.0,31361384.0,23474.08982035928,3.443677351796407,3.385339626497006,1.2679439161676649,-596409.8900000006,0.8921940867283531,1.0,1.0,False,False,15.264015914851685,24.0,0.0,0.0,1.0
1986,143991,1786623,Detroit Supremes,harrelson,83,80,0.50920245398773,1,27-16,18-28,10-8,980,873,American League,Central,https://www.whatifsports.com/mlb-l/manage.asp?cLID=143991&lst=1,0,0,0,0,0,0,0,detroit,Detroit,1987.0,Detroit Supremes,74527483.54320988,70360959.48597081,-0.0622406481094873,,,same-year final block row95; WIS wins,74527483.54320988,162.0,2.0,24.0,second,74527483.54320988,-6.17287488662924,88.46055967260172,-6.172874886629254,False,72765762.0,75164072.0,72765762.0,74988585.90243903,75164072.0,75164072.0,2.39831,0.0,True,16.0,,29.0,29.0,0.0,0.0,0.0,1400.8765431877116,5999.716048913762,5999.716049382716,5999.716049382716,5999.716049382716,42523500.75308642,7087.585546229554,0.7604615083057429,1400.876543209877,1400.876543209877,1400.876543209877,32003982.79012346,22845.68397211622,3.528762546333424,3.4113702087317463,1.3071758336579389,0.0,1.051378381868473,0.0,0.0,False,True,-5.460559672601718,24.0,0.0,0.0,0.0
1986,143991,1786689,Chicago Cornhuskers,wgasa,68,94,0.41975308641975306,15.5,20-22,21-30,6-7,843,908,American League,Central,https://www.whatifsports.com/mlb-l/manage.asp?cLID=143991&lst=1,0,0,0,0,0,0,0,cornhuskers,Chicago Cornhuskers,1987.0,Chicago Cornhuskers,66707273.666666664,71071887.65656565,0.0579233069345042,,,same-year final block row95; WIS wins,66707273.666666664,162.0,2.0,23.0,second,66707273.666666664,-8.621902929227641,74.41608238715455,-8.621902929227653,False,67301417.0,66588445.0,67069701.1,66588445.0,66588445.0,66588445.0,-0.4812561000000014,0.0,True,20.0,,34.0,32.0,4.0,3.0,0.0,1621.0,6576.33333397481,6576.333333333333,6379.333333333333,6576.333333333333,37765679.666666664,5742.665061584469,0.7010985239191039,1621.0,1421.0,1621.0,31916685.0,19689.503392967305,4.172933302282542,4.304254500308452,1.3886331024059224,2975090.9999999925,0.9410566694614672,0.0,0.0,False,False,-6.416082387154546,24.0,0.0,1.0,0.0
1986,143991,1786593,Philly CRYPTKEEPERS,cpdpoet,52,110,0.32098765432098764,31.5,13-29,20-23,8-4,699,1155,American League,Central,https://www.whatifsports.com/mlb-l/manage.asp?cLID=143991&lst=1,0,0,0,0,0,0,0,philly,Philadelphia CRYPTKEEPERS,1987.0,Philly CRYPTKEEPERS,55473702.17283951,72093121.42873175,0.2263890425091739,,,same-year final block row95; WIS wins,55473702.17283951,162.0,2.0,31.0,second,55473702.17283951,-8.86651128949996,57.059156557899634,-8.866511289499968,False,58166471.0,53094046.0,58166471.0,57547882.585365854,53094046.0,53094046.0,-5.072425,0.0,True,21.0,,32.0,31.0,2.0,2.0,0.0,1450.098765744678,6121.0,6121.0,5982.0,6121.0,31865286.0,5205.895441921255,0.6931290555301421,1450.0987654320988,1450.0987654320988,1468.0987654320988,26967213.172839504,18596.811345331946,4.494743911551362,4.4347783430077135,1.4842286852832498,3358797.0,0.7825817866628803,0.0,0.0,False,False,-5.059156557899634,24.0,0.0,1.0,0.0
1986,143991,1786749,Houston QuickSands (1986),the_creeper,97,65,0.5987654320987654,-,27-15,29-21,8-7,918,691,American League,West,https://www.whatifsports.com/mlb-l/manage.asp?cLID=143991&lst=1,1,0,0,0,1,1,3,houston,Houston Colt .45s / Astros / flyBALLERS,1987.0,Houston QuickSands (1986),75081954.47530864,70310553.0375982,-0.0654731568511541,,,same-year final block row95; WIS wins,75081954.47530864,162.0,4.0,25.0,second,75081954.47530864,9.161229671545977,88.85938743257312,9.161229671545978,False,76093875.0,75941107.0,73686934.075,74745599.87804878,75941107.0,75941107.0,2.254172924999997,0.0,True,5.0,,29.0,29.0,0.0,4.0,0.0,1386.666666905088,6265.561730993362,6265.561728395061,5970.561728395061,6265.561728395061,38489095.75308642,6142.96010821451,0.7445333825229232,1386.6666666666667,1315.6666666666667,1386.6666666666667,37012168.154320985,26691.46741898148,3.296445293865741,3.3364263174501425,1.255745780840456,419309.4320987612,1.059200445940247,1.0,0.0,False,False,8.140612567426885,24.0,0.0,0.0,0.0
1986,143991,1786863,Newark Ironbound Bears,trentonjoe,78,84,0.48148148148148145,19,19-23,20-27,9-12,740,783,American League,West,https://www.whatifsports.com/mlb-l/manage.asp?cLID=143991&lst=1,0,0,0,0,0,0,0,socal-newark,SoCal / Newark,1987.0,Newark Ironbound Bears,67521176.0,70997896.53535353,0.0508567914426296,,,same-year final block row95; WIS wins,67521176.0,162.0,1.0,29.0,second,67521176.0,3.721430599388162,75.20143093789926,3.7214305993881647,False,67521176.0,67521176.0,67521176.0,67521176.0,67521176.0,67521176.0,0.0,0.0,True,6.0,,33.0,30.0,1.0,3.0,0.0,1304.0,5637.0,5637.0,5507.0,5780.0,33498083.0,5942.537342558098,0.7265752507007273,1304.0,1304.0,1304.0,34453043.0,26421.045245398775,3.1920105475460123,3.296436687116564,1.2072716771472394,429950.0,0.9525385990468508,1.0,0.0,False,False,2.7985690621007393,24.0,0.0,0.0,0.0
1986,143991,1786951,Kansas City Monarchs,stevebobldn,77,85,0.47530864197530864,20,17-25,22-15,5-8,850,913,American League,West,https://www.whatifsports.com/mlb-l/manage.asp?cLID=143991&lst=1,0,0,0,0,0,0,0,kansas-city,Kansas City Monarchs,1987.0,Kansas City Monarchs,68806135.0,70881082.08080807,0.0314991175830089,,,same-year final block row95; WIS wins,68806135.0,162.0,1.0,26.0,second,68806135.0,-0.4884567958513707,77.37795789382339,-0.4884567958513663,False,68806135.0,68806135.0,68806135.0,68806135.0,68806135.0,68806135.0,0.0,0.0,True,10.0,,39.0,38.0,5.0,0.0,1.0,1584.0,6445.1881725404455,6445.188172540446,6445.188172540446,6445.188172540446,38317616.89,5945.150997026152,0.704845399845154,1584.0,1584.0,1584.0,33187179.0,20951.501893939392,3.884662018939394,3.877949768939394,1.3613009103535354,2698660.8900000006,0.9706658462039892,0.0,0.0,False,False,-0.3779578938233925,24.0,0.0,0.0,1.0
1986,143991,1786770,Oakland Nights,duhbigcat,74,88,0.4567901234567901,23,21-21,18-24,5-12,834,837,American League,West,https://www.whatifsports.com/mlb-l/manage.asp?cLID=143991&lst=1,0,0,0,0,0,0,0,oakland,Oakland,1987.0,Oakland Nights,79180747.0,69937935.53535353,-0.1294928562106566,,,same-year final block row95; WIS wins,79180747.0,162.0,1.0,30.0,second,79180747.0,-23.710478420405646,96.99890426340444,-23.710478420405646,False,79180747.0,79180747.0,79180747.0,79180747.0,79180747.0,79180747.0,0.0,0.0,True,23.0,,25.0,25.0,0.0,3.0,0.0,1339.0,6690.0,6690.0,6367.0,6780.0,47598557.0,7114.881464872945,0.744858165949178,1339.0,1332.0,1339.0,27344643.0,20421.69006721434,4.062002919342794,4.0793403442867815,1.3660624839432411,-4237547.0,1.1170231664635573,0.0,0.0,False,False,-22.99890426340444,24.0,1.0,1.0,0.0
1987,144651,1798825,Pittsburg Tanagers,coldfoot,101,61,0.6234567901234568,-,24-18,22-14,8-6,1062,820,National League,East,https://www.whatifsports.com/mlb-l/manage.asp?cLID=144651&lst=1,1,0,0,0,1,2,3,pittsburg,Pittsburg Tanagers,1988.0,Pittsburg Tanagers,91116561.74074076,72047563.55667788,-0.277660135570481,101.0,-14.202376295946529,same-year final block row4; WIS wins,91116561.74074076,162.0,2.0,10.0,first,91116561.74074076,-14.202376295946529,117.71887802905236,-14.20237629594654,False,89894223.0,92894509.0,89894223.0,89894223.0,91740552.84615384,92894509.0,3.000286,0.0,True,22.0,,31.0,28.0,0.0,2.0,0.0,1470.1481481292133,6442.0,6442.0,5924.0,6442.0,55593071.0,8629.78438373176,0.8497272737193418,1470.148148148148,1400.148148148148,1470.148148148148,35523490.74074074,24163.204766463445,3.479254706983423,3.3673038068725756,1.310724286693203,-1.4901161193847656e-08,1.26653327979603,0.0,0.0,False,False,-16.718878029052362,24.0,1.0,1.0,0.0
1987,144651,1798319,New York  Times,trentonjoe,100,62,0.6172839506172839,1,29-13,21-20,5-3,949,769,National League,East,https://www.whatifsports.com/mlb-l/manage.asp?cLID=144651&lst=1,1,1,1,3,0,11,4,new-york-times,New York Times,1988.0,New York Times,80443409.94444445,73017850.08361392,-0.1026533020061932,100.0,6.917579863115207,same-year final block row4; WIS wins,80443409.94444445,162.0,2.0,9.0,first,80443409.94444445,6.917579863115207,93.52998835928416,6.917579863115209,False,78741488.0,81985151.0,78741488.0,79057942.92682926,81985151.0,81985151.0,3.243663,0.0,True,7.0,,40.0,32.0,0.0,1.0,0.0,1364.0,5531.27777681139,5531.277777777777,5480.277777777777,5531.277777777777,48722861.94444445,8808.608770326327,0.8579379281300396,1364.0,1364.0,1364.0,31720548.0,23255.533724340177,3.5787973189149564,3.6980930439882695,1.2867727230205277,0.0,1.1181749386550712,1.0,0.0,False,False,6.470011640715839,24.0,0.0,0.0,0.0
1987,144651,1798321,Montreal Royales,stevebobldn,71,91,0.4382716049382716,30,14-28,15-22,7-5,769,924,National League,East,https://www.whatifsports.com/mlb-l/manage.asp?cLID=144651&lst=1,0,0,0,0,0,0,0,montreal,Montreal,1988.0,Montreal Royales,65933274.0,74336953.35129069,0.0704401812988574,71.0,-2.7888825592217863,same-year final block row4; WIS wins,65933274.0,162.0,1.0,7.0,first,65933274.0,-2.7888825592217863,73.03691374934947,-2.7888825592217836,False,65933274.0,65933274.0,65933274.0,65933274.0,65933274.0,65933274.0,0.0,0.0,True,14.0,,44.0,33.0,3.0,2.0,0.0,1486.0,6328.0,6328.0,6328.0,6328.0,38034593.0,6010.523546144122,0.700714743489254,1486.0,1292.0,1532.0,28146022.0,18940.79542395693,4.237170880888291,4.3104351985195155,1.389310619111709,247341.0,0.9164819674003584,0.0,0.0,False,False,-2.0369137493494662,24.0,0.0,0.0,0.0
1987,144651,1798170,New York National,k123456789,57,105,0.35185185185185186,44,17-25,22-25,6-9,692,921,National League,East,https://www.whatifsports.com/mlb-l/manage.asp?cLID=144651&lst=1,0,0,0,0,0,0,0,new-york-nationals,New York Nutcrackers / Nationals,1988.0,New York National,59197560.62962963,74949290.93041526,0.1756951539973347,57.0,-8.090829834206591,same-year final block row4; WIS wins,59197560.62962963,162.0,3.0,8.0,first,59197560.62962963,-8.090829834206591,62.01775067403901,-8.090829834206591,False,62135697.0,58713424.0,60674177.35,58713424.0,58713424.0,58713424.0,-1.9607533500000016,0.0,True,18.0,,30.0,30.0,0.0,1.0,0.0,1307.0,5180.216049555439,5180.216049382717,5180.216049382717,5180.216049382717,31944798.62962963,6166.692339682671,0.7190748579828288,1307.0,1307.0,1369.0,27001254.0,20658.954858454475,3.957107321346596,4.0456450489671,1.3506722257077275,-251508.0,0.8228545852454552,0.0,0.0,False,False,-5.017750674039007,24.0,0.0,1.0,0.0
1987,144651,1798058,Milwaukee Brewers,cdew8,96,66,0.5925925925925926,-,26-16,27-20,10-5,863,701,National League,Central,https://www.whatifsports.com/mlb-l/manage.asp?cLID=144651&lst=1,1,0,0,1,1,5,6,milwaukee,Milwaukee,1988.0,Milwaukee Brewers,79775079.0,73078607.44219977,-0.1139293898647469,96.0,1.0767924814457004,same-year final block row4; WIS wins,79775079.0,162.0,1.0,6.0,first,79775079.0,1.0767924814457004,94.9772916642783,1.0767924814456986,False,79775079.0,79775079.0,79775079.0,79775079.0,79775079.0,79775079.0,0.0,0.0,True,9.0,,25.0,25.0,0.0,1.0,0.0,1450.0,6283.0,6283.0,6283.0,6283.0,42968110.0,6838.788795161547,0.7329644602578387,1450.0,1333.0,1450.0,36806969.0,25384.11655172414,3.2529239944827584,3.3478732262068966,1.2411699062068966,0.0,1.1088850426484056,0.0,0.0,False,False,1.0227083357217026,24.0,0.0,0.0,0.0
1987,144651,1798841,Cincinnati Skyline,sinatra,80,82,0.49382716049382713,16,26-16,21-12,5-5,857,876,National League,Central,https://www.whatifsports.com/mlb-l/manage.asp?cLID=144651&lst=1,0,0,0,0,0,0,0,cincinnati-la,Cincinnati / LA,1988.0,Cincinnati Skyline,70604715.6111111,73912276.84118968,0.0165403844749952,80.0,1.156353128527553,same-year final block row4; WIS wins,70604715.6111111,162.0,2.0,3.0,first,70604715.6111111,1.156353128527553,79.0854924340277,1.156353128527554,False,70564298.0,70668229.0,70564298.0,70564298.0,70620260.84615384,70668229.0,0.103931,0.0,True,8.0,,34.0,28.0,0.0,2.0,0.0,1286.6111116914878,5891.0,5891.0,5891.0,6060.0,43169524.0,7328.046851128841,0.7459140749618061,1286.611111111111,1286.611111111111,1389.611111111111,27435191.611111112,21323.608489140293,3.8631386964894854,3.806452395310679,1.3252021293147371,0.0,0.981415675960728,1.0,0.0,False,False,0.9145075659723004,24.0,0.0,0.0,0.0
1987,144651,1798017,Chicago Thunderbears '87,chargingryno,69,93,0.42592592592592593,27,18-24,25-23,6-6,914,992,National League,Central,https://www.whatifsports.com/mlb-l/manage.asp?cLID=144651&lst=1,0,0,0,0,0,0,0,thunderbears,Thunderbears — Houston / Brooklyn / Chicago,1988.0,Chicago Thunderbears '87,65994743.43209877,74331365.22109988,0.0838260173790631,69.0,-3.6025682502771468,same-year final block row4; WIS wins,65994743.43209877,162.0,6.0,2.0,first,65994743.43209877,-3.6025682502771468,71.57867045581156,-3.6025682502771272,False,68984920.0,62070158.0,69076029.925,69073398.07317074,63824391.84615385,62070158.0,-7.0058719249999974,0.0,True,15.0,,39.0,34.0,0.0,1.0,0.0,1290.4629626649491,5925.790124946382,5925.790123456791,5925.790123456791,5925.790123456791,39076345.19135803,6594.284370058481,0.7394086446166472,1290.4629629629628,1266.4629629629628,1290.4629629629628,26798587.697530866,20766.646131400827,3.912975149190404,3.6967855713424695,1.3711162589031596,-119810.54320987314,0.917336401324948,0.0,0.0,False,False,-2.5786704558115616,24.0,0.0,0.0,0.0
1987,144651,1798174,Cleveland Kickapoo,harrelson,63,99,0.3888888888888889,33,14-28,17-23,3-3,790,999,National League,Central,https://www.whatifsports.com/mlb-l/manage.asp?cLID=144651&lst=1,0,0,0,0,0,0,0,cleveland,Cleveland,1988.0,Cleveland Kickapoo,62850211.55555555,74617231.75533108,0.1292889541835706,63.0,-5.620272782842111,same-year final block row4; WIS wins,62850211.55555555,162.0,3.0,4.0,first,62850211.55555555,-5.620272782842111,66.7516233174139,-5.620272782842106,False,62010720.0,64148046.0,62010720.0,62010720.0,63196103.07692308,64148046.0,2.137326,0.0,True,17.0,,36.0,31.0,0.0,0.0,0.0,1408.7777782935111,5556.765432948805,5556.765432098766,5556.765432098766,5556.765432098766,34687271.81481481,6242.349481668436,0.7319537315717909,1408.7777777777778,1408.7777777777778,1408.7777777777778,28162939.74074074,19991.044851066064,4.168525109038568,4.097569728527486,1.4005942087309724,0.0,0.8736269571258405,0.0,0.0,False,True,-3.7516233174139018,24.0,0.0,1.0,0.0
1987,144651,1798332,Seattle Sea Snakes,pi_kapp,102,60,0.6296296296296297,-,26-16,22-17,7-2,1033,853,National League,West,https://www.whatifsports.com/mlb-l/manage.asp?cLID=144651&lst=1,1,0,0,0,1,0,3,seattle,Seattle Sea Snakes,1988.0,Seattle Sea Snakes,84467913.82716049,72651986.09427609,-0.1857152505116588,102.0,-2.4297672808448088,same-year final block row4; WIS wins,84467913.82716049,162.0,5.0,11.0,first,84467913.82716049,-2.4297672808448088,104.5400806756251,-2.429767280844808,False,81714578.0,86153813.0,81873554.25,83622689.24390244,86201781.15384616,86153813.0,4.28025875,0.0,True,13.0,,31.0,31.0,1.0,1.0,0.0,1793.1543205072112,6195.882714863513,6195.882716049383,6195.882716049383,6195.882716049383,49179807.2345679,7937.498091623967,0.7653673078529847,1801.58024691358,1736.58024691358,1801.58024691358,35294342.5925926,19590.769077901434,4.013439974946549,4.197078312873472,1.320884745538896,6236.000000014901,1.174116119980937,0.0,0.0,False,False,-2.5400806756251058,24.0,0.0,0.0,0.0
1987,144651,1798149,Houston Nacho Mommas FrazzStros,the_creeper,96,66,0.5925925925925926,6,24-18,26-16,7-4,919,822,National League,West,https://www.whatifsports.com/mlb-l/manage.asp?cLID=144651&lst=1,0,0,0,0,0,0,0,houston,Houston Colt .45s / Astros / flyBALLERS,1988.0,Houston Nacho Mommas FrazzStros,74978429.16666667,73514666.51795734,-0.0371151624303626,96.0,12.413149396827771,same-year final block row4; WIS wins,74978429.16666667,162.0,4.0,5.0,first,74978429.16666667,12.413149396827771,85.3992620214847,12.413149396827784,False,75121904.0,75216293.0,75121904.0,74570401.17073171,75004066.94871795,75216293.0,0.094389,0.0,True,4.0,,30.0,30.0,0.0,2.0,0.0,1416.0,6011.03703905258,6011.037037037037,6011.037037037037,6011.037037037037,40862324.166666664,6797.882614080271,0.7921811646124205,1416.0,1239.0,1460.0,33603356.0,23731.18361581921,3.534056418079096,3.671781532485875,1.30622295480226,-512749.0000000149,1.042210921836751,1.0,0.0,False,False,10.600737978515298,24.0,0.0,0.0,0.0
1987,144651,1798138,Texas Rangers,frazzman80,81,81,0.5,21,18-24,19-20,5-9,1028,929,National League,West,https://www.whatifsports.com/mlb-l/manage.asp?cLID=144651&lst=1,0,0,0,0,0,0,0,texas,Texas Rangers,1988.0,Texas Rangers,77829992.95679012,73255433.44612795,-0.0857412638107195,81.0,-11.365307472240495,same-year final block row4; WIS wins,77829992.95679012,162.0,2.0,13.0,first,77829992.95679012,-11.365307472240495,91.38633833995826,-11.365307472240492,False,78037552.0,77520251.0,78037552.0,78037552.0,77732477.05128205,77520251.0,-0.517301,0.0,True,21.0,,31.0,29.0,3.0,2.0,0.0,1588.0,5872.518517625608,5872.518518518518,5872.518518518518,5872.518518518518,44125422.95679012,7513.884003540239,0.8147895444630145,1588.0,1548.0,1588.0,34483154.0,21714.832493702772,3.7562484074307303,3.910750137279596,1.3210425824937029,778584.0,1.0818480676053648,0.0,0.0,False,False,-10.386338339958256,24.0,0.0,1.0,0.0
1987,144651,1798475,St. Louis Perfectos '87,kermit,70,92,0.43209876543209874,32,16-26,14-31,3-11,904,945,National League,West,https://www.whatifsports.com/mlb-l/manage.asp?cLID=144651&lst=1,0,0,0,0,0,0,0,st-louis,St. Louis Perfectos,1988.0,St. Louis Perfectos '87,70447869.0,73926535.62401795,0.0235243248860047,70.0,-10.583667389105509,same-year final block row4; WIS wins,70447869.0,162.0,1.0,12.0,first,70447869.0,-10.583667389105509,78.28547420370403,-10.58366738910551,False,70447869.0,70447869.0,70447869.0,70447869.0,70447869.0,70447869.0,0.0,0.0,True,20.0,,31.0,30.0,0.0,0.0,0.0,1446.0,6336.0,6336.0,6336.0,6336.0,42426147.0,6696.045928030303,0.7792142376104797,1446.0,1446.0,1446.0,28021722.0,19378.784232365146,4.13886759197787,4.206828744813278,1.3881037807745504,0.0,0.9792354855650384,0.0,0.0,False,True,-8.285474203704027,24.0,0.0,1.0,0.0
1987,144651,1798150,Boston EdSox,the_creeper,109,53,0.6728395061728395,-,24-18,16-11,7-5,1190,880,American League,East,https://www.whatifsports.com/mlb-l/manage.asp?cLID=144651&lst=1,1,0,1,2,1,9,7,boston,Boston,1988.0,Boston EdSox,85722406.3888889,68839883.4315376,-0.2149620577677172,109.0,0.3542568787902811,same-year final block row4; WIS wins,85722406.3888889,162.0,3.0,22.0,second,85722406.3888889,0.3542568787902811,108.61522310075216,0.3542568787902933,False,92004374.0,84248365.0,88057269.625,85689007.0,84950216.23076923,84248365.0,-3.808904625,0.0,True,10.0,,32.0,28.0,0.0,1.0,0.0,1576.0555550634258,6853.438270749075,6853.438271604939,6853.438271604939,6853.438271604939,48361130.18518519,7056.477094942882,0.7956718318465904,1576.0555555555554,1506.0555555555554,1603.0555555555554,35977260.2037037,22827.40610055577,3.656536557404209,3.495023872677924,1.2864984449022996,-1384016.0,1.1915537465587094,0.0,0.0,False,False,0.3847768992478393,24.0,0.0,0.0,0.0
1987,144651,1798824,Toronto ModernDayWarriors,coldfoot,97,65,0.5987654320987654,12,28-14,16-19,5-6,1119,870,American League,East,https://www.whatifsports.com/mlb-l/manage.asp?cLID=144651&lst=1,1,0,0,0,1,2,3,toronto,Toronto,1988.0,Toronto ModernDayWarriors,76343989.51851852,69692466.78338943,-0.0661343452314467,97.0,9.06093283019992,same-year final block row4; WIS wins,76343989.51851852,162.0,3.0,32.0,second,76343989.51851852,9.06093283019992,88.94110611635982,9.060932830199908,False,76490643.0,76220505.0,76490643.0,76490643.0,76172384.84615384,76220505.0,-0.270138,0.0,True,6.0,,27.0,27.0,0.0,0.0,0.0,1427.2962961731157,6643.0,6643.0,6643.0,6643.0,44956577.0,6767.5112148125845,0.7651854494505494,1427.2962962962963,1427.2962962962963,1427.2962962962963,31507223.061728396,22074.75991038915,3.636760280129053,3.565858690833917,1.304249937921132,119810.54320986567,1.0611924066310463,1.0,0.0,False,True,8.058893883640181,24.0,0.0,0.0,0.0
1987,144651,1798073,New York Eagles,just4me,85,77,0.5246913580246914,24,19-23,17-20,3-2,1104,1052,American League,East,https://www.whatifsports.com/mlb-l/manage.asp?cLID=144651&lst=1,0,0,0,0,0,0,0,new-york-eagles,New York Eagles,1988.0,New York Eagles,74878118.7962963,69825727.75813693,-0.040829204293754,85.0,-0.9872128255605712,same-year final block row4; WIS wins,74878118.7962963,162.0,5.0,27.0,second,74878118.7962963,-0.9872128255605712,85.84749750580005,-0.9872128255605684,False,67455903.0,75661642.0,72488373.025,75661642.0,75661642.0,75661642.0,3.173268974999994,0.0,True,12.0,,61.0,35.0,4.0,3.0,0.0,1429.9259259577132,6488.975311115313,6488.975308641975,6190.975308641975,6488.975308641975,48439023.518518515,7464.81859069609,0.7947196783397101,1417.8703703703704,1358.8703703703704,1417.8703703703704,27436011.277777776,19350.154888003653,4.082757127904395,4.070424362528571,1.367041525762424,996916.0,1.0408165932980575,0.0,0.0,False,False,-0.8474975058000496,24.0,0.0,0.0,0.0
1987,144651,1798093,Baltimore Firebirds '87,jimmygatz2,63,99,0.3888888888888889,46,13-29,16-17,4-10,790,951,American League,East,https://www.whatifsports.com/mlb-l/manage.asp?cLID=144651&lst=1,0,0,0,0,0,0,0,baltimore,Baltimore,1988.0,Baltimore Firebirds '87,61514524.0,71040600.01234569,0.1619068336521624,63.0,-0.637855168086057,same-year final block row4; WIS wins,61514524.0,162.0,1.0,21.0,second,61514524.0,-0.637855168086057,63.404428423494686,-0.6378551680860545,False,61514524.0,61514524.0,61514524.0,61514524.0,61514524.0,61514524.0,0.0,0.0,True,11.0,,25.0,25.0,0.0,0.0,0.0,1297.0,5767.0,5767.0,5767.0,5767.0,33844133.0,5868.58557308826,0.7049884726374198,1297.0,1297.0,1297.0,26596274.0,20505.993831919815,4.096233592135698,4.219162121819584,1.367541290670779,-1074117.0,0.8550607084856208,0.0,0.0,False,True,-0.4044284234946858,24.0,0.0,0.0,0.0
1987,144651,1798840,Minnesota Upper Midwestern Dialects,sinatra,88,74,0.5432098765432098,-,24-18,22-21,6-6,937,823,American League,Central,https://www.whatifsports.com/mlb-l/manage.asp?cLID=144651&lst=1,1,0,0,0,1,1,3,georgia-minnesota,Georgia / Minnetonka / Minnesota,1988.0,Minnesota Upper Midwestern Dialects,68833383.0,70375249.19416386,0.0395092268196122,88.0,15.073564190100702,same-year final block row4; WIS wins,68833383.0,162.0,1.0,26.0,second,68833383.0,15.073564190100702,76.47282033832256,15.073564190100708,False,68833383.0,68833383.0,68833383.0,68833383.0,68833383.0,68833383.0,0.0,0.0,True,3.0,,28.0,27.0,0.0,0.0,0.0,1304.0,6344.0,6344.0,6344.0,6344.0,38530318.0,6073.505359394704,0.7089885157471627,1304.0,1304.0,1304.0,29913468.0,22939.776073619632,3.4698047269938654,3.7490038918711655,1.2568968504601226,-389597.0,0.9567938985505616,1.0,1.0,False,True,11.527179661677437,24.0,0.0,0.0,0.0
1987,144651,1798110,Detroit Supremes,harrelson,84,78,0.5185185185185185,4,27-15,19-18,8-8,965,930,American League,Central,https://www.whatifsports.com/mlb-l/manage.asp?cLID=144651&lst=1,0,0,0,0,0,0,0,detroit,Detroit,1988.0,Detroit Supremes,65970108.969135806,70635546.83333334,0.0907981039440488,84.0,18.600702160091,same-year final block row4; WIS wins,65970108.969135806,162.0,3.0,24.0,second,65970108.969135806,18.600702160091,70.82588759602294,18.600702160090997,False,73140813.0,64833470.0,68613069.25,65637166.17073171,64833470.0,64833470.0,-3.77959925,0.0,True,1.0,,27.0,27.0,0.0,2.0,0.0,1396.7530862782278,5787.925925616368,5787.925925925926,5787.925925925926,5787.925925925926,37390946.85185186,6460.163334911758,0.7575589360312657,1403.3271604938273,1382.3271604938273,1421.3271604938273,28391637.117283948,20231.659385323237,4.0423870377717845,3.828697005348841,1.397501630551731,-187525.0,0.916993978755698,1.0,1.0,False,False,13.174112403977064,24.0,0.0,0.0,0.0
1987,144651,1798122,Chicago Cornhuskers,wgasa,84,78,0.5185185185185185,4,21-21,22-19,8-7,927,903,American League,Central,https://www.whatifsports.com/mlb-l/manage.asp?cLID=144651&lst=1,0,0,0,0,0,0,0,cornhuskers,Chicago Cornhuskers,1988.0,Chicago Cornhuskers,68853763.85802469,70373396.3888889,0.0466186692626735,84.0,11.001301503282134,same-year final block row4; WIS wins,68853763.85802469,162.0,4.0,23.0,second,68853763.85802469,11.001301503282134,75.67478836950056,11.001301503282136,False,67152206.0,68859808.0,67977433.475,69458887.36585365,69109899.6923077,68859808.0,0.882374525000006,0.0,True,5.0,,35.0,30.0,2.0,1.0,0.0,1460.3518512461371,6215.07407316903,6215.074074074074,6215.074074074074,6222.074074074074,38842023.87654321,6249.647777903584,0.7250473315682103,1460.351851851852,1460.351851851852,1460.351851851852,30133763.98148148,20634.591549474375,4.073183508933666,3.887316171026769,1.3720712108319912,122024.0,0.9570771954009466,1.0,0.0,False,False,8.325211630499439,24.0,0.0,0.0,0.0
1987,144651,1798793,Philly CRYPTKEEPERS,cpdpoet,47,115,0.29012345679012347,41,12-30,14-17,4-3,750,1242,American League,Central,https://www.whatifsports.com/mlb-l/manage.asp?cLID=144651&lst=1,0,0,0,0,0,0,0,philly,Philadelphia CRYPTKEEPERS,1988.0,Philly CRYPTKEEPERS,57982853.7654321,71361660.94276093,0.2008279874903726,47.0,-21.05129012925161,same-year final block row4; WIS wins,57982853.7654321,162.0,2.0,30.0,second,57982853.7654321,-21.05129012925161,59.53232177821079,-21.05129012925161,False,58402469.0,57854262.0,58375058.65,57854262.0,57854262.0,57854262.0,-0.5207966499999985,0.0,True,23.0,,30.0,28.0,0.0,0.0,0.0,1285.0,5424.999998849366,5425.0,5425.0,5425.0,30351124.765432097,5594.677376116516,0.7045825871527565,1285.0,1285.0,1285.0,26194533.0,20384.850583657582,4.126097870038911,4.0389209875486385,1.4348465424124512,-1437196.0,0.8059699855710257,0.0,0.0,False,True,-12.532321778210791,24.0,1.0,1.0,0.0
1987,144651,1798320,Newark Ironborn Bears,trentonjoe,98,64,0.6049382716049383,-,29-13,22-17,8-5,882,726,American League,West,https://www.whatifsports.com/mlb-l/manage.asp?cLID=144651&lst=1,1,0,0,1,1,5,6,socal-newark,SoCal / Newark,1988.0,Newark Ironborn Bears,72962054.0,69999915.46689114,-0.0148227662541169,98.0,18.44384042925132,same-year final block row4; WIS wins,72962054.0,162.0,1.0,28.0,second,72962054.0,18.44384042925132,82.73963394368086,18.44384042925129,False,72962054.0,72962054.0,72962054.0,72962054.0,72962054.0,72962054.0,0.0,0.0,True,2.0,,31.0,31.0,0.0,1.0,0.0,1410.0,5923.0,5923.0,5777.0,5923.0,38625762.0,6521.317237886206,0.7251475434408238,1410.0,1410.0,1410.0,34351860.0,24363.021276595744,3.436569322695036,3.5474480021276595,1.2493121575886523,15568.0,1.0141830177505091,1.0,1.0,False,False,15.260366056319144,24.0,0.0,0.0,0.0
1987,144651,1798279,Oakland Nights,duhbigcat,78,84,0.48148148148148145,20,22-20,19-26,5-5,896,870,American League,West,https://www.whatifsports.com/mlb-l/manage.asp?cLID=144651&lst=1,0,0,0,0,0,0,0,oakland,Oakland,1988.0,Oakland Nights,73407532.17901234,69959417.45061728,-0.0021451531375729,78.0,-4.000415233553385,same-year final block row4; WIS wins,73407532.17901234,162.0,2.0,29.0,second,73407532.17901234,-4.000415233553385,81.25035143616812,-4.000415233553367,False,73734978.0,73330045.0,73643868.075,73330045.0,73330045.0,73330045.0,-0.313823075000003,0.0,True,16.0,,35.0,33.0,2.0,1.0,0.0,1588.0370372635252,6459.932098242227,6459.932098765432,6430.932098765432,6459.932098765432,40379468.86419753,6250.75747652433,0.711923005201962,1588.037037037037,1588.037037037037,1588.037037037037,31167809.314814813,19626.626198194837,4.181773411296654,4.366704846514448,1.3994853885494167,-1860254.0,1.0203752283471672,0.0,0.0,False,False,-3.250351436168117,24.0,0.0,0.0,0.0
1987,144651,1798794,San Francisco Quake,epup1975,68,94,0.41975308641975306,30,21-21,18-19,4-7,813,1007,American League,West,https://www.whatifsports.com/mlb-l/manage.asp?cLID=144651&lst=1,0,0,0,0,0,0,0,quake,San Diego / San Francisco Quake,1988.0,San Francisco Quake,66773283.86419753,70562530.93378226,0.0513128956825818,68.0,-9.515019445711332,same-year final block row4; WIS wins,66773283.86419753,162.0,4.0,31.0,second,66773283.86419753,-9.515019445711332,75.15059359404046,-9.515019445711348,False,67559441.0,66452869.0,67559441.0,67164539.04878049,65900711.461538464,66452869.0,-1.106572,0.0,True,19.0,,36.0,36.0,1.0,0.0,0.0,1475.055556243913,6553.370370152781,6553.37037037037,6553.37037037037,6553.37037037037,37467940.0,5717.3542593293805,0.7084159089498758,1475.0555555555557,1475.0555555555557,1475.0555555555557,29190062.160493825,19789.12729798835,4.143288813725367,4.064831134617235,1.3974599936641852,-115281.70370370896,0.9281582250206832,0.0,0.0,False,False,-7.150593594040458,24.0,0.0,1.0,1.0
1987,144651,1798424,Kansas City Monarchs,kujhawker,57,105,0.35185185185185186,41,12-30,14-19,3-5,940,1288,American League,West,https://www.whatifsports.com/mlb-l/manage.asp?cLID=144651&lst=1,0,0,0,0,0,0,0,kansas-city,Kansas City Monarchs,1988.0,Kansas City Monarchs,69719105.7962963,70294728.9399551,0.036996410695063,57.0,-25.738781727674347,same-year final block row4; WIS wins,69719105.7962963,162.0,2.0,25.0,second,69719105.7962963,-25.738781727674347,76.75607985715169,-25.738781727674343,False,63988495.0,70303862.0,67935599.375,70303862.0,70303862.0,70303862.0,2.368262625,0.0,True,24.0,,38.0,35.0,3.0,3.0,0.0,1523.9444449365742,6966.79629630212,6966.7962962962965,6815.7962962962965,6966.7962962962965,41501588.0,5957.054897968405,0.7096855036251319,1523.9444444444446,1473.9444444444446,1523.9444444444446,28949115.7962963,18996.175288299128,4.38967658565127,4.265392956654879,1.446315042148178,731598.0,0.9691055724850454,0.0,0.0,False,False,-19.75607985715169,24.0,1.0,1.0,0.0
1988,145090,1807885,Pittsburg Tanagers,coldfoot,114,48,0.7037037037037037,-,30-12,24-22,14-5,910,557,National League,East,https://www.whatifsports.com/mlb-l/manage.asp?cLID=145090&lst=1,1,1,1,3,0,11,4,pittsburg,Pittsburg Tanagers,1989.0,Pittsburg Tanagers,83591806.34567901,72281899.18350168,-0.1632896665561013,114.0,12.328998845921443,published score; expected wins and pct recovered from final WIS wins,83591806.34567901,162.0,3.0,10.0,first,83591806.34567901,12.328998845921443,101.48669099973291,12.329999999999997,False,83378485.0,83743752.0,83378485.0,83499739.41463415,83743752.0,83743752.0,0.365267,0.0,True,5.0,12.33,29.0,29.0,0.0,1.0,0.0,1439.6790122927316,5610.061729051052,5742.283950617283,5624.283950617283,5870.283950617283,44380800.02469136,7728.771409836067,0.7895816330330558,1439.679012345679,1439.679012345679,1439.679012345679,38133150.48148148,26487.25872536745,2.9616652531428467,3.0441703978767554,1.2319247520109078,-1077855.839506179,1.184009455709807,1.0,0.0,False,False,12.513309000267084,24.0,0.0,0.0,0.0
1988,145090,1807405,New York  Times,trentonjoe,83,79,0.5123456790123457,31,18-24,22-23,6-6,832,803,National League,East,https://www.whatifsports.com/mlb-l/manage.asp?cLID=145090&lst=1,0,0,0,0,0,0,0,new-york-times,New York Times,1989.0,New York Times,70897052.0,73435967.7603816,0.01113518673095,83.0,4.12940530124948,published score; expected wins and pct recovered from final WIS wins,70897052.0,162.0,1.0,9.0,first,70897052.0,4.12940530124948,79.70805723614713,4.129999999999989,False,70897052.0,70897052.0,70897052.0,70897052.0,70897052.0,70897052.0,0.0,0.0,True,10.0,4.13,34.0,27.0,0.0,0.0,0.0,1372.0,5297.0,5297.0,5297.0,5297.0,41193175.0,7776.699074948084,0.8088255178591657,1372.0,1372.0,1372.0,29703877.0,21650.05612244898,3.589299556851312,3.633946764577259,1.289188673760933,0.0,1.0041986603665376,0.0,0.0,False,True,3.291942763852873,24.0,0.0,0.0,0.0
1988,145090,1807554,New York Nationals,k123456789,80,82,0.49382716049382713,34,20-22,28-21,8-9,759,821,National League,East,https://www.whatifsports.com/mlb-l/manage.asp?cLID=145090&lst=1,0,0,0,0,0,0,0,new-york-nationals,New York Nutcrackers / Nationals,1989.0,New York Nationals,71752741.15432099,73358177.8372615,0.0061836463964725,80.0,-0.3525648019057674,published score; expected wins and pct recovered from final WIS wins,71752741.15432099,162.0,3.0,8.0,first,71752741.15432099,-0.3525648019057674,80.28098344204716,-0.3499999999999947,False,71269575.0,72096898.0,71302365.875,71512212.04878049,72096898.0,72096898.0,0.794532125,0.0,True,13.0,-0.35,35.0,33.0,1.0,4.0,0.0,1474.7160495743883,5561.925926609382,5561.925925925926,5312.925925925926,5683.925925925926,36121128.39506173,6494.356249278605,0.7572129150157818,1474.716049382716,1474.716049382716,1512.716049382716,34014404.21604938,23065.053255701034,3.4979921368131133,3.3740171967970403,1.3026667602032618,-1617208.5432098806,1.0163187962285942,0.0,0.0,False,False,-0.2809834420471588,24.0,0.0,0.0,0.0
1988,145090,1807565,Montreal Royales,stevebobldn,66,96,0.4074074074074074,48,16-26,27-24,6-5,666,838,National League,East,https://www.whatifsports.com/mlb-l/manage.asp?cLID=145090&lst=1,0,0,0,0,0,0,0,montreal,Montreal,1989.0,Montreal Royales,66076153.12345679,73874231.29461278,0.0734892876825955,66.0,-9.22485485620152,published score; expected wins and pct recovered from final WIS wins,66076153.12345679,162.0,2.0,7.0,first,66076153.12345679,-9.22485485620152,72.70323859881033,-9.220000000000027,False,66275767.0,65653893.0,66275767.0,66275767.0,66116312.12820513,65653893.0,-0.621874,0.0,True,19.0,-9.22,36.0,32.0,1.0,3.0,0.0,1641.0,5849.456791214122,5583.456790123457,5269.456790123457,5647.456790123457,34527538.12345679,6183.899942510945,0.7134259643377702,1641.0,1548.0,1697.0,33110977.0,20177.31687995125,3.91419404448507,3.894696961608775,1.3542579969530772,1562362.0,0.9359145772203548,0.0,0.0,False,False,-6.70323859881033,24.0,0.0,1.0,0.0
1988,145090,1807606,Milwaukee Brewers,cdew8,95,67,0.5864197530864198,-,25-17,26-14,6-8,742,637,National League,Central,https://www.whatifsports.com/mlb-l/manage.asp?cLID=145090&lst=1,1,0,0,1,1,6,6,milwaukee,Milwaukee,1989.0,Milwaukee Brewers,74205840.38271604,73135168.81649831,-0.0356021105946261,95.0,11.480176861428331,published score; expected wins and pct recovered from final WIS wins,74205840.38271604,162.0,3.0,6.0,first,74205840.38271604,11.480176861428331,85.21707929673485,11.47999999999998,False,72561341.0,76958561.0,72561341.0,72561341.0,74656870.74358974,76958561.0,4.39722,0.0,True,6.0,11.48,28.0,28.0,0.0,3.0,0.0,1423.827160662124,6033.543208785878,6033.543209876543,5654.543209876543,6311.543209876543,38316849.87654321,6350.638181196889,0.7300922522204056,1423.8271604938273,1423.8271604938273,1423.8271604938273,36012055.506172836,25292.43471776641,3.156561369895083,3.2615182307378823,1.2435725630191623,123065.0,1.0510649371386636,1.0,0.0,False,False,9.782920703265148,24.0,0.0,0.0,0.0
1988,145090,1806946,Chicago Thunderbears '88,chargingryno,79,83,0.4876543209876543,16,24-18,19-21,6-7,739,745,National League,Central,https://www.whatifsports.com/mlb-l/manage.asp?cLID=145090&lst=1,0,0,0,0,0,0,0,thunderbears,Thunderbears — Houston / Brooklyn / Chicago,1989.0,Chicago Thunderbears '88,74868623.43209876,73074915.81200898,-0.0466780263440246,79.0,-8.727928023321903,published score; expected wins and pct recovered from final WIS wins,74868623.43209876,162.0,5.0,2.0,first,74868623.43209876,-8.727928023321903,86.55637120631097,-8.730000000000027,False,71591027.0,76283966.0,71591027.0,73520563.31707317,78123237.12820514,76283966.0,4.692939,0.0,True,17.0,-8.73,38.0,35.0,1.0,0.0,0.0,1498.3703699855823,5922.882713245207,5922.882716049383,5922.882716049383,5922.882716049383,36802274.358024694,6213.574727438154,0.742619685087967,1498.3703703703704,1498.3703703703704,1498.3703703703704,38152286.25925926,25462.520491398063,3.060052187483522,3.139946413086646,1.211363470144519,85937.18518519402,1.060452716059341,0.0,0.0,False,True,-7.556371206310971,24.0,0.0,1.0,0.0
1988,145090,1807325,Cincinnati Skyline,sinatra,69,93,0.42592592592592593,26,19-23,22-24,7-8,682,815,National League,Central,https://www.whatifsports.com/mlb-l/manage.asp?cLID=145090&lst=1,0,0,0,0,0,0,0,cincinnati-la,Cincinnati / LA,1989.0,Cincinnati Skyline,64175849.0,74046986.21492705,0.1108065724135204,69.0,0.4544650653857762,published score; expected wins and pct recovered from final WIS wins,64175849.0,162.0,1.0,3.0,first,64175849.0,0.4544650653857762,68.69089099054258,0.4499999999999726,False,64175849.0,64175849.0,64175849.0,64175849.0,64175849.0,64175849.0,0.0,0.0,True,12.0,0.45,30.0,26.0,0.0,2.0,0.0,1279.0,5784.0,5784.0,5728.0,6026.0,35282059.0,6099.941044260027,0.7066376053423236,1279.0,1279.0,1279.0,28893890.0,22591.00078186083,3.4223576708365915,3.719894544956998,1.2813621094605157,100.0,0.9089983261036748,0.0,0.0,False,False,0.3091090094574156,24.0,0.0,0.0,0.0
1988,145090,1807222,Cleveland KICKAPOO,harrelson,67,95,0.41358024691358025,28,16-26,21-23,9-4,683,817,National League,Central,https://www.whatifsports.com/mlb-l/manage.asp?cLID=145090&lst=1,0,0,0,0,0,0,0,cleveland,Cleveland,1989.0,Cleveland KICKAPOO,71779014.0,73355789.39674522,-0.0007232295585702,67.0,-17.37023565589207,published score; expected wins and pct recovered from final WIS wins,71779014.0,162.0,1.0,4.0,first,71779014.0,-17.37023565589207,81.08435193029166,-17.369999999999997,False,71779014.0,71779014.0,71779014.0,71779014.0,71779014.0,71779014.0,0.0,0.0,True,20.0,-17.37,34.0,25.0,0.0,0.0,0.0,1421.0,5926.0,5562.0,5562.0,5562.0,37887148.0,6811.7849694354545,0.7230265857425386,1421.0,1421.0,1421.0,33891866.0,23850.71498944405,3.338453157635468,3.2665002610837437,1.2740579662209712,0.0,1.016690929564052,0.0,0.0,False,True,-14.08435193029166,24.0,0.0,1.0,0.0
1988,145090,1807360,Texas Rangers,frazzman80,106,56,0.654320987654321,-,19-23,25-15,4-6,888,628,National League,West,https://www.whatifsports.com/mlb-l/manage.asp?cLID=145090&lst=1,1,0,0,0,1,2,3,texas,Texas Rangers,1989.0,Texas Rangers,80984133.20987654,72518960.37766553,-0.135974704675354,106.0,8.333006437716039,published score; expected wins and pct recovered from final WIS wins,80984133.20987654,162.0,2.0,13.0,first,80984133.20987654,8.333006437716039,97.84916458967972,8.32999999999997,False,79267435.0,82226000.0,79267435.0,80205516.58536585,82226000.0,82226000.0,2.958565,0.0,True,9.0,8.33,33.0,31.0,4.0,1.0,0.0,1554.2469136285094,6081.0,6081.0,6081.0,6081.0,44826820.0,7371.619799375103,0.7708875620950502,1554.246913580247,1553.246913580247,1554.246913580247,39196438.209876545,25218.926199818892,3.2205680826330085,3.457856359762975,1.2485625023932831,3039125.0,1.1470739020333771,0.0,0.0,False,False,8.150835410320283,24.0,0.0,0.0,0.0
1988,145090,1807801,Seattle Sea Snakes,pi_kapp,94,68,0.5802469135802469,12,26-16,17-17,7-5,887,738,National League,West,https://www.whatifsports.com/mlb-l/manage.asp?cLID=145090&lst=1,1,0,0,0,1,0,3,seattle,Seattle Sea Snakes,1989.0,Seattle Sea Snakes,74725269.48148148,73087947.98933782,-0.0418451647032306,94.0,9.337648438321674,published score; expected wins and pct recovered from final WIS wins,74725269.48148148,162.0,2.0,11.0,first,74725269.48148148,9.337648438321674,85.9703676605085,9.340000000000014,False,68972415.0,77147524.0,68972415.0,75552380.7804878,77147524.0,77147524.0,8.175109,0.0,True,8.0,9.34,28.0,28.0,0.0,1.0,0.0,1484.8518519355655,6069.14814812689,6069.148148148148,6069.148148148148,6069.148148148148,43731961.333333336,7205.617702160899,0.7492103759243779,1484.851851851852,1484.851851851852,1505.851851851852,30993308.14814815,20872.996931979746,3.61090510715622,3.577726258886034,1.2935718906238307,1.4901161193847656e-08,1.0584222247891522,1.0,0.0,False,False,8.0296323394915,24.0,0.0,0.0,0.0
1988,145090,1807375,Houston Arms Race (1988),the_creeper,86,76,0.5308641975308642,20,20-22,20-22,5-5,727,653,National League,West,https://www.whatifsports.com/mlb-l/manage.asp?cLID=145090&lst=1,0,0,0,0,0,0,0,houston,Houston Colt .45s / Astros / flyBALLERS,1989.0,Houston Arms Race (1988),73209929.2345679,73225706.1936027,-0.0174610407983516,86.0,3.548978221658991,published score; expected wins and pct recovered from final WIS wins,73209929.2345679,162.0,2.0,5.0,first,73209929.2345679,3.548978221658991,83.05166586190246,3.5500000000000087,False,74379514.0,72096710.0,74379514.0,74268157.70731707,72096710.0,72096710.0,-2.282804,0.0,True,11.0,3.55,27.0,26.0,0.0,2.0,0.0,1426.802469352294,5928.0,5928.0,5598.0,5928.0,37998773.0,6410.049426450742,0.7498430262145749,1426.8024691358023,1421.8024691358023,1426.8024691358023,35099953.2345679,24600.42927724083,3.178792060131867,3.2501330794014067,1.2436895055204158,-111202.9999999851,1.036958671608547,0.0,0.0,False,False,2.948334138097536,24.0,0.0,0.0,0.0
1988,145090,1807502,St. Louis Perfectos '88,kermit,80,82,0.49382716049382713,26,19-23,27-25,9-9,692,745,National League,West,https://www.whatifsports.com/mlb-l/manage.asp?cLID=145090&lst=1,0,0,0,0,0,0,0,st-louis,St. Louis Perfectos,1989.0,St. Louis Perfectos '88,72426286.0,73296946.48765431,-0.0076935100726382,80.0,-2.3160310717560906,published score; expected wins and pct recovered from final WIS wins,72426286.0,162.0,1.0,12.0,first,72426286.0,-2.3160310717560906,81.90008190008184,-2.3199999999999332,False,72426286.0,72426286.0,72426286.0,72426286.0,72426286.0,72426286.0,0.0,0.0,True,15.0,-2.32,25.0,25.0,0.0,1.0,0.0,1393.0,5981.0,5981.0,5981.0,5981.0,38813150.0,6489.408125731483,0.711169989700719,1393.0,1246.0,1393.0,33621138.0,24135.777458722183,3.3081573230437904,3.3348481464465185,1.2760368090452263,8002.0,1.0258590071773888,0.0,0.0,False,False,-1.900081900081844,24.0,0.0,0.0,0.0
1988,145090,1807373,Boston EDSox (1988),the_creeper,108,54,0.6666666666666666,-,30-12,17-11,8-4,1006,700,American League,East,https://www.whatifsports.com/mlb-l/manage.asp?cLID=145090&lst=1,1,0,1,2,1,8,6,boston,Boston,1989.0,Boston EDSox (1988),83641768.89506173,66552773.521885514,-0.2322653052007967,108.0,-2.7710032764184307,published score; expected wins and pct recovered from final WIS wins,83641768.89506173,162.0,2.0,22.0,second,83641768.89506173,-2.7710032764184307,111.0768281394631,-2.7699999999999725,False,83713626.0,83604833.0,83713626.0,83644635.31707317,83604833.0,83604833.0,-0.108793,0.0,True,16.0,-2.77,32.0,27.0,1.0,1.0,0.0,1454.0,6582.438270724253,6582.438271604939,6355.438271604939,6753.438271604939,46854354.89506173,7118.084965138251,0.7600476866112127,1454.0,1454.0,1454.0,36200811.0,24897.39408528198,3.2207323865199453,3.132560759284732,1.2375631642365883,-586603.0,1.1847171342908378,0.0,0.0,False,False,-3.076828139463103,24.0,0.0,0.0,0.0
1988,145090,1807886,Toronto ModernDayWarriors,coldfoot,80,82,0.49382716049382713,28,19-23,13-20,5-5,927,928,American League,East,https://www.whatifsports.com/mlb-l/manage.asp?cLID=145090&lst=1,0,0,0,0,0,0,0,toronto,Toronto,1989.0,Toronto ModernDayWarriors,64441901.302469134,68298216.03030302,0.0791000820149614,80.0,10.965805458035524,published score; expected wins and pct recovered from final WIS wins,64441901.302469134,162.0,4.0,32.0,second,64441901.302469134,10.965805458035524,72.09155627647114,10.969999999999969,False,72301680.0,60480443.0,72301680.0,64600120.19512195,60480443.0,60480443.0,-11.821237,0.0,True,7.0,10.97,37.0,34.0,0.0,1.0,0.0,1482.9012344359248,5556.9197524090405,5556.91975308642,5251.91975308642,5556.91975308642,33092357.660493825,5955.162055761862,0.7249628034677039,1482.9012345679014,1482.9012345679014,1482.9012345679014,31349543.641975302,21140.682137951128,3.739829557149398,3.6811282889647425,1.3336487839820172,0.0,0.912766739009291,1.0,0.0,False,False,7.908443723528862,24.0,0.0,0.0,0.0
1988,145090,1807335,New York Eagles,just4me,72,90,0.4444444444444444,36,20-22,20-30,6-7,822,951,American League,East,https://www.whatifsports.com/mlb-l/manage.asp?cLID=145090&lst=1,0,0,0,0,0,0,0,new-york-eagles,New York Eagles,1989.0,New York Eagles,64878939.833333336,68258485.25476992,0.0696261936750454,72.0,-1.5424287905692902,published score; expected wins and pct recovered from final WIS wins,64878939.833333336,162.0,2.0,27.0,second,64878939.833333336,-1.5424287905692902,73.12614259597807,-1.540000000000008,False,64963019.0,64862124.0,64930228.125,64862124.0,64862124.0,64862124.0,-0.068104125,0.0,True,14.0,-1.54,39.0,34.0,4.0,3.0,0.0,1418.0,6187.16666626025,6187.166666666667,5836.166666666667,6187.166666666667,38539854.83333333,6228.99897637583,0.703245759976295,1418.0,1418.0,1440.0,28663347.0,20213.925952045134,3.9392151220028215,4.1527757954866,1.360246965444288,2324261.9999999925,0.9189570317625412,0.0,0.0,False,False,-1.1261425959780669,24.0,0.0,0.0,0.0
1988,145090,1807207,Baltimore Abyssal Wharf Rats,jimmygatz2,51,111,0.3148148148148148,57,15-27,20-20,7-7,642,931,American League,East,https://www.whatifsports.com/mlb-l/manage.asp?cLID=145090&lst=1,0,0,0,0,0,0,0,baltimore,Baltimore,1989.0,Baltimore Abyssal Wharf Rats,60667659.62962963,68641328.90965207,0.1384061223854997,51.0,-22.498735706402016,published score; expected wins and pct recovered from final WIS wins,60667659.62962963,162.0,2.0,21.0,second,60667659.62962963,-22.498735706402016,65.80645161290322,-22.499999999999982,False,60604350.0,60715830.0,60604350.0,60634259.26829268,60715830.0,60715830.0,0.11148,0.0,True,21.0,-22.5,26.0,26.0,0.0,2.0,0.0,1298.3209877072684,5526.123456772538,5699.901234567901,5475.901234567901,5699.901234567901,35897404.95061728,6297.899467610441,0.6925716566856259,1298.320987654321,1298.320987654321,1317.320987654321,23987930.51851852,18476.117036248143,4.247742994912708,4.0601540029763035,1.4153238807766917,-782324.1604938209,0.8593076976973195,0.0,0.0,False,False,-14.806451612903215,24.0,0.0,1.0,0.0
1988,145090,1807328,Minnesota Upper Midwestern Dialects,sinatra,99,63,0.6111111111111112,-,27-15,21-12,6-5,905,737,American League,Central,https://www.whatifsports.com/mlb-l/manage.asp?cLID=145090&lst=1,1,0,0,1,1,4,4,georgia-minnesota,Georgia / Minnetonka / Minnesota,1989.0,Minnesota Upper Midwestern Dialects,68553241.0,67924457.87598203,0.0171393982857945,99.0,25.28875315060104,published score; expected wins and pct recovered from final WIS wins,68553241.0,162.0,1.0,26.0,second,68553241.0,25.28875315060104,79.01668129938543,25.289999999999992,False,68553241.0,68553241.0,68553241.0,68553241.0,68553241.0,68553241.0,0.0,0.0,True,1.0,25.29,28.0,27.0,1.0,3.0,0.0,1317.0,6843.0,6843.0,6429.0,7152.0,39830721.0,5820.651907058308,0.6907834368113401,1317.0,1317.0,1317.0,30773972.0,23366.721336370538,3.4439673340926347,3.482441899012908,1.265337037965072,2051452.0,0.9710004976791474,1.0,1.0,False,False,19.983318700614575,24.0,0.0,0.0,0.0
1988,145090,1807329,Detroit Supremes,harrelson,95,67,0.5864197530864198,4,24-18,22-19,7-8,982,841,American League,Central,https://www.whatifsports.com/mlb-l/manage.asp?cLID=145090&lst=1,1,0,0,0,1,1,3,detroit,Detroit,1989.0,Detroit Supremes,68127872.0,67963127.78507294,0.0192649607166088,95.0,20.59744196025715,published score; expected wins and pct recovered from final WIS wins,68127872.0,162.0,1.0,24.0,second,68127872.0,20.59744196025715,78.77280265339967,20.59999999999999,False,68127872.0,68127872.0,68127872.0,68127872.0,68127872.0,68127872.0,0.0,0.0,True,2.0,20.6,27.0,27.0,0.0,3.0,0.0,1438.0,5849.0,5849.0,5515.0,6041.0,39264514.0,6713.030261583177,0.7542921122072148,1438.0,1429.0,1438.0,28981288.0,20153.8859527121,3.933012610570235,3.791676931154381,1.388854769819193,117930.0,0.9649754942705224,1.0,1.0,False,False,16.227197346600335,24.0,0.0,0.0,0.0
1988,145090,1807394,Chicago Cornhuskers,wgasa,79,83,0.4876543209876543,20,19-23,29-24,6-8,825,873,American League,Central,https://www.whatifsports.com/mlb-l/manage.asp?cLID=145090&lst=1,0,0,0,0,0,0,0,cornhuskers,Chicago Cornhuskers,1989.0,Chicago Cornhuskers,72362030.66666667,67578204.26992144,-0.0487111587964635,79.0,-8.989895451538338,published score; expected wins and pct recovered from final WIS wins,72362030.66666667,162.0,3.0,23.0,second,72362030.66666667,-8.989895451538338,86.80364795077462,-8.989999999999975,False,76462444.0,68122804.0,76462444.0,74745603.41463415,70215992.3076923,68122804.0,-8.33964,0.0,True,18.0,-8.99,34.0,30.0,1.0,2.0,0.0,1557.0,6066.5370382450055,6066.537037037038,5994.537037037038,6277.537037037038,38942298.222222224,6419.197308855805,0.7129066179201019,1557.0,1543.0,1557.0,32334109.0,20766.92935131663,3.8373810154142585,3.820125755298651,1.34539680539499,-1085623.4444444478,1.0249488830208198,0.0,0.0,False,False,-7.803647950774618,24.0,0.0,1.0,0.0
1988,145090,1807401,Philly CRYPTKEEPERS,cpdpoet,54,108,0.3333333333333333,45,14-28,21-21,6-7,696,995,American League,Central,https://www.whatifsports.com/mlb-l/manage.asp?cLID=145090&lst=1,0,0,0,0,0,0,0,philly,Philadelphia CRYPTKEEPERS,1989.0,Philly CRYPTKEEPERS,63002557.0,68429065.51234567,0.1002512023723122,54.0,-22.645573140822396,published score; expected wins and pct recovered from final WIS wins,63002557.0,162.0,1.0,30.0,second,63002557.0,-22.645573140822396,69.81254040077569,-22.64999999999999,False,63002557.0,63002557.0,63002557.0,63002557.0,63002557.0,63002557.0,0.0,0.0,True,22.0,-22.65,34.0,33.0,4.0,0.0,0.0,1588.0,6387.0,6387.0,6387.0,6387.0,33841592.0,5298.511351182088,0.6741224876624394,1588.0,1588.0,1588.0,32145782.0,20242.935768261963,4.049291724811083,4.292758604534005,1.3631805201511336,2984817.0,0.8923796061233465,0.0,0.0,False,True,-15.812540400775688,24.0,1.0,1.0,0.0
1988,145090,1807404,Newark Ironbound Bears,trentonjoe,90,72,0.5555555555555556,-,29-13,23-25,3-10,828,758,American League,West,https://www.whatifsports.com/mlb-l/manage.asp?cLID=145090&lst=1,1,0,0,0,1,0,3,socal-newark,SoCal / Newark,1989.0,Newark Ironbound Bears,66897230.0,68075004.33052748,0.0397465033653824,90.0,17.73114892390529,published score; expected wins and pct recovered from final WIS wins,66897230.0,162.0,1.0,28.0,second,66897230.0,17.73114892390529,76.44610549562559,17.73,False,66897230.0,66897230.0,66897230.0,66897230.0,66897230.0,66897230.0,0.0,0.0,True,3.0,17.73,27.0,27.0,0.0,0.0,0.0,1345.0,6061.0,6061.0,6061.0,6061.0,34107296.0,5627.3380630259035,0.673367812275202,1345.0,1345.0,1345.0,32789934.0,24379.13308550186,3.335787241635688,3.548040550185873,1.2432980327137546,0.0,0.947544458523214,1.0,1.0,False,True,13.553894504374412,24.0,0.0,0.0,0.0
1988,145090,1807733,Oakland Nights,duhbigcat,89,73,0.5493827160493827,1,25-17,15-27,5-7,881,710,American League,West,https://www.whatifsports.com/mlb-l/manage.asp?cLID=145090&lst=1,0,0,0,0,0,0,0,oakland,Oakland,1989.0,Oakland Nights,68327384.01234567,67944990.32940517,0.02553131526485,89.0,14.02364138136013,published score; expected wins and pct recovered from final WIS wins,68327384.01234567,162.0,2.0,29.0,second,68327384.01234567,14.02364138136013,78.0564813190668,14.020000000000032,False,68726471.0,68000043.0,68726471.0,68584728.95121951,68000043.0,68000043.0,-0.726428,0.0,True,4.0,14.02,31.0,29.0,3.0,1.0,0.0,1467.283950425612,6375.308642025836,6375.308641975309,6072.308641975309,6375.308641975309,38657242.66049383,6063.587636522076,0.7225143960885941,1467.283950617284,1467.283950617284,1467.283950617284,30783995.78395062,20980.25795961296,3.8127570702818674,3.823223655128313,1.3398000282793434,1113854.432098776,0.9678014184785496,1.0,0.0,False,False,10.943518680933195,24.0,0.0,0.0,1.0
1988,145090,1807702,Kansas City Monarchs 1988,kujhawker,59,103,0.36419753086419754,31,18-24,22-34,4-6,823,977,American League,West,https://www.whatifsports.com/mlb-l/manage.asp?cLID=145090&lst=1,0,0,0,0,0,0,0,kansas-city,Kansas City Monarchs,1989.0,Kansas City Monarchs 1988,71658262.0,67642183.2396184,-0.0306641735478757,59.0,-30.280239815936767,published score; expected wins and pct recovered from final WIS wins,71658262.0,162.0,1.0,25.0,second,71658262.0,-30.280239815936767,84.62421113023524,-30.28000000000001,False,71658262.0,71658262.0,71658262.0,71658262.0,71658262.0,71658262.0,0.0,0.0,True,23.0,-30.28,29.0,26.0,1.0,1.0,0.0,1588.0,6791.0,6791.0,6634.0,6791.0,41243885.0,6073.315417464291,0.7109163481519659,1588.0,1588.0,1588.0,29137646.0,18348.6435768262,4.399267967254408,4.228216944584383,1.4191870736775818,-1276731.0,1.0149805764080904,0.0,0.0,False,False,-25.62421113023524,24.0,1.0,1.0,0.0
1988,145090,1807859,San Francisco Quake,epup1975,49,113,0.30246913580246915,41,12-30,16-23,7-6,568,914,American League,West,https://www.whatifsports.com/mlb-l/manage.asp?cLID=145090&lst=1,0,0,0,0,0,0,0,quake,San Diego / San Francisco Quake,1989.0,San Francisco Quake,63163431.2962963,68414440.57631874,0.0748959750880317,49.0,-32.4646348320317,published score; expected wins and pct recovered from final WIS wins,63163431.2962963,162.0,2.0,31.0,second,63163431.2962963,-32.4646348320317,72.54960023689665,-32.46,False,62430463.0,64904231.0,62430463.0,62430463.0,62811042.692307696,64904231.0,2.473768,0.0,True,24.0,-32.46,35.0,35.0,0.0,1.0,0.0,1486.0,6209.888889701724,6209.888888888889,6209.888888888889,6209.888888888889,34445695.55555555,5546.910125427185,0.6784113046180822,1486.0,1430.0,1486.0,28943838.0,19477.683714670256,3.919586393674294,3.850810823014805,1.3823214811574698,226102.25925925377,0.8946582587368311,0.0,0.0,False,False,-23.54960023689665,24.0,1.0,1.0,0.0
1989,145571,1815838,New York Times,trentonjoe,101,61,0.6234567901234568,-,26-16,25-18,8-3,827,642,National League,East,https://www.whatifsports.com/mlb-l/manage.asp?cLID=145571&lst=1,1,0,0,0,0,0,0,new-york-times,New York Times,1990.0,New York Times,70428251.67901234,72708864.15993266,0.0211899695864126,101.0,28.57670962825649,same-year final block row95; WIS wins,70428251.67901234,162.0,2.0,9.0,first,70428251.67901234,24.893522324636585,78.5523290275612,28.57670962825649,False,69877547.0,71560833.0,69877547.0,69877547.0,70352319.97435898,71560833.0,1.683286,0.0,True,1.0,,28.0,27.0,2.0,1.0,0.0,1313.0,5248.697530877889,5248.697530864197,5248.697530864197,5248.697530864197,37890424.67901235,7219.014709116549,0.763445056280747,1313.0,1302.0,1313.0,32929119.0,25079.298552932218,3.125558961157655,3.3164172452399083,1.2191878860624523,391292.0000000149,1.0037067868419527,1.0,1.0,False,False,22.4476709724388,24.0,0.0,0.0,0.0
1989,145571,1816053,Pittsburg Tanagers,coldfoot,99,63,0.6111111111111112,2,24-18,16-19,6-6,846,649,National League,East,https://www.whatifsports.com/mlb-l/manage.asp?cLID=145571&lst=1,0,0,0,0,0,0,0,pittsburg,Pittsburg Tanagers,1990.0,Pittsburg Tanagers,80877469.0,71758935.31257014,-0.1369202164559695,99.0,1.047625423797431,same-year final block row95; WIS wins,80877469.0,162.0,1.0,10.0,first,80877469.0,-3.0976525760371283,97.97360361986772,1.047625423797438,False,80877469.0,80877469.0,80877469.0,80877469.0,80877469.0,80877469.0,0.0,0.0,True,12.0,,29.0,25.0,0.0,0.0,0.0,1411.0,5600.0,5600.0,5600.0,5600.0,43806090.0,7822.516071428571,0.781731148857143,1411.0,1411.0,1411.0,37071379.0,26273.12473423104,2.92658331112686,3.009132223954642,1.1995366257973068,0.0,1.152623593552735,0.0,0.0,False,True,1.026396380132283,24.0,0.0,0.0,0.0
1989,145571,1815804,New York Nationals,k123456789,82,80,0.5061728395061729,19,20-22,19-17,7-8,909,863,National League,East,https://www.whatifsports.com/mlb-l/manage.asp?cLID=145571&lst=1,0,0,0,0,0,0,0,new-york-nationals,New York Nutcrackers / Nationals,1990.0,New York Nationals,70414513.74074075,72710113.06341189,0.0212062978409474,82.0,4.391494897936378,same-year final block row95; WIS wins,70414513.74074075,162.0,2.0,8.0,first,70414513.74074075,1.431298742225373,78.55046053337145,4.391494897936399,False,70268587.0,70732119.0,70268587.0,70268587.0,70375555.92307693,70732119.0,0.463532,0.0,True,8.0,,36.0,32.0,5.0,1.0,0.0,1505.703703690869,5774.0,5774.0,5774.0,5774.0,37554956.0,6504.148943540007,0.7735934726186352,1505.7037037037037,1505.7037037037037,1505.7037037037037,35033045.74074074,23266.8921877306,3.498794286798347,3.4213620203915975,1.309325875608796,2173488.0,1.0035110008959482,1.0,0.0,False,False,3.4495394666285506,24.0,0.0,0.0,0.0
1989,145571,1816132,Montreal Royales,stevebobldn,68,94,0.41975308641975306,33,14-28,20-21,9-12,700,874,National League,East,https://www.whatifsports.com/mlb-l/manage.asp?cLID=145571&lst=1,0,0,0,0,0,0,0,montreal,Montreal,1990.0,Montreal Royales,64487405.981481485,73248941.04152638,0.1089604729913842,68.0,-1.286638359388654,same-year final block row95; WIS wins,64487405.981481485,162.0,2.0,7.0,first,64487405.981481485,-5.72618884802811,68.88631778904421,-1.2866383593886588,False,65309860.0,63936277.0,65309860.0,64773827.6097561,63936277.0,63936277.0,-1.373583,0.0,True,14.0,,45.0,39.0,5.0,0.0,0.0,1561.0,6071.216050440301,6071.216049382716,6071.216049382716,6071.216049382716,36050900.89506173,5938.003293216219,0.6733175572554972,1561.0,1561.0,1561.0,30788315.0,19723.456117873156,4.0490070871236385,4.02453565214606,1.3972760822549648,2351809.9135802463,0.9190409460176024,0.0,0.0,False,True,-0.8863177890442131,24.0,0.0,0.0,0.0
1989,145571,1815833,Milwaukee Brewers,cdew8,100,62,0.6172839506172839,-,26-16,17-18,5-6,885,660,National League,Central,https://www.whatifsports.com/mlb-l/manage.asp?cLID=145571&lst=1,1,0,0,0,0,0,0,milwaukee,Milwaukee,1990.0,Milwaukee Brewers,84803544.0,71402019.40347923,-0.1966073838055139,100.0,-5.70069530524325,same-year final block row95; WIS wins,84803544.0,162.0,1.0,6.0,first,84803544.0,-6.17287488662924,106.04532061365263,-5.700695305243242,False,84803544.0,84803544.0,84803544.0,84803544.0,84803544.0,84803544.0,0.0,0.0,True,16.0,,25.0,25.0,0.0,0.0,1.0,1425.0,6239.197425447406,6239.197425447407,6239.197425447407,6239.197425447407,46687792.48,7482.980469503585,0.7544540910206684,1425.0,1425.0,1425.0,38113695.0,26746.452631578948,3.04567505754386,3.4117128105263155,1.2385445522807017,-2056.520000010729,1.2085759710320243,0.0,0.0,False,False,-6.045320613652635,24.0,0.0,0.0,1.0
1989,145571,1816173,Chicago Thunderbears '89,chargingryno,100,62,0.6172839506172839,-,22-20,25-18,6-6,790,635,National League,Central,https://www.whatifsports.com/mlb-l/manage.asp?cLID=145571&lst=1,1,0,0,0,0,0,0,thunderbears,Thunderbears — Houston / Brooklyn / Chicago,1990.0,Chicago Thunderbears '89,80226602.48765433,71818104.99551067,-0.1262311859409507,100.0,3.5487113920590874,same-year final block row95; WIS wins,80226602.48765433,162.0,3.0,2.0,first,80226602.48765433,0.1874237575361277,96.57290627343215,3.5487113920591007,False,76835971.0,81423186.0,76835971.0,81170553.58536585,81423186.0,81423186.0,4.587215,0.0,True,9.0,,31.0,31.0,6.0,0.0,0.0,1446.216049293104,5674.179011318264,5674.1790123456785,5674.1790123456785,5674.1790123456785,38521511.63580247,6788.913700464635,0.7681884353195166,1446.216049382716,1446.216049382716,1446.216049382716,41705090.85185186,28837.38627409972,2.7887687691933394,2.9598876369666263,1.1696641997742088,0.0,1.143347782778006,0.0,0.0,False,True,3.427093726567847,24.0,0.0,0.0,0.0
1989,145571,1815892,Cleveland Cheekapoo,harrelson,79,83,0.4876543209876543,21,18-24,20-17,8-8,755,827,National League,Central,https://www.whatifsports.com/mlb-l/manage.asp?cLID=145571&lst=1,0,0,0,0,0,0,0,cleveland,Cleveland,1990.0,Cleveland Cheekapoo,62440612.0,73435013.22166105,0.1396795122432715,79.0,20.289237094622848,same-year final block row95; WIS wins,62440612.0,162.0,1.0,3.0,first,62440612.0,22.20673220586036,65.6750361945154,20.289237094622848,False,62440612.0,62440612.0,62440612.0,62440612.0,62440612.0,62440612.0,0.0,0.0,True,2.0,,29.0,29.0,0.0,0.0,0.0,1357.0,5638.0,5638.0,5638.0,5638.0,31946063.0,5666.20485987939,0.7084640694217806,1357.0,1357.0,1357.0,30494549.0,22472.03316138541,3.661779649963154,3.664882705232129,1.3471126831982314,0.0,0.8898711034969704,1.0,1.0,False,True,13.3249638054846,24.0,0.0,0.0,0.0
1989,145571,1815943,LA Breakers,sinatra,66,96,0.4074074074074074,34,18-24,20-21,9-10,707,822,National League,Central,https://www.whatifsports.com/mlb-l/manage.asp?cLID=145571&lst=1,0,0,0,0,0,0,0,cincinnati-la,Cincinnati / LA,1990.0,LA Breakers,62985344.41975309,73385492.09259258,0.1317093950288998,66.0,-0.7518278238398105,same-year final block row95; WIS wins,62985344.41975309,162.0,2.0,5.0,first,62985344.41975309,-4.079542170136382,66.49996524152962,-0.7518278238398124,False,59768828.0,63490797.0,61443714.05,63490797.0,63490797.0,63490797.0,2.047082950000003,0.0,True,13.0,,34.0,29.0,1.0,0.0,0.0,1306.0,5384.333333152424,5384.333333333334,5384.333333333334,5384.333333333334,34555501.41975309,6417.786433433991,0.7378809116098144,1306.0,1306.0,1306.0,28429843.0,21768.6393568147,3.559546836906585,3.730868375191424,1.2950980857580396,0.0,0.8976343464241259,0.0,0.0,False,True,-0.4999652415296225,24.0,0.0,0.0,0.0
1989,145571,1816182,Seattle Sea Snakes,pi_kapp,92,70,0.5679012345679012,-,23-19,22-25,5-5,899,714,National League,West,https://www.whatifsports.com/mlb-l/manage.asp?cLID=145571&lst=1,1,0,0,0,0,0,0,seattle,Seattle Sea Snakes,1990.0,Seattle Sea Snakes,85069326.0,71377857.40347923,-0.2001821150837252,92.0,-13.649508320760754,same-year final block row95; WIS wins,85069326.0,162.0,1.0,11.0,first,85069326.0,-8.86651128949996,106.5425317342102,-13.64950832076075,False,85069326.0,85069326.0,85069326.0,85069326.0,85069326.0,85069326.0,0.0,0.0,True,21.0,,26.0,25.0,0.0,0.0,0.0,1466.0,6426.0,6426.0,6426.0,6426.0,51591143.0,8028.500311235605,0.7580992555866791,1466.0,1466.0,1466.0,33478183.0,22836.414051841748,3.344278634379263,3.2711359358799457,1.23317006207367,0.0,1.212363757763353,0.0,0.0,False,True,-14.5425317342102,24.0,0.0,1.0,0.0
1989,145571,1815832,Texas Rangers,frazzman80,84,78,0.5185185185185185,8,22-20,20-27,5-8,815,751,National League,West,https://www.whatifsports.com/mlb-l/manage.asp?cLID=145571&lst=1,0,0,0,0,0,0,0,texas,Texas Rangers,1990.0,Texas Rangers,70208084.12962963,72728879.39169472,0.0255328594875117,84.0,7.614624719409766,same-year final block row95; WIS wins,70208084.12962963,162.0,4.0,13.0,first,70208084.12962963,3.186277572643123,78.05630528287244,7.614624719409768,False,72456701.0,65151744.0,72456701.0,72456701.0,70936246.74358974,65195314.88095238,-7.26138611904762,0.0,True,7.0,,34.0,33.0,5.0,0.0,0.0,1385.592592253994,5267.438270905786,5267.438271604938,5267.438271604938,5267.438271604938,35571543.99382716,6753.101253332552,0.76051344008379,1385.5925925925926,1385.5925925925926,1385.5925925925926,34883070.65432099,25175.560868906658,3.1552872189685734,3.148520379264565,1.2142661109531063,246530.5185185224,1.0005690735196775,1.0,0.0,False,True,5.943694717127556,24.0,0.0,0.0,0.0
1989,145571,1815820,St. Louis Perfectos '89,kermit,73,89,0.4506172839506173,19,25-17,27-24,8-9,700,754,National League,West,https://www.whatifsports.com/mlb-l/manage.asp?cLID=145571&lst=1,0,0,0,0,0,0,0,st-louis,St. Louis Perfectos,1990.0,St. Louis Perfectos '89,70519529.0,72700566.22166105,0.0208886460993208,73.0,-7.109099976365512,same-year final block row95; WIS wins,70519529.0,162.0,1.0,12.0,first,70519529.0,-7.146021759134653,78.58681526546347,-7.109099976365507,False,70519529.0,70519529.0,70519529.0,70519529.0,70519529.0,70519529.0,0.0,0.0,True,18.0,,27.0,25.0,0.0,0.0,0.0,1369.0,5901.0,5901.0,5901.0,5901.0,38685921.0,6555.824605998983,0.7186421104050161,1369.0,1369.0,1369.0,31833608.0,23253.18334550767,3.364325525200876,3.3800358137326514,1.2980535631848065,0.0,1.005007623713179,0.0,0.0,False,True,-5.586815265463471,24.0,0.0,1.0,0.0
1989,145571,1815864,Houston flyBALLERS,the_creeper,62,100,0.38271604938271603,30,14-28,20-26,4-5,638,781,National League,West,https://www.whatifsports.com/mlb-l/manage.asp?cLID=145571&lst=1,0,0,0,0,0,0,0,houston,Houston Colt .45s / Astros / flyBALLERS,1990.0,Houston flyBALLERS,67765075.0,72950971.13075195,0.0618375542322397,62.0,-16.197146809721417,same-year final block row95; WIS wins,67765075.0,162.0,1.0,4.0,first,67765075.0,-10.5214118732005,73.98316124061539,-16.197146809721417,False,67765075.0,67765075.0,67765075.0,67765075.0,67765075.0,67765075.0,0.0,0.0,True,22.0,,35.0,25.0,0.0,0.0,0.0,1402.0,6127.0,6127.0,6127.0,6127.0,38927878.0,6353.497307001795,0.7371686963603721,1402.0,1402.0,1402.0,28837197.0,20568.614122681884,3.9204767788873047,3.510954600570613,1.370390629814551,0.0,0.9657525789273969,0.0,0.0,False,True,-11.983161240615388,24.0,1.0,1.0,0.0
1989,145571,1815809,New York Eagles,just4me,113,49,0.6975308641975309,-,35-7,26-16,10-2,1077,697,American League,East,https://www.whatifsports.com/mlb-l/manage.asp?cLID=145571&lst=1,1,0,0,0,0,0,0,new-york-eagles,New York Eagles,1990.0,New York Eagles,82459045.0,66486443.323793486,-0.2273897171909452,113.0,2.374215578625786,same-year final block row95; WIS wins,82459045.0,162.0,1.0,27.0,second,82459045.0,-1.945621971982113,110.37935613114747,2.3742155786257824,False,82459045.0,82459045.0,82459045.0,82459045.0,82459045.0,82459045.0,0.0,0.0,True,11.0,,30.0,29.0,4.0,0.0,0.0,1498.0,6289.0,6289.0,6289.0,6289.0,47430469.0,7541.814119891875,0.7799933949117507,1498.0,1498.0,1498.0,38159662.0,25473.739652870496,3.111412915220294,3.2303666648865157,1.1952209415220294,3131086.0,1.1751633915352455,0.0,0.0,False,True,2.6206438688525253,24.0,0.0,0.0,0.0
1989,145571,1815862,Boston EdSox (1989),the_creeper,88,74,0.5432098765432098,25,28-14,21-18,4-7,1018,921,American League,East,https://www.whatifsports.com/mlb-l/manage.asp?cLID=145571&lst=1,1,0,0,0,0,0,0,boston,Boston,1990.0,Boston EdSox (1989),73283798.58024691,67320556.63468014,-0.0765021094897025,88.0,-2.470154898051554,same-year final block row95; WIS wins,73283798.58024691,162.0,2.0,22.0,second,73283798.58024691,-6.106231390707525,90.22879089781507,-2.4701548980515575,False,76500315.0,72778346.0,74825428.95,72778346.0,72778346.0,72778346.0,-2.047082950000003,0.0,True,15.0,,27.0,27.0,2.0,0.0,0.0,1401.0,6769.666666847576,6769.666666666667,6769.666666666667,6769.666666666667,42732714.58024691,6312.380902099598,0.7414098481543485,1401.0,1401.0,1401.0,30751794.0,21949.888650963596,3.773061087794433,3.6523822862241255,1.3566666837972876,200710.0,1.044402555039884,0.0,0.0,False,True,-2.228790897815074,24.0,0.0,0.0,0.0
1989,145571,1816054,Toronto ModernDayWarriors,coldfoot,70,92,0.43209876543209874,43,16-26,11-19,5-4,792,876,American League,East,https://www.whatifsports.com/mlb-l/manage.asp?cLID=145571&lst=1,0,0,0,0,0,0,0,toronto,Toronto,1990.0,Toronto ModernDayWarriors,65813475.2345679,67999676.93883277,0.0436140638253625,70.0,-7.90860489672726,same-year final block row95; WIS wins,65813475.2345679,162.0,2.0,32.0,second,65813475.2345679,-7.286916569803645,76.0114448494356,-7.908604896727256,False,66667906.0,65533334.0,66667906.0,65533334.0,65533334.0,65533334.0,-1.134572,0.0,True,19.0,,37.0,32.0,4.0,1.0,0.0,1446.654320988407,6355.160493525659,6355.160493827161,6310.9629629629635,6355.160493827161,38689018.64197531,6087.811421844403,0.6975938547953642,1446.6543209876545,1446.6543209876545,1446.6543209876545,28959149.85185185,20018.016351052654,4.0731611033888315,3.949367510705843,1.3962472619582005,1834693.2592592612,0.937939394827768,0.0,0.0,False,False,-6.011444849435605,24.0,0.0,1.0,1.0
1989,145571,1815855,Baltimore Abyssal Wharf Rats,jimmygatz2,36,126,0.2222222222222222,77,5-37,18-18,9-5,519,1188,American League,East,https://www.whatifsports.com/mlb-l/manage.asp?cLID=145571&lst=1,0,0,0,0,0,0,0,baltimore,Baltimore,1990.0,Baltimore Abyssal Wharf Rats,57169337.277777776,68785507.66217732,0.1796440107044495,36.0,-41.58087836429214,same-year final block row95; WIS wins,57169337.277777776,162.0,2.0,21.0,second,57169337.277777776,-28.85680307856573,61.62365847348773,-41.580878364292126,False,59705538.0,56252895.0,59705538.0,56505527.414634146,56252895.0,56252895.0,-3.452643,0.0,True,24.0,,30.0,29.0,3.0,0.0,0.0,1390.1296297184888,5270.290124968334,5270.29012345679,5270.29012345679,5270.29012345679,28963164.98148148,5495.554192087722,0.6607746375464841,1390.1296296296296,1390.1296296296296,1390.1296296296296,28206172.296296295,20290.31803588794,4.034848754481553,4.043247212143819,1.3843696067624032,0.0,0.814747639718307,0.0,0.0,False,True,-25.62365847348773,24.0,1.0,1.0,0.0
1989,145571,1815869,Chicago Cornhuskers,wgasa,103,59,0.6358024691358025,-,27-15,25-15,8-6,887,712,American League,Central,https://www.whatifsports.com/mlb-l/manage.asp?cLID=145571&lst=1,1,0,0,0,0,0,0,cornhuskers,Chicago Cornhuskers,1990.0,Chicago Cornhuskers,75483099.45061728,67120620.1919192,-0.1146520762123991,103.0,8.340600230229295,same-year final block row95; WIS wins,75483099.45061728,162.0,3.0,23.0,second,75483099.45061728,3.721430599388162,95.0705458351899,8.340600230229288,False,73931114.0,79089253.0,73931114.0,73931114.0,74869826.35897435,79045682.11904761,5.114568119047612,0.0,True,6.0,,35.0,32.0,3.0,0.0,0.0,1638.7037040551372,6279.864198216324,6279.864197530865,6279.864197530865,6279.864197530865,40883902.32716049,6510.316312769207,0.7211131990659939,1638.7037037037037,1638.7037037037037,1638.7037037037037,34352666.60493827,20963.31785135797,3.685441260134856,3.684221892221343,1.3080130164613708,-246530.5185185224,1.0757458463650609,1.0,0.0,False,True,7.929454164810096,24.0,0.0,0.0,0.0
1989,145571,1815959,Minnesota Upper Midwestern Dialects,sinatra,83,79,0.5123456790123457,20,21-21,21-21,8-4,801,801,American League,Central,https://www.whatifsports.com/mlb-l/manage.asp?cLID=145571&lst=1,0,0,0,0,0,0,0,georgia-minnesota,Georgia / Minnetonka / Minnesota,1990.0,Minnesota Upper Midwestern Dialects,63356384.0,68223048.86924803,0.080312809743266,83.0,15.342271279811763,same-year final block row95; WIS wins,63356384.0,162.0,1.0,26.0,second,63356384.0,21.38501593938211,71.95974128049566,15.342271279811758,False,63356384.0,63356384.0,63356384.0,63356384.0,63356384.0,63356384.0,0.0,0.0,True,3.0,,31.0,30.0,0.0,0.0,1.0,1306.0,5804.802574552594,5804.802574552594,5804.802574552594,5804.802574552594,33432437.52,5759.444372244961,0.6751493560980663,1306.0,1306.0,1306.0,28427837.0,21767.10336906585,3.596373045941807,3.4861185329249618,1.2909936898928025,-1496109.4800000042,0.9029222094052796,1.0,1.0,False,False,11.040258719504337,24.0,0.0,0.0,1.0
1989,145571,1815893,Detroit Supreme Bottom Feeders,harrelson,79,83,0.4876543209876543,24,17-25,18-16,5-6,786,827,American League,Central,https://www.whatifsports.com/mlb-l/manage.asp?cLID=145571&lst=1,0,0,0,0,0,0,0,detroit,Detroit,1990.0,Detroit Supreme Bottom Feeders,61938409.0,68351955.68742985,0.1026993408268365,79.0,13.584946337888248,same-year final block row95; WIS wins,61938409.0,162.0,1.0,24.0,second,61938409.0,19.32468672931258,69.55147010854216,13.584946337888248,False,61938409.0,61938409.0,61938409.0,61938409.0,61938409.0,61938409.0,0.0,0.0,True,4.0,,35.0,28.0,1.0,0.0,0.0,1467.0,5772.0,5772.0,5772.0,5772.0,34354157.0,5951.863652113652,0.6973992267671517,1467.0,1467.0,1467.0,29041000.0,19796.18268575324,4.189095504430811,4.117537548738923,1.4645873285616904,1456748.0,0.8827139677246707,1.0,0.0,False,True,9.448529891457838,24.0,0.0,0.0,0.0
1989,145571,1815812,Philly CRYPTKEEPERS,cpdpoet,67,95,0.41358024691358025,36,19-23,14-28,4-12,763,803,American League,Central,https://www.whatifsports.com/mlb-l/manage.asp?cLID=145571&lst=1,0,0,0,0,0,0,0,philly,Philadelphia CRYPTKEEPERS,1990.0,Philly CRYPTKEEPERS,65312577.0,68045213.1419753,0.0492898452811683,67.0,-11.112571190317665,same-year final block row95; WIS wins,65312577.0,162.0,1.0,30.0,second,65312577.0,-8.621902929227641,75.37623812187694,-11.112571190317666,False,65312577.0,65312577.0,65312577.0,65312577.0,65312577.0,65312577.0,0.0,0.0,True,20.0,,31.0,28.0,2.0,0.0,0.0,1511.0,6178.0,6178.0,6178.0,6178.0,33473908.0,5418.243444480414,0.6833505466655876,1511.0,1511.0,1511.0,33056305.0,21877.104566512244,3.626954049636003,3.765679318994043,1.3009579801455988,1217636.0,0.93080085389331,0.0,0.0,False,True,-8.376238121876938,24.0,0.0,1.0,0.0
1989,145571,1815902,Oakland Nights,duhbigcat,93,69,0.5740740740740741,-,28-14,20-17,13-6,822,719,American League,West,https://www.whatifsports.com/mlb-l/manage.asp?cLID=145571&lst=1,1,0,0,0,0,0,0,oakland,Oakland,1990.0,Oakland Nights,73258026.0,67322899.59652077,-0.077868172737531,93.0,2.8768539015012267,same-year final block row95; WIS wins,73258026.0,162.0,1.0,29.0,second,73258026.0,-0.4884567958513707,90.39934297470084,2.8768539015012307,False,73258026.0,73258026.0,73258026.0,73258026.0,73258026.0,73258026.0,0.0,0.0,True,10.0,,34.0,32.0,1.0,0.0,0.0,1565.0,7160.0,7160.0,7160.0,7160.0,42130119.0,5884.094832402235,0.7218925588547486,1565.0,1565.0,1565.0,33503910.0,21408.249201277955,3.724261986581469,3.72599634057508,1.348405463258786,2376003.0,1.0440352576401677,0.0,0.0,False,True,2.6006570252991565,24.0,0.0,0.0,0.0
1989,145571,1815839,Newark Ironbound Bears,trentonjoe,86,76,0.5308641975308642,7,24-18,20-18,4-6,770,743,American League,West,https://www.whatifsports.com/mlb-l/manage.asp?cLID=145571&lst=1,0,0,0,0,0,0,0,socal-newark,SoCal / Newark,1990.0,Newark Ironbound Bears,67461077.0,67849894.96015713,0.0155580008912483,86.0,8.588022704589292,same-year final block row95; WIS wins,67461077.0,162.0,1.0,28.0,second,67461077.0,9.161229671545977,79.19842157358426,8.588022704589271,False,67461077.0,67461077.0,67461077.0,67461077.0,67461077.0,67461077.0,0.0,0.0,True,5.0,,40.0,28.0,1.0,0.0,0.0,1322.0,6465.0,6465.0,6465.0,6465.0,35707541.0,5523.208197989173,0.686616693549884,1322.0,1322.0,1322.0,31961032.0,24176.272314674738,3.3728519084720125,3.3079934523449315,1.2567155211800305,207496.0,0.96142015765451,1.0,0.0,False,True,6.801578426415745,24.0,0.0,0.0,0.0
1989,145571,1816202,San Francisco Quake,epup1975,70,92,0.43209876543209874,23,17-25,22-21,6-8,741,852,American League,West,https://www.whatifsports.com/mlb-l/manage.asp?cLID=145571&lst=1,0,0,0,0,0,0,0,quake,San Diego / San Francisco Quake,1990.0,San Francisco Quake,65271438.0,68048953.05106622,0.0504706631623306,70.0,-6.969925744877938,same-year final block row95; WIS wins,65271438.0,162.0,1.0,31.0,second,65271438.0,-6.736523026862591,75.24448471150815,-6.969925744877936,False,65271438.0,65271438.0,65271438.0,65271438.0,65271438.0,65271438.0,0.0,0.0,True,17.0,,33.0,33.0,0.0,0.0,0.0,1523.0,6174.0,6174.0,6174.0,6174.0,37945516.0,6146.018140589569,0.7189553015873016,1523.0,1523.0,1523.0,27325922.0,17942.16808929744,4.277910525935653,4.368719324359816,1.4291281491135914,0.0,0.9302145622770976,0.0,0.0,False,True,-5.24448471150815,24.0,0.0,1.0,0.0
1989,145571,1816205,Kansas City Monarchs 1989,kujhawker,50,112,0.30864197530864196,43,15-27,14-23,4-8,698,1034,American League,West,https://www.whatifsports.com/mlb-l/manage.asp?cLID=145571&lst=1,0,0,0,0,0,0,0,kansas-city,Kansas City Monarchs,1990.0,Kansas City Monarchs 1989,63003255.018518515,68255151.50392817,0.0864209433678583,50.0,-29.87176277623531,same-year final block row95; WIS wins,63003255.018518515,162.0,2.0,25.0,second,63003255.018518515,-23.710478420405646,71.29795640015925,-29.87176277623531,False,62180801.0,63554384.0,62180801.0,62716833.3902439,63554384.0,63554384.0,1.373583,0.0,True,23.0,,27.0,26.0,0.0,0.0,0.0,1479.0,5551.783949559699,5551.783950617284,5551.783950617284,5551.783950617284,35580795.10493827,6408.89404584668,0.6891376805529087,1479.0,1479.0,1479.0,27542213.0,18622.185936443544,4.315295381338744,4.14829297025017,1.432243292765382,119753.08641975372,0.8978895989557263,0.0,0.0,False,True,-21.29795640015925,24.0,1.0,1.0,0.0
