id,season_year,date,team_a,team_b,owner_a,owner_b,fid_a,fid_b,assets_a,assets_b,source,first_round_mentioned
128263-0,1963,6/27/2020 10:00:00 AM,St. Louis Perfectos,Pittsburgh Tanagers,contrarian23,coldfoot,st-louis,pittsburg,St. Louis Perfectos (contrarian23) Players: David Howard '26 Cash: $0 Note: PGH gets STL's 2nd in 1964,Pittsburgh Tanagers (coldfoot) Players: Wes Covington '63 Cash: $0 Note:,https://www.whatifsports.com/mlb-l/trade_history.asp?cLID=128263,False
128263-1,1963,6/19/2020 4:00:00 PM,St. Louis Perfectos,San Francisco Sugaree,contrarian23,h_incandenza,st-louis,georgia-minnesota,St. Louis Perfectos (contrarian23) Players: Jim Dwyer '26 Cash: $0 Note: SF gets STL's 3rd in 1964. STL gets CIN's 4th in 1964.,San Francisco Sugaree (h_incandenza) Players: Gary Geiger '63 Cash: $0 Note:,https://www.whatifsports.com/mlb-l/trade_history.asp?cLID=128263,False
128263-2,1963,6/18/2020 2:00:00 PM,Boston Americans,San Francisco Sugaree,tycobb33,h_incandenza,boston,georgia-minnesota,Boston Americans (tycobb33) Players: Bip Roberts '26 Cash: $0 Note: my 4th in 65,San Francisco Sugaree (h_incandenza) Players: Nellie Fox '63 Cash: $0 Note:,https://www.whatifsports.com/mlb-l/trade_history.asp?cLID=128263,False
128263-3,1963,6/17/2020 7:00:00 PM,San Francisco Sugaree,Cincinnati Mudcats,h_incandenza,fire13,georgia-minnesota,cincinnati-la,San Francisco Sugaree (h_incandenza) Players: Bob Friend '63 Cash: $0 Note: SF receives CIN 1964 2nd-Rd pick and CIN 1964 4th-Rd pick... CIN receives SF 1964 4th-Rd pick and SF 1964 5th-Rd pick,"Cincinnati Mudcats (fire13) Players: Phil Linz '63, Hal Reniff '63 Cash: $0 Note:",https://www.whatifsports.com/mlb-l/trade_history.asp?cLID=128263,False
128263-4,1963,6/13/2020 3:00:00 PM,Pittsburgh Tanagers,Boston Americans,coldfoot,tycobb33,pittsburg,boston,Pittsburgh Tanagers (coldfoot) Players: Greg Litton '26 Cash: $0 Note: 3rd pick to boston in 64,Boston Americans (tycobb33) Players: Wes Covington '63 Cash: $0 Note:,https://www.whatifsports.com/mlb-l/trade_history.asp?cLID=128263,False
128263-5,1963,5/31/2020 9:00:00 AM,Detroit Supremes,New York Eagles,harrelson,italyprof,detroit,new-york-eagles,Detroit Supremes (harrelson) Players: Fernando Tatis '26 Cash: $0 Note:,New York Eagles (italyprof) Players: Walt Tragesser '26 Cash: $0 Note:,https://www.whatifsports.com/mlb-l/trade_history.asp?cLID=128263,False
129162-0,1964,9/2/2020 9:00:00 AM,Philly CRYPTKEEPERS,Pittsburg Tanagers,cpdpoet,coldfoot,philly,pittsburg,"Philly CRYPTKEEPERS (cpdpoet) Players: Joe Adcock '64, Billy Moran '64, Don Lock '64 Cash: $0 Note: Pittsburgh gets Phil #2 this season and next... Pittsburgh sends next year's #3 to Philly.",Pittsburg Tanagers (coldfoot) Players: Bob Allison '64 Cash: $0 Note:,https://www.whatifsports.com/mlb-l/trade_history.asp?cLID=129162,False
129162-1,1964,8/29/2020 9:00:00 AM,Houston Thunderbears,Philly CRYPTKEEPERS,chargingryno,cpdpoet,thunderbears,philly,"Houston Thunderbears (chargingryno) Players: Billy Moran '64, Willie Smith '64 Cash: $0 Note: +Philly 3rd","Philly CRYPTKEEPERS (cpdpoet) Players: Eddie Foster '26, Jordan Danks '26 Cash: $0 Note: Sure why not",https://www.whatifsports.com/mlb-l/trade_history.asp?cLID=129162,False
129162-2,1964,8/26/2020 5:00:00 PM,Boston Americans,St. Louis Perfectos,tycobb33,contrarian23,boston,st-louis,"Boston Americans (tycobb33) Players: Smoky Burgess '64, Fred Talbot '64, Matt Herges '26 Cash: $0 Note: my first in 65 my first in 66 my 2nd in 66","St. Louis Perfectos (contrarian23) Players: Bill Freehan '64, Lee Maye '64, Ralph Terry '64 Cash: $0 Note:",https://www.whatifsports.com/mlb-l/trade_history.asp?cLID=129162,False
129162-3,1964,8/26/2020 5:00:00 AM,Lombard iPackers,St. Louis Perfectos,dbrom,contrarian23,milwaukee,st-louis,"Lombard iPackers (dbrom) Players: Chase De Jong '26, Tony Kaufmann '26 Cash: $0 Note: Lombard 3rd in 65",St. Louis Perfectos (contrarian23) Players: Bobby Shantz '64 Cash: $0 Note:,https://www.whatifsports.com/mlb-l/trade_history.asp?cLID=129162,False
129162-4,1964,8/25/2020 7:00:00 PM,Pittsburg Tanagers,St. Louis Perfectos,coldfoot,contrarian23,pittsburg,st-louis,"Pittsburg Tanagers (coldfoot) Players: Jim Landis '64, Bobby Bolin '64, Walt Dropo '26 Cash: $0 Note:","St. Louis Perfectos (contrarian23) Players: Bob Allison '64, Pat Jarvis '26 Cash: $0 Note:",https://www.whatifsports.com/mlb-l/trade_history.asp?cLID=129162,False
129162-5,1964,8/23/2020 1:00:00 PM,San Francisco Sugaree,Pittsburg Tanagers,h_incandenza,coldfoot,georgia-minnesota,pittsburg,San Francisco Sugaree (h_incandenza) Players: Sam Bowens '64 Cash: $0 Note: PIT 1965 4th-Rd pick to SF... SF 1965 5th-Rd pick to PIT,Pittsburg Tanagers (coldfoot) Players: Mike Timlin '26 Cash: $0 Note:,https://www.whatifsports.com/mlb-l/trade_history.asp?cLID=129162,False
129162-6,1964,8/11/2020 2:00:00 AM,Houston Thunderbears,Boston Americans,chargingryno,tycobb33,thunderbears,boston,Houston Thunderbears (chargingryno) Players: Jack Baldschun '64 Cash: $0 Note: +1965 3RD ROUND PICK,Boston Americans (tycobb33) Players: Floyd Robinson '64 Cash: $0 Note:,https://www.whatifsports.com/mlb-l/trade_history.asp?cLID=129162,False
129162-7,1964,8/9/2020 11:00:00 PM,Pittsburg Tanagers,San Francisco Sugaree,coldfoot,h_incandenza,pittsburg,georgia-minnesota,Pittsburg Tanagers (coldfoot) Players: Ron Pruitt '26 Cash: $0 Note:,San Francisco Sugaree (h_incandenza) Players: Dave Berg '26 Cash: $0 Note:,https://www.whatifsports.com/mlb-l/trade_history.asp?cLID=129162,False
129162-8,1964,8/9/2020 8:00:00 PM,California Coyotes,Pittsburg Tanagers,rls1,coldfoot,socal-newark,pittsburg,"California Coyotes (rls1) Players: Bert Campaneris '64, Jack Spring '26 Cash: $0 Note: Pittsburgh gets our 2nd pick next season. We get their 3rd rounder.","Pittsburg Tanagers (coldfoot) Players: Luis Aparicio '64, Bob Miller '64 Cash: $0 Note:",https://www.whatifsports.com/mlb-l/trade_history.asp?cLID=129162,False
129162-9,1964,8/9/2020 8:00:00 PM,Pittsburg Tanagers,California Coyotes,coldfoot,rls1,pittsburg,socal-newark,Pittsburg Tanagers (coldfoot) Players: Andres Blanco '26 Cash: $0 Note:,California Coyotes (rls1) Players: Spike Owen '26 Cash: $0 Note:,https://www.whatifsports.com/mlb-l/trade_history.asp?cLID=129162,False
129788-0,1965,11/17/2020 3:00:00 PM,St. Louis Perfectos,Houston Thunderbears,contrarian23,chargingryno,st-louis,thunderbears,St. Louis Perfectos (contrarian23) Players: Dave Meads '26 Cash: $0 Note: + STL 3rd in 1967,Houston Thunderbears (chargingryno) Players: Masanori Murakami '65 Cash: $0 Note:,https://www.whatifsports.com/mlb-l/trade_history.asp?cLID=129788,False
129788-1,1965,11/17/2020 8:00:00 AM,St. Louis Perfectos,Boston Americans,contrarian23,tycobb33,st-louis,boston,"St. Louis Perfectos (contrarian23) Players: Garry Jestadt '26, Freddie Toliver '26 Cash: $0 Note: And I'll trade you back the 2nd round pick in 1966 that I acquired from you last season in the Freehan deal",Boston Americans (tycobb33) Players: Mickey Mantle '65 Cash: $0 Note:,https://www.whatifsports.com/mlb-l/trade_history.asp?cLID=129788,False
129788-2,1965,11/16/2020 2:00:00 PM,Philly CRYPTKEEPERS,LA SWAT,cpdpoet,dannino,philly,montreal,"Philly CRYPTKEEPERS (cpdpoet) Players: Curt Simmons '65, Dennis Bennett '65 Cash: $0 Note: and cincy's 3rd in '66","LA SWAT (dannino) Players: Jim Duffalo '65, Julio Navarro '65 Cash: $0 Note:",https://www.whatifsports.com/mlb-l/trade_history.asp?cLID=129788,False
129788-3,1965,11/13/2020 10:00:00 PM,Houston Thunderbears,Boston Americans,chargingryno,tycobb33,thunderbears,boston,Houston Thunderbears (chargingryno) Players: Jim Owens '65 Cash: $0 Note: +4th in 67,Boston Americans (tycobb33) Players: Masanori Murakami '65 Cash: $0 Note:,https://www.whatifsports.com/mlb-l/trade_history.asp?cLID=129788,False
129788-4,1965,11/13/2020 2:00:00 PM,St. Louis Perfectos,Boston Americans,contrarian23,tycobb33,st-louis,boston,St. Louis Perfectos (contrarian23) Players: Gerald Laird '26 Cash: $0 Note: +My 4th in 1966,Boston Americans (tycobb33) Players: Jim Pagliaroni '65 Cash: $0 Note:,https://www.whatifsports.com/mlb-l/trade_history.asp?cLID=129788,False
129788-5,1965,11/9/2020 7:00:00 PM,St. Louis Perfectos,Lombard iPackers,contrarian23,dbrom,st-louis,milwaukee,St. Louis Perfectos (contrarian23) Players: Bill Robinson '26 Cash: $2.0M Note: And STL's 2nd in 1966,Lombard iPackers (dbrom) Players: Rocky Colavito '65 Cash: $0 Note:,https://www.whatifsports.com/mlb-l/trade_history.asp?cLID=129788,False
129788-6,1965,10/21/2020 5:00:00 PM,Houston Thunderbears,Detroit Supremes,chargingryno,harrelson,thunderbears,detroit,"Houston Thunderbears (chargingryno) Players: Ron Santo '65, Salomon Torres '26 Cash: $0 Note: +Det 1st in 66 and 2nd in 67, plus Det rights to Joe Moeller and Jack Hamilton (IR) to Hou","Detroit Supremes (harrelson) Players: Don Wert '65, Harry Bemis '26 Cash: $0 Note:",https://www.whatifsports.com/mlb-l/trade_history.asp?cLID=129788,True
129788-7,1965,10/20/2020 10:00:00 AM,Lombard iPackers,St. Louis Perfectos,dbrom,contrarian23,milwaukee,st-louis,Lombard iPackers (dbrom) Players: Mickey Livingston '26 Cash: $0 Note:,St. Louis Perfectos (contrarian23) Players: Michael Morse '26 Cash: $0 Note:,https://www.whatifsports.com/mlb-l/trade_history.asp?cLID=129788,False
130303-0,1966,2/8/2021 7:00:00 PM,Cincinnati Mudcats,St. Louis Perfectos,fire13,contrarian23,cincinnati-la,st-louis,Cincinnati Mudcats (fire13) Players: Larry Jaster '66 Cash: $0 Note:,St. Louis Perfectos (contrarian23) Players: Sandy Koufax '66 Cash: $0 Note:,https://www.whatifsports.com/mlb-l/trade_history.asp?cLID=130303,False
130303-1,1966,2/5/2021 10:00:00 PM,Kansas City Bushwhackers,Brooklyn Thunderbears,husker75,chargingryno,kansas-city,thunderbears,Kansas City Bushwhackers (Husker75) Players: Earl Battey '66 Cash: $0 Note: Plus my 3rd Round Pick in the '68 Draft,Brooklyn Thunderbears (chargingryno) Players: Jake Gibbs '66 Cash: $0 Note:,https://www.whatifsports.com/mlb-l/trade_history.asp?cLID=130303,False
130303-2,1966,1/18/2021 10:00:00 PM,New York Nutcrackers,Brooklyn Thunderbears,n4ser,chargingryno,new-york-nationals,thunderbears,New York Nutcrackers (N4ser) Players: Ted Abernathy '66 Cash: $0 Note: Brooklyn's 1967 2nd Rd acquired from St. Louis,Brooklyn Thunderbears (chargingryno) Players: John Brackenridge '26 Cash: $0 Note:,https://www.whatifsports.com/mlb-l/trade_history.asp?cLID=130303,False
130303-3,1966,1/18/2021 8:00:00 PM,St. Louis Perfectos,New York Nutcrackers,contrarian23,n4ser,st-louis,new-york-nationals,St. Louis Perfectos (contrarian23) Players: Max Alvis '66 Cash: $0 Note: Plus STL's 3rd in 1968,New York Nutcrackers (N4ser) Players: Joe Foy '66 Cash: $0 Note:,https://www.whatifsports.com/mlb-l/trade_history.asp?cLID=130303,False
130303-4,1966,1/17/2021 4:00:00 PM,Philly CRYPTKEEPERS,New York Eagles,cpdpoet,italyprof,philly,new-york-eagles,"Philly CRYPTKEEPERS (cpdpoet) Players: Bob Chance '66, Phil Linz '66, Andy Kosco '66 Cash: $0 Note: .....and Philly's 3rd in 1967",New York Eagles (italyprof) Players: Ken Boyer '66 Cash: $0 Note: A good deal for both of us.,https://www.whatifsports.com/mlb-l/trade_history.asp?cLID=130303,False
130303-5,1966,1/4/2021 6:00:00 PM,Brooklyn Thunderbears,Boston Americans,chargingryno,tycobb33,thunderbears,boston,"Brooklyn Thunderbears (chargingryno) Players: Joe Azcue '66, Jose Cardenal '66, Alex Johnson '66 Cash: $0 Note: + your (bos) 1st back to you. Great long term in Cardenal, extra future bat in Johnson","Boston Americans (tycobb33) Players: Bill Freehan '66, Tony Oliva '66 Cash: $0 Note:",https://www.whatifsports.com/mlb-l/trade_history.asp?cLID=130303,True
130303-6,1966,1/2/2021 8:00:00 PM,Cincinnati Mudcats,New York Nutcrackers,fire13,n4ser,cincinnati-la,new-york-nationals,Cincinnati Mudcats (fire13) Players: John Buzhardt '66 Cash: $0 Note: CIN 2nd round pick to NY NY 4th rounder to CiN,New York Nutcrackers (N4ser) Players: Phil Regan '66 Cash: $0 Note:,https://www.whatifsports.com/mlb-l/trade_history.asp?cLID=130303,False
130303-7,1966,12/23/2020 9:00:00 PM,Brooklyn Thunderbears,Boston Americans,chargingryno,tycobb33,thunderbears,boston,Brooklyn Thunderbears (chargingryno) Players: Davey Johnson '66 Cash: $0 Note: + BOS 1st and 2nd in 1967 part 1,Boston Americans (tycobb33) Players: Nick Etten '26 Cash: $0 Note:,https://www.whatifsports.com/mlb-l/trade_history.asp?cLID=130303,True
130303-8,1966,12/23/2020 9:00:00 PM,Brooklyn Thunderbears,Boston Americans,chargingryno,tycobb33,thunderbears,boston,Brooklyn Thunderbears (chargingryno) Players: Jack Hamilton '66 Cash: $0 Note: Part 2,Boston Americans (tycobb33) Players: Joe Wood '26 Cash: $0 Note:,https://www.whatifsports.com/mlb-l/trade_history.asp?cLID=130303,False
130303-9,1966,12/23/2020 9:00:00 PM,Brooklyn Thunderbears,Boston Americans,chargingryno,tycobb33,thunderbears,boston,Brooklyn Thunderbears (chargingryno) Players: Denny Lemaster '66 Cash: $0 Note: Part 3,Boston Americans (tycobb33) Players: Chris George '26 Cash: $0 Note:,https://www.whatifsports.com/mlb-l/trade_history.asp?cLID=130303,False
130841-0,1967,3/30/2021 2:00:00 PM,Brooklyn Thunderbears,St. Louis Perfectos,chargingryno,contrarian23,thunderbears,st-louis,Brooklyn Thunderbears (chargingryno) Players: Jack Hiatt '67 Cash: $0 Note: +BKY 4th in 68 Let me know if this helps more. I don’t have many scrubs to trade!,"St. Louis Perfectos (contrarian23) Players: Mickey Mantle '67, Marty Martinez '67 Cash: $0 Note:",https://www.whatifsports.com/mlb-l/trade_history.asp?cLID=130841,False
130841-1,1967,3/27/2021 2:00:00 PM,New York Eagles,LA SWAT,just4me,dannino,new-york-eagles,montreal,New York Eagles (just4me) Players: Gary Peters '67 Cash: $0 Note: + LA '68 1st & '69 2nd round picks,LA SWAT (dannino) Players: Jose Santiago '67 Cash: $0 Note: Done!,https://www.whatifsports.com/mlb-l/trade_history.asp?cLID=130841,True
130841-2,1967,3/17/2021 1:00:00 AM,New York Eagles,Brooklyn Thunderbears,just4me,chargingryno,new-york-eagles,thunderbears,"New York Eagles (just4me) Players: Curt Flood '67, Billy Williams '67 Cash: $0 Note: +1st from BKY (tbd between PITT or BKY 1st) +3rd from NYE (Better of the 1sts with my 3rd, or worse of the 1sts without my 3rd)?","Brooklyn Thunderbears (chargingryno) Players: Johnny Callison '67, Willie Davis '67 Cash: $0 Note: Confirm - sending our worse of my 1st round picks to NYE - NYE will not be sending any picks to BKY",https://www.whatifsports.com/mlb-l/trade_history.asp?cLID=130841,True
130841-3,1967,3/16/2021 1:00:00 PM,Cincinnati Mudcats,Boston Beavers,fire13,bagchucker,cincinnati-la,boston,Cincinnati Mudcats (fire13) Players: Bryce Daumeyer '26 Cash: $0 Note: CIN 5th round pick to BOS,Boston Beavers (bagchucker) Players: Phil Gagliano '67 Cash: $0 Note: pleasure doin business w/y,https://www.whatifsports.com/mlb-l/trade_history.asp?cLID=130841,False
131418-0,1968,6/17/2021 5:00:00 AM,Brooklyn Thunderbears,SoCal Space Cadets '68,chargingryno,crustydoc,thunderbears,socal-newark,"Brooklyn Thunderbears (chargingryno) Players: Tony Oliva '68, Wilbur Wood '68 Cash: $0 Note: +SoCal 1st in 1969",SoCal Space Cadets '68 (crustydoc) Players: Luis Aparicio '68 Cash: $0 Note:,https://www.whatifsports.com/mlb-l/trade_history.asp?cLID=131418,True
131418-1,1968,6/5/2021 2:00:00 PM,Cincinnati Mudcats,Detroit Supremes 68,fire13,harrelson,cincinnati-la,detroit,Cincinnati Mudcats (fire13) Players: Al Kaline '68 Cash: $0 Note: CIN 1970 2nd to DET DET 1970 5th to CIN,"Detroit Supremes 68 (harrelson) Players: Ron Fairly '68, Graig Nettles '68 Cash: $0 Note:",https://www.whatifsports.com/mlb-l/trade_history.asp?cLID=131418,False
131418-2,1968,5/31/2021 6:00:00 PM,Lombard iPackers,Brooklyn Thunderbears,dbrom,chargingryno,milwaukee,thunderbears,"Lombard iPackers (dbrom) Players: Dean Chance '68, Wilbur Wood '68 Cash: $0 Note: + riights to Amos Otis and Brooklyn 1st in 70. If Top 12 1st then Lombard 2nd in 70 if higher Lombard 3rd in 70","Brooklyn Thunderbears (chargingryno) Players: Russ Snyder '68, Dennis Higgins '68 Cash: $6.0M Note:",https://www.whatifsports.com/mlb-l/trade_history.asp?cLID=131418,True
131418-3,1968,5/29/2021 4:00:00 PM,Brooklyn Thunderbears,Pittsburg Tanagers,chargingryno,coldfoot,thunderbears,pittsburg,"Brooklyn Thunderbears (chargingryno) Players: Terrill Meyer '26, Jeffrey Wilhoit '26 Cash: $1.0M Note: +bky 1969 2nd (LA), bky 1969 2nd (NYE) +PIT 1970 3rd (NYE)","Pittsburg Tanagers (coldfoot) Players: Alex Johnson '68, Moe Drabowsky '68 Cash: $0 Note: 69 picks(la and nye) to pitt 70 pick(nye) to bkl",https://www.whatifsports.com/mlb-l/trade_history.asp?cLID=131418,False
131418-4,1968,5/27/2021 9:00:00 PM,New York Eagles,Pittsburg Tanagers,just4me,coldfoot,new-york-eagles,pittsburg,New York Eagles (just4me) Players: Cameron Vandy '26 Cash: $0 Note: Rights to Tito Fuentes + NYE ‘70 3rd in exchange for Pitt ‘70 2nd and worst of Pit’s ‘69 3rds,Pittsburg Tanagers (coldfoot) Players: Kasey Winn '26 Cash: $0 Note:,https://www.whatifsports.com/mlb-l/trade_history.asp?cLID=131418,False
131418-5,1968,5/24/2021 10:00:00 PM,New York Eagles,Brooklyn Thunderbears,just4me,chargingryno,new-york-eagles,thunderbears,New York Eagles (just4me) Players: Angel Guinigundo '26 Cash: $5.6M Note: +NYE 2nd in ‘69,Brooklyn Thunderbears (chargingryno) Players: Curt Flood '68 Cash: $0 Note:,https://www.whatifsports.com/mlb-l/trade_history.asp?cLID=131418,False
131418-6,1968,5/24/2021 4:00:00 PM,Pittsburg Tanagers,New York Nutcrackers,coldfoot,n4ser,pittsburg,new-york-nationals,"Pittsburg Tanagers (coldfoot) Players: Alejandro Allinder '26, Bryce Wade '26 Cash: $4.0M Note: pitt #2 to ny",New York Nutcrackers (N4ser) Players: Ken Harrelson '68 Cash: $0 Note:,https://www.whatifsports.com/mlb-l/trade_history.asp?cLID=131418,False
131418-7,1968,5/21/2021 1:00:00 PM,Brooklyn Thunderbears,LA SWAT,chargingryno,dannino,thunderbears,montreal,Brooklyn Thunderbears (chargingryno) Players: Bobby Tolan '68 Cash: $0 Note: +our 2nd pick in 69 AND 4th in 70,LA SWAT (dannino) Players: Rusty Staub '68 Cash: $0 Note:,https://www.whatifsports.com/mlb-l/trade_history.asp?cLID=131418,False
131418-8,1968,5/16/2021 8:00:00 PM,San Francisco Sugaree,Pittsburg Tanagers,h_incandenza,coldfoot,georgia-minnesota,pittsburg,San Francisco Sugaree (h_incandenza) Players: Rocco Clapsaddle '26 Cash: $5.0M Note: SF 1969 3rd-Round pick to PIT,"Pittsburg Tanagers (coldfoot) Players: Jack Fisher '68, Frank Linzy '68, Al McBean '68 Cash: $0 Note:",https://www.whatifsports.com/mlb-l/trade_history.asp?cLID=131418,False
131418-9,1968,5/15/2021 4:00:00 PM,Boston Mods,Pittsburg Tanagers,eddiedzen,coldfoot,boston,pittsburg,"Boston Mods (Eddiedzen) Players: Alex Johnson '68, Al McBean '68 Cash: $0 Note: + Pittsburg's 5th round pick in 1969",Pittsburg Tanagers (coldfoot) Players: Alfred Bitner '26 Cash: $8.0M Note:,https://www.whatifsports.com/mlb-l/trade_history.asp?cLID=131418,False
132043-0,1969,9/13/2021 6:00:00 PM,Seattle Bagchuckers,Pittsburg Tanagers,chrondon84,coldfoot,oakland,pittsburg,"Seattle Bagchuckers (chrondon84) Players: Tito Francona '69, Bob Priddy '69 Cash: $0 Note: Seattle 1971 3rd to Pit, Seattle 1971 4th back to Seattle from Pit","Pittsburg Tanagers (coldfoot) Players: Alex Johnson '69, Pepe Manlief '26 Cash: $0 Note:",https://www.whatifsports.com/mlb-l/trade_history.asp?cLID=132043,False
132043-1,1969,9/5/2021 8:00:00 AM,San Francisco Sugaree,Pittsburg Tanagers,h_incandenza,coldfoot,georgia-minnesota,pittsburg,"San Francisco Sugaree (h_incandenza) Players: Dick Green '69, Eddie Watt '69 Cash: $0 Note:",Pittsburg Tanagers (coldfoot) Players: Johnny Briggs '69 Cash: $0 Note:,https://www.whatifsports.com/mlb-l/trade_history.asp?cLID=132043,False
132043-2,1969,8/21/2021 1:00:00 PM,SoCal Space Cadets '69,San Francisco Sugaree,crustydoc,h_incandenza,socal-newark,georgia-minnesota,SoCal Space Cadets '69 (crustydoc) Players: Donn Clendenon '69 Cash: $0 Note: Plus 1970 2nd round pick and 1971 1st round pick . . .,San Francisco Sugaree (h_incandenza) Players: Lee May '69 Cash: $0 Note:,https://www.whatifsports.com/mlb-l/trade_history.asp?cLID=132043,True
132043-3,1969,8/18/2021 2:00:00 PM,San Francisco Sugaree,Cincinnati Mudcats,h_incandenza,fire13,georgia-minnesota,cincinnati-la,San Francisco Sugaree (h_incandenza) Players: Bob Gibson '69 Cash: $0 Note:,Cincinnati Mudcats (fire13) Players: Catfish Hunter '69 Cash: $0 Note:,https://www.whatifsports.com/mlb-l/trade_history.asp?cLID=132043,False
132043-4,1969,8/13/2021 3:00:00 PM,WashingTex SenatoRangers,Cincinnati Mudcats,frazzman80,fire13,texas,cincinnati-la,"WashingTex SenatoRangers (frazzman80) Players: Mike Fiore '69, Al Ferrara '69 Cash: $0 Note: WTX sends our 1970 4th round pick, CIN sends their 1970 2nd round pick.","Cincinnati Mudcats (fire13) Players: Buddy Bradford '69, Ed Stroud '69 Cash: $0 Note:",https://www.whatifsports.com/mlb-l/trade_history.asp?cLID=132043,False
132043-5,1969,8/13/2021 3:00:00 PM,WashingTex SenatoRangers,Boston Mods,frazzman80,eddiedzen,texas,boston,WashingTex SenatoRangers (frazzman80) Players: Bubba Morton '69 Cash: $0 Note: WTX sends our 1970 3rd and BOS sends their 1970 2nd.,Boston Mods (eddiedzen) Players: Jack Schlaack '26 Cash: $0 Note:,https://www.whatifsports.com/mlb-l/trade_history.asp?cLID=132043,False
132043-6,1969,8/13/2021 8:00:00 AM,Detroit 69 Supremes,Kansas City Kahunas,harrelson,nockahoma,detroit,kansas-city,Detroit 69 Supremes (harrelson) Players: Cookie Rojas '69 Cash: $0 Note: KC sends their 3rd round pick in 1971 to Detroit to complete the deal.,Kansas City Kahunas (nockahoma) Players: Howie Reed '69 Cash: $0 Note:,https://www.whatifsports.com/mlb-l/trade_history.asp?cLID=132043,False
132043-7,1969,8/12/2021 12:00:00 PM,Seattle Bagchuckers,Pittsburg Tanagers,chrondon84,coldfoot,oakland,pittsburg,Seattle Bagchuckers (chrondon84) Players: Scott Northey '69 Cash: $0 Note: 1971 SEA 4th round pick,Pittsburg Tanagers (coldfoot) Players: Ken Harrelson '69 Cash: $0 Note:,https://www.whatifsports.com/mlb-l/trade_history.asp?cLID=132043,False
132043-8,1969,8/11/2021 3:00:00 PM,Detroit 69 Supremes,Lombard iPackers,harrelson,dbrom,detroit,milwaukee,Detroit 69 Supremes (harrelson) Players: Tom Haller '69 Cash: $0 Note: Plus the Lombard Ipackers 3rd round pick in 1970.,Lombard iPackers (dbrom) Players: Jerry Moses '69 Cash: $0 Note:,https://www.whatifsports.com/mlb-l/trade_history.asp?cLID=132043,False
132043-9,1969,8/4/2021 2:00:00 PM,Seattle Bagchuckers,Kansas City Kahunas,chrondon84,nockahoma,oakland,kansas-city,Seattle Bagchuckers (chrondon84) Players: Bobby Cox '69 Cash: $0 Note:,"Kansas City Kahunas (nockahoma) Players: Don Wert '69, Ron Swoboda '69 Cash: $0 Note:",https://www.whatifsports.com/mlb-l/trade_history.asp?cLID=132043,False
132733-0,1970,12/1/2021 5:00:00 PM,WashingTex SenatoRangers,Pittsburg Tanagers,frazzman80,coldfoot,texas,pittsburg,"WashingTex SenatoRangers (frazzman80) Players: Chuck Hinton '70, Stan Williams '70 Cash: $0 Note:",Pittsburg Tanagers (coldfoot) Players: Eddie Watt '70 Cash: $0 Note:,https://www.whatifsports.com/mlb-l/trade_history.asp?cLID=132733,False
132733-1,1970,11/24/2021 2:00:00 PM,Philly CRYPTKEEPERS,New York Nutcrackers,cpdpoet,n4ser,philly,new-york-nationals,"Philly CRYPTKEEPERS (cpdpoet) Players: Bobby Bolin '70, Ron Herbel '70, Marcel Lachemann '70 Cash: $0 Note: and Philly's #2 #3 in 1971",New York Nutcrackers (N4ser) Players: Chuck Dobson '70 Cash: $0 Note:,https://www.whatifsports.com/mlb-l/trade_history.asp?cLID=132733,False
132733-2,1970,11/17/2021 1:00:00 PM,WashingTex SenatoRangers,New York Nutcrackers,frazzman80,n4ser,texas,new-york-nationals,WashingTex SenatoRangers (frazzman80) Players: Frank Baker '70 Cash: $0 Note: WTX sends the 1971 CIN 2nd round pick we own.,"New York Nutcrackers (N4ser) Players: Harmon Killebrew '70, Luis Melendez '70 Cash: $0 Note:",https://www.whatifsports.com/mlb-l/trade_history.asp?cLID=132733,False
132733-3,1970,11/13/2021 1:00:00 AM,Detroit Supremes,Brooklyn Thunderbears,harrelson,chargingryno,detroit,thunderbears,Detroit Supremes (harrelson) Players: Andrew Sweeney '26 Cash: $0 Note: Plus Detroit's 3rd pick in 1972,Brooklyn Thunderbears (chargingryno) Players: Moe Drabowsky '70 Cash: $0 Note:,https://www.whatifsports.com/mlb-l/trade_history.asp?cLID=132733,False
132733-4,1970,11/12/2021 9:00:00 AM,WashingTex SenatoRangers,Brooklyn Thunderbears,frazzman80,chargingryno,texas,thunderbears,"WashingTex SenatoRangers (frazzman80) Players: Steve Renko '70, Howie Reed '70, Ron Willis '70 Cash: $0 Note: WTX sends LA 1971 2nd we own, WTX 1971 2nd and P Juan Pizzaro (DL '71). BRK sends their 1st round pick in 1971, WAS 1971 3rd ro",Brooklyn Thunderbears (chargingryno) Players: Fritz Peterson '70 Cash: $0 Note:,https://www.whatifsports.com/mlb-l/trade_history.asp?cLID=132733,True
132733-5,1970,11/10/2021 2:00:00 PM,New York Eagles,New York Nutcrackers,just4me,n4ser,new-york-eagles,new-york-nationals,New York Eagles (just4me) Players: Luis Melendez '70 Cash: $5.0M Note: + NYE '73 2nd,New York Nutcrackers (N4ser) Players: Boog Powell '70 Cash: $0 Note:,https://www.whatifsports.com/mlb-l/trade_history.asp?cLID=132733,False
132733-6,1970,11/8/2021 1:00:00 PM,New York Eagles,Pittsburg Tanagers,just4me,coldfoot,new-york-eagles,pittsburg,New York Eagles (just4me) Players: Tanner Kimball '26 Cash: $3.0M Note: + NYE 2nd in '71,Pittsburg Tanagers (coldfoot) Players: Don Mincher '70 Cash: $0 Note:,https://www.whatifsports.com/mlb-l/trade_history.asp?cLID=132733,False
132733-7,1970,11/8/2021 12:00:00 PM,Pittsburg Tanagers,Georgia Browns,coldfoot,ooooohdoggie,pittsburg,georgia-minnesota,"Pittsburg Tanagers (coldfoot) Players: Jacob Bourgeois '26, Dale Ruffing '26 Cash: $5.0M Note: Pitt 2 and 3 to Georgia","Georgia Browns (ooooohdoggie) Players: Billy Grabarkewitz '70, Jim Hickman '70 Cash: $0 Note:",https://www.whatifsports.com/mlb-l/trade_history.asp?cLID=132733,False
132733-8,1970,11/5/2021 6:00:00 PM,Brooklyn Thunderbears,Lombard iPackers,chargingryno,dbrom,thunderbears,milwaukee,Brooklyn Thunderbears (chargingryno) Players: Tommy Davis '70 Cash: $0 Note: +LOM 3rd in 1971,Lombard iPackers (dbrom) Players: Tim Henson '26 Cash: $0 Note:,https://www.whatifsports.com/mlb-l/trade_history.asp?cLID=132733,False
132733-9,1970,10/31/2021 9:00:00 PM,New York Eagles,Brooklyn Thunderbears,just4me,chargingryno,new-york-eagles,thunderbears,New York Eagles (just4me) Players: Lon Sneller '26 Cash: $0 Note: NYE 1971 3rd?,Brooklyn Thunderbears (chargingryno) Players: George Thomas '70 Cash: $0 Note:,https://www.whatifsports.com/mlb-l/trade_history.asp?cLID=132733,False
132733-10,1970,10/24/2021 12:00:00 PM,Brooklyn Thunderbears,WashingTex SenatoRangers,chargingryno,frazzman80,thunderbears,texas,"Brooklyn Thunderbears (chargingryno) Players: Chuck Hinton '70, Ted Savage '70 Cash: $0 Note: WSH 3rd in 71 & 72 BKN 4th in 72","WashingTex SenatoRangers (frazzman80) Players: Jeremy DONOTUSE '26, Kelley DONOTUSE '26 Cash: $0 Note:",https://www.whatifsports.com/mlb-l/trade_history.asp?cLID=132733,False
133447-0,1971,2/28/2022 2:00:00 PM,Brooklyn Thunderbears,Boston Mods,chargingryno,eddiedzen,thunderbears,boston,Brooklyn Thunderbears (chargingryno) Players: Mike Hedlund '71 Cash: $0 Note: +BRK 5th in 73 +BOS 3rd in 73,Boston Mods (eddiedzen) Players: Cash: $2.0M Note:,https://www.whatifsports.com/mlb-l/trade_history.asp?cLID=133447,False
133447-1,1971,2/23/2022 11:00:00 AM,Brooklyn Thunderbears,New York Eagles,chargingryno,just4me,thunderbears,new-york-eagles,Brooklyn Thunderbears (chargingryno) Players: Cash: $200.0K Note: + BRK 74 3rd,New York Eagles (just4me) Players: Tony Taylor '71 Cash: $0 Note:,https://www.whatifsports.com/mlb-l/trade_history.asp?cLID=133447,False
133447-2,1971,2/19/2022 2:00:00 PM,Los Angeles Kings,Kansas City Monarchs,jmarino2,poppapomp,montreal,kansas-city,Los Angeles Kings (jmarino2) Players: Willie Montanez '71 Cash: $0 Note: Any interest in a lefty /righty swap?,Kansas City Monarchs (poppapomp) Players: George Scott '71 Cash: $0 Note:,https://www.whatifsports.com/mlb-l/trade_history.asp?cLID=133447,False
133447-3,1971,2/10/2022 3:00:00 PM,SoCal Space Cadets '71,New York Nutcrackers,crustydoc,n4ser,socal-newark,new-york-nationals,SoCal Space Cadets '71 (crustydoc) Players: Cash: $0.0K Note: 3rd round pick in '72,New York Nutcrackers (N4ser) Players: Ellie Hendricks '71 Cash: $0 Note:,https://www.whatifsports.com/mlb-l/trade_history.asp?cLID=133447,False
133447-4,1971,2/10/2022 12:00:00 PM,Brooklyn Thunderbears,SoCal Space Cadets '71,chargingryno,crustydoc,thunderbears,socal-newark,Brooklyn Thunderbears (chargingryno) Players: Steve Barber '71 Cash: $0 Note: +SOC 4th in 1973,SoCal Space Cadets '71 (crustydoc) Players: Cash: $500.0K Note:,https://www.whatifsports.com/mlb-l/trade_history.asp?cLID=133447,False
133447-5,1971,2/9/2022 5:00:00 PM,Philly CRYPTKEEPERS,Detroit Supremes 1971,cpdpoet,harrelson,philly,detroit,Philly CRYPTKEEPERS (cpdpoet) Players: Steve Dunning '71 Cash: $0 Note: ....and Philly's 72 3rd,Detroit Supremes 1971 (harrelson) Players: Sam McDowell '71 Cash: $0 Note:,https://www.whatifsports.com/mlb-l/trade_history.asp?cLID=133447,False
133447-6,1971,2/8/2022 7:00:00 PM,Detroit Supremes 1971,Lombard iPackers,harrelson,dbrom,detroit,milwaukee,"Detroit Supremes 1971 (harrelson) Players: Ron Santo '71, Moe Drabowsky '71 Cash: $0 Note: And I’ll give you back your 3rd round pick in 72.","Lombard iPackers (dbrom) Players: Danny Cater '71, Eric Soderholm '71 Cash: $0 Note:",https://www.whatifsports.com/mlb-l/trade_history.asp?cLID=133447,False
133447-7,1971,2/5/2022 4:00:00 PM,Detroit Supremes 1971,Los Angeles Kings,harrelson,jmarino2,detroit,montreal,"Detroit Supremes 1971 (harrelson) Players: Don Kessinger '71, Jack Aker '71 Cash: $0 Note: Plus my my 3rd pick in 73,","Los Angeles Kings (jmarino2) Players: Rick Auerbach '71, Juan Beniquez '71, Dave Laroche '71 Cash: $0 Note:",https://www.whatifsports.com/mlb-l/trade_history.asp?cLID=133447,False
133447-8,1971,1/30/2022 5:00:00 PM,Detroit Supremes 1971,‘71 Baltimore Orioles,harrelson,dodgerdon,detroit,baltimore,"Detroit Supremes 1971 (harrelson) Players: Frank Howard '71 Cash: $0 Note: Dodgers send their 2nd pick in 73, we give them back our 4th in 73.",‘71 Baltimore Orioles (DodgerDon) Players: Joe Keough '71 Cash: $0 Note:,https://www.whatifsports.com/mlb-l/trade_history.asp?cLID=133447,False
133447-9,1971,1/30/2022 1:00:00 AM,Los Angeles Kings,Cincinnati Mudcats,jmarino2,fire13,montreal,cincinnati-la,Los Angeles Kings (jmarino2) Players: Bob Barton '71 Cash: $0 Note:,"Cincinnati Mudcats (fire13) Players: Jerry May '71, Dalton Jones '71 Cash: $0 Note:",https://www.whatifsports.com/mlb-l/trade_history.asp?cLID=133447,False
133447-10,1971,1/28/2022 11:00:00 AM,Brooklyn Thunderbears,Kansas City Monarchs,chargingryno,poppapomp,thunderbears,kansas-city,Brooklyn Thunderbears (chargingryno) Players: Jesus Alou '71 Cash: $0 Note: +BRK 3rd in 1973,Kansas City Monarchs (poppapomp) Players: Willie Mays '71 Cash: $0 Note:,https://www.whatifsports.com/mlb-l/trade_history.asp?cLID=133447,False
133447-11,1971,1/26/2022 12:00:00 PM,Lombard iPackers,Detroit Supremes 1971,dbrom,harrelson,milwaukee,detroit,Lombard iPackers (dbrom) Players: Ron Swoboda '71 Cash: $0 Note: 3rd in 72 and 3rd in 73,Detroit Supremes 1971 (harrelson) Players: Don Buford '71 Cash: $0 Note:,https://www.whatifsports.com/mlb-l/trade_history.asp?cLID=133447,False
133447-12,1971,1/24/2022,Detroit Supremes 1971,Los Angeles Kings,harrelson,jmarino2,detroit,montreal,Detroit Supremes 1971 (harrelson) Players: Mike Cuellar '71 Cash: $0 Note: LA Kings send their first pick in 1974.,Los Angeles Kings (jmarino2) Players: Joe Moeller '71 Cash: $0 Note:,https://www.whatifsports.com/mlb-l/trade_history.asp?cLID=133447,False
134068-0,1972,5/7/2022 8:00:00 PM,San Francisco Seals,Philly CRYPTKEEPERS,jmarino2,cpdpoet,montreal,philly,"San Francisco Seals (jmarino2) Players: Diego Segui '72, Phil Hennigan '72 Cash: $0 Note: Not interested in the other two",Philly CRYPTKEEPERS (cpdpoet) Players: Jim Lonborg '72 Cash: $0 Note: thnx for uber quick reply...this works...mahalo,https://www.whatifsports.com/mlb-l/trade_history.asp?cLID=134068,False
134068-1,1972,5/7/2022,Pittsburg Tanagers,San Diego Quake,coldfoot,epup1975,pittsburg,quake,Pittsburg Tanagers (coldfoot) Players: Lee Lacy '72 Cash: $0 Note: SD 74 #2 to pitt,San Diego Quake (epup1975) Players: Manny Mota '72 Cash: $0 Note:,https://www.whatifsports.com/mlb-l/trade_history.asp?cLID=134068,False
134068-2,1972,4/29/2022 11:00:00 AM,Chicago Thunderbears,New York Eagles,chargingryno,just4me,thunderbears,new-york-eagles,"Chicago Thunderbears (chargingryno) Players: Matty Alou '72, Al Kaline '72, Jim Shellenback '72 Cash: $0 Note: +CHI 74** 2nd, +CHI 75 2nd +NYE 74** 3rd, +NYE 75 3rd **see conditions in trade thread",New York Eagles (just4me) Players: Willie Davis '72 Cash: $0 Note:,https://www.whatifsports.com/mlb-l/trade_history.asp?cLID=134068,False
134068-3,1972,4/22/2022 2:00:00 PM,New York  Times,Boston Plaids,trentonjoe,eddiedzen,new-york-times,boston,"New York Times (Trentonjoe) Players: Juan Mouzin '26, Andrew Sizer '26 Cash: $0 Note: For NYT’s last first round pick and 5th round pick and Bostons 2nd and 4th.",Boston Plaids (eddiedzen) Players: Gene Clines '72 Cash: $0 Note:,https://www.whatifsports.com/mlb-l/trade_history.asp?cLID=134068,True
134068-4,1972,4/20/2022 4:00:00 AM,San Francisco Seals,‘72 Baltimore Orioles,jmarino2,dodgerdon,montreal,baltimore,San Francisco Seals (jmarino2) Players: Norm Cash '72 Cash: $0 Note:,‘72 Baltimore Orioles (DodgerDon) Players: Tom Grieve '72 Cash: $0 Note:,https://www.whatifsports.com/mlb-l/trade_history.asp?cLID=134068,False
134068-5,1972,4/18/2022 5:00:00 PM,San Francisco Seals,Lombard iPackers,jmarino2,dbrom,montreal,milwaukee,San Francisco Seals (jmarino2) Players: Bobby Tolan '72 Cash: $0 Note:,"Lombard iPackers (dbrom) Players: Tommy Davis '72, Vada Pinson '72 Cash: $0 Note:",https://www.whatifsports.com/mlb-l/trade_history.asp?cLID=134068,False
134068-6,1972,4/17/2022 6:00:00 PM,Chicago Thunderbears,San Francisco Seals,chargingryno,jmarino2,thunderbears,montreal,Chicago Thunderbears (chargingryno) Players: Phil Hennigan '72 Cash: $0 Note: +CHI 4th pick in 1975,San Francisco Seals (jmarino2) Players: Jim Shellenback '72 Cash: $0 Note:,https://www.whatifsports.com/mlb-l/trade_history.asp?cLID=134068,False
134068-7,1972,4/17/2022 10:00:00 AM,Pittsburg Tanagers,‘72 Baltimore Orioles,coldfoot,dodgerdon,pittsburg,baltimore,"Pittsburg Tanagers (coldfoot) Players: Andy Etchebarren '72, Wayne Granger '72, Don Newhauser '72 Cash: $0 Note: pitt swaps its #2 to baltimore for balt #3",‘72 Baltimore Orioles (DodgerDon) Players: Steve Kealey '72 Cash: $0 Note:,https://www.whatifsports.com/mlb-l/trade_history.asp?cLID=134068,False
134068-8,1972,4/15/2022 11:00:00 PM,Chicago Thunderbears,'72 Houston Colt .45s,chargingryno,txelvis,thunderbears,houston,"Chicago Thunderbears (chargingryno) Players: Rick Renick '72, Bill Gogolewski '72 Cash: $0 Note: +CHI 3rd in 75","'72 Houston Colt .45s (txelvis) Players: Al Kaline '72, John Strohmayer '72 Cash: $0 Note:",https://www.whatifsports.com/mlb-l/trade_history.asp?cLID=134068,False
134068-9,1972,4/15/2022 2:00:00 AM,Texas Rangers,Georgia Browns '72,frazzman80,ooooohdoggie,texas,georgia-minnesota,Texas Rangers (frazzman80) Players: Chuck Seelbach '72 Cash: $0 Note: Texas sends our 1973 5th and GA sends your 1974 3rd.,Georgia Browns '72 (ooooohdoggie) Players: Brian Downing '26 Cash: $0 Note: OK,https://www.whatifsports.com/mlb-l/trade_history.asp?cLID=134068,False
134068-10,1972,4/13/2022 11:00:00 AM,New York Nutcrackers,Chicago Thunderbears,n4ser,chargingryno,new-york-nationals,thunderbears,New York Nutcrackers (N4ser) Players: Rick Renick '72 Cash: $0 Note: My 75 1st round pick,Chicago Thunderbears (chargingryno) Players: Chris Chambliss '72 Cash: $0 Note:,https://www.whatifsports.com/mlb-l/trade_history.asp?cLID=134068,True
134068-11,1972,4/11/2022 1:00:00 PM,San Francisco Seals,Georgia Browns '72,jmarino2,ooooohdoggie,montreal,georgia-minnesota,"San Francisco Seals (jmarino2) Players: Bill Freehan '72, Ollie Brown '72 Cash: $0 Note:","Georgia Browns '72 (ooooohdoggie) Players: Fred Kendall '72, Cesar Geronimo '72 Cash: $0 Note:",https://www.whatifsports.com/mlb-l/trade_history.asp?cLID=134068,False
134068-12,1972,4/6/2022 2:00:00 PM,Chicago Thunderbears,San Francisco Seals,chargingryno,jmarino2,thunderbears,montreal,Chicago Thunderbears (chargingryno) Players: Mike Torrez '72 Cash: $0 Note:,San Francisco Seals (jmarino2) Players: Mike Cuellar '72 Cash: $0 Note:,https://www.whatifsports.com/mlb-l/trade_history.asp?cLID=134068,False
134800-0,1973,8/3/2022 2:00:00 AM,San Francisco Seals,San Diego Quake,jmarino2,epup1975,montreal,quake,"San Francisco Seals (jmarino2) Players: Winston Llenas '73, Carlos May '73, Tom Hilgendorf '73 Cash: $0 Note:","San Diego Quake (epup1975) Players: Tommy McCraw '73, George Stone '73, Bruce Dalcanton '73 Cash: $0 Note:",https://www.whatifsports.com/mlb-l/trade_history.asp?cLID=134800,False
134800-1,1973,7/31/2022 11:00:00 PM,Chicago Thunderbears,Philly CRYPTKEEPERS,chargingryno,cpdpoet,thunderbears,philly,Chicago Thunderbears (chargingryno) Players: Cy Acosta '73 Cash: $0 Note: +CHI 1st in 74 +PHI 1st in 75 and 3rd in 74,Philly CRYPTKEEPERS (cpdpoet) Players: Juan Marichal '73 Cash: $0 Note: Exactly,https://www.whatifsports.com/mlb-l/trade_history.asp?cLID=134800,True
134800-2,1973,7/19/2022 9:00:00 PM,San Francisco Seals,Philly CRYPTKEEPERS,jmarino2,cpdpoet,montreal,philly,"San Francisco Seals (jmarino2) Players: Tommy Davis '73, Juan Marichal '73 Cash: $0 Note:","Philly CRYPTKEEPERS (cpdpoet) Players: Gene Clines '73, Jack Billingham '73, Steve Foucault '73 Cash: $0 Note:",https://www.whatifsports.com/mlb-l/trade_history.asp?cLID=134800,False
134800-3,1973,7/8/2022 9:00:00 AM,Detroit Supremes,Pittsburg Tanagers,harrelson,coldfoot,detroit,pittsburg,"Detroit Supremes (harrelson) Players: Bill Sudakis '73, Gary Ross '73 Cash: $0 Note:",Pittsburg Tanagers (coldfoot) Players: Dave Tomlin '73 Cash: $0 Note:,https://www.whatifsports.com/mlb-l/trade_history.asp?cLID=134800,False
135415-0,1974,10/25/2022 11:00:00 AM,Texas Rangers,'74 Houston Colt .45s,frazzman80,txelvis,texas,houston,Texas Rangers (frazzman80) Players: Max Leon '74 Cash: $0 Note: Houston sends their 1975 3rd round pick,'74 Houston Colt .45s (txelvis) Players: Brian Penrod '26 Cash: $0 Note:,https://www.whatifsports.com/mlb-l/trade_history.asp?cLID=135415,False
135415-1,1974,10/24/2022 3:00:00 PM,Pittsburg Tanagers,Cincinnati Mudcats,coldfoot,fire13,pittsburg,cincinnati-la,Pittsburg Tanagers (coldfoot) Players: Jim Willoughby '74 Cash: $0 Note:,Cincinnati Mudcats (fire13) Players: Dick Allen '74 Cash: $0 Note:,https://www.whatifsports.com/mlb-l/trade_history.asp?cLID=135415,False
135415-2,1974,10/24/2022 12:00:00 PM,Chicago Thunderbears,Texas Rangers,chargingryno,frazzman80,thunderbears,texas,"Chicago Thunderbears (chargingryno) Players: Cecil Upshaw '74, Dick Selma '74 Cash: $0 Note: +MIL 2nd to TEX +TEX 4th to CHI",Texas Rangers (frazzman80) Players: Tom House '74 Cash: $0 Note:,https://www.whatifsports.com/mlb-l/trade_history.asp?cLID=135415,False
135415-3,1974,10/24/2022 11:00:00 AM,Texas Rangers,Kansas City Monarchs,frazzman80,fire13,texas,kansas-city,Texas Rangers (frazzman80) Players: Jim Rooker '74 Cash: $0 Note: KC sends their 1975 2nd round pick.,Kansas City Monarchs (fire13) Players: Stan Bahnsen '74 Cash: $0 Note:,https://www.whatifsports.com/mlb-l/trade_history.asp?cLID=135415,False
135415-4,1974,10/16/2022 8:00:00 AM,‘74 Baltimore Orioles,SoCal Soace Cadets '74,dodgerdon,crustydoc,baltimore,socal-newark,‘74 Baltimore Orioles (DodgerDon) Players: Gene Michael '74 Cash: $0 Note:,SoCal Soace Cadets '74 (crustydoc) Players: Brooks Robinson '74 Cash: $0 Note:,https://www.whatifsports.com/mlb-l/trade_history.asp?cLID=135415,False
135415-5,1974,10/7/2022,Oakland Bagchuckers,Kansas City Monarchs,chrondon84,fire13,oakland,kansas-city,Oakland Bagchuckers (chrondon84) Players: Ron Santo '74 Cash: $0 Note:,Kansas City Monarchs (fire13) Players: Jim Dwyer '74 Cash: $0 Note:,https://www.whatifsports.com/mlb-l/trade_history.asp?cLID=135415,False
135415-6,1974,10/6/2022 3:00:00 PM,Oakland Bagchuckers,Pittsburg Tanagers,chrondon84,coldfoot,oakland,pittsburg,Oakland Bagchuckers (chrondon84) Players: Jim Willoughby '74 Cash: $0 Note: Oak 76 4th to Pittsburgh. Coldfoot admits he loves chrondon84 if he accepts.,Pittsburg Tanagers (coldfoot) Players: Joe Torre '74 Cash: $0 Note:,https://www.whatifsports.com/mlb-l/trade_history.asp?cLID=135415,False
135415-7,1974,10/5/2022 9:00:00 AM,Chicago Thunderbears,Pittsburg Tanagers,chargingryno,coldfoot,thunderbears,pittsburg,Chicago Thunderbears (chargingryno) Players: Joe Torre '74 Cash: $0 Note: +Pit sends MIL 3rd in 75 +Chi sends 4th in 76,Pittsburg Tanagers (coldfoot) Players: Cash: $3.0M Note:,https://www.whatifsports.com/mlb-l/trade_history.asp?cLID=135415,False
135415-8,1974,10/4/2022 4:00:00 PM,Oakland Bagchuckers,New York Eagles,chrondon84,just4me,oakland,new-york-eagles,"Oakland Bagchuckers (chrondon84) Players: Dave Lemanczyk '74, Bill Slayback '74 Cash: $0 Note: Just take em. They have pitched well in Oakland. Could do some good in NY",New York Eagles (just4me) Players: Nathaniel Gerbasi '26 Cash: $0 Note:,https://www.whatifsports.com/mlb-l/trade_history.asp?cLID=135415,False
135415-9,1974,10/4/2022 10:00:00 AM,New York Eagles,Boston Plaids,just4me,eddiedzen,new-york-eagles,boston,New York Eagles (just4me) Players: Derek Carr '26 Cash: $0 Note: + NYE '76 4th,Boston Plaids (eddiedzen) Players: Juan Marichal '74 Cash: $0 Note:,https://www.whatifsports.com/mlb-l/trade_history.asp?cLID=135415,False
135415-10,1974,10/2/2022 1:00:00 AM,New York Times,Oakland Bagchuckers,trentonjoe,chrondon84,new-york-times,oakland,"New York Times (Trentonjoe) Players: Dick Woodson '74, Tyler Montana '26 Cash: $0 Note:",Oakland Bagchuckers (chrondon84) Players: Cash: $0.0K Note:,https://www.whatifsports.com/mlb-l/trade_history.asp?cLID=135415,False
135415-11,1974,9/30/2022 8:00:00 AM,Chicago Thunderbears,Milwaukee Brewers,chargingryno,dbrom,thunderbears,milwaukee,Chicago Thunderbears (chargingryno) Players: Reggie Cleveland '74 Cash: $0 Note: +Mil 2nd in 75,Milwaukee Brewers (dbrom) Players: Cash: $4.0M Note:,https://www.whatifsports.com/mlb-l/trade_history.asp?cLID=135415,False
135415-12,1974,9/29/2022 11:00:00 PM,Oakland Bagchuckers,New York Times,chrondon84,trentonjoe,oakland,new-york-times,Oakland Bagchuckers (chrondon84) Players: Dick Woodson '74 Cash: $0 Note: Part two of other trade,New York Times (Trentonjoe) Players: Ezequiel Biancaniello '26 Cash: $0 Note:,https://www.whatifsports.com/mlb-l/trade_history.asp?cLID=135415,False
135415-13,1974,9/28/2022 1:00:00 PM,Chicago Thunderbears,San Fransisco Golden Seals,chargingryno,jmarino2,thunderbears,montreal,Chicago Thunderbears (chargingryno) Players: Cash: $3.0M Note: +Chi 2nd round pick in 75,San Fransisco Golden Seals (jmarino2) Players: Jose Cardenal '74 Cash: $0 Note:,https://www.whatifsports.com/mlb-l/trade_history.asp?cLID=135415,False
135415-14,1974,9/28/2022 2:00:00 AM,Pittsburg Tanagers,San Fransisco Golden Seals,coldfoot,jmarino2,pittsburg,montreal,Pittsburg Tanagers (coldfoot) Players: Fred Norman '74 Cash: $0 Note: pitt 2 to sf,"San Fransisco Golden Seals (jmarino2) Players: Larry Dierker '74, Steve Foucault '74 Cash: $0 Note:",https://www.whatifsports.com/mlb-l/trade_history.asp?cLID=135415,False
135415-15,1974,9/27/2022 7:00:00 PM,‘74 Baltimore Orioles,Pittsburg Tanagers,dodgerdon,coldfoot,baltimore,pittsburg,‘74 Baltimore Orioles (DodgerDon) Players: Larry Brown '74 Cash: $0 Note: + Bal sends 1976 2nd (if BAL makes ‘75 playoffs) or the best of their 1975 3rd round picks. (If BAL fails to make ‘75 playoffs),Pittsburg Tanagers (coldfoot) Players: Paul Blair '74 Cash: $0 Note:,https://www.whatifsports.com/mlb-l/trade_history.asp?cLID=135415,False
135415-16,1974,9/26/2022 7:00:00 PM,Boston Plaids,Georgia Browns '74,eddiedzen,ooooohdoggie,boston,georgia-minnesota,Boston Plaids (eddiedzen) Players: Cash: $0.0K Note: 4th round pick in 1975 from BOS.,Georgia Browns '74 (ooooohdoggie) Players: Juan Marichal '74 Cash: $0 Note:,https://www.whatifsports.com/mlb-l/trade_history.asp?cLID=135415,False
135415-17,1974,9/26/2022 1:00:00 PM,Philly CRYPTKEEPERS,New York Nutcrackers,cpdpoet,n4ser,philly,new-york-nationals,Philly CRYPTKEEPERS (cpdpoet) Players: Randy Moffitt '74 Cash: $0 Note: This work?,New York Nutcrackers (N4ser) Players: Clay Kirby '74 Cash: $0 Note:,https://www.whatifsports.com/mlb-l/trade_history.asp?cLID=135415,False
135415-18,1974,9/25/2022 9:00:00 PM,‘74 Baltimore Orioles,Philly CRYPTKEEPERS,dodgerdon,cpdpoet,baltimore,philly,"‘74 Baltimore Orioles (DodgerDon) Players: Tony Solaita '74, Elliott Maddox '74 Cash: $0 Note: Bal receives 1975 3rd round pick from Philly","Philly CRYPTKEEPERS (cpdpoet) Players: Tommy Davis '74, Ed Farmer '74 Cash: $0 Note:",https://www.whatifsports.com/mlb-l/trade_history.asp?cLID=135415,False
135415-19,1974,9/23/2022 10:00:00 PM,San Fransisco Golden Seals,‘74 Baltimore Orioles,jmarino2,dodgerdon,montreal,baltimore,San Fransisco Golden Seals (jmarino2) Players: Elliott Maddox '74 Cash: $0 Note: My 1st for your 2nd in 1975,‘74 Baltimore Orioles (DodgerDon) Players: Bobby Murcer '74 Cash: $0 Note:,https://www.whatifsports.com/mlb-l/trade_history.asp?cLID=135415,True
135415-20,1974,9/22/2022 8:00:00 PM,Pittsburg Tanagers,New York Eagles,coldfoot,just4me,pittsburg,new-york-eagles,"Pittsburg Tanagers (coldfoot) Players: Willie Crawford '74 Cash: $0 Note: pitt sends 75#3 to nye, nye send 75 #2 to pitt",New York Eagles (just4me) Players: David Cain '26 Cash: $2.0M Note:,https://www.whatifsports.com/mlb-l/trade_history.asp?cLID=135415,False
135415-21,1974,9/21/2022 1:00:00 PM,Pittsburg Tanagers,Milwaukee Brewers,coldfoot,dbrom,pittsburg,milwaukee,Pittsburg Tanagers (coldfoot) Players: Ellie Rodriguez '74 Cash: $0 Note: milw sends 75 #3 to pitt,Milwaukee Brewers (dbrom) Players: Jack Heidemann '74 Cash: $0 Note:,https://www.whatifsports.com/mlb-l/trade_history.asp?cLID=135415,False
135415-22,1974,9/20/2022,Chicago Thunderbears,Georgia Browns '74,chargingryno,ooooohdoggie,thunderbears,georgia-minnesota,"Chicago Thunderbears (chargingryno) Players: Juan Marichal '74, Paul Splittorff '74 Cash: $0 Note: +PHI 1st to GB","Georgia Browns '74 (ooooohdoggie) Players: Catfish Hunter '74, Bart Johnson '74 Cash: $0 Note:",https://www.whatifsports.com/mlb-l/trade_history.asp?cLID=135415,True
136079-0,1975,1/12/2023 2:00:00 PM,Milwaukee Brewers,Chicago Thunderbears,dbrom,chargingryno,milwaukee,thunderbears,Milwaukee Brewers (dbrom) Players: Steve Hargan '75 Cash: $0 Note: Milwaukee's 3rd in 77,Chicago Thunderbears (chargingryno) Players: Steve Busby '75 Cash: $0 Note:,https://www.whatifsports.com/mlb-l/trade_history.asp?cLID=136079,False
136079-1,1975,1/4/2023 5:00:00 PM,Texas Rangers,SoCal Space Cadets ‘75,frazzman80,crustydoc,texas,socal-newark,"Texas Rangers (frazzman80) Players: Ed Brinkman '75, Orlando Ramirez '75 Cash: $0 Note: TEX sends our 1976 3rd round pick.","SoCal Space Cadets ‘75 (crustydoc) Players: Denny Doyle '75, Danny Thompson '75 Cash: $0 Note:",https://www.whatifsports.com/mlb-l/trade_history.asp?cLID=136079,False
136079-2,1975,12/21/2022 10:00:00 AM,Chicago Thunderbears,Kansas City Monarchs,chargingryno,fire13,thunderbears,kansas-city,Chicago Thunderbears (chargingryno) Players: Buzz Capra '75 Cash: $0 Note: +76 2nd and 77 5th,Kansas City Monarchs (fire13) Players: Al Hrabosky '75 Cash: $0 Note:,https://www.whatifsports.com/mlb-l/trade_history.asp?cLID=136079,False
136079-3,1975,12/20/2022 9:00:00 AM,Chicago Thunderbears,New York Nutcrackers,chargingryno,n4ser,thunderbears,new-york-nationals,Chicago Thunderbears (chargingryno) Players: Gene Pentz '75 Cash: $0 Note: +OAK 3rd in 1977 to Nutcrackers,New York Nutcrackers (N4ser) Players: Bob Apodaca '75 Cash: $0 Note:,https://www.whatifsports.com/mlb-l/trade_history.asp?cLID=136079,False
136079-4,1975,12/18/2022 2:00:00 PM,1975 Baltimore Orioles,Montreal Cobblestones,dodgerdon,ff09,baltimore,montreal,1975 Baltimore Orioles (DodgerDon) Players: Jim Slaton '75 Cash: $0 Note:,Montreal Cobblestones (ff09) Players: Mike Torrez '75 Cash: $0 Note:,https://www.whatifsports.com/mlb-l/trade_history.asp?cLID=136079,False
136079-5,1975,12/17/2022,Oakland Bagchuckers,Chicago Thunderbears,chrondon84,chargingryno,oakland,thunderbears,"Oakland Bagchuckers (chrondon84) Players: Jim Dwyer '75 Cash: $0 Note: Oak 2nd and 3rd in 1977 to Chi, Chi sends back Oaklands 4th in 76 and the worst/last of Chi's 4th round picks in 1977.","Chicago Thunderbears (chargingryno) Players: Jose Cardenal '75, Don Carrithers '75 Cash: $0 Note:",https://www.whatifsports.com/mlb-l/trade_history.asp?cLID=136079,False
136079-6,1975,12/16/2022 6:00:00 PM,Chicago Thunderbears,Pittsburg Tanagers,chargingryno,coldfoot,thunderbears,pittsburg,"Chicago Thunderbears (chargingryno) Players: Bob Bailey '75, Bob Moose '75 Cash: $0 Note: Hou #1 to pitt, CHI and oak 4 to CHI, CHI 77 3 to pitt",Pittsburg Tanagers (coldfoot) Players: Richie Zisk '75 Cash: $0 Note:,https://www.whatifsports.com/mlb-l/trade_history.asp?cLID=136079,False
136079-7,1975,12/11/2022 9:00:00 PM,Cincinnati Mudcats,Pittsburg Tanagers,fire13,coldfoot,cincinnati-la,pittsburg,Cincinnati Mudcats (fire13) Players: Richard Dibenedetto '26 Cash: $0 Note: + CIN 1977 2nd round pick to PIT,Pittsburg Tanagers (coldfoot) Players: Dyar Miller '75 Cash: $0 Note:,https://www.whatifsports.com/mlb-l/trade_history.asp?cLID=136079,False
136079-8,1975,12/5/2022,Pittsburg Tanagers,New York Nutcrackers,coldfoot,n4ser,pittsburg,new-york-nationals,"Pittsburg Tanagers (coldfoot) Players: Steve Yeager '75, Joe Torre '75, Ben Oglivie '75 Cash: $0 Note: nyn send their 76 #2 to pitt",New York Nutcrackers (N4ser) Players: Andre Thornton '75 Cash: $0 Note:,https://www.whatifsports.com/mlb-l/trade_history.asp?cLID=136079,False
136079-9,1975,12/2/2022 5:00:00 PM,SoCal Space Cadets ‘75,Texas Rangers,crustydoc,frazzman80,socal-newark,texas,SoCal Space Cadets ‘75 (crustydoc) Players: Doug Rau '75 Cash: $0 Note:,Texas Rangers (frazzman80) Players: Tom Underwood '75 Cash: $0 Note:,https://www.whatifsports.com/mlb-l/trade_history.asp?cLID=136079,False
136747-0,1976,3/22/2023 2:00:00 AM,Kansas City Monarchs,New York Eagles,fire13,just4me,kansas-city,new-york-eagles,Kansas City Monarchs (fire13) Players: Jim Kaat '76 Cash: $0 Note: NYE get KC 1st rounder KC gets MIL 3rd rounder via NYE,New York Eagles (just4me) Players: Randy Jones '76 Cash: $0 Note:,https://www.whatifsports.com/mlb-l/trade_history.asp?cLID=136747,True
137487-0,1977,6/27/2023 5:00:00 PM,Chicago Thunderbears,Pittsburgh Tanagers,chargingryno,coldfoot,thunderbears,pittsburg,Chicago Thunderbears (chargingryno) Players: Don Hood '77 Cash: $0 Note: +PIT 78 4th,Pittsburgh Tanagers (coldfoot) Players: Bob Apodaca '77 Cash: $0 Note:,https://www.whatifsports.com/mlb-l/trade_history.asp?cLID=137487,False
137487-1,1977,6/26/2023 7:00:00 PM,Seattle Sea Snakes,Pittsburgh Tanagers,pi_kapp,coldfoot,seattle,pittsburg,Seattle Sea Snakes (Pi_Kapp) Players: Bill Campbell '77 Cash: $0 Note:,Pittsburgh Tanagers (coldfoot) Players: Tommy Boggs '77 Cash: $0 Note:,https://www.whatifsports.com/mlb-l/trade_history.asp?cLID=137487,False
137487-2,1977,6/26/2023 8:00:00 AM,Texas Rangers,Cleveland Indians,frazzman80,kros2,texas,cleveland,Texas Rangers (frazzman80) Players: Dirk NOUSEY '26 Cash: $0 Note: Texas sends the GA 4th we own and both our 4th and 5th round picks in 1978.,Cleveland Indians (kros2) Players: John Urrea '77 Cash: $0 Note:,https://www.whatifsports.com/mlb-l/trade_history.asp?cLID=137487,False
137487-3,1977,6/22/2023,Philly CRYPTKEEPERS,Seattle Sea Snakes,cpdpoet,pi_kapp,philly,seattle,Philly CRYPTKEEPERS (cpdpoet) Players: Pat Zachry '77 Cash: $0 Note: Ellis helps me now and Zachry helps you in the future?,Seattle Sea Snakes (Pi_Kapp) Players: Dock Ellis '77 Cash: $0 Note:,https://www.whatifsports.com/mlb-l/trade_history.asp?cLID=137487,False
137487-4,1977,6/19/2023 12:00:00 PM,Chicago Thunderbears,New York  Times,chargingryno,trentonjoe,thunderbears,new-york-times,Chicago Thunderbears (chargingryno) Players: Steve Foucault '77 Cash: $0 Note: + PIT 78 3rd to CHI,New York Times (Trentonjoe) Players: Bob Galasso '77 Cash: $0 Note:,https://www.whatifsports.com/mlb-l/trade_history.asp?cLID=137487,False
137487-5,1977,6/17/2023 12:00:00 PM,Pittsburgh Tanagers,New York  Times,coldfoot,trentonjoe,pittsburg,new-york-times,"Pittsburgh Tanagers (coldfoot) Players: Thurman Munson '77, Ron LeFlore '77 Cash: $0 Note: Ny #1 to pitt. Top 5 protected. If top 5 pitt gets 79 ny #1 and ny 78 #3. Same rules apply to 79 #1, top 5 protected.","New York Times (Trentonjoe) Players: Tim McCarver '77, Joe Nolan '77, Gene Clines '77 Cash: $0 Note:",https://www.whatifsports.com/mlb-l/trade_history.asp?cLID=137487,False
137487-6,1977,6/10/2023 8:00:00 PM,Chicago Thunderbears,Pittsburgh Tanagers,chargingryno,coldfoot,thunderbears,pittsburg,Chicago Thunderbears (chargingryno) Players: Bob Apodaca '77 Cash: $0 Note: +CHI 2nd - if it's bottom 10 - CHI sends 79 3rd for PIT 4th,Pittsburgh Tanagers (coldfoot) Players: Steve Foucault '77 Cash: $0 Note:,https://www.whatifsports.com/mlb-l/trade_history.asp?cLID=137487,False
137487-7,1977,6/8/2023 10:00:00 AM,Oakland Bagchuckers,Pittsburgh Tanagers,chrondon84,coldfoot,oakland,pittsburg,Oakland Bagchuckers (chrondon84) Players: Ted Cox '77 Cash: $0 Note: Oakland 2nd in 1979 to pit.,Pittsburgh Tanagers (coldfoot) Players: Otto Velez '77 Cash: $0 Note:,https://www.whatifsports.com/mlb-l/trade_history.asp?cLID=137487,False
137487-8,1977,6/6/2023 4:00:00 PM,Georgia Dawgs,Houston Colt .45s '77,chargingryno,txelvis,georgia-minnesota,houston,Georgia Dawgs (chargingryno) Players: Steve Braun '77 Cash: $0 Note: +HOU 4th,Houston Colt .45s '77 (txelvis) Players: Cash: $2.0M Note:,https://www.whatifsports.com/mlb-l/trade_history.asp?cLID=137487,False
137487-9,1977,6/2/2023 11:00:00 AM,Montreal Cobblestones,Chicago Thunderbears,ff09,chargingryno,montreal,thunderbears,Montreal Cobblestones (ff09) Players: Butch Metzger '77 Cash: $0 Note: Mon 3rd rounder in 78.,Chicago Thunderbears (chargingryno) Players: Jim Kern '77 Cash: $0 Note:,https://www.whatifsports.com/mlb-l/trade_history.asp?cLID=137487,False
137487-10,1977,5/31/2023 6:00:00 PM,SoCal Space Cadets '77,Pittsburgh Tanagers,crustydoc,coldfoot,socal-newark,pittsburg,"SoCal Space Cadets '77 (crustydoc) Players: Thurman Munson '77, Ron LeFlore '77 Cash: $0 Note: And Pittsburgh’s 1st rounder in 1979.",Pittsburgh Tanagers (coldfoot) Players: George Mitterwald '77 Cash: $0 Note:,https://www.whatifsports.com/mlb-l/trade_history.asp?cLID=137487,True
137487-11,1977,5/28/2023 12:00:00 PM,Pittsburgh Tanagers,Baltimore Orioles 1977,coldfoot,dodgerdon,pittsburg,baltimore,Pittsburgh Tanagers (coldfoot) Players: Morrie Gettys '26 Cash: $0 Note: oak 79 #3 to balt,Baltimore Orioles 1977 (DodgerDon) Players: Wayne Gross '77 Cash: $0 Note:,https://www.whatifsports.com/mlb-l/trade_history.asp?cLID=137487,False
137487-12,1977,5/24/2023 12:00:00 PM,Chicago Thunderbears,SoCal Space Cadets '77,chargingryno,crustydoc,thunderbears,socal-newark,"Chicago Thunderbears (chargingryno) Players: Jackie Brown '77, Jack Morris '77 Cash: $0 Note:",SoCal Space Cadets '77 (crustydoc) Players: Joe Niekro '77 Cash: $0 Note:,https://www.whatifsports.com/mlb-l/trade_history.asp?cLID=137487,False
137487-13,1977,5/23/2023 9:00:00 PM,Detroit Supremes,SoCal Space Cadets '77,harrelson,crustydoc,detroit,socal-newark,"Detroit Supremes (harrelson) Players: Mike Champion '77, Dave Tomlin '77 Cash: $0 Note: Plus my 1st round pick in 78.","SoCal Space Cadets '77 (crustydoc) Players: Dave Chalk '77, Gary Lavelle '77 Cash: $0 Note:",https://www.whatifsports.com/mlb-l/trade_history.asp?cLID=137487,True
137487-14,1977,5/23/2023 2:00:00 PM,Pittsburgh Tanagers,Oakland Bagchuckers,coldfoot,chrondon84,pittsburg,oakland,Pittsburgh Tanagers (coldfoot) Players: Jerry Turner '77 Cash: $0 Note: Oak 79 3 to pitt,Oakland Bagchuckers (chrondon84) Players: Morrie Gettys '26 Cash: $0 Note:,https://www.whatifsports.com/mlb-l/trade_history.asp?cLID=137487,False
137487-15,1977,5/22/2023 9:00:00 AM,Seattle Sea Snakes,Milwaukee Brewers,pi_kapp,dbrom,seattle,milwaukee,"Seattle Sea Snakes (Pi_Kapp) Players: Steve Ontiveros '77, Pedro Borbon '77 Cash: $0 Note: And Milwaukee s 3rd","Milwaukee Brewers (dbrom) Players: Larry Parrish '77, Fred Holdsworth '77 Cash: $0 Note:",https://www.whatifsports.com/mlb-l/trade_history.asp?cLID=137487,False
138127-0,1978,9/26/2023 7:00:00 PM,Seattle Sea Snakes,Toronto Blue Jays,pi_kapp,tedcogswell,seattle,toronto,Seattle Sea Snakes (Pi_Kapp) Players: Ron Schueler '78 Cash: $0 Note: And my second round pick in the upcoming draft,Toronto Blue Jays (tedcogswell) Players: Ken Landreaux '78 Cash: $0 Note:,https://www.whatifsports.com/mlb-l/trade_history.asp?cLID=138127,False
138127-1,1978,9/25/2023 1:00:00 PM,Pittsburg Tanagers,Philly CRYPTKEEPERS,coldfoot,cpdpoet,pittsburg,philly,"Pittsburg Tanagers (coldfoot) Players: Andre Thornton '78 Cash: $0 Note: pitt 79 #2 to phil, phil 80 #1 to pitt",Philly CRYPTKEEPERS (cpdpoet) Players: Manny Sanguillen '78 Cash: $0 Note:,https://www.whatifsports.com/mlb-l/trade_history.asp?cLID=138127,False
138127-2,1978,9/25/2023 1:00:00 PM,Pittsburg Tanagers,Cincinnati Mudcats,coldfoot,fire13,pittsburg,cincinnati-la,"Pittsburg Tanagers (coldfoot) Players: Rick Monday '78 Cash: $0 Note: 80 pitt #3 to cinncy, 80 cincy #2 to pitt",Cincinnati Mudcats (fire13) Players: Dedric Mink '26 Cash: $0 Note:,https://www.whatifsports.com/mlb-l/trade_history.asp?cLID=138127,False
138127-3,1978,9/24/2023 4:00:00 PM,Chicago Cornhuskers,Oakland Bagchuckers,wgasa,chrondon84,cornhuskers,oakland,Chicago Cornhuskers (wgasa) Players: Brian Asselstine '78 Cash: $0 Note: + Cornhuskers 1979 3rd rd pick,Oakland Bagchuckers (chrondon84) Players: Otto Velez '78 Cash: $0 Note:,https://www.whatifsports.com/mlb-l/trade_history.asp?cLID=138127,False
138127-4,1978,9/11/2023 9:00:00 PM,Detroit Supremes 78,Pittsburg Tanagers,harrelson,coldfoot,detroit,pittsburg,Detroit Supremes 78 (harrelson) Players: Willie McCovey '78 Cash: $0 Note: plus my 2nd round pick in 79,Pittsburg Tanagers (coldfoot) Players: Kip Young '78 Cash: $0 Note:,https://www.whatifsports.com/mlb-l/trade_history.asp?cLID=138127,False
138127-5,1978,9/9/2023 12:00:00 PM,Pittsburg Tanagers,Chicago Thunderbears,coldfoot,chargingryno,pittsburg,thunderbears,"Pittsburg Tanagers (coldfoot) Players: Vida Blue '78, Don Hood '78, John Hiller '78 Cash: $0 Note: CHI send 80 1 and 2 to pitt, 81 2 to pitt, 79 and 80 4 to pitt. Pitt sends their worst 79 3 to CHI, and 80 3 to CHI.","Chicago Thunderbears (chargingryno) Players: Steve Burke '78, Preston Hanna '78, Dave Roberts '78 Cash: $0 Note:",https://www.whatifsports.com/mlb-l/trade_history.asp?cLID=138127,False
138127-6,1978,9/6/2023 6:00:00 AM,Texas Rangers,Cleveland Indians,frazzman80,kros2,texas,cleveland,Texas Rangers (frazzman80) Players: Rick Miller '78 Cash: $0 Note: Texas sends our 1979 2nd and CLE sends their 1979 3rd.,Cleveland Indians (kros2) Players: Bobby Bonds '78 Cash: $0 Note:,https://www.whatifsports.com/mlb-l/trade_history.asp?cLID=138127,False
138127-7,1978,8/27/2023 5:00:00 PM,Seattle Sea Snakes,New York Nutcrackers,pi_kapp,n4ser,seattle,new-york-nationals,Seattle Sea Snakes (Pi_Kapp) Players: Aurelio Trieloff '26 Cash: $0 Note: And my 3rd in the upcoming draft,New York Nutcrackers (N4ser) Players: Marty Pattin '78 Cash: $0 Note:,https://www.whatifsports.com/mlb-l/trade_history.asp?cLID=138127,False
138127-8,1978,8/26/2023 3:00:00 PM,Oakland Bagchuckers,Chicago Thunderbears,chrondon84,chargingryno,oakland,thunderbears,Oakland Bagchuckers (chrondon84) Players: Luis Machesky '26 Cash: $0 Note: Oakland 5th in 1980 draft to chicago.,Chicago Thunderbears (chargingryno) Players: Dan Norman '78 Cash: $0 Note:,https://www.whatifsports.com/mlb-l/trade_history.asp?cLID=138127,False
138842-0,1979,1/10/2024 9:00:00 PM,Texas Rangers,Milwaukee Brewers,frazzman80,dbrom,texas,milwaukee,"Texas Rangers (frazzman80) Players: Spencer NOUSEY '26 Cash: $0 Note: Texas sends our 1980 4th, MIL sends their 1980 5th.",Milwaukee Brewers (dbrom) Players: Steve Dillard '79 Cash: $0 Note:,https://www.whatifsports.com/mlb-l/trade_history.asp?cLID=138842,False
138842-1,1979,12/29/2023 12:00:00 PM,Cleveland Indians,Pittsburg Tanagers,harrelson,coldfoot,cleveland,pittsburg,Cleveland Indians (harrelson) Players: Jim Bibby '79 Cash: $0 Note: Plus Pitt's 2nd pick in 1980 draft.,Pittsburg Tanagers (coldfoot) Players: Bill Campbell '79 Cash: $0 Note:,https://www.whatifsports.com/mlb-l/trade_history.asp?cLID=138842,False
138842-2,1979,12/22/2023 9:00:00 AM,Milwaukee Brewers,New York Nutcrackers,dbrom,n4ser,milwaukee,new-york-nationals,Milwaukee Brewers (dbrom) Players: Cash: $800.0K Note: 80 4th round pick,New York Nutcrackers (N4ser) Players: Bob Randall '79 Cash: $0 Note:,https://www.whatifsports.com/mlb-l/trade_history.asp?cLID=138842,False
138842-3,1979,12/15/2023 8:00:00 PM,Minnetonka Moon Dawgs,Seattle Sea Snakes,chargingryno,pi_kapp,georgia-minnesota,seattle,"Minnetonka Moon Dawgs (chargingryno) Players: Bill Travers '79, Roger Erickson '79 Cash: $0 Note: +MIN 2nd in 1980 and 3rd in 1981","Seattle Sea Snakes (Pi_Kapp) Players: Steve Stone '79, Enrique Romo '79 Cash: $0 Note:",https://www.whatifsports.com/mlb-l/trade_history.asp?cLID=138842,False
138842-4,1979,12/9/2023 4:00:00 PM,Cleveland Indians,Chicago Thunderbears,harrelson,chargingryno,cleveland,thunderbears,Cleveland Indians (harrelson) Players: Luis Tiant '79 Cash: $0 Note: Plus Cleveland's 2nd pick in 80 for Thunderbears 4th pick in 80.,"Chicago Thunderbears (chargingryno) Players: Jim Dwyer '79, Don Robinson '79 Cash: $0 Note:",https://www.whatifsports.com/mlb-l/trade_history.asp?cLID=138842,False
138842-5,1979,12/4/2023 7:00:00 AM,San Francisco Quake,Seattle Sea Snakes,epup1975,pi_kapp,quake,seattle,San Francisco Quake (epup1975) Players: Rafael Landestoy '79 Cash: $0 Note: The Quake send their 1980 1st rounder The Sea Snakes send their 1980 3rd rounder,Seattle Sea Snakes (Pi_Kapp) Players: Larry Parrish '79 Cash: $0 Note:,https://www.whatifsports.com/mlb-l/trade_history.asp?cLID=138842,True
139517-0,1980,4/5/2024 12:00:00 PM,Houston Astros '80,New York Nutcrackers,frazzman80,n4ser,houston,new-york-nationals,Houston Astros '80 (Frazzman80) Players: Mike Jorgensen '80 Cash: $0 Note: Houston send the Chicago Cornhuskers 1981 2nd they own.,New York Nutcrackers (N4ser) Players: Jeff Burroughs '80 Cash: $0 Note:,https://www.whatifsports.com/mlb-l/trade_history.asp?cLID=139517,False
139517-1,1980,4/3/2024 2:00:00 AM,Pittsburg Tanagers,Seattle Sea Snakes,coldfoot,pi_kapp,pittsburg,seattle,Pittsburg Tanagers (coldfoot) Players: Paul Moskau '80 Cash: $0 Note: pitt sends Seattle chi 81 #2 and philly 81 #3 Seattle sends pitt sea 82 #3,Seattle Sea Snakes (Pi_Kapp) Players: Tommy Boggs '80 Cash: $0 Note:,https://www.whatifsports.com/mlb-l/trade_history.asp?cLID=139517,False
139517-2,1980,4/1/2024 1:00:00 PM,Baltimore Orioles 1980,Cleveland Indians,dodgerdon,harrelson,baltimore,cleveland,Baltimore Orioles 1980 (DodgerDon) Players: Zachery Kirkham '26 Cash: $0 Note: + BAL 1982 3rd,Cleveland Indians (harrelson) Players: Jim Dwyer '80 Cash: $0 Note:,https://www.whatifsports.com/mlb-l/trade_history.asp?cLID=139517,False
139517-3,1980,3/29/2024 9:00:00 PM,Oakland Bagchuckers,Cincinnati Reds,chrondon84,mvw,oakland,cincinnati-la,Oakland Bagchuckers (chrondon84) Players: Larry Cox '80 Cash: $0 Note: Your 5th to OAK,Cincinnati Reds (MVW) Players: Cash: $0.0K Note:,https://www.whatifsports.com/mlb-l/trade_history.asp?cLID=139517,False
139517-4,1980,3/29/2024 2:00:00 PM,Minnesota Twins,Oakland Bagchuckers,schwingkid,chrondon84,georgia-minnesota,oakland,"Minnesota Twins (schwingkid) Players: Luis Gomez '80, Rick Bosetti '80, Paul Splittorff '80 Cash: $0 Note: Minnesota's 2nd, 4th, 5th","Oakland Bagchuckers (chrondon84) Players: Joe Strain '80, Sam Mejias '80, Marty Bystrom '80 Cash: $0 Note:",https://www.whatifsports.com/mlb-l/trade_history.asp?cLID=139517,False
139517-5,1980,3/14/2024 11:00:00 AM,New York Eagles,Pittsburg Tanagers,just4me,coldfoot,new-york-eagles,pittsburg,New York Eagles (just4me) Players: Bennie Gore '26 Cash: $0 Note: Both teams are also swapping 3rd round picks.,Pittsburg Tanagers (coldfoot) Players: Luis Tiant '80 Cash: $0 Note:,https://www.whatifsports.com/mlb-l/trade_history.asp?cLID=139517,False
139517-6,1980,3/12/2024 9:00:00 AM,Boston Yacht Rockers,Pittsburg Tanagers,eddiedzen,coldfoot,boston,pittsburg,Boston Yacht Rockers (eddiedzen) Players: Doc Medich '80 Cash: $0 Note: And the Yacht Rockers’ 1st round pick in 1981.,"Pittsburg Tanagers (coldfoot) Players: Brian Downing '80, Darrell Jackson '80 Cash: $0 Note:",https://www.whatifsports.com/mlb-l/trade_history.asp?cLID=139517,True
139517-7,1980,3/9/2024 2:00:00 PM,Pittsburg Tanagers,Philly CRYPTKEEPERS,coldfoot,cpdpoet,pittsburg,philly,"Pittsburg Tanagers (coldfoot) Players: Calvin Sinclair '26 Cash: $0 Note: Pitt 81 #2 to Philly, Philly 81 #3 to pitt",Philly CRYPTKEEPERS (cpdpoet) Players: Paul Moskau '80 Cash: $0 Note:,https://www.whatifsports.com/mlb-l/trade_history.asp?cLID=139517,False
139517-8,1980,3/6/2024 2:00:00 AM,Cincinnati Reds,Montreal Islands,mvw,cpdpoet,cincinnati-la,montreal,"Cincinnati Reds (MVW) Players: Sammy Stewart '80, Kent Tekulve '80 Cash: $0 Note: Plus you get my 1981 1st Round pick.","Montreal Islands (cpdpoet) Players: Duane Kuiper '80, Mike Norris '80 Cash: $0 Note: ...done.",https://www.whatifsports.com/mlb-l/trade_history.asp?cLID=139517,True
139517-9,1980,3/5/2024 6:00:00 PM,Chicago Thunderbears,Pittsburg Tanagers,chargingryno,coldfoot,thunderbears,pittsburg,Chicago Thunderbears (chargingryno) Players: Luis Tiant '80 Cash: $0 Note: +chi 1st in 82 to pit +pit 2nd in 82 to chi,Pittsburg Tanagers (coldfoot) Players: Jim Bibby '80 Cash: $0 Note:,https://www.whatifsports.com/mlb-l/trade_history.asp?cLID=139517,True
139517-10,1980,2/28/2024 7:00:00 AM,San Francisco Quake,Pittsburg Tanagers,epup1975,coldfoot,quake,pittsburg,San Francisco Quake (epup1975) Players: Cash: $2.0M Note: The Quake send their 1982 1st rounder The Tanagers send their 1982 3rd rounder,Pittsburg Tanagers (coldfoot) Players: Aurelio Lopez '80 Cash: $0 Note:,https://www.whatifsports.com/mlb-l/trade_history.asp?cLID=139517,True
140165-0,1981,6/28/2024 10:00:00 AM,Texas Rangers,Baltimore Orioles 1981,frazzman80,dodgerdon,texas,baltimore,Texas Rangers (frazzman80) Players: Dennis Werth '81 Cash: $0 Note: Save you some salary with a bad backup C for a less bad backup C trade?,Baltimore Orioles 1981 (DodgerDon) Players: Dan Graham '81 Cash: $0 Note:,https://www.whatifsports.com/mlb-l/trade_history.asp?cLID=140165,False
140165-1,1981,6/22/2024 1:00:00 PM,Pittsburg Tanagers,Cleveland Bad News Bears,coldfoot,harrelson,pittsburg,cleveland,"Pittsburg Tanagers (coldfoot) Players: Greg Pryor '81, Oscar Gamble '81, Tim Lollar '81 Cash: $0 Note: Pitt 83 2 and 4 to Cleveland Cleveland 83 2 and 3 to pitt","Cleveland Bad News Bears (harrelson) Players: Jerry Dybzinski '81, Al Hrabosky '81 Cash: $0 Note:",https://www.whatifsports.com/mlb-l/trade_history.asp?cLID=140165,False
140165-2,1981,6/20/2024 12:00:00 PM,Chicago Thunderbears,Pittsburg Tanagers,chargingryno,coldfoot,thunderbears,pittsburg,Chicago Thunderbears (chargingryno) Players: Gary Carter '81 Cash: $0 Note: +CHI 1st back to CHI +TEX 1st to PIT,"Pittsburg Tanagers (coldfoot) Players: Joe Nolan '81, John Wockenfuss '81 Cash: $0 Note:",https://www.whatifsports.com/mlb-l/trade_history.asp?cLID=140165,True
140165-3,1981,6/9/2024 3:00:00 PM,Chicago Thunderbears,Texas Rangers,chargingryno,frazzman80,thunderbears,texas,"Chicago Thunderbears (chargingryno) Players: Bobby Grich '81, Paul Molitor '81, Gorman Thomas '81 Cash: $0 Note: +CHI sends 82 PIT 2nd +TEX sends 82 1st, 83 2nd and Glenn Hubbard *top 4 protected 1st","Texas Rangers (frazzman80) Players: Harold Baines '81, Ben Oglivie '81 Cash: $0 Note: Glenn Hubbard is Going to Houston per the details in the trade forum.",https://www.whatifsports.com/mlb-l/trade_history.asp?cLID=140165,True
140165-4,1981,6/9/2024 3:00:00 PM,Chicago Thunderbears,Houston Astros 1981,chargingryno,frazzman80,thunderbears,houston,"Chicago Thunderbears (chargingryno) Players: Jim Bibby '81 Cash: $0 Note: +Chicago sends Reggie Smith (IR), Glenn Hubbard, 82 SF 2nd +Houston sends 82 1st and 83 2nd *1st Top 4 protected",Houston Astros 1981 (frazzman80) Players: Phil Garner '81 Cash: $0 Note: Note - this deal also includes 2B Glenn Hubbard from Texas...,https://www.whatifsports.com/mlb-l/trade_history.asp?cLID=140165,True
140165-5,1981,6/8/2024 6:00:00 PM,Oakland Bagchuckers,1981 Toronto Blue Jays,chrondon84,mickr9,oakland,toronto,"Oakland Bagchuckers (chrondon84) Players: Renie Martin '81, Dave Goltz '81 Cash: $0 Note: Oakland 3rd to Tor Tor 4th to Oak",1981 Toronto Blue Jays (mickr9) Players: Lou Piniella '81 Cash: $0 Note:,https://www.whatifsports.com/mlb-l/trade_history.asp?cLID=140165,False
140165-6,1981,6/7/2024 5:00:00 PM,San Francisco Quake,Chicago Thunderbears,epup1975,chargingryno,quake,thunderbears,San Francisco Quake (epup1975) Players: Gaylord Perry '81 Cash: $0 Note: SF sends their 1982 2nd rounder to Chi,Chicago Thunderbears (chargingryno) Players: Vida Blue '81 Cash: $0 Note:,https://www.whatifsports.com/mlb-l/trade_history.asp?cLID=140165,False
140790-0,1982,9/24/2024 5:00:00 AM,Oakland Bagchuckers,Montreal ISLANDS,chrondon84,cpdpoet,oakland,montreal,Oakland Bagchuckers (chrondon84) Players: Alexander Germano '26 Cash: $0 Note: Oakland 5th to Mon,Montreal ISLANDS (cpdpoet) Players: Luis Aguayo '82 Cash: $0 Note:,https://www.whatifsports.com/mlb-l/trade_history.asp?cLID=140790,False
140790-1,1982,9/16/2024 7:00:00 PM,Philly CRYPTKEEPERS,New York Nutcrackers,cpdpoet,n4ser,philly,new-york-nationals,Philly CRYPTKEEPERS (cpdpoet) Players: Steve Mura '82 Cash: $0 Note: ...and Philly's #2 in '83,New York Nutcrackers (N4ser) Players: Dick Ruthven '82 Cash: $0 Note:,https://www.whatifsports.com/mlb-l/trade_history.asp?cLID=140790,False
140790-2,1982,9/16/2024,Texas Rangers,Kansas City Monarchs,frazzman80,big_dowg,texas,kansas-city,Texas Rangers (frazzman80) Players: Mike Hargrove '82 Cash: $0 Note: Texas sends back the 1983 KC 3rd round pick we own.,Kansas City Monarchs (big_dowg) Players: Jason Thompson '82 Cash: $0 Note:,https://www.whatifsports.com/mlb-l/trade_history.asp?cLID=140790,False
140790-3,1982,8/22/2024 6:00:00 PM,Baltimore Orioles,Newark Ironborn Bears,chargingryno,trentonjoe,baltimore,socal-newark,"Baltimore Orioles (chargingryno) Players: Joseph Delconte '26, Cecil Hardin '26 Cash: $0 Note: +BAL final pick in 1983 draft","Newark Ironborn Bears (Trentonjoe) Players: Luis Pujols '82, Fred Stanley '82, Randy Jones '82 Cash: $0 Note:",https://www.whatifsports.com/mlb-l/trade_history.asp?cLID=140790,False
140790-4,1982,8/22/2024 1:00:00 PM,Milwaukee Brewers,Seattle Sea Snakes,dbrom,pi_kapp,milwaukee,seattle,Milwaukee Brewers (dbrom) Players: Ron Roenicke '82 Cash: $0 Note: Milwaukee 2nd in 83 and Seattle 4th in 83,Seattle Sea Snakes (Pi_Kapp) Players: Barry Bonnell '82 Cash: $0 Note:,https://www.whatifsports.com/mlb-l/trade_history.asp?cLID=140790,False
141465-0,1983,1/16/2025 10:00:00 AM,New York  Times,Seattle Sea Snakes,trentonjoe,pi_kapp,new-york-times,seattle,New York Times (Trentonjoe) Players: Randy Moffitt '83 Cash: $0 Note: And the NYT 3rd in 1984 for Seattles 5th in 1984.,Seattle Sea Snakes (Pi_Kapp) Players: Pete Ladd '83 Cash: $0 Note:,https://www.whatifsports.com/mlb-l/trade_history.asp?cLID=141465,False
141465-1,1983,12/25/2024 2:00:00 PM,Chicago Thunderbears,Chicago Cornhuskers,chargingryno,wgasa,thunderbears,cornhuskers,Chicago Thunderbears (chargingryno) Players: Gaylord Perry '83 Cash: $0 Note: +our 2nd in 85,"Chicago Cornhuskers (wgasa) Players: Steve Rogers '83 Cash: $0 Note: Yep, that works.",https://www.whatifsports.com/mlb-l/trade_history.asp?cLID=141465,False
141465-2,1983,12/25/2024 1:00:00 PM,Texas Rangers,Chicago Cornhuskers,frazzman80,wgasa,texas,cornhuskers,Texas Rangers (frazzman80) Players: John Butcher '83 Cash: $0 Note: Texas sends our 1984 4th round pick.,Chicago Cornhuskers (wgasa) Players: Britt Burns '83 Cash: $0 Note:,https://www.whatifsports.com/mlb-l/trade_history.asp?cLID=141465,False
141465-3,1983,12/16/2024 10:00:00 PM,Milwaukee Brewers,Baltimore Firebirds,dbrom,chargingryno,milwaukee,baltimore,Milwaukee Brewers (dbrom) Players: Jim Acker '83 Cash: $0 Note: Brewers 2nd in 84 Baltimore 4th in 84 to Milwaukee,"Baltimore Firebirds (chargingryno) Players: Jim Dwyer '83, Tippy Martinez '83 Cash: $0 Note:",https://www.whatifsports.com/mlb-l/trade_history.asp?cLID=141465,False
141465-4,1983,12/9/2024 3:00:00 PM,Pittsburg Tanagers,Chicago Thunderbears,coldfoot,chargingryno,pittsburg,thunderbears,"Pittsburg Tanagers (coldfoot) Players: Mike Madden '83 Cash: $0 Note: chi 85 2 to pitt, pitt 85 3 to chi",Chicago Thunderbears (chargingryno) Players: Brian Samuels '26 Cash: $0 Note:,https://www.whatifsports.com/mlb-l/trade_history.asp?cLID=141465,False
142154-0,1984,4/23/2025 10:00:00 AM,Montreal Royales,Seattle Sea Snakes,stevebobldn,pi_kapp,montreal,seattle,"Montreal Royales (SteveBobLDN) Players: Willie McGee '84, Pete Falcone '84, Jody Bredesen '26 Cash: $0 Note: Adding a system AAA to balance number of players. If you don't need, then remove. Big trade!","Seattle Sea Snakes (Pi_Kapp) Players: Tim Flannery '84, Greg Gross '84, Kevin Gross '84 Cash: $0 Note: My 3rd in the upcoming draft goes to Steve. I get his 5th",https://www.whatifsports.com/mlb-l/trade_history.asp?cLID=142154,False
142154-1,1984,4/4/2025 7:00:00 PM,Montreal Royales,New York Eagles,stevebobldn,just4me,montreal,new-york-eagles,Montreal Royales (SteveBobLDN) Players: Bill Schroeder '84 Cash: $0 Note: Will trade Bill Schroeder (C) to you for your 1985 4th Round pick + a replacement AAA C.,New York Eagles (just4me) Players: Jody Bredesen '26 Cash: $0 Note: I appreciate it,https://www.whatifsports.com/mlb-l/trade_history.asp?cLID=142154,False
143210-0,1985,9/11/2025 10:00:00 AM,HOU - We have a LOT of Problems,Seattle Sea Snakes,the_creeper,pi_kapp,houston,seattle,"HOU - We have a LOT of Problems (The_Creeper) Players: Leon Durham '85, Mike Smithson '85, Mark Langston '85 Cash: $0 Note: +SEA 1st to HOU +HOU 3rd to SEA","Seattle Sea Snakes (Pi_Kapp) Players: Cecil Cooper '85, Rick Reuschel '85 Cash: $0 Note:",https://www.whatifsports.com/mlb-l/trade_history.asp?cLID=143210,True
143210-1,1985,9/10/2025 7:00:00 PM,Toronto ModernDayWarriors,Chicago Thunderbears of '85,coldfoot,chargingryno,toronto,thunderbears,"Toronto ModernDayWarriors (coldfoot) Players: Jim Winn '85, Tom Waddell '85 Cash: $0 Note: Tor sends 4 and 6, chi returns their6, unless it's ana earlier 6 than tor.","Chicago Thunderbears of '85 (chargingryno) Players: Al Cowens '85, Joe Niekro '85 Cash: $0 Note:",https://www.whatifsports.com/mlb-l/trade_history.asp?cLID=143210,False
143210-2,1985,9/9/2025 12:00:00 PM,Toronto ModernDayWarriors,1985 Boston Red Sox,coldfoot,yates33,toronto,boston,"Toronto ModernDayWarriors (coldfoot) Players: Bill Doran '85 Cash: $0 Note: Bos 1 and 5 to tor, tor 2 to bos","1985 Boston Red Sox (yates33) Players: Mike Fischlin '85, Rex Hudler '85, Denny Gonzalez '85 Cash: $0 Note:",https://www.whatifsports.com/mlb-l/trade_history.asp?cLID=143210,False
143210-3,1985,9/6/2025 10:00:00 AM,Cleveland Wahoos,St. Louis Perfectos '85,harrelson,kermit,cleveland,st-louis,Cleveland Wahoos (harrelson) Players: Bob Horner '85 Cash: $0 Note: Plus your 2nd round pick in 86. I think this trade makes a lot of sense for both of us.,St. Louis Perfectos '85 (kermit) Players: Tom Brookens '85 Cash: $0 Note:,https://www.whatifsports.com/mlb-l/trade_history.asp?cLID=143210,False
143210-4,1985,9/5/2025 8:00:00 PM,Chicago Thunderbears of '85,New York Eagles,chargingryno,just4me,thunderbears,new-york-eagles,"Chicago Thunderbears of '85 (chargingryno) Players: Ben Oglivie '85, Mario Soto '85 Cash: $0 Note: +2nd and 3rd in 86 from NYE +4th in 86 from CHI","New York Eagles (just4me) Players: Al Cowens '85, Bobby Castillo '85, Dave Rozema '85 Cash: $0 Note:",https://www.whatifsports.com/mlb-l/trade_history.asp?cLID=143210,False
143210-5,1985,9/5/2025 7:00:00 PM,Texas Rangers,HOU - We have a LOT of Problems,frazzman80,the_creeper,texas,houston,"Texas Rangers (frazzman80) Players: Rod Carew '85, Al Holland '85 Cash: $0 Note: Houston sends their 1986 4th and Texas sends our 1986 5th.","HOU - We have a LOT of Problems (The_Creeper) Players: Hal McRae '85, Bob McClure '85 Cash: $0 Note:",https://www.whatifsports.com/mlb-l/trade_history.asp?cLID=143210,False
143210-6,1985,8/15/2025 3:00:00 PM,Newark Ironbound Bears,1985 Boston Red Sox,trentonjoe,yates33,socal-newark,boston,Newark Ironbound Bears (Trentonjoe) Players: Mike Fischlin '85 Cash: $0 Note:,1985 Boston Red Sox (yates33) Players: Terry Puhl '85 Cash: $0 Note:,https://www.whatifsports.com/mlb-l/trade_history.asp?cLID=143210,False
143991-0,1986,1/4/2026 1:00:00 PM,Baltimore Orioles '86,Toronto ModernDayWarriors,chargingryno,coldfoot,baltimore,toronto,Baltimore Orioles '86 (chargingryno) Players: Danny Cox '86 Cash: $0 Note:,Toronto ModernDayWarriors (coldfoot) Players: Ted Power '86 Cash: $0 Note:,https://www.whatifsports.com/mlb-l/trade_history.asp?cLID=143991,False
143991-1,1986,12/31/2025 6:00:00 AM,Boston Red Sox,Philly CRYPTKEEPERS,the_creeper,cpdpoet,boston,philly,"Boston Red Sox (The_Creeper) Players: Dave Stieb '86, Steve Carlton '86 Cash: $0 Note: +PHI 3rd to BOS.","Philly CRYPTKEEPERS (cpdpoet) Players: Bob Knepper '86, Jeff D. Robinson '86 Cash: $0 Note:",https://www.whatifsports.com/mlb-l/trade_history.asp?cLID=143991,False
143991-2,1986,12/24/2025 3:00:00 PM,Montreal Royales,Houston QuickSands (1986),stevebobldn,the_creeper,montreal,houston,Montreal Royales (SteveBobLDN) Players: Chris Brown '86 Cash: $0 Note: + Houston 3rd Round pick in '87.,Houston QuickSands (1986) (The_Creeper) Players: Marshall Beckmann '26 Cash: $0 Note:,https://www.whatifsports.com/mlb-l/trade_history.asp?cLID=143991,False
143991-3,1986,12/22/2025 12:00:00 PM,Pittsburg Tanagers,Seattle Sea Snakes,coldfoot,pi_kapp,pittsburg,seattle,"Pittsburg Tanagers (coldfoot) Players: Guy Hoffman '86 Cash: $0 Note: bos 4 to pitt, pitt 5 to sea. hoffman useful next year as well",Seattle Sea Snakes (Pi_Kapp) Players: John Mizerock '86 Cash: $0 Note:,https://www.whatifsports.com/mlb-l/trade_history.asp?cLID=143991,False
143991-4,1986,12/21/2025 4:00:00 PM,Cleveland Kickapoo,Toronto ModernDayWarriors,harrelson,coldfoot,cleveland,toronto,Cleveland Kickapoo (harrelson) Players: Jim Clancy '86 Cash: $0 Note: Seems fair to me.,Toronto ModernDayWarriors (coldfoot) Players: Bob Walk '86 Cash: $0 Note:,https://www.whatifsports.com/mlb-l/trade_history.asp?cLID=143991,False
143991-5,1986,12/20/2025 9:00:00 AM,Detroit Supremes,Pittsburg Tanagers,harrelson,coldfoot,detroit,pittsburg,"Detroit Supremes (harrelson) Players: Ruppert Jones '86, Guy Hoffman '86 Cash: $0 Note: Plus detroits 2nd and 3rd in 87 draft.","Pittsburg Tanagers (coldfoot) Players: Fred Lynn '86, Charlie Kerfeld '86 Cash: $0 Note:",https://www.whatifsports.com/mlb-l/trade_history.asp?cLID=143991,False
143991-6,1986,12/19/2025 3:00:00 AM,Baltimore Orioles '86,Seattle Sea Snakes,chargingryno,pi_kapp,baltimore,seattle,"Baltimore Orioles '86 (chargingryno) Players: Don Slaught '86, Steve Garvey '86, George Foster '86 Cash: $0 Note: + our 3rd in 87. Slaught is the best player on the board - plus you get an extra pick.","Seattle Sea Snakes (Pi_Kapp) Players: Leon Durham '86, Jim Presley '86, Nate Snell '86 Cash: $0 Note:",https://www.whatifsports.com/mlb-l/trade_history.asp?cLID=143991,False
143991-7,1986,12/18/2025 7:00:00 PM,Toronto ModernDayWarriors,Seattle Sea Snakes,coldfoot,pi_kapp,toronto,seattle,"Toronto ModernDayWarriors (coldfoot) Players: Paul Goddard '26 Cash: $0 Note: tor 2 to sea, sea 4 to tor",Seattle Sea Snakes (Pi_Kapp) Players: Mookie Wilson '86 Cash: $0 Note:,https://www.whatifsports.com/mlb-l/trade_history.asp?cLID=143991,False
143991-8,1986,12/17/2025 8:00:00 PM,Pittsburg Tanagers,Chicago Thunderbears '86,coldfoot,chargingryno,pittsburg,thunderbears,Pittsburg Tanagers (coldfoot) Players: Jack Rouse '26 Cash: $0 Note: pitt 2 to chi,Chicago Thunderbears '86 (chargingryno) Players: Rob Murphy '86 Cash: $0 Note:,https://www.whatifsports.com/mlb-l/trade_history.asp?cLID=143991,False
143991-9,1986,12/17/2025 3:00:00 PM,San Francisco Quake,Cincinnati Skyline,epup1975,sinatra,quake,cincinnati-la,San Francisco Quake (epup1975) Players: Don Schulze '86 Cash: $0 Note: The Quake send their 1987 4th rounder.,Cincinnati Skyline (sinatra) Players: Joe Cowley '86 Cash: $0 Note:,https://www.whatifsports.com/mlb-l/trade_history.asp?cLID=143991,False
143991-10,1986,12/15/2025 2:00:00 AM,Boston Red Sox,Seattle Sea Snakes,the_creeper,pi_kapp,boston,seattle,Boston Red Sox (The_Creeper) Players: Bob Gibson '86 Cash: $0 Note: +BOS 4th in 1987 +BOS 4th in 1988,Seattle Sea Snakes (Pi_Kapp) Players: Moose Haas '86 Cash: $0 Note:,https://www.whatifsports.com/mlb-l/trade_history.asp?cLID=143991,False
143991-11,1986,12/14/2025 4:00:00 PM,Texas Rangers,Chicago Cornhuskers,frazzman80,wgasa,texas,cornhuskers,"Texas Rangers (frazzman80) Players: Juan Bonilla '86 Cash: $0 Note: Texas sends the best of the 3 1987 4ths I own for him (between me, St. Louis or Chicago NL).",Chicago Cornhuskers (wgasa) Players: Bobby Grich '86 Cash: $0 Note:,https://www.whatifsports.com/mlb-l/trade_history.asp?cLID=143991,False
143991-12,1986,12/14/2025 2:00:00 AM,Cleveland Kickapoo,Seattle Sea Snakes,harrelson,pi_kapp,cleveland,seattle,"Cleveland Kickapoo (harrelson) Players: Bill Wegman '86, Don Robinson '86 Cash: $0 Note: I don't really want DiPino, nut I need his innings. I'll throw in Jim Eisenreich from my DL.","Seattle Sea Snakes (Pi_Kapp) Players: Mark Langston '86, Frank DiPino '86 Cash: $0 Note:",https://www.whatifsports.com/mlb-l/trade_history.asp?cLID=143991,False
143991-13,1986,12/13/2025 11:00:00 PM,Chicago Thunderbears '86,Seattle Sea Snakes,chargingryno,pi_kapp,thunderbears,seattle,"Chicago Thunderbears '86 (chargingryno) Players: John Mizerock '86, Tony Gwynn '86, Chris Bosio '86 Cash: $0 Note: +Sea 1st and 2nd in 87 and 88","Seattle Sea Snakes (Pi_Kapp) Players: Ron Roenicke '86, Bo Jackson '86, Rob Murphy '86 Cash: $0 Note:",https://www.whatifsports.com/mlb-l/trade_history.asp?cLID=143991,True
143991-14,1986,12/10/2025 10:00:00 AM,Cincinnati Skyline,Houston QuickSands (1986),sinatra,the_creeper,cincinnati-la,houston,"Cincinnati Skyline (sinatra) Players: Eddie Murray '86 Cash: $0 Note: Cincy's 2nd round picks in 1987 and 1988 to HOU, HOU's 1987 first round pick to Cincy",Houston QuickSands (1986) (The_Creeper) Players: Mike Schmidt '86 Cash: $0 Note:,https://www.whatifsports.com/mlb-l/trade_history.asp?cLID=143991,True
143991-15,1986,12/7/2025 5:00:00 PM,Houston QuickSands (1986),Seattle Sea Snakes,the_creeper,pi_kapp,houston,seattle,"Houston QuickSands (1986) (The_Creeper) Players: Joe Orsulak '86, Don Carman '86 Cash: $0 Note: +HOU 5th to SEA Houston no longer owes Sea a 3rd from Reuschel trade last year.","Seattle Sea Snakes (Pi_Kapp) Players: Jerry Mumphrey '86, Don Aase '86 Cash: $0 Note:",https://www.whatifsports.com/mlb-l/trade_history.asp?cLID=143991,False
144651-0,1987,4/14/2026 8:00:00 AM,Toronto ModernDayWarriors,Chicago Thunderbears '87,coldfoot,chargingryno,toronto,thunderbears,Toronto ModernDayWarriors (coldfoot) Players: Stephen Frodge '26 Cash: $0 Note: bos 4 to chi,Chicago Thunderbears '87 (chargingryno) Players: Jeff Calhoun '87 Cash: $0 Note:,https://www.whatifsports.com/mlb-l/trade_history.asp?cLID=144651,False
144651-1,1987,4/14/2026 7:00:00 AM,Boston EdSox,Cleveland Kickapoo,the_creeper,harrelson,boston,cleveland,Boston EdSox (The_Creeper) Players: Brian Downing '87 Cash: $0 Note: +CLE 4th to BOS.,Cleveland Kickapoo (harrelson) Players: Jeffrey Leonard '87 Cash: $0 Note:,https://www.whatifsports.com/mlb-l/trade_history.asp?cLID=144651,False
144651-2,1987,4/13/2026 7:00:00 PM,Seattle Sea Snakes,Cincinnati Skyline,pi_kapp,sinatra,seattle,cincinnati-la,Seattle Sea Snakes (Pi_Kapp) Players: Randy O'Neal '87 Cash: $0 Note:,Cincinnati Skyline (sinatra) Players: Jamie Easterly '87 Cash: $0 Note:,https://www.whatifsports.com/mlb-l/trade_history.asp?cLID=144651,False
144651-3,1987,4/13/2026 12:00:00 PM,Houston Nacho Mommas FrazzStros,Texas Rangers,the_creeper,frazzman80,houston,texas,Houston Nacho Mommas FrazzStros (The_Creeper) Players: Albert Hall '87 Cash: $0 Note: +HOU 3rd to TEX,Texas Rangers (frazzman80) Players: Mike Aldrete '87 Cash: $0 Note:,https://www.whatifsports.com/mlb-l/trade_history.asp?cLID=144651,False
144651-4,1987,4/13/2026 2:00:00 AM,Chicago Thunderbears '87,San Francisco Quake,chargingryno,epup1975,thunderbears,quake,Chicago Thunderbears '87 (chargingryno) Players: Mike Dunne '87 Cash: $0 Note: +SF 3rd (if doesn’t have 88 will take 89),"San Francisco Quake (epup1975) Players: Jerry Don Gleaton '87, Eric Nolte '87 Cash: $0 Note:",https://www.whatifsports.com/mlb-l/trade_history.asp?cLID=144651,False
144651-5,1987,4/12/2026 10:00:00 PM,Chicago Thunderbears '87,Pittsburg Tanagers,chargingryno,coldfoot,thunderbears,pittsburg,Chicago Thunderbears '87 (chargingryno) Players: Greg Mathews '87 Cash: $0 Note: +chi 4th back to Chicago,Pittsburg Tanagers (coldfoot) Players: Jeff Calhoun '87 Cash: $0 Note:,https://www.whatifsports.com/mlb-l/trade_history.asp?cLID=144651,False
144651-6,1987,4/12/2026 10:00:00 PM,Chicago Thunderbears '87,Toronto ModernDayWarriors,chargingryno,coldfoot,thunderbears,toronto,Chicago Thunderbears '87 (chargingryno) Players: Jerry Reed '87 Cash: $0 Note: +tor 3 and Sea 4 to Chicago,Toronto ModernDayWarriors (coldfoot) Players: Danny Cox '87 Cash: $0 Note:,https://www.whatifsports.com/mlb-l/trade_history.asp?cLID=144651,False
144651-7,1987,4/12/2026 3:00:00 PM,Cleveland Kickapoo,Chicago Cornhuskers,harrelson,wgasa,cleveland,cornhuskers,Cleveland Kickapoo (harrelson) Players: Frank Dipino '87 Cash: $0 Note:,Chicago Cornhuskers (wgasa) Players: Bob Stanley '87 Cash: $0 Note:,https://www.whatifsports.com/mlb-l/trade_history.asp?cLID=144651,False
144651-8,1987,4/6/2026 9:00:00 PM,Houston Nacho Mommas FrazzStros,San Francisco Quake,the_creeper,epup1975,houston,quake,Houston Nacho Mommas FrazzStros (The_Creeper) Players: Mike Easler '87 Cash: $0 Note: +HOU 5th to SF,San Francisco Quake (epup1975) Players: Larry Herndon '87 Cash: $0 Note:,https://www.whatifsports.com/mlb-l/trade_history.asp?cLID=144651,False
144651-9,1987,4/6/2026 6:00:00 PM,New York  Times,Chicago Thunderbears '87,trentonjoe,chargingryno,new-york-times,thunderbears,"New York Times (Trentonjoe) Players: Terry McGriff '87, Lloyd McClendon '87, Ronn Reynolds '87 Cash: $0 Note:",Chicago Thunderbears '87 (chargingryno) Players: Bob Brenly '87 Cash: $0 Note:,https://www.whatifsports.com/mlb-l/trade_history.asp?cLID=144651,False
144651-10,1987,4/5/2026 6:00:00 PM,San Francisco Quake,Seattle Sea Snakes,epup1975,pi_kapp,quake,seattle,San Francisco Quake (epup1975) Players: Tim Stoddard '87 Cash: $0 Note: Seattle's 1988 4th rounder,Seattle Sea Snakes (Pi_Kapp) Players: Cash: $1.0M Note:,https://www.whatifsports.com/mlb-l/trade_history.asp?cLID=144651,False
144651-11,1987,4/4/2026 6:00:00 PM,Detroit Supremes,Seattle Sea Snakes,harrelson,pi_kapp,detroit,seattle,Detroit Supremes (harrelson) Players: Pat Perry '87 Cash: $0 Note:,Seattle Sea Snakes (Pi_Kapp) Players: Jeff Parrett '87 Cash: $0 Note:,https://www.whatifsports.com/mlb-l/trade_history.asp?cLID=144651,False
144651-12,1987,3/27/2026 12:00:00 PM,Chicago Cornhuskers,Houston Nacho Mommas FrazzStros,wgasa,the_creeper,cornhuskers,houston,"Chicago Cornhuskers (wgasa) Players: Albert Hall '87 Cash: $0 Note: + 1988 CHC 3rd to HOU, and HOU 1988 3rd to CHC.",Houston Nacho Mommas FrazzStros (The_Creeper) Players: Oddibe McDowell '87 Cash: $0 Note:,https://www.whatifsports.com/mlb-l/trade_history.asp?cLID=144651,False
144651-13,1987,3/24/2026 3:00:00 PM,New York National,Philly CRYPTKEEPERS,k123456789,cpdpoet,new-york-nationals,philly,New York National (K123456789) Players: Joel Skinner '87 Cash: $0 Note:,Philly CRYPTKEEPERS (cpdpoet) Players: Ernest Riles '87 Cash: $0 Note: done,https://www.whatifsports.com/mlb-l/trade_history.asp?cLID=144651,False
144651-14,1987,3/23/2026 4:00:00 PM,New York Eagles,Seattle Sea Snakes,just4me,pi_kapp,new-york-eagles,seattle,New York Eagles (just4me) Players: Bob Dernier '87 Cash: $0 Note: +NYN ‘89 1st +SEA ‘89 2nd,Seattle Sea Snakes (Pi_Kapp) Players: Jim Eisenreich '87 Cash: $0 Note: Okay. Sounds good,https://www.whatifsports.com/mlb-l/trade_history.asp?cLID=144651,True
144651-15,1987,3/22/2026 3:00:00 PM,New York Eagles,Kansas City Monarchs,just4me,kujhawker,new-york-eagles,kansas-city,New York Eagles (just4me) Players: Jacob Kane '26 Cash: $0 Note: +NYE '89 2nd & 4th in exchange for KC '88 2nd,Kansas City Monarchs (kujhawker) Players: Do Not Use '26 Cash: $0 Note:,https://www.whatifsports.com/mlb-l/trade_history.asp?cLID=144651,False
144651-16,1987,3/22/2026 10:00:00 AM,Chicago Thunderbears '87,Oakland Nights,chargingryno,duhbigcat,thunderbears,oakland,"Chicago Thunderbears '87 (chargingryno) Players: Kenny Williams '87, Juan Nieves '87, John Farrell '87 Cash: $0 Note: +SEA 1st & 2nd in 88, + PIT 2nd in 88","Oakland Nights (duhbigcat) Players: Ivan Calderon '87, Dennis Martinez '87 Cash: $0 Note:",https://www.whatifsports.com/mlb-l/trade_history.asp?cLID=144651,True
144651-17,1987,3/21/2026 8:00:00 PM,New York Eagles,Philly CRYPTKEEPERS,just4me,cpdpoet,new-york-eagles,philly,New York Eagles (just4me) Players: Evan Sturgell '26 Cash: $0 Note: +NYE ‘89 3rd to PHI in exchange for IR player Chuck Cary,Philly CRYPTKEEPERS (cpdpoet) Players: Robert Macintosh '26 Cash: $0 Note: Good for me,https://www.whatifsports.com/mlb-l/trade_history.asp?cLID=144651,False
144651-18,1987,3/20/2026 12:00:00 PM,New York Eagles,New York National,just4me,k123456789,new-york-eagles,new-york-nationals,New York Eagles (just4me) Players: Fred McGriff '87 Cash: $0 Note: + NYN '89 1st & '89 2nd,"New York National (K123456789) Players: Jim Morrison '87, Luis Polonia '87 Cash: $0 Note:",https://www.whatifsports.com/mlb-l/trade_history.asp?cLID=144651,True
144651-19,1987,3/18/2026 11:00:00 PM,New York Eagles,Chicago Cornhuskers,just4me,wgasa,new-york-eagles,cornhuskers,New York Eagles (just4me) Players: Bob Forsch '87 Cash: $0 Note: +HOM ‘88 5th & ‘89 1st +CHC ‘89 3rd,"Chicago Cornhuskers (wgasa) Players: Bud Black '87, Dennis Lamp '87 Cash: $0 Note:",https://www.whatifsports.com/mlb-l/trade_history.asp?cLID=144651,True
144651-20,1987,3/16/2026 11:00:00 PM,New York Eagles,Detroit Supremes,just4me,harrelson,new-york-eagles,detroit,New York Eagles (just4me) Players: Eddie Milner '87 Cash: $0 Note: See trade forum for details on pick compensation,Detroit Supremes (harrelson) Players: Tim Raines '87 Cash: $0 Note:,https://www.whatifsports.com/mlb-l/trade_history.asp?cLID=144651,False
144651-21,1987,3/16/2026 10:00:00 PM,Kansas City Monarchs,Boston EdSox,kujhawker,the_creeper,kansas-city,boston,Kansas City Monarchs (kujhawker) Players: Pascual Perez '87 Cash: $0 Note: Add KC 1988 4th Round Draft Pick,"Boston EdSox (The_Creeper) Players: Kevin McReynolds '87, Larry Sheets '87, Neil Allen '87 Cash: $0 Note:",https://www.whatifsports.com/mlb-l/trade_history.asp?cLID=144651,False
145090-0,1988,7/10/2026 1:00:00 AM,Chicago Cornhuskers,San Francisco Quake,wgasa,epup1975,cornhuskers,quake,Chicago Cornhuskers (wgasa) Players: Luis Salazar '88 Cash: $0 Note: + SF Quake send 1990 3rd to CHC,San Francisco Quake (epup1975) Players: Jermaine Lover '26 Cash: $0 Note:,https://www.whatifsports.com/mlb-l/trade_history.asp?cLID=145090,False
145090-1,1988,7/8/2026 2:00:00 PM,Milwaukee Brewers,Montreal Royales,cdew8,stevebobldn,milwaukee,montreal,Milwaukee Brewers (cdew8) Players: Ron Oester '88 Cash: $0 Note: +My 4th rounder and your 5th?,Montreal Royales (SteveBobLDN) Players: Rex Hudler '88 Cash: $0 Note:,https://www.whatifsports.com/mlb-l/trade_history.asp?cLID=145090,False
145090-2,1988,7/5/2026 10:00:00 AM,Chicago Thunderbears '88,Milwaukee Brewers,chargingryno,cdew8,thunderbears,milwaukee,"Chicago Thunderbears '88 (chargingryno) Players: Danny Jackson '88, Joe Magrane '88 Cash: $0 Note: +PIT 90 1st to MIL +MIL 90 2nd & 3rd to CHI","Milwaukee Brewers (cdew8) Players: Nolan Ryan '88, Rick Rhoden '88 Cash: $0 Note:",https://www.whatifsports.com/mlb-l/trade_history.asp?cLID=145090,True
145090-3,1988,6/28/2026 2:00:00 PM,Houston Arms Race (1988),Chicago Thunderbears '88,the_creeper,chargingryno,houston,thunderbears,Houston Arms Race (1988) (The_Creeper) Players: Mike Scott '88 Cash: $0 Note: +BOS 2nd rounder that is owned by CHI goes to HOU.,Chicago Thunderbears '88 (chargingryno) Players: Allan Anderson '88 Cash: $0 Note:,https://www.whatifsports.com/mlb-l/trade_history.asp?cLID=145090,False
145090-4,1988,6/26/2026 8:00:00 AM,New York Nationals,Oakland Nights,k123456789,duhbigcat,new-york-nationals,oakland,New York Nationals (K123456789) Players: Tony Armas '88 Cash: $0 Note:,"Oakland Nights (duhbigcat) Players: Larry McWilliams '88, Bryan Darby '26 Cash: $0 Note:",https://www.whatifsports.com/mlb-l/trade_history.asp?cLID=145090,False
145090-5,1988,6/25/2026 5:00:00 AM,Pittsburg Tanagers,Baltimore Abyssal Wharf Rats,coldfoot,jimmygatz2,pittsburg,baltimore,"Pittsburg Tanagers (coldfoot) Players: Cecil Fielder '88, Mitch Webster '88 Cash: $0 Note: balt 1 to pitt pitt 2 to balt",Baltimore Abyssal Wharf Rats (jimmygatz2) Players: Jeff M. Robinson '88 Cash: $0 Note:,https://www.whatifsports.com/mlb-l/trade_history.asp?cLID=145090,False
145090-6,1988,6/24/2026 8:00:00 PM,Chicago Cornhuskers,Chicago Thunderbears '88,wgasa,chargingryno,cornhuskers,thunderbears,Chicago Cornhuskers (wgasa) Players: Daniel Mammy '26 Cash: $0 Note: Part 2 of 2: CHC sends 1989 2nd to CHI,Chicago Thunderbears '88 (chargingryno) Players: Darryl Hamilton '88 Cash: $0 Note:,https://www.whatifsports.com/mlb-l/trade_history.asp?cLID=145090,False
145090-7,1988,6/24/2026 7:00:00 PM,Chicago Cornhuskers,Chicago Thunderbears '88,wgasa,chargingryno,cornhuskers,thunderbears,"Chicago Cornhuskers (wgasa) Players: Mark Grace '88, Kelly Gruber '88, Chili Davis '88 Cash: $0 Note: Part 1 of 2: 1990 1st from CHI to CHC. If pick lands at 18-24, CHI adds 1990 2nd. If pick is 1-5, CHC sends its 1990 2nd.","Chicago Thunderbears '88 (chargingryno) Players: Brian Harper '88, Terry Pendleton '88, Bo Jackson '88 Cash: $0 Note:",https://www.whatifsports.com/mlb-l/trade_history.asp?cLID=145090,True
145090-8,1988,6/24/2026 5:00:00 PM,Texas Rangers,Toronto ModernDayWarriors,frazzman80,coldfoot,texas,toronto,Texas Rangers (frazzman80) Players: Frank Tanana '88 Cash: $0 Note: Tor sends the SEA 1989 2nd they own and Tex sends our 1989 3rd as per your smail.,Toronto ModernDayWarriors (coldfoot) Players: Tim Leary '88 Cash: $0 Note:,https://www.whatifsports.com/mlb-l/trade_history.asp?cLID=145090,False
145090-9,1988,6/24/2026 5:00:00 PM,Toronto ModernDayWarriors,Chicago Thunderbears '88,coldfoot,chargingryno,toronto,thunderbears,"Toronto ModernDayWarriors (coldfoot) Players: Jack Clark '88 Cash: $0 Note: sf #2 to tor, chi 90 #3 to tor bos 89 #2 to chi, tor 90 #4 to chi",Chicago Thunderbears '88 (chargingryno) Players: Willie Upshaw '88 Cash: $0 Note:,https://www.whatifsports.com/mlb-l/trade_history.asp?cLID=145090,False
145090-10,1988,6/24/2026 5:00:00 PM,Pittsburg Tanagers,Chicago Thunderbears '88,coldfoot,chargingryno,pittsburg,thunderbears,"Pittsburg Tanagers (coldfoot) Players: Terry McGriff '88, Matt Nokes '88 Cash: $0 Note: pitt 1990 #1 to chi","Chicago Thunderbears '88 (chargingryno) Players: Lloyd McClendon '88, Terry Steinbach '88 Cash: $0 Note:",https://www.whatifsports.com/mlb-l/trade_history.asp?cLID=145090,False
145090-11,1988,6/20/2026 5:00:00 AM,Boston EDSox (1988),Toronto ModernDayWarriors,the_creeper,coldfoot,boston,toronto,Boston EDSox (1988) (The_Creeper) Players: Jack Clark '88 Cash: $0 Note: +BOS 2nd to TOR +TOR 3rd to BOS in 1990 Similar players but you get a full round upgrade AND a year early. Best I can do.,Toronto ModernDayWarriors (coldfoot) Players: George Bell '88 Cash: $0 Note:,https://www.whatifsports.com/mlb-l/trade_history.asp?cLID=145090,False
145090-12,1988,6/17/2026 10:00:00 PM,Toronto ModernDayWarriors,Seattle Sea Snakes,coldfoot,pi_kapp,toronto,seattle,"Toronto ModernDayWarriors (coldfoot) Players: Pete O'Brien '88, Kirby Puckett '88, Ed Whitson '88 Cash: $0 Note: sea sends both 89 #1s to tor, #2 to tor, tor sends #3 to sea","Seattle Sea Snakes (Pi_Kapp) Players: Gene Larkin '88, Joe Orsulak '88, Andy Hawkins '88 Cash: $0 Note: Fuck it. Fuck Frazz. lol",https://www.whatifsports.com/mlb-l/trade_history.asp?cLID=145090,False
145090-13,1988,6/10/2026 7:00:00 PM,New York Nationals,New York Eagles,k123456789,just4me,new-york-nationals,new-york-eagles,New York Nationals (K123456789) Players: Ron Hassey '88 Cash: $0 Note: + 1990 2nd (NYN->NYE) +1990 4th (NYE->NYN),New York Eagles (just4me) Players: Carlton Fisk '88 Cash: $0 Note:,https://www.whatifsports.com/mlb-l/trade_history.asp?cLID=145090,False
145090-14,1988,6/2/2026 10:00:00 AM,Houston Arms Race (1988),New York Eagles,the_creeper,just4me,houston,new-york-eagles,Houston Arms Race (1988) (The_Creeper) Players: Mike Aldrete '88 Cash: $0 Note: + HOU 3rd in 1990 to NYE,New York Eagles (just4me) Players: Pat Tabler '88 Cash: $0 Note:,https://www.whatifsports.com/mlb-l/trade_history.asp?cLID=145090,False
145571-0,1989,9/24/2026 9:00:00 AM,Chicago Cornhuskers,Texas Rangers,wgasa,frazzman80,cornhuskers,texas,Chicago Cornhuskers (wgasa) Players: Mike Davis '89 Cash: $0 Note: + CHC 1991 3rd,Texas Rangers (frazzman80) Players: Oddibe McDowell '89 Cash: $0 Note:,https://www.whatifsports.com/mlb-l/trade_history.asp?cLID=145571,False
145571-1,1989,9/20/2026 9:00:00 PM,Texas Rangers,New York Nationals,frazzman80,k123456789,texas,new-york-nationals,Texas Rangers (frazzman80) Players: Bob McClure '89 Cash: $0 Note: NYN sends their 1990 3rd and TEX sends our 1990 4th.,New York Nationals (K123456789) Players: Tom Filer '89 Cash: $0 Note:,https://www.whatifsports.com/mlb-l/trade_history.asp?cLID=145571,False
145571-2,1989,9/20/2026 10:00:00 AM,Texas Rangers,New York Times,frazzman80,trentonjoe,texas,new-york-times,Texas Rangers (frazzman80) Players: Dwight Smith '89 Cash: $0 Note: NYT sends their 1990 3rd and TEX sends our 1990 5th.,New York Times (Trentonjoe) Players: Herm Winningham '89 Cash: $0 Note:,https://www.whatifsports.com/mlb-l/trade_history.asp?cLID=145571,False
145571-3,1989,9/20/2026 7:00:00 AM,Texas Rangers,Chicago Cornhuskers,frazzman80,wgasa,texas,cornhuskers,"Texas Rangers (frazzman80) Players: Scott Bankhead '89, Marty Clary '89 Cash: $0 Note: Chicago sends the 1990 SF 3rd round pick they own.","Chicago Cornhuskers (wgasa) Players: Walt Terrell '89, Joe Hesketh '89 Cash: $0 Note:",https://www.whatifsports.com/mlb-l/trade_history.asp?cLID=145571,False
145571-4,1989,9/5/2026 3:00:00 PM,Kansas City Monarchs 1989,Montreal Royales,kujhawker,stevebobldn,kansas-city,montreal,Kansas City Monarchs 1989 (kujhawker) Players: Preston Speed '26 Cash: $1.5M Note: Add KC 1990 1sr Round AAA Draft Pick,Montreal Royales (SteveBobLDN) Players: Steve Balboni '89 Cash: $0 Note:,https://www.whatifsports.com/mlb-l/trade_history.asp?cLID=145571,False
145571-5,1989,8/29/2026 5:00:00 AM,Chicago Thunderbears '89,Baltimore Abyssal Wharf Rats,chargingryno,jimmygatz2,thunderbears,baltimore,"Chicago Thunderbears '89 (chargingryno) Players: Todd Zeile '89, Chili Davis '89, David West '89 Cash: $0 Note: +BAL 1st in 90 and 91 to CHI +MIL 3rd in 90 and CHI 3rd in 91 to BAL","Baltimore Abyssal Wharf Rats (jimmygatz2) Players: Jay Buhner '89, Rob Deer '89, Todd Burns '89 Cash: $0 Note:",https://www.whatifsports.com/mlb-l/trade_history.asp?cLID=145571,True
145571-6,1989,8/28/2026 10:00:00 AM,Chicago Thunderbears '89,Toronto ModernDayWarriors,chargingryno,coldfoot,thunderbears,toronto,"Chicago Thunderbears '89 (chargingryno) Players: Kent Anderson '89, Danny Heep '89, Steve Crawford '89 Cash: $0 Note: +TOR 5th to CHI +MIL 2nd to TOR","Toronto ModernDayWarriors (coldfoot) Players: Tom Foley '89, Gregg Olson '89 Cash: $0 Note:",https://www.whatifsports.com/mlb-l/trade_history.asp?cLID=145571,False
145571-7,1989,8/22/2026 10:00:00 AM,LA Breakers,Boston EdSox (1989),sinatra,the_creeper,cincinnati-la,boston,"LA Breakers (sinatra) Players: Dan Gladden '89 Cash: $0 Note: L.A's 1990 2nd rounder to Boston, Boston's 1990 3rd rounder to L.A",Boston EdSox (1989) (The_Creeper) Players: Robin Yount '89 Cash: $0 Note:,https://www.whatifsports.com/mlb-l/trade_history.asp?cLID=145571,False
