draft_year,phase,round,round_pick,pick,overall_from_post,team_chain,owner,selection,position,selection_slot,status,source,source_conflict,effective_slot,slot,franchise_id,holder_basis,original_franchise_id,original_owner,position_basis,round_size,top5,top10,bottom5,bottom10,chain_interpretation_basis,chain_source_conflict,chain_review_note,chain_review_source_post_ids
1963,Regular,1,1,1.1,1.0,Pittsburgh Tanagers,coldfoot,Gaylord Perry,P,1,Named selection,https://www.whatifsports.com/forums/Posts.aspx?topicID=519851&page=1,False,1,1,pittsburg,posted holder notation,pittsburg,coldfoot,published inaugural lottery order,16,True,True,False,False,,,,
1963,Regular,1,2,1.2,2.0,New York Nutcrackers,n4ser,Juan Marichal,P,1,Named selection,https://www.whatifsports.com/forums/Posts.aspx?topicID=519851&page=1,False,2,2,new-york-nationals,posted holder notation,new-york-nationals,n4ser,published inaugural lottery order,16,True,True,False,False,,,,
1963,Regular,1,3,1.3,3.0,San Francisco Sugaree,h_incandenza,Bob Gibson,P,1,Named selection,https://www.whatifsports.com/forums/Posts.aspx?topicID=519851&page=1,False,3,3,georgia-minnesota,posted holder notation,georgia-minnesota,h_incandenza,published inaugural lottery order,16,True,True,False,False,,,,
1963,Regular,1,4,1.4,4.0,Philly CRYPTKEEPERS,cpdpoet,Pete Rose,2B,1,Named selection,https://www.whatifsports.com/forums/Posts.aspx?topicID=519851&page=1,False,4,4,philly,posted holder notation,philly,cpdpoet,published inaugural lottery order,16,True,True,False,False,,,,
1963,Regular,1,5,1.5,5.0,St. Louis Perfectos,contrarian23,Sandy Koufax,P,1,Named selection,https://www.whatifsports.com/forums/Posts.aspx?topicID=519851&page=1,False,5,5,st-louis,posted holder notation,st-louis,contrarian23,published inaugural lottery order,16,True,True,False,False,,,,
1963,Regular,1,6,1.6,6.0,LA SWAT,dannino,Don Drysdale,P,1,Named selection,https://www.whatifsports.com/forums/Posts.aspx?topicID=519851&page=1,False,6,6,montreal,posted holder notation,montreal,dannino,published inaugural lottery order,16,False,True,False,False,,,,
1963,Regular,1,7,1.7,7.0,California Coyotes [rls1 from fire13],rls1,Hank Aaron,OF,1,Named selection,https://www.whatifsports.com/forums/Posts.aspx?topicID=519851&page=1,False,7,7,socal-newark,posted holder notation,cincinnati-la,fire13,published inaugural lottery order,16,False,True,False,True,,,,
1963,Regular,1,8,1.8,8.0,Kansas City Missouri Mules,husker75,Willie Mays,OF,1,Named selection,https://www.whatifsports.com/forums/Posts.aspx?topicID=519851&page=1,False,8,8,kansas-city,posted holder notation,kansas-city,husker75,published inaugural lottery order,16,False,True,False,True,,,,
1963,Regular,1,9,1.9,9.0,Cincinnati Mudcats [fire13 from rls1],fire13,Carl Yastrzemski,OF,1,Named selection,https://www.whatifsports.com/forums/Posts.aspx?topicID=519851&page=1,False,9,9,cincinnati-la,posted holder notation,socal-newark,rls1,published inaugural lottery order,16,False,True,False,True,,,,
1963,Regular,1,10,1.10,10.0,Boston Americans,tycobb33,Mickey Lolich,P,1,Named selection,https://www.whatifsports.com/forums/Posts.aspx?topicID=519851&page=1,False,10,10,boston,posted holder notation,boston,tycobb33,published inaugural lottery order,16,False,True,False,True,,,,
1963,Regular,1,11,1.11,11.0,Houston Thunderbears,chargingryno,Ron Santo,3B,1,Named selection,https://www.whatifsports.com/forums/Posts.aspx?topicID=519851&page=1,False,11,11,thunderbears,posted holder notation,detroit,harrelson,published inaugural lottery order,16,False,False,False,True,,,,
1963,Regular,1,12,1.12,12.0,Detroit Supremes,harrelson,Sam McDowell,P,1,Named selection,https://www.whatifsports.com/forums/Posts.aspx?topicID=519851&page=1,False,12,12,detroit,posted holder notation,thunderbears,chargingryno,published inaugural lottery order,16,False,False,True,True,,,,
1963,Regular,1,13,1.13,13.0,Cleveland Wahoos,strubrosii,Joe Torre,C,1,Named selection,https://www.whatifsports.com/forums/Posts.aspx?topicID=519851&page=1,False,13,13,new-york-times,posted holder notation,new-york-times,strubrosii,published inaugural lottery order,16,False,False,True,True,,,,
1963,Regular,1,14,1.14,14.0,Baltimore Buckaroos,disco dogs,Jim Bunning,P,1,Named selection,https://www.whatifsports.com/forums/Posts.aspx?topicID=519851&page=1,False,14,14,baltimore,posted holder notation,baltimore,disco dogs,published inaugural lottery order,16,False,False,True,True,,,,
1963,Regular,1,15,1.15,15.0,New York Eagles,italyprof,Billy Williams,OF,1,Named selection,https://www.whatifsports.com/forums/Posts.aspx?topicID=519851&page=1,False,15,15,new-york-eagles,posted holder notation,new-york-eagles,italyprof,published inaugural lottery order,16,False,False,True,True,,,,
1963,Regular,1,16,1.16,16.0,Lombard iPackers,dbrom,Dean Chance,P,1,Named selection,https://www.whatifsports.com/forums/Posts.aspx?topicID=519851&page=1,False,16,16,milwaukee,posted holder notation,milwaukee,dbrom,published inaugural lottery order,16,False,False,True,True,,,,
1964,Regular,1,1,1.1,1.0,CIN,fire13,Dick Allen,3B,1,Named selection,https://www.whatifsports.com/forums/Posts.aspx?topicID=521636&page=1,False,1,1,cincinnati-la,posted holder notation,cincinnati-la,fire13,posted draft notation; original order not separately captured,16,True,True,False,False,,,,
1964,Regular,1,2,1.2,2.0,PHI,cpdpoet,Luis Tiant,P,1,Named selection,https://www.whatifsports.com/forums/Posts.aspx?topicID=521636&page=1,False,2,2,philly,posted holder notation,philly,cpdpoet,posted draft notation; original order not separately captured,16,True,True,False,False,,,,
1964,Regular,1,3,1.3,3.0,LOM,dbrom,Tommy John,P,1,Named selection,https://www.whatifsports.com/forums/Posts.aspx?topicID=521636&page=1,False,3,3,milwaukee,posted holder notation,milwaukee,dbrom,posted draft notation; original order not separately captured,16,True,True,False,False,,,,
1964,Regular,1,4,1.4,4.0,CLE,strubrosii,Mel Stottlemyre,P,1,Named selection,https://www.whatifsports.com/forums/Posts.aspx?topicID=521636&page=1,False,4,4,new-york-times,posted holder notation,new-york-times,strubrosii,posted draft notation; original order not separately captured,16,True,True,False,False,,,,
1964,Regular,1,5,1.5,5.0,STL,contrarian23,Sonny Siebert,P,1,Named selection,https://www.whatifsports.com/forums/Posts.aspx?topicID=521636&page=1,False,5,5,st-louis,posted holder notation,st-louis,contrarian23,posted draft notation; original order not separately captured,16,True,True,False,False,,,,
1964,Regular,1,6,1.6,6.0,BOS,tycobb33,Tony Oliva,OF,1,Named selection,https://www.whatifsports.com/forums/Posts.aspx?topicID=521636&page=1,False,6,6,boston,posted holder notation,boston,tycobb33,posted draft notation; original order not separately captured,16,False,True,False,False,,,,
1964,Regular,1,7,1.7,7.0,DET from PIT,harrelson,Mike Cuellar,P,1,Named selection,https://www.whatifsports.com/forums/Posts.aspx?topicID=521636&page=1,False,7,7,detroit,posted holder notation,pittsburg,coldfoot,posted draft notation; original order not separately captured,16,False,True,False,True,,,,
1964,Regular,1,8,1.8,8.0,PIT from DET,coldfoot,Rico Carty,OF,1,Named selection,https://www.whatifsports.com/forums/Posts.aspx?topicID=521636&page=1,False,8,8,pittsburg,posted holder notation,detroit,harrelson,posted draft notation; original order not separately captured,16,False,True,False,True,,,,
1964,Regular,1,9,1.9,9.0,SF,h_incandenza,Jim Ray Hart,3B,1,Named selection,https://www.whatifsports.com/forums/Posts.aspx?topicID=521636&page=1,False,9,9,georgia-minnesota,posted holder notation,georgia-minnesota,h_incandenza,posted draft notation; original order not separately captured,16,False,True,False,True,,,,
1964,Regular,1,10,1.10,10.0,CAL,rls1,Bert Campaneris,SS,1,Named selection,https://www.whatifsports.com/forums/Posts.aspx?topicID=521636&page=1,False,10,10,socal-newark,posted holder notation,socal-newark,rls1,posted draft notation; original order not separately captured,16,False,True,False,True,,,,
1964,Regular,1,11,1.11,11.0,NYE,italyprof,Rick Wise,P,1,Named selection,https://www.whatifsports.com/forums/Posts.aspx?topicID=521636&page=1,False,11,11,new-york-eagles,posted holder notation,new-york-eagles,italyprof,posted draft notation; original order not separately captured,16,False,False,False,True,,,,
1964,Regular,1,12,1.12,12.0,HOU,chargingryno,Denny McLain,P,1,Named selection,https://www.whatifsports.com/forums/Posts.aspx?topicID=521636&page=1,False,12,12,thunderbears,posted holder notation,thunderbears,chargingryno,posted draft notation; original order not separately captured,16,False,False,True,True,,,,
1964,Regular,1,13,1.13,13.0,BAL,disco dogs,Wally Bunker,P,1,Named selection,https://www.whatifsports.com/forums/Posts.aspx?topicID=521636&page=1,False,13,13,baltimore,posted holder notation,baltimore,disco dogs,posted draft notation; original order not separately captured,16,False,False,True,True,,,,
1964,Regular,1,14,1.14,14.0,NYN,n4ser,Willie Horton,OF,1,Named selection,https://www.whatifsports.com/forums/Posts.aspx?topicID=521636&page=1,False,14,14,new-york-nationals,posted holder notation,new-york-nationals,n4ser,posted draft notation; original order not separately captured,16,False,False,True,True,,,,
1964,Regular,1,15,1.15,15.0,KC,husker75,Tony Conigliaro,OF,1,Named selection,https://www.whatifsports.com/forums/Posts.aspx?topicID=521636&page=1,False,15,15,kansas-city,posted holder notation,kansas-city,husker75,posted draft notation; original order not separately captured,16,False,False,True,True,,,,
1964,Regular,1,16,1.16,16.0,LA,dannino,Bob Lee,P,1,Named selection,https://www.whatifsports.com/forums/Posts.aspx?topicID=521636&page=1,False,16,16,montreal,posted holder notation,montreal,dannino,posted draft notation; original order not separately captured,16,False,False,True,True,,,,
1965,Regular,1,1,1.1,1.0,DET,harrelson,Jim Palmer,P,1,Named selection,https://www.whatifsports.com/forums/Posts.aspx?topicID=523090&page=1,False,1,1,detroit,posted holder notation,detroit,harrelson,posted draft notation; original order not separately captured,16,True,True,False,False,,,,
1965,Regular,1,2,1.2,2.0,LOM,dbrom,Joe Morgan,2B,1,Named selection,https://www.whatifsports.com/forums/Posts.aspx?topicID=523090&page=1,False,2,2,milwaukee,posted holder notation,milwaukee,dbrom,posted draft notation; original order not separately captured,16,True,True,False,False,,,,
1965,Regular,1,3,1.3,3.0,CIN,fire13,Catfish Hunter,P,1,Named selection,https://www.whatifsports.com/forums/Posts.aspx?topicID=523090&page=1,False,3,3,cincinnati-la,posted holder notation,cincinnati-la,fire13,posted draft notation; original order not separately captured,16,True,True,False,False,,,,
1965,Regular,1,4,1.4,4.0,SF,h_incandenza,Steve Carlton,P,1,Named selection,https://www.whatifsports.com/forums/Posts.aspx?topicID=523090&page=1,False,4,4,georgia-minnesota,posted holder notation,georgia-minnesota,h_incandenza,posted draft notation; original order not separately captured,16,True,True,False,False,,,,
1965,Regular,1,5,1.5,5.0,CLE,strubrosii,Phil Niekro,P,1,Named selection,https://www.whatifsports.com/forums/Posts.aspx?topicID=523090&page=1,False,5,5,new-york-times,posted holder notation,new-york-times,strubrosii,posted draft notation; original order not separately captured,16,True,True,False,False,,,,
1965,Regular,1,6,1.6,6.0,NYE,italyprof,Larry Dierker,P,1,Named selection,https://www.whatifsports.com/forums/Posts.aspx?topicID=523090&page=1,False,6,6,new-york-eagles,posted holder notation,new-york-eagles,italyprof,posted draft notation; original order not separately captured,16,False,True,False,False,,,,
1965,Regular,1,7,1.7,7.0,CAL,rls1,Paul Blair,OF,1,Named selection,https://www.whatifsports.com/forums/Posts.aspx?topicID=523090&page=1,False,7,7,socal-newark,posted holder notation,socal-newark,rls1,posted draft notation; original order not separately captured,16,False,True,False,True,,,,
1965,Regular,1,8,1.8,8.0,HOU,chargingryno,Rudy May,P,1,Named selection,https://www.whatifsports.com/forums/Posts.aspx?topicID=523090&page=1,False,8,8,thunderbears,posted holder notation,thunderbears,chargingryno,posted draft notation; original order not separately captured,16,False,True,False,True,,,,
1965,Regular,1,9,1.9,9.0,STL from BOS,contrarian23,Tony Perez,1B,1,Named selection,https://www.whatifsports.com/forums/Posts.aspx?topicID=523090&page=1,False,9,9,st-louis,posted holder notation,boston,tycobb33,posted draft notation; original order not separately captured,16,False,True,False,True,,,,
1965,Regular,1,10,1.10,10.0,STL,contrarian23,Rico Petrocelli,SS,1,Named selection,https://www.whatifsports.com/forums/Posts.aspx?topicID=523090&page=1,False,10,10,st-louis,posted holder notation,st-louis,contrarian23,posted draft notation; original order not separately captured,16,False,True,False,True,,,,
1965,Regular,1,11,1.11,11.0,PHI,cpdpoet,Jim Lonborg,P,1,Named selection,https://www.whatifsports.com/forums/Posts.aspx?topicID=523090&page=1,False,11,11,philly,posted holder notation,philly,cpdpoet,posted draft notation; original order not separately captured,16,False,False,False,True,,,,
1965,Regular,1,12,1.12,12.0,CIN from LA,fire13,Jim Merritt,P,1,Named selection,https://www.whatifsports.com/forums/Posts.aspx?topicID=523090&page=1,False,12,12,cincinnati-la,posted holder notation,montreal,dannino,posted draft notation; original order not separately captured,16,False,False,True,True,,,,
1965,Regular,1,13,1.13,13.0,NYN,n4ser,Nelson Briles,P,1,Named selection,https://www.whatifsports.com/forums/Posts.aspx?topicID=523090&page=1,False,13,13,new-york-nationals,posted holder notation,new-york-nationals,n4ser,posted draft notation; original order not separately captured,16,False,False,True,True,,,,
1965,Regular,1,14,1.14,14.0,BAL,disco dogs,Glenn Beckert,2B,1,Named selection,https://www.whatifsports.com/forums/Posts.aspx?topicID=523090&page=1,False,14,14,baltimore,posted holder notation,baltimore,disco dogs,posted draft notation; original order not separately captured,16,False,False,True,True,,,,
1965,Regular,1,15,1.15,15.0,SF from PIT,h_incandenza,Bob Locker,P,1,Named selection,https://www.whatifsports.com/forums/Posts.aspx?topicID=523090&page=1,False,15,15,georgia-minnesota,posted holder notation,pittsburg,coldfoot,posted draft notation; original order not separately captured,16,False,False,True,True,,,,
1965,Regular,1,16,1.16,16.0,KC,husker75,Jim Lefebvre,2B,1,Named selection,https://www.whatifsports.com/forums/Posts.aspx?topicID=523090&page=1,False,16,16,kansas-city,posted holder notation,kansas-city,husker75,posted draft notation; original order not separately captured,16,False,False,True,True,,,,
1966,Regular,1,1,1.1,1.0,CIN,fire13,Don Sutton,P,1,Named selection,https://www.whatifsports.com/forums/Posts.aspx?topicID=524392&page=1,False,1,1,cincinnati-la,posted holder notation,cincinnati-la,fire13,posted draft notation; original order not separately captured,16,True,True,False,False,,,,
1966,Regular,1,2,1.2,2.0,PHI,cpdpoet,Fergie Jenkins,P,1,Named selection,https://www.whatifsports.com/forums/Posts.aspx?topicID=524392&page=1,False,2,2,philly,posted holder notation,philly,cpdpoet,posted draft notation; original order not separately captured,16,True,True,False,False,,,,
1966,Regular,1,3,1.3,3.0,SF,h_incandenza,Lee May,1B,1,Named selection,https://www.whatifsports.com/forums/Posts.aspx?topicID=524392&page=1,False,3,3,georgia-minnesota,posted holder notation,georgia-minnesota,h_incandenza,posted draft notation; original order not separately captured,16,True,True,False,False,,,,
1966,Regular,1,4,1.4,4.0,HOU from DET,chargingryno,Fritz Peterson,P,1,Named selection,https://www.whatifsports.com/forums/Posts.aspx?topicID=524392&page=1,False,4,4,thunderbears,posted holder notation,detroit,harrelson,posted draft notation; original order not separately captured,16,True,True,False,False,,,,
1966,Regular,1,5,1.5,5.0,LOM,dbrom,Bill Hands,P,1,Named selection,https://www.whatifsports.com/forums/Posts.aspx?topicID=524392&page=1,False,5,5,milwaukee,posted holder notation,milwaukee,dbrom,posted draft notation; original order not separately captured,16,True,True,False,False,,,,
1966,Regular,1,6,1.6,6.0,BAL,disco dogs,Bobby Murcer,SS,1,Named selection,https://www.whatifsports.com/forums/Posts.aspx?topicID=524392&page=1,False,6,6,baltimore,posted holder notation,baltimore,disco dogs,posted draft notation; original order not separately captured,16,False,True,False,False,,,,
1966,Regular,1,7,1.7,7.0,STL from HOU,contrarian23,Roy White,OF,1,Named selection,https://www.whatifsports.com/forums/Posts.aspx?topicID=524392&page=1,False,7,7,st-louis,posted holder notation,thunderbears,chargingryno,posted draft notation; original order not separately captured,16,False,True,False,True,,,,
1966,Regular,1,8,1.8,8.0,CLE,strubrosii,Ken Holtzman,P,1,Named selection,https://www.whatifsports.com/forums/Posts.aspx?topicID=524392&page=1,False,8,8,new-york-times,posted holder notation,new-york-times,strubrosii,posted draft notation; original order not separately captured,16,False,True,False,True,,,,
1966,Regular,1,9,1.9,9.0,CAL,bluecrew65,Clyde Wright,P,1,Named selection,https://www.whatifsports.com/forums/Posts.aspx?topicID=524392&page=1,False,9,9,socal-newark,posted holder notation,socal-newark,,posted draft notation; original order not separately captured,16,False,True,False,True,,,,
1966,Regular,1,10,1.10,10.0,NYN,n4ser,Randy Hundley,C,1,Named selection,https://www.whatifsports.com/forums/Posts.aspx?topicID=524392&page=1,False,10,10,new-york-nationals,posted holder notation,new-york-nationals,n4ser,posted draft notation; original order not separately captured,16,False,True,False,True,,,,
1966,Regular,1,11,1.11,11.0,STL from BOS,contrarian23,Pat Jarvis,P,1,Named selection,https://www.whatifsports.com/forums/Posts.aspx?topicID=524392&page=1,False,11,11,st-louis,posted holder notation,boston,tycobb33,posted draft notation; original order not separately captured,16,False,False,False,True,,,,
1966,Regular,1,12,1.12,12.0,NYE,italyprof,Woodie Fryman,P,1,Named selection,https://www.whatifsports.com/forums/Posts.aspx?topicID=524392&page=1,False,12,12,new-york-eagles,posted holder notation,new-york-eagles,italyprof,posted draft notation; original order not separately captured,16,False,False,True,True,,,,
1966,Regular,1,13,1.13,13.0,HOU from STL,chargingryno,Davey Johnson,2B,1,Named selection,https://www.whatifsports.com/forums/Posts.aspx?topicID=524392&page=1,False,13,13,thunderbears,posted holder notation,st-louis,contrarian23,posted draft notation; original order not separately captured,16,False,False,True,True,,,,
1966,Regular,1,14,1.14,14.0,KC,husker75,George Scott,1B,1,Named selection,https://www.whatifsports.com/forums/Posts.aspx?topicID=524392&page=1,False,14,14,kansas-city,posted holder notation,kansas-city,husker75,posted draft notation; original order not separately captured,16,False,False,True,True,,,,
1966,Regular,1,15,1.15,15.0,SF from PIT,h_incandenza,Eddie Watt,P,1,Named selection,https://www.whatifsports.com/forums/Posts.aspx?topicID=524392&page=1,False,15,15,georgia-minnesota,posted holder notation,pittsburg,coldfoot,posted draft notation; original order not separately captured,16,False,False,True,True,,,,
1966,Regular,1,16,1.16,16.0,HOU from LA,chargingryno,Cesar Tovar,2B,1,Named selection,https://www.whatifsports.com/forums/Posts.aspx?topicID=524392&page=1,False,16,16,thunderbears,posted holder notation,montreal,dannino,posted draft notation; original order not separately captured,16,False,False,True,True,,,,
1967,Regular,1,1,1.1,1.0,CIN,fire13,Tom Seaver,P,1,Named selection,https://www.whatifsports.com/forums/Posts.aspx?topicID=525717&page=1,False,1,1,cincinnati-la,posted holder notation,cincinnati-la,fire13,posted draft notation; original order not separately captured,16,True,True,False,False,,,,
1967,Regular,1,2,1.2,2.0,DET,harrelson,Johnny Bench,C,1,Named selection,https://www.whatifsports.com/forums/Posts.aspx?topicID=525717&page=1,False,2,2,detroit,posted holder notation,detroit,harrelson,posted draft notation; original order not separately captured,16,True,True,False,False,,,,
1967,Regular,1,3,1.3,3.0,STL,contrarian23,Bill Singer,P,1,Named selection,https://www.whatifsports.com/forums/Posts.aspx?topicID=525717&page=1,False,3,3,st-louis,posted holder notation,st-louis,contrarian23,posted draft notation; original order not separately captured,16,True,True,False,False,,,,
1967,Regular,1,4,1.4,4.0,SF,h_incandenza,Reggie Jackson,OF,1,Named selection,https://www.whatifsports.com/forums/Posts.aspx?topicID=525717&page=1,False,4,4,georgia-minnesota,posted holder notation,georgia-minnesota,h_incandenza,posted draft notation; original order not separately captured,16,True,True,False,False,,,,
1967,Regular,1,5,1.5,5.0,LOM,dbrom,Rod Carew,2B,1,Named selection,https://www.whatifsports.com/forums/Posts.aspx?topicID=525717&page=1,False,5,5,milwaukee,posted holder notation,milwaukee,dbrom,posted draft notation; original order not separately captured,16,True,True,False,False,,,,
1967,Regular,1,6,1.6,6.0,CAL,bluecrew65,Reggie Smith,OF,1,Named selection,https://www.whatifsports.com/forums/Posts.aspx?topicID=525717&page=1,False,6,6,socal-newark,posted holder notation,socal-newark,bluecrew65,posted draft notation; original order not separately captured,16,False,True,False,False,,,,
1967,Regular,1,7,1.7,7.0,PHI,cpdpoet,Manny Sanguillen,C,1,Named selection,https://www.whatifsports.com/forums/Posts.aspx?topicID=525717&page=1,False,7,7,philly,posted holder notation,philly,cpdpoet,posted draft notation; original order not separately captured,16,False,True,False,True,,,,
1967,Regular,1,8,1.8,8.0,CLE,strubrosii,Gary Nolan,P,1,Named selection,https://www.whatifsports.com/forums/Posts.aspx?topicID=525717&page=1,False,8,8,new-york-times,posted holder notation,new-york-times,strubrosii,posted draft notation; original order not separately captured,16,False,True,False,True,,,,
1967,Regular,1,9,1.9,9.0,BOS,tycobb33,Mark Belanger,SS,1,Named selection,https://www.whatifsports.com/forums/Posts.aspx?topicID=525717&page=1,False,9,9,boston,posted club; owner may differ from season-end records,boston,,posted draft notation; original order not separately captured,16,False,True,False,True,,,,
1967,Regular,1,10,1.10,10.0,PIT,coldfoot,Sal Bando,3B,1,Named selection,https://www.whatifsports.com/forums/Posts.aspx?topicID=525717&page=1,False,10,10,pittsburg,posted holder notation,pittsburg,coldfoot,posted draft notation; original order not separately captured,16,False,True,False,True,,,,
1967,Regular,1,11,1.11,11.0,BKN from KC,chargingryno,Amos Otis,OF,1,Named selection,https://www.whatifsports.com/forums/Posts.aspx?topicID=525717&page=1,False,11,11,thunderbears,posted holder notation,kansas-city,husker75,posted draft notation; original order not separately captured,16,False,False,False,True,,,,
1967,Regular,1,12,1.12,12.0,LA,dannino,Doug Rader,1B,1,Named selection,https://www.whatifsports.com/forums/Posts.aspx?topicID=525717&page=1,False,12,12,montreal,posted holder notation,montreal,dannino,posted draft notation; original order not separately captured,16,False,False,True,True,,,,
1967,Regular,1,13,1.13,13.0,PIT from BKN,coldfoot,Rick Monday,OF,1,Named selection,https://www.whatifsports.com/forums/Posts.aspx?topicID=525717&page=1,False,13,13,pittsburg,posted holder notation,thunderbears,chargingryno,posted draft notation; original order not separately captured,16,False,False,True,True,,,,
1967,Regular,1,14,1.14,14.0,NYE,just4me,Joe Niekro,P,1,Named selection,https://www.whatifsports.com/forums/Posts.aspx?topicID=525717&page=1,False,14,14,new-york-eagles,posted holder notation,new-york-eagles,,posted draft notation; original order not separately captured,16,False,False,True,True,,,,
1967,Regular,1,15,1.15,15.0,BAL,disco dogs,Don Wilson,P,1,Named selection,https://www.whatifsports.com/forums/Posts.aspx?topicID=525717&page=1,False,15,15,baltimore,posted holder notation,baltimore,disco dogs,posted draft notation; original order not separately captured,16,False,False,True,True,,,,
1967,Regular,1,16,1.16,16.0,NYN,n4ser,Joe Coleman,P,1,Named selection,https://www.whatifsports.com/forums/Posts.aspx?topicID=525717&page=1,False,16,16,new-york-nationals,posted holder notation,new-york-nationals,n4ser,posted draft notation; original order not separately captured,16,False,False,True,True,,,,
1968,Regular,1,1,1.1,1.0,LOM,dbrom,Nolan Ryan,P,1,Named selection,https://www.whatifsports.com/forums/Posts.aspx?topicID=526951&page=1,False,1,1,milwaukee,posted holder notation,milwaukee,dbrom,posted draft notation; original order not separately captured,16,True,True,False,False,,,,
1968,Regular,1,2,1.2,2.0,NYE,just4me,Andy Messersmith,P,1,Named selection,https://www.whatifsports.com/forums/Posts.aspx?topicID=526951&page=1,False,2,2,new-york-eagles,posted holder notation,new-york-eagles,just4me,posted draft notation; original order not separately captured,16,True,True,False,False,,,,
1968,Regular,1,3,1.3,3.0,CIN,fire13,Bobby Bonds,OF,1,Named selection,https://www.whatifsports.com/forums/Posts.aspx?topicID=526951&page=1,False,3,3,cincinnati-la,posted holder notation,cincinnati-la,fire13,posted draft notation; original order not separately captured,16,True,True,False,False,,,,
1968,Regular,1,4,1.4,4.0,STL,contrarian23,Jerry Koosman,P,1,Named selection,https://www.whatifsports.com/forums/Posts.aspx?topicID=526951&page=1,False,4,4,st-louis,posted holder notation,st-louis,contrarian23,posted draft notation; original order not separately captured,16,True,True,False,False,,,,
1968,Regular,1,5,1.5,5.0,DET,harrelson,Graig Nettles,OF,1,Named selection,https://www.whatifsports.com/forums/Posts.aspx?topicID=526951&page=1,False,5,5,detroit,posted holder notation,detroit,harrelson,posted draft notation; original order not separately captured,16,True,True,False,False,,,,
1968,Regular,1,6,1.6,6.0,NYN from BAL,n4ser,Dock Ellis,P,1,Named selection,https://www.whatifsports.com/forums/Posts.aspx?topicID=526951&page=1,False,6,6,new-york-nationals,posted holder notation,baltimore,disco dogs,posted draft notation; original order not separately captured,16,False,True,False,False,,,,
1968,Regular,1,7,1.7,7.0,PHI,cpdpoet,Bill Melton,3B,1,Named selection,https://www.whatifsports.com/forums/Posts.aspx?topicID=526951&page=1,False,7,7,philly,posted holder notation,philly,cpdpoet,posted draft notation; original order not separately captured,16,False,True,False,True,,,,
1968,Regular,1,8,1.8,8.0,CLE,strubrosii,Nate Colbert,OF,1,Named selection,https://www.whatifsports.com/forums/Posts.aspx?topicID=526951&page=1,False,8,8,new-york-times,posted holder notation,new-york-times,strubrosii,posted draft notation; original order not separately captured,16,False,True,False,True,,,,
1968,Regular,1,9,1.9,9.0,CAL from SF,crustydoc,Ron Reed,P,1,Named selection,https://www.whatifsports.com/forums/Posts.aspx?topicID=526951&page=1,False,9,9,socal-newark,posted holder notation,georgia-minnesota,h_incandenza,posted draft notation; original order not separately captured,16,False,True,False,True,,,,
1968,Regular,1,10,1.10,10.0,KC,husker75,Stan Bahnsen,P,1,Named selection,https://www.whatifsports.com/forums/Posts.aspx?topicID=526951&page=1,False,10,10,kansas-city,posted holder notation,kansas-city,husker75,posted draft notation; original order not separately captured,16,False,True,False,True,,,,
1968,Regular,1,11,1.11,11.0,BOS,tycobb33,Bob Moose,P,1,Named selection,https://www.whatifsports.com/forums/Posts.aspx?topicID=526951&page=1,False,11,11,boston,posted club; owner may differ from season-end records,boston,,posted draft notation; original order not separately captured,16,False,False,False,True,,,,
1968,Regular,1,12,1.12,12.0,BKN,chargingryno,Bob Watson,OF,1,Named selection,https://www.whatifsports.com/forums/Posts.aspx?topicID=526951&page=1,False,12,12,thunderbears,posted holder notation,thunderbears,chargingryno,posted draft notation; original order not separately captured,16,False,False,True,True,,,,
1968,Regular,1,13,1.13,13.0,NYE from PIT,just4me,Jim McAndrew,P,1,Named selection,https://www.whatifsports.com/forums/Posts.aspx?topicID=526951&page=1,False,13,13,new-york-eagles,posted holder notation,pittsburg,coldfoot,posted draft notation; original order not separately captured,16,False,False,True,True,,,,
1968,Regular,1,14,1.14,14.0,NYN,n4ser,Joe Rudi,OF,1,Named selection,https://www.whatifsports.com/forums/Posts.aspx?topicID=526951&page=1,False,14,14,new-york-nationals,posted holder notation,new-york-nationals,n4ser,posted draft notation; original order not separately captured,16,False,False,True,True,,,,
1968,Regular,1,15,1.15,15.0,NYE from LA,just4me,Roger Nelson,P,1,Named selection,https://www.whatifsports.com/forums/Posts.aspx?topicID=526951&page=1,False,15,15,new-york-eagles,posted holder notation,montreal,dannino,posted draft notation; original order not separately captured,16,False,False,True,True,,,,
1968,Regular,1,16,1.16,16.0,CAL,crustydoc,Freddie Patek,SS,1,Named selection,https://www.whatifsports.com/forums/Posts.aspx?topicID=526951&page=1,False,16,16,socal-newark,posted holder notation,socal-newark,,posted draft notation; original order not separately captured,16,False,False,True,True,,,,
1969,Regular,1,1,1.1,1.0,PIT,coldfoot,Vida Blue,P,1,Named selection,https://www.whatifsports.com/forums/Posts.aspx?topicID=528222&page=1,False,1,1,pittsburg,posted holder notation,pittsburg,coldfoot,posted draft notation; original order not separately captured,20,True,True,False,False,,,,
1969,Regular,1,2,1.2,2.0,CLE,strubrosii,Thurman Munson,C,1,Named selection,https://www.whatifsports.com/forums/Posts.aspx?topicID=528222&page=1,False,2,2,new-york-times,posted holder notation,new-york-times,strubrosii,posted draft notation; original order not separately captured,20,True,True,False,False,,,,
1969,Regular,1,3,1.3,3.0,STL,kermit,Rollie Fingers,P,1,Named selection,https://www.whatifsports.com/forums/Posts.aspx?topicID=528222&page=1,False,3,3,st-louis,posted holder notation,st-louis,,posted draft notation; original order not separately captured,20,True,True,False,False,,,,
1969,Regular,1,4,1.4,4.0,BKN,chargingryno,Al Oliver,1B,1,Named selection,https://www.whatifsports.com/forums/Posts.aspx?topicID=528222&page=1,False,4,4,thunderbears,posted holder notation,thunderbears,chargingryno,posted draft notation; original order not separately captured,20,True,True,False,False,,,,
1969,Regular,1,5,1.5,5.0,DET,harrelson,Ted Sizmore,2B,1,Named selection,https://www.whatifsports.com/forums/Posts.aspx?topicID=528222&page=1,False,5,5,detroit,posted holder notation,detroit,harrelson,posted draft notation; original order not separately captured,20,True,True,False,False,,,,
1969,Regular,1,6,1.6,6.0,LOM,dbrom,Gary Gentry,P,1,Named selection,https://www.whatifsports.com/forums/Posts.aspx?topicID=528222&page=1,False,6,6,milwaukee,posted holder notation,milwaukee,dbrom,posted draft notation; original order not separately captured,20,False,True,False,False,,,,
1969,Regular,1,7,1.7,7.0,PHI,cpdpoet,Don Money,SS,1,Named selection,https://www.whatifsports.com/forums/Posts.aspx?topicID=528222&page=1,False,7,7,philly,posted holder notation,philly,cpdpoet,posted draft notation; original order not separately captured,20,False,True,False,False,,,,
1969,Regular,1,8,1.8,8.0,SEA from SD,chrondon84,Dave Cash,2B,1,Named selection,https://www.whatifsports.com/forums/Posts.aspx?topicID=528222&page=1,False,8,8,oakland,posted holder notation,quake,epup1975,posted draft notation; original order not separately captured,20,False,True,False,False,,,,
1969,Regular,1,9,1.9,9.0,HOU,txelvis,Dave Roberts,P,1,Named selection,https://www.whatifsports.com/forums/Posts.aspx?topicID=528222&page=1,False,9,9,houston,posted holder notation,houston,txelvis,posted draft notation; original order not separately captured,20,False,True,False,False,,,,
1969,Regular,1,10,1.10,10.0,SD from SEA,epup1975,Richie Hebner,3B,1,Named selection,https://www.whatifsports.com/forums/Posts.aspx?topicID=528222&page=1,False,10,10,quake,posted holder notation,oakland,chrondon84,posted draft notation; original order not separately captured,20,False,True,False,False,,,,
1969,Regular,1,11,1.11,11.0,WAS,frazzman80,Jim Rooker,P,1,Named selection,https://www.whatifsports.com/forums/Posts.aspx?topicID=528222&page=1,False,11,11,texas,posted holder notation,texas,frazzman80,posted draft notation; original order not separately captured,20,False,False,False,True,,,,
1969,Regular,1,12,1.12,12.0,NYE,just4me,Ray Fosse,C,1,Named selection,https://www.whatifsports.com/forums/Posts.aspx?topicID=528222&page=1,False,12,12,new-york-eagles,posted holder notation,new-york-eagles,just4me,posted draft notation; original order not separately captured,20,False,False,False,True,,,,
1969,Regular,1,13,1.13,13.0,BKN from CAL,chargingryno,Mike Torrez,P,1,Named selection,https://www.whatifsports.com/forums/Posts.aspx?topicID=528222&page=1,False,13,13,thunderbears,posted holder notation,socal-newark,crustydoc,posted draft notation; original order not separately captured,20,False,False,False,True,,,,
1969,Regular,1,14,1.14,14.0,BAL,dodgerdon,Dick Drago,P,1,Named selection,https://www.whatifsports.com/forums/Posts.aspx?topicID=528222&page=1,False,14,14,baltimore,posted holder notation,baltimore,,posted draft notation; original order not separately captured,20,False,False,False,True,,,,
1969,Regular,1,15,1.15,15.0,BKN from CIN,chargingryno,Ken Tatum,P,1,Named selection,https://www.whatifsports.com/forums/Posts.aspx?topicID=528222&page=1,False,15,15,thunderbears,posted holder notation,cincinnati-la,fire13,posted draft notation; original order not separately captured,20,False,False,False,True,,,,
1969,Regular,1,16,1.16,16.0,NYN,n4ser,Clay Kirby,P,1,Named selection,https://www.whatifsports.com/forums/Posts.aspx?topicID=528222&page=1,False,16,16,new-york-nationals,posted holder notation,new-york-nationals,n4ser,posted draft notation; original order not separately captured,20,False,False,True,True,,,,
1969,Regular,1,17,1.17,17.0,SF,h_incandenza,Chuck Taylor,P,1,Named selection,https://www.whatifsports.com/forums/Posts.aspx?topicID=528222&page=1,False,17,17,georgia-minnesota,posted holder notation,georgia-minnesota,h_incandenza,posted draft notation; original order not separately captured,20,False,False,True,True,,,,
1969,Regular,1,18,1.18,18.0,BOS,eddiedzen,Larry Hisle,OF,1,Named selection,https://www.whatifsports.com/forums/Posts.aspx?topicID=528222&page=1,False,18,18,boston,posted holder notation,boston,eddiedzen,posted draft notation; original order not separately captured,20,False,False,True,True,,,,
1969,Regular,1,19,1.19,19.0,KC,nockahoma,Bill Russell,OF,1,Named selection,https://www.whatifsports.com/forums/Posts.aspx?topicID=528222&page=1,False,19,19,kansas-city,posted holder notation,kansas-city,,posted draft notation; original order not separately captured,20,False,False,True,True,,,,
1969,Regular,1,20,1.20,20.0,CAL from LA,crustydoc,Carl Morton,P,1,Named selection,https://www.whatifsports.com/forums/Posts.aspx?topicID=528222&page=1,False,20,20,socal-newark,posted holder notation,montreal,dannino,posted draft notation; original order not separately captured,20,False,False,True,True,,,,
1970,Regular,1,1,1.1,1.0,BOS,eddiedzen,Bert Blyleven,P,1,Named selection,https://www.whatifsports.com/forums/Posts.aspx?topicID=529618&page=1,False,1,1,boston,posted holder notation,boston,eddiedzen,posted draft notation; original order not separately captured,20,True,True,False,False,,,,
1970,Regular,1,2,1.2,2.0,WAS from CIN,frazzman80,Ted Simmons,C,1,Named selection,https://www.whatifsports.com/forums/Posts.aspx?topicID=529618&page=1,False,2,2,texas,posted holder notation,cincinnati-la,fire13,posted draft notation; original order not separately captured,20,True,True,False,False,,,,
1970,Regular,1,3,1.3,3.0,LOM,dbrom,Dave Concepcion,SS,1,Named selection,https://www.whatifsports.com/forums/Posts.aspx?topicID=529618&page=1,False,3,3,milwaukee,posted holder notation,milwaukee,dbrom,posted draft notation; original order not separately captured,20,True,True,False,False,,,,
1970,Regular,1,4,1.4,4.0,PIT,coldfoot,Bobby Grich,SS,1,Named selection,https://www.whatifsports.com/forums/Posts.aspx?topicID=529618&page=1,False,4,4,pittsburg,posted holder notation,pittsburg,coldfoot,posted draft notation; original order not separately captured,20,True,True,False,False,,,,
1970,Regular,1,5,1.5,5.0,HOU,txelvis,Jerry Reuss,P,1,Named selection,https://www.whatifsports.com/forums/Posts.aspx?topicID=529618&page=1,False,5,5,houston,posted holder notation,houston,txelvis,posted draft notation; original order not separately captured,20,True,True,False,False,,,,
1970,Regular,1,6,1.6,6.0,CIN from WAS,fire13,Gene Tenace,C,1,Named selection,https://www.whatifsports.com/forums/Posts.aspx?topicID=529618&page=1,False,6,6,cincinnati-la,posted holder notation,texas,frazzman80,posted draft notation; original order not separately captured,20,False,True,False,False,,,,
1970,Regular,1,7,1.7,7.0,SEA,chrondon84,Don Gullet,P,1,Named selection,https://www.whatifsports.com/forums/Posts.aspx?topicID=529618&page=1,False,7,7,oakland,posted holder notation,oakland,chrondon84,posted draft notation; original order not separately captured,20,False,True,False,False,,,,
1970,Regular,1,8,1.8,8.0,SD,epup1975,Steve Garvey,1B,1,Named selection,https://www.whatifsports.com/forums/Posts.aspx?topicID=529618&page=1,False,8,8,quake,posted holder notation,quake,epup1975,posted draft notation; original order not separately captured,20,False,True,False,False,,,,
1970,Regular,1,9,1.9,9.0,LOM from BKN,dbrom,Cesar Cedeno,OF,1,Named selection,https://www.whatifsports.com/forums/Posts.aspx?topicID=529618&page=1,False,9,9,milwaukee,posted holder notation,thunderbears,chargingryno,posted draft notation; original order not separately captured,20,False,True,False,False,,,,
1970,Regular,1,10,1.10,10.0,DET,harrelson,Ken Singleton,OF,1,Named selection,https://www.whatifsports.com/forums/Posts.aspx?topicID=529618&page=1,False,10,10,detroit,posted holder notation,detroit,harrelson,posted draft notation; original order not separately captured,20,False,True,False,False,,,,
1970,Regular,1,11,1.11,11.0,STL,kermit,Larry Gura,P,1,Named selection,https://www.whatifsports.com/forums/Posts.aspx?topicID=529618&page=1,False,11,11,st-louis,posted holder notation,st-louis,kermit,posted draft notation; original order not separately captured,20,False,False,False,True,,,,
1970,Regular,1,12,1.12,12.0,CLE,strubrosii,Ralph Garr,OF,1,Named selection,https://www.whatifsports.com/forums/Posts.aspx?topicID=529618&page=1,False,12,12,new-york-times,posted holder notation,new-york-times,strubrosii,posted draft notation; original order not separately captured,20,False,False,False,True,,,,
1970,Regular,1,13,1.13,13.0,PHI,cpdpoet,Larry Bowa,SS,1,Named selection,https://www.whatifsports.com/forums/Posts.aspx?topicID=529618&page=1,False,13,13,philly,posted holder notation,philly,cpdpoet,posted draft notation; original order not separately captured,20,False,False,False,True,,,,
1970,Regular,1,14,1.14,14.0,NYE,just4me,Steve Kline,P,1,Named selection,https://www.whatifsports.com/forums/Posts.aspx?topicID=529618&page=1,False,14,14,new-york-eagles,posted holder notation,new-york-eagles,just4me,posted draft notation; original order not separately captured,20,False,False,False,True,,,,
1970,Regular,1,15,1.15,15.0,"BKN from CAL, by NYE",chargingryno,Reggie Cleveland,P,1,Named selection,https://www.whatifsports.com/forums/Posts.aspx?topicID=529618&page=1,False,15,15,thunderbears,posted holder notation,socal-newark,crustydoc,posted draft notation; original order not separately captured,20,False,False,False,True,,,,
1970,Regular,1,16,1.16,16.0,SF,ooooohdoggie,Jim Colborn,P,1,Named selection,https://www.whatifsports.com/forums/Posts.aspx?topicID=529618&page=1,False,16,16,georgia-minnesota,posted holder notation,georgia-minnesota,,posted draft notation; original order not separately captured,20,False,False,True,True,,,,
1970,Regular,1,17,1.17,17.0,LA,dannino,Dave Laroche,P,1,Named selection,https://www.whatifsports.com/forums/Posts.aspx?topicID=529618&page=1,False,17,17,montreal,posted holder notation,montreal,dannino,posted draft notation; original order not separately captured,20,False,False,True,True,,,,
1970,Regular,1,18,1.18,18.0,NYN,n4ser,Bill Buckner,OF,1,Named selection,https://www.whatifsports.com/forums/Posts.aspx?topicID=529618&page=1,False,18,18,new-york-nationals,posted holder notation,new-york-nationals,n4ser,posted draft notation; original order not separately captured,20,False,False,True,True,,,,
1970,Regular,1,19,1.19,19.0,BAL,dodgerdon,Al Fitzmorris,P,1,Named selection,https://www.whatifsports.com/forums/Posts.aspx?topicID=529618&page=1,False,19,19,baltimore,posted holder notation,baltimore,dodgerdon,posted draft notation; original order not separately captured,20,False,False,True,True,,,,
1970,Regular,1,20,1.20,20.0,KC,nockahoma,Jerry Morales,OF,1,Named selection,https://www.whatifsports.com/forums/Posts.aspx?topicID=529618&page=1,False,20,20,kansas-city,posted holder notation,kansas-city,nockahoma,posted draft notation; original order not separately captured,20,False,False,True,True,,,,
1971,Regular,1,1,1.1,1.0,PIT from DET,coldfoot,Darrell Evans,3B,1,Named selection,https://www.whatifsports.com/forums/Posts.aspx?topicID=530794&page=1,False,1,1,pittsburg,posted holder notation,detroit,harrelson,published original draft order,20,True,True,False,False,,,,
1971,Regular,1,2,1.2,2.0,STL,kermit,Toby Harrah,SS,1,Named selection,https://www.whatifsports.com/forums/Posts.aspx?topicID=530794&page=1,False,2,2,st-louis,posted holder notation,st-louis,kermit,published original draft order,20,True,True,False,False,,,,
1971,Regular,1,3,1.3,3.0,PHI,cpdpoet,Jon Matlock,P,1,Named selection,https://www.whatifsports.com/forums/Posts.aspx?topicID=530794&page=1,False,3,3,philly,posted holder notation,philly,cpdpoet,published original draft order,20,True,True,False,False,,,,
1971,Regular,1,4,1.4,4.0,CIN,fire13,Ken Forsch,P,1,Named selection,https://www.whatifsports.com/forums/Posts.aspx?topicID=530794&page=1,False,4,4,cincinnati-la,posted holder notation,cincinnati-la,fire13,published original draft order,20,True,True,False,False,,,,
1971,Regular,1,5,1.5,5.0,New York Eagles,just4me,Chris Speier,SS,1,Named selection,https://www.whatifsports.com/forums/Posts.aspx?topicID=530794&page=1,False,5,5,new-york-eagles,posted holder notation,texas,frazzman80,published original draft order,20,True,True,False,False,,,,
1971,Regular,1,6,1.6,6.0,HOU,txelvis,Darrell Porter,C,1,Named selection,https://www.whatifsports.com/forums/Posts.aspx?topicID=530794&page=1,False,6,6,houston,posted holder notation,houston,txelvis,published original draft order,20,False,True,False,False,,,,
1971,Regular,1,7,1.7,7.0,DET from PIT,harrelson,George Foster,OF,1,Named selection,https://www.whatifsports.com/forums/Posts.aspx?topicID=530794&page=1,False,7,7,detroit,posted holder notation,pittsburg,coldfoot,published original draft order,20,False,True,False,False,,,,
1971,Regular,1,8,1.8,8.0,BRK from NYE,chargingryno,Paul Splittorff,P,1,Named selection,https://www.whatifsports.com/forums/Posts.aspx?topicID=530794&page=1,False,8,8,thunderbears,posted holder notation,new-york-eagles,just4me,published original draft order,20,False,True,False,False,,,,
1971,Regular,1,9,1.9,9.0,PIT from KCM,coldfoot,Dusty Baker,OF,1,Named selection,https://www.whatifsports.com/forums/Posts.aspx?topicID=530794&page=1,False,9,9,pittsburg,posted holder notation,kansas-city,poppapomp,published original draft order,20,False,True,False,False,,,,
1971,Regular,1,10,1.10,10.0,LOM,dbrom,Doyle Alexander,P,1,Named selection,https://www.whatifsports.com/forums/Posts.aspx?topicID=530794&page=1,False,10,10,milwaukee,posted holder notation,milwaukee,dbrom,published original draft order,20,False,True,False,False,,,,
1971,Regular,1,11,1.11,11.0,WAS from BOS,frazzman80,Jim Barr,P,1,Named selection,https://www.whatifsports.com/forums/Posts.aspx?topicID=530794&page=1,False,11,11,texas,posted holder notation,boston,eddiedzen,published original draft order,20,False,False,False,True,,,,
1971,Regular,1,12,1.12,12.0,GB from SOC,ooooohdoggie,Greg Luzinski,1B,1,Named selection,https://www.whatifsports.com/forums/Posts.aspx?topicID=530794&page=1,False,12,12,georgia-minnesota,posted holder notation,socal-newark,crustydoc,published original draft order,20,False,False,False,True,,,,
1971,Regular,1,13,1.13,13.0,CLE,strubrosii,George Hendrick,OF,1,Named selection,https://www.whatifsports.com/forums/Posts.aspx?topicID=530794&page=1,False,13,13,new-york-times,posted holder notation,new-york-times,strubrosii,published original draft order,20,False,False,False,True,,,,
1971,Regular,1,14,1.14,14.0,LAK,jmarino2,Willie Montanez,OF,1,Named selection,https://www.whatifsports.com/forums/Posts.aspx?topicID=530794&page=1,False,14,14,montreal,posted holder notation,montreal,jmarino2,published original draft order,20,False,False,False,True,,,,
1971,Regular,1,15,1.15,15.0,BAL,dodgerdon,Jim Slaton,P,1,Named selection,https://www.whatifsports.com/forums/Posts.aspx?topicID=530794&page=1,False,15,15,baltimore,posted holder notation,baltimore,dodgerdon,published original draft order,20,False,False,False,True,,,,
1971,Regular,1,16,1.16,16.0,SEA,chrondon84,Ross Grimsley,P,1,Named selection,https://www.whatifsports.com/forums/Posts.aspx?topicID=530794&page=1,False,16,16,oakland,posted holder notation,oakland,chrondon84,published original draft order,20,False,False,True,True,,,,
1971,Regular,1,17,1.17,17.0,NYN,n4ser,Jeff Burroughs,OF,1,Named selection,https://www.whatifsports.com/forums/Posts.aspx?topicID=530794&page=1,False,17,17,new-york-nationals,posted holder notation,new-york-nationals,n4ser,published original draft order,20,False,False,True,True,,,,
1971,Regular,1,18,1.18,18.0,SD,epup1975,Jose Cruz,OF,1,Named selection,https://www.whatifsports.com/forums/Posts.aspx?topicID=530794&page=1,False,18,18,quake,posted holder notation,quake,epup1975,published original draft order,20,False,False,True,True,,,,
1971,Regular,1,19,1.19,19.0,"BOS from BRK, by WAS",eddiedzen,Joe Ferguson,C,1,Named selection,https://www.whatifsports.com/forums/Posts.aspx?topicID=530794&page=1,False,19,19,boston,posted holder notation,thunderbears,chargingryno,published original draft order,20,False,False,True,True,,,,
1971,Regular,1,20,1.20,20.0,GB,ooooohdoggie,Mickey Rivers,OF,1,Named selection,https://www.whatifsports.com/forums/Posts.aspx?topicID=530794&page=1,False,20,20,georgia-minnesota,posted holder notation,georgia-minnesota,ooooohdoggie,published original draft order,20,False,False,True,True,,,,
1972,Regular,1,1,1.1,1.0,DET,harrelson,Burt Hooten,P,1,Named selection,https://www.whatifsports.com/forums/Posts.aspx?topicID=531964&page=1,False,1,1,detroit,posted holder notation,detroit,harrelson,published original draft order,20,True,True,False,False,,,,
1972,Regular,1,2,1.2,2.0,BOS,eddiedzen,Buddy Bell,OF,1,Named selection,https://www.whatifsports.com/forums/Posts.aspx?topicID=531964&page=1,False,2,2,boston,posted holder notation,boston,eddiedzen,published original draft order,20,True,True,False,False,,,,
1972,Regular,1,3,1.3,3.0,"BAL from NYE, VIA CHI",dodgerdon,Carlton Fisk,C,1,Named selection,https://www.whatifsports.com/forums/Posts.aspx?topicID=531964&page=1,False,3,3,baltimore,posted holder notation,new-york-eagles,just4me,published original draft order,20,True,True,False,False,,,,
1972,Regular,1,4,1.4,4.0,"GB from CIN, VIA NNY, CHI",ooooohdoggie,Rick Reuschel,P,1,Named selection,https://www.whatifsports.com/forums/Posts.aspx?topicID=531964&page=1,False,4,4,georgia-minnesota,posted holder notation,cincinnati-la,fire13,published original draft order,20,True,True,False,False,"reviewed original position, dated NNY alias and confirmed contract chronology",False,"Original #4 belongs to CIN. The final board lists CHI and NNY as intermediates. On March 13, 2022, Brooklyn/Chicago sends the CIN first to Cleveland/Trentonjoe (confirmed post 12252247). On March 16 Georgia sends its 1972 and 1973 firsts to Trentonjoe for his held 1972 first (12253571); the final #4 selecting club is Georgia. These sources establish CIN→CHI→NYT→Georgia, reversing the comma-separated intermediate list as required by those dated receipts. The original CIN→CHI transaction date itself has not been established here.",12252247|12253571
1972,Regular,1,5,1.5,5.0,HOU,txelvis,Dwight Evans,OF,1,Named selection,https://www.whatifsports.com/forums/Posts.aspx?topicID=531964&page=1,False,5,5,houston,posted holder notation,houston,txelvis,published original draft order,20,True,True,False,False,,,,
1972,Regular,1,6,1.6,6.0,PHI,cpdpoet,Garry Maddox,OF,1,Named selection,https://www.whatifsports.com/forums/Posts.aspx?topicID=531964&page=1,False,6,6,philly,posted holder notation,philly,cpdpoet,published original draft order,20,False,True,False,False,,,,
1972,Regular,1,7,1.7,7.0,SD,epup1975,Jim Bibby,P,1,Named selection,https://www.whatifsports.com/forums/Posts.aspx?topicID=531964&page=1,False,7,7,quake,posted holder notation,quake,epup1975,published original draft order,20,False,True,False,False,,,,
1972,Regular,1,8,1.8,8.0,STL,kermit,Rich Gossage,P,1,Named selection,https://www.whatifsports.com/forums/Posts.aspx?topicID=531964&page=1,False,8,8,st-louis,posted holder notation,st-louis,kermit,published original draft order,20,False,True,False,False,,,,
1972,Regular,1,9,1.9,9.0,TEX,frazzman80,Jorge Orta,SS,1,Named selection,https://www.whatifsports.com/forums/Posts.aspx?topicID=531964&page=1,False,9,9,texas,posted holder notation,texas,frazzman80,published original draft order,20,False,True,False,False,,,,
1972,Regular,1,10,1.10,10.0,MIL,dbrom,Gary Matthews,OF,1,Named selection,https://www.whatifsports.com/forums/Posts.aspx?topicID=531964&page=1,False,10,10,milwaukee,posted holder notation,milwaukee,dbrom,published original draft order,20,False,True,False,False,,,,
1972,Regular,1,11,1.11,11.0,OAK,chrondon84,Dave Goltz,P,1,Named selection,https://www.whatifsports.com/forums/Posts.aspx?topicID=531964&page=1,False,11,11,oakland,posted holder notation,oakland,chrondon84,published original draft order,20,False,False,False,True,,,,
1972,Regular,1,12,1.12,12.0,CHI FROM BAL,chargingryno,Don Baylor,OF,1,Named selection,https://www.whatifsports.com/forums/Posts.aspx?topicID=531964&page=1,False,12,12,thunderbears,posted holder notation,baltimore,dodgerdon,published original draft order,20,False,False,False,True,,,,
1972,Regular,1,13,1.13,13.0,SOC,crustydoc,Bob Boone,C,1,Named selection,https://www.whatifsports.com/forums/Posts.aspx?topicID=531964&page=1,False,13,13,socal-newark,posted holder notation,socal-newark,crustydoc,published original draft order,20,False,False,False,True,,,,
1972,Regular,1,14,1.14,14.0,NYN,n4ser,Dick Tidrow,P,1,Named selection,https://www.whatifsports.com/forums/Posts.aspx?topicID=531964&page=1,False,14,14,new-york-nationals,posted holder notation,new-york-nationals,n4ser,published original draft order,20,False,False,False,True,,,,
1972,Regular,1,15,1.15,15.0,NNY,trentonjoe,Billy North,OF,1,Named selection,https://www.whatifsports.com/forums/Posts.aspx?topicID=531964&page=1,False,15,15,new-york-times,posted holder notation,new-york-times,trentonjoe,published original draft order,20,False,False,False,True,,,,
1972,Regular,1,16,1.16,16.0,PIT,coldfoot,Ben Oglivie,OF,1,Named selection,https://www.whatifsports.com/forums/Posts.aspx?topicID=531964&page=1,False,16,16,pittsburg,posted holder notation,pittsburg,coldfoot,published original draft order,20,False,False,True,True,,,,
1972,Regular,1,17,1.17,17.0,CHI,chargingryno,Steve Busby,P,1,Named selection,https://www.whatifsports.com/forums/Posts.aspx?topicID=531964&page=1,False,17,17,thunderbears,posted holder notation,thunderbears,chargingryno,published original draft order,20,False,False,True,True,,,,
1972,Regular,1,18,1.18,18.0,PIT from SF,coldfoot,Steve Yeager,C,1,Named selection,https://www.whatifsports.com/forums/Posts.aspx?topicID=531964&page=1,False,18,18,pittsburg,posted holder notation,montreal,jmarino2,published original draft order,20,False,False,True,True,,,,
1972,Regular,1,19,1.19,19.0,"SOC from GB, VIA NNY",crustydoc,Doug Rau,P,1,Named selection,https://www.whatifsports.com/forums/Posts.aspx?topicID=531964&page=1,False,19,19,socal-newark,posted holder notation,georgia-minnesota,ooooohdoggie,published original draft order,20,False,False,True,True,"reviewed original position, dated NNY alias and confirmed contract chronology",False,"Georgia's 1972 first (#19 in the published original order) goes to Trentonjoe in confirmed post 12253571 on March 16, 2022. New York/Trentonjoe then sends the #19 and #25 selections to SoCal for Bob Boone in confirmed post 12255387 on March 19. The final board SOC from GB, VIA NNY refers to Georgia→NYT→SoCal; NNY is the dated Trentonjoe NYT club.",12253571|12255387
1972,Regular,1,20,1.20,20.0,KC,fire13,Mike Caldwell,P,1,Named selection,https://www.whatifsports.com/forums/Posts.aspx?topicID=531964&page=1,False,20,20,kansas-city,posted holder notation,kansas-city,fire13,published original draft order,20,False,False,True,True,,,,
1973,Regular,1,1,1.1,1.0,CHC,chargingryno,Mike Schmidt,3B,1,Named selection,https://www.whatifsports.com/forums/Posts.aspx?topicID=533118&page=1,False,1,1,thunderbears,posted holder notation,thunderbears,chargingryno,published original draft order,20,True,True,False,False,,,,
1973,Regular,1,2,1.2,2.0,STL,kermit,Steve Rogers,P,1,Named selection,https://www.whatifsports.com/forums/Posts.aspx?topicID=533118&page=1,False,2,2,st-louis,posted holder notation,st-louis,kermit,published original draft order,20,True,True,False,False,,,,
1973,Regular,1,3,1.3,3.0,TEX from CIN,frazzman80,Frank Tanana,P,1,Named selection,https://www.whatifsports.com/forums/Posts.aspx?topicID=533118&page=1,False,3,3,texas,posted holder notation,cincinnati-la,fire13,published original draft order,20,True,True,False,False,,,,
1973,Regular,1,4,1.4,4.0,CIN from TEX,fire13,JR Richard,P,1,Named selection,https://www.whatifsports.com/forums/Posts.aspx?topicID=533118&page=1,False,4,4,cincinnati-la,posted holder notation,texas,frazzman80,published original draft order,20,True,True,False,False,,,,
1973,Regular,1,5,1.5,5.0,NYT,trentonjoe,Ron Cey,3B,1,Named selection,https://www.whatifsports.com/forums/Posts.aspx?topicID=533118&page=1,False,5,5,new-york-times,posted holder notation,new-york-times,trentonjoe,published original draft order,20,True,True,False,False,,,,
1973,Regular,1,6,1.6,6.0,NYE from SOC,just4me,Randy Jones,P,1,Named selection,https://www.whatifsports.com/forums/Posts.aspx?topicID=533118&page=1,False,6,6,new-york-eagles,posted holder notation,socal-newark,crustydoc,published original draft order,20,False,True,False,False,,,,
1973,Regular,1,7,1.7,7.0,BOS,eddiedzen,Dave Winfield,OF,1,Named selection,https://www.whatifsports.com/forums/Posts.aspx?topicID=533118&page=1,False,7,7,boston,posted holder notation,boston,eddiedzen,published original draft order,20,False,True,False,False,,,,
1973,Regular,1,8,1.8,8.0,KCM,fire13,Charlie Hough,P,1,Named selection,https://www.whatifsports.com/forums/Posts.aspx?topicID=533118&page=1,False,8,8,kansas-city,posted holder notation,kansas-city,fire13,published original draft order,20,False,True,False,False,,,,
1973,Regular,1,9,1.9,9.0,HOU,txelvis,Bill Madlock,3B,1,Named selection,https://www.whatifsports.com/forums/Posts.aspx?topicID=533118&page=1,False,9,9,houston,posted holder notation,houston,txelvis,published original draft order,20,False,True,False,False,,,,
1973,Regular,1,10,1.10,10.0,DET,harrelson,Dave Parker,OF,1,Named selection,https://www.whatifsports.com/forums/Posts.aspx?topicID=533118&page=1,False,10,10,detroit,posted holder notation,detroit,harrelson,published original draft order,20,False,True,False,False,,,,
1973,Regular,1,11,1.11,11.0,PHI,cpdpoet,Davey Lopes,2B,1,Named selection,https://www.whatifsports.com/forums/Posts.aspx?topicID=533118&page=1,False,11,11,philly,posted holder notation,philly,cpdpoet,published original draft order,20,False,False,False,True,,,,
1973,Regular,1,12,1.12,12.0,PIT,coldfoot,Richie Zisk,OF,1,Named selection,https://www.whatifsports.com/forums/Posts.aspx?topicID=533118&page=1,False,12,12,pittsburg,posted holder notation,pittsburg,coldfoot,published original draft order,20,False,False,False,True,,,,
1973,Regular,1,13,1.13,13.0,NYE,just4me,Gene Garber,P,1,Named selection,https://www.whatifsports.com/forums/Posts.aspx?topicID=533118&page=1,False,13,13,new-york-eagles,posted holder notation,new-york-eagles,just4me,published original draft order,20,False,False,False,True,,,,
1973,Regular,1,14,1.14,14.0,MIL,dbrom,Ken Griffy Sr.,,1,Named selection,https://www.whatifsports.com/forums/Posts.aspx?topicID=533118&page=1,False,14,14,milwaukee,posted holder notation,milwaukee,dbrom,published original draft order,20,False,False,False,True,,,,
1973,Regular,1,15,1.15,15.0,CHC from SF,chargingryno,Gorman Thomas,OF,1,Named selection,https://www.whatifsports.com/forums/Posts.aspx?topicID=533118&page=1,False,15,15,thunderbears,posted holder notation,montreal,jmarino2,published original draft order,20,False,False,False,True,,,,
1973,Regular,1,16,1.16,16.0,NYN,n4ser,Doc Medich,P,1,Named selection,https://www.whatifsports.com/forums/Posts.aspx?topicID=533118&page=1,False,16,16,new-york-nationals,posted holder notation,new-york-nationals,n4ser,published original draft order,20,False,False,True,True,,,,
1973,Regular,1,17,1.17,17.0,OAK,chrondon84,Frank White,SS,1,Named selection,https://www.whatifsports.com/forums/Posts.aspx?topicID=533118&page=1,False,17,17,oakland,posted holder notation,oakland,chrondon84,published original draft order,20,False,False,True,True,,,,
1973,Regular,1,18,1.18,18.0,"NYT from BAL, via CHC",trentonjoe,Cecil Cooper,1B,1,Named selection,https://www.whatifsports.com/forums/Posts.aspx?topicID=533118&page=1,False,18,18,new-york-times,posted holder notation,baltimore,dodgerdon,published original draft order,20,False,False,True,True,,,,
1973,Regular,1,19,1.19,19.0,PIT from SD,coldfoot,Brian Downing,OF,1,Named selection,https://www.whatifsports.com/forums/Posts.aspx?topicID=533118&page=1,False,19,19,pittsburg,posted holder notation,quake,epup1975,published original draft order,20,False,False,True,True,,,,
1973,Regular,1,20,1.20,20.0,"BOS from GB, via NYT",eddiedzen,Doug Bird,P,1,Named selection,https://www.whatifsports.com/forums/Posts.aspx?topicID=533118&page=1,False,20,20,boston,posted holder notation,georgia-minnesota,ooooohdoggie,published original draft order,20,False,False,True,True,,,,
1974,Regular,1,1,1.1,1.0,NYT,trentonjoe,George Brett,3B,1,Named selection,https://www.whatifsports.com/forums/Posts.aspx?topicID=534256&page=1,False,1,1,new-york-times,posted holder notation,new-york-times,trentonjoe,published original draft order,20,True,True,False,False,,,,
1974,Regular,1,2,1.2,2.0,BOS,eddiedzen,Robin Yount,SS,1,Named selection,https://www.whatifsports.com/forums/Posts.aspx?topicID=534256&page=1,False,2,2,boston,posted holder notation,boston,eddiedzen,published original draft order,20,True,True,False,False,,,,
1974,Regular,1,3,1.3,3.0,TEX,frazzman80,Jim Rice,OF,1,Named selection,https://www.whatifsports.com/forums/Posts.aspx?topicID=534256&page=1,False,3,3,texas,posted holder notation,texas,frazzman80,published original draft order,20,True,True,False,False,,,,
1974,Regular,1,4,1.4,4.0,NYT via PHI,trentonjoe,Bob Forsch,P,1,Named selection,https://www.whatifsports.com/forums/Posts.aspx?topicID=534256&page=1,False,4,4,new-york-times,posted holder notation,philly,cpdpoet,published original draft order,20,True,True,False,False,,,,
1974,Regular,1,5,1.5,5.0,BAL,dodgerdon,Ed Figueroa,P,1,Named selection,https://www.whatifsports.com/forums/Posts.aspx?topicID=534256&page=1,False,5,5,baltimore,posted holder notation,baltimore,dodgerdon,published original draft order,20,True,True,False,False,,,,
1974,Regular,1,6,1.6,6.0,DET,harrelson,Ed Halicki,P,1,Named selection,https://www.whatifsports.com/forums/Posts.aspx?topicID=534256&page=1,False,6,6,detroit,posted holder notation,detroit,harrelson,published original draft order,20,False,True,False,False,,,,
1974,Regular,1,7,1.7,7.0,CIN,fire13,Mike Hargrove,1B,1,Named selection,https://www.whatifsports.com/forums/Posts.aspx?topicID=534256&page=1,False,7,7,cincinnati-la,posted holder notation,cincinnati-la,fire13,published original draft order,20,False,True,False,False,,,,
1974,Regular,1,8,1.8,8.0,HOU,txelvis,Rick Burleson,SS,1,Named selection,https://www.whatifsports.com/forums/Posts.aspx?topicID=534256&page=1,False,8,8,houston,posted holder notation,houston,txelvis,published original draft order,20,False,True,False,False,,,,
1974,Regular,1,9,1.9,9.0,DET via SF,harrelson,John Montefusco,P,1,Named selection,https://www.whatifsports.com/forums/Posts.aspx?topicID=534256&page=1,False,9,9,detroit,posted holder notation,montreal,jmarino2,published original draft order,20,False,True,False,False,,,,
1974,Regular,1,10,1.10,10.0,MIL,dbrom,Larry Parrish,3B,1,Named selection,https://www.whatifsports.com/forums/Posts.aspx?topicID=534256&page=1,False,10,10,milwaukee,posted holder notation,milwaukee,dbrom,published original draft order,20,False,True,False,False,,,,
1974,Regular,1,11,1.11,11.0,SOC via NYE,crustydoc,Geoff Zahn,P,1,Named selection,https://www.whatifsports.com/forums/Posts.aspx?topicID=534256&page=1,False,11,11,socal-newark,posted holder notation,new-york-eagles,just4me,published original draft order,20,False,False,False,True,,,,
1974,Regular,1,12,1.12,12.0,STL,kermit,Jim Sundberg,C,1,Named selection,https://www.whatifsports.com/forums/Posts.aspx?topicID=534256&page=1,False,12,12,st-louis,posted holder notation,st-louis,kermit,published original draft order,20,False,False,False,True,,,,
1974,Regular,1,13,1.13,13.0,KCM,fire13,Wayne Garland,P,1,Named selection,https://www.whatifsports.com/forums/Posts.aspx?topicID=534256&page=1,False,13,13,kansas-city,posted holder notation,kansas-city,fire13,published original draft order,20,False,False,False,True,,,,
1974,Regular,1,14,1.14,14.0,PHI via CHI,cpdpoet,Craig Swan,P,1,Named selection,https://www.whatifsports.com/forums/Posts.aspx?topicID=534256&page=1,False,14,14,philly,posted holder notation,thunderbears,chargingryno,published original draft order,20,False,False,False,True,,,,
1974,Regular,1,15,1.15,15.0,NYN via PIT,n4ser,Enos Cabell,1B,1,Named selection,https://www.whatifsports.com/forums/Posts.aspx?topicID=534256&page=1,False,15,15,new-york-nationals,posted holder notation,pittsburg,coldfoot,published original draft order,20,False,False,False,True,,,,
1974,Regular,1,16,1.16,16.0,SOC,crustydoc,Ron Leflore,OF,1,Named selection,https://www.whatifsports.com/forums/Posts.aspx?topicID=534256&page=1,False,16,16,socal-newark,posted holder notation,socal-newark,crustydoc,published original draft order,20,False,False,True,True,,,,
1974,Regular,1,17,1.17,17.0,NYN,n4ser,Andre Thornton,1B,1,Named selection,https://www.whatifsports.com/forums/Posts.aspx?topicID=534256&page=1,False,17,17,new-york-nationals,posted holder notation,new-york-nationals,n4ser,published original draft order,20,False,False,True,True,,,,
1974,Regular,1,18,1.18,18.0,OAK,chrondon84,Cliff Johnson,C,1,Named selection,https://www.whatifsports.com/forums/Posts.aspx?topicID=534256&page=1,False,18,18,oakland,posted holder notation,oakland,chrondon84,published original draft order,20,False,False,True,True,,,,
1974,Regular,1,19,1.19,19.0,SD,epup1975,Claudell Washington,DH,1,Named selection,https://www.whatifsports.com/forums/Posts.aspx?topicID=534256&page=1,False,19,19,quake,posted holder notation,quake,epup1975,published original draft order,20,False,False,True,True,,,,
1974,Regular,1,20,1.20,20.0,GB,ooooohdoggie,Bruce Bochte,OF,1,Named selection,https://www.whatifsports.com/forums/Posts.aspx?topicID=534256&page=1,False,20,20,georgia-minnesota,posted holder notation,georgia-minnesota,ooooohdoggie,published original draft order,20,False,False,True,True,,,,
1975,Regular,1,1,1.1,1.0,BOS,eddiedzen,Keith Hernandez,1B,1,Named selection,https://www.whatifsports.com/forums/Posts.aspx?topicID=535392&page=1,False,1,1,boston,posted holder notation,boston,eddiedzen,published original draft order,20,True,True,False,False,,,,
1975,Regular,1,2,1.2,2.0,NYT,trentonjoe,Dennis Eckersley,P,1,Named selection,https://www.whatifsports.com/forums/Posts.aspx?topicID=535392&page=1,False,2,2,new-york-times,posted holder notation,new-york-times,trentonjoe,published original draft order,20,True,True,False,False,,,,
1975,Regular,1,3,1.3,3.0,CHI,chargingryno,Gary Carter,OF,1,Named selection,https://www.whatifsports.com/forums/Posts.aspx?topicID=535392&page=1,False,3,3,thunderbears,posted holder notation,thunderbears,chargingryno,published original draft order,20,True,True,False,False,,,,
1975,Regular,1,4,1.4,4.0,STL,kermit,Willie Randolph,2B,1,Named selection,https://www.whatifsports.com/forums/Posts.aspx?topicID=535392&page=1,False,4,4,st-louis,posted holder notation,st-louis,kermit,published original draft order,20,True,True,False,False,,,,
1975,Regular,1,5,1.5,5.0,CIN,fire13,Kent Tekulve,P,1,Named selection,https://www.whatifsports.com/forums/Posts.aspx?topicID=535392&page=1,False,5,5,cincinnati-la,posted holder notation,cincinnati-la,fire13,published original draft order,20,True,True,False,False,,,,
1975,Regular,1,6,1.6,6.0,KCM,fire13,John Candelaria,P,1,Named selection,https://www.whatifsports.com/forums/Posts.aspx?topicID=535392&page=1,False,6,6,kansas-city,posted holder notation,kansas-city,fire13,published original draft order,20,False,True,False,False,,,,
1975,Regular,1,7,1.7,7.0,DET,harrelson,Fred Lynn,OF,1,Named selection,https://www.whatifsports.com/forums/Posts.aspx?topicID=535392&page=1,False,7,7,detroit,posted holder notation,detroit,harrelson,published original draft order,20,False,True,False,False,,,,
1975,Regular,1,8,1.8,8.0,BAL,dodgerdon,Doug Decines,3B,1,Named selection,https://www.whatifsports.com/forums/Posts.aspx?topicID=535392&page=1,False,8,8,baltimore,posted holder notation,baltimore,dodgerdon,published original draft order,20,False,True,False,False,,,,
1975,Regular,1,9,1.9,9.0,TEX,frazzman80,Dennis Leonard,P,1,Named selection,https://www.whatifsports.com/forums/Posts.aspx?topicID=535392&page=1,False,9,9,texas,posted holder notation,texas,frazzman80,published original draft order,20,False,True,False,False,,,,
1975,Regular,1,10,1.10,10.0,MIL,dbrom,Rick Rhoden,P,1,Named selection,https://www.whatifsports.com/forums/Posts.aspx?topicID=535392&page=1,False,10,10,milwaukee,posted holder notation,milwaukee,dbrom,published original draft order,20,False,True,False,False,,,,
1975,Regular,1,11,1.11,11.0,PIT,coldfoot,Roy Smalley,SS,1,Named selection,https://www.whatifsports.com/forums/Posts.aspx?topicID=535392&page=1,False,11,11,pittsburg,posted holder notation,pittsburg,coldfoot,published original draft order,20,False,False,False,True,,,,
1975,Regular,1,12,1.12,12.0,NYT from PIT via MON,trentonjoe,Manny Trillo,2B,1,Named selection,https://www.whatifsports.com/forums/Posts.aspx?topicID=535392&page=1,False,12,12,new-york-times,posted holder notation,montreal,ff09,published original draft order,20,False,False,False,True,published original order resolves from/via convention,,,
1975,Regular,1,13,1.13,13.0,HOU,txelvis,Phil Garner,2B,1,Named selection,https://www.whatifsports.com/forums/Posts.aspx?topicID=535392&page=1,False,13,13,houston,posted holder notation,houston,txelvis,published original draft order,20,False,False,False,True,,,,
1975,Regular,1,14,1.14,14.0,NYE,just4me,Craig Reynolds,SS,1,Named selection,https://www.whatifsports.com/forums/Posts.aspx?topicID=535392&page=1,False,14,14,new-york-eagles,posted holder notation,new-york-eagles,just4me,published original draft order,20,False,False,False,True,,,,
1975,Regular,1,15,1.15,15.0,GB from PHI via CHI,ooooohdoggie,John Denny,P,1,Named selection,https://www.whatifsports.com/forums/Posts.aspx?topicID=535392&page=1,False,15,15,georgia-minnesota,posted holder notation,philly,cpdpoet,published original draft order,20,False,False,False,True,,,,
1975,Regular,1,16,1.16,16.0,OAK,chrondon84,Ivan DeJesus,SS,1,Named selection,https://www.whatifsports.com/forums/Posts.aspx?topicID=535392&page=1,False,16,16,oakland,posted holder notation,oakland,chrondon84,published original draft order,20,False,False,True,True,,,,
1975,Regular,1,17,1.17,17.0,SOC,crustydoc,Gary Lavelle,P,1,Named selection,https://www.whatifsports.com/forums/Posts.aspx?topicID=535392&page=1,False,17,17,socal-newark,posted holder notation,socal-newark,crustydoc,published original draft order,20,False,False,True,True,,,,
1975,Regular,1,18,1.18,18.0,CHI via NYN,chargingryno,Jim Kern,P,1,Named selection,https://www.whatifsports.com/forums/Posts.aspx?topicID=535392&page=1,False,18,18,thunderbears,posted holder notation,new-york-nationals,n4ser,published original draft order,20,False,False,True,True,,,,
1975,Regular,1,19,1.19,19.0,BAL from PIT via SD,dodgerdon,Dan Ford,OF,1,Named selection,https://www.whatifsports.com/forums/Posts.aspx?topicID=535392&page=1,False,19,19,baltimore,posted holder notation,quake,epup1975,published original draft order,20,False,False,True,True,published original order resolves from/via convention,,,
1975,Regular,1,20,1.20,20.0,CHI via GB,chargingryno,Lyman Bostock,OF,1,Named selection,https://www.whatifsports.com/forums/Posts.aspx?topicID=535392&page=1,False,20,20,thunderbears,posted holder notation,georgia-minnesota,ooooohdoggie,published original draft order,20,False,False,True,True,,,,
1976,Regular,1,1,1.1,1.0,OAK,chrondon84,Dennis Martinez,P,1,Named selection,https://www.whatifsports.com/forums/Posts.aspx?topicID=536409&page=1,False,1,1,oakland,posted holder notation,oakland,chrondon84,published original draft order,20,True,True,False,False,,,,
1976,Regular,1,2,1.2,2.0,PIT,coldfoot,Garry Templeton,SS,1,Named selection,https://www.whatifsports.com/forums/Posts.aspx?topicID=536409&page=1,False,2,2,pittsburg,posted holder notation,pittsburg,coldfoot,published original draft order,20,True,True,False,False,,,,
1976,Regular,1,3,1.3,3.0,CIN,fire13,Bruce Sutter,P,1,Named selection,https://www.whatifsports.com/forums/Posts.aspx?topicID=536409&page=1,False,3,3,cincinnati-la,posted holder notation,cincinnati-la,fire13,published original draft order,20,True,True,False,False,,,,
1976,Regular,1,4,1.4,4.0,STL,kermit,Andre Dawson,OF,1,Named selection,https://www.whatifsports.com/forums/Posts.aspx?topicID=536409&page=1,False,4,4,st-louis,posted holder notation,st-louis,kermit,published original draft order,20,True,True,False,False,,,,
1976,Regular,1,5,1.5,5.0,NYE,just4me,Joaquin Andujar,P,1,Named selection,https://www.whatifsports.com/forums/Posts.aspx?topicID=536409&page=1,False,5,5,new-york-eagles,posted holder notation,new-york-eagles,just4me,published original draft order,20,True,True,False,False,,,,
1976,Regular,1,6,1.6,6.0,BAL from CHI via NYE,dodgerdon,Mike Flanagan,P,1,Named selection,https://www.whatifsports.com/forums/Posts.aspx?topicID=536409&page=1,False,6,6,baltimore,posted holder notation,thunderbears,chargingryno,published original draft order,20,False,True,False,False,,,,
1976,Regular,1,7,1.7,7.0,PHI,cpdpoet,Bob Knepper,P,1,Named selection,https://www.whatifsports.com/forums/Posts.aspx?topicID=536409&page=1,False,7,7,philly,posted holder notation,philly,cpdpoet,published original draft order,20,False,True,False,False,,,,
1976,Regular,1,8,1.8,8.0,PIT from MIL,coldfoot,Chet Lemon,OF,1,Named selection,https://www.whatifsports.com/forums/Posts.aspx?topicID=536409&page=1,False,8,8,pittsburg,posted holder notation,milwaukee,dbrom,published original draft order,20,False,True,False,False,,,,
1976,Regular,1,9,1.9,9.0,BOS,eddiedzen,Jack Clark,OF,1,Named selection,https://www.whatifsports.com/forums/Posts.aspx?topicID=536409&page=1,False,9,9,boston,posted holder notation,boston,eddiedzen,published original draft order,20,False,True,False,False,,,,
1976,Regular,1,10,1.10,10.0,MIL from NYT via PIT,dbrom,Joe Sambito,OF,1,Named selection,https://www.whatifsports.com/forums/Posts.aspx?topicID=536409&page=1,False,10,10,milwaukee,posted holder notation,new-york-times,trentonjoe,published original draft order,20,False,True,False,False,,,,
1976,Regular,1,11,1.11,11.0,DET,harrelson,Dale Murphy,C,1,Named selection,https://www.whatifsports.com/forums/Posts.aspx?topicID=536409&page=1,False,11,11,detroit,posted holder notation,detroit,harrelson,published original draft order,20,False,False,False,True,,,,
1976,Regular,1,12,1.12,12.0,PIT from TEX,coldfoot,Mark Fidrych,P,1,Named selection,https://www.whatifsports.com/forums/Posts.aspx?topicID=536409&page=1,False,12,12,pittsburg,posted holder notation,texas,frazzman80,published original draft order,20,False,False,False,True,,,,
1976,Regular,1,13,1.13,13.0,DET from HOU via PIT&CHI,harrelson,Pete Vuckovich,P,1,Named selection,https://www.whatifsports.com/forums/Posts.aspx?topicID=536409&page=1,False,13,13,detroit,posted holder notation,houston,txelvis,published original draft order,20,False,False,False,True,final posted club trail retained; differing immediate contract preserved separately,True,"The final 1976 board lists DET from HOU via PIT&CHI. Confirmed post 12419978 instead records Pittsburgh sending its held 1976 first (#13) directly to Detroit for Dale Murphy and Dave LaRoche, plus Sparky Lyle going to Detroit. Preserve that dated PIT→DET contract in the rights ledger and retain the final board's listed clubs separately. Neither a repeated transfer nor a precise order of every intermediate club is established by this combination.",12419978
1976,Regular,1,14,1.14,14.0,SD,epup1975,Jim Gantner,3B,1,Named selection,https://www.whatifsports.com/forums/Posts.aspx?topicID=536409&page=1,False,14,14,quake,posted holder notation,quake,epup1975,published original draft order,20,False,False,False,True,,,,
1976,Regular,1,15,1.15,15.0,KCM,fire13,Jason Thompson,1B,1,Named selection,https://www.whatifsports.com/forums/Posts.aspx?topicID=536409&page=1,False,15,15,kansas-city,posted holder notation,kansas-city,fire13,published original draft order,20,False,False,False,True,,,,
1976,Regular,1,16,1.16,16.0,SOC,crustydoc,Warren Cromartie,OF,1,Named selection,https://www.whatifsports.com/forums/Posts.aspx?topicID=536409&page=1,False,16,16,socal-newark,posted holder notation,socal-newark,crustydoc,published original draft order,20,False,False,True,True,,,,
1976,Regular,1,17,1.17,17.0,BAL,dodgerdon,Paul Hartzell,P,1,Named selection,https://www.whatifsports.com/forums/Posts.aspx?topicID=536409&page=1,False,17,17,baltimore,posted holder notation,baltimore,dodgerdon,published original draft order,20,False,False,True,True,,,,
1976,Regular,1,18,1.18,18.0,MON,ff09,Mike Norris,P,1,Named selection,https://www.whatifsports.com/forums/Posts.aspx?topicID=536409&page=1,False,18,18,montreal,posted holder notation,montreal,ff09,published original draft order,20,False,False,True,True,,,,
1976,Regular,1,19,1.19,19.0,GB,ooooohdoggie,Butch Wynegar,C,1,Named selection,https://www.whatifsports.com/forums/Posts.aspx?topicID=536409&page=1,False,19,19,georgia-minnesota,posted holder notation,georgia-minnesota,ooooohdoggie,published original draft order,20,False,False,True,True,,,,
1976,Regular,1,20,1.20,20.0,NYN,n4ser,Butch Hobson,3B,1,Named selection,https://www.whatifsports.com/forums/Posts.aspx?topicID=536409&page=1,False,20,20,new-york-nationals,posted holder notation,new-york-nationals,n4ser,published original draft order,20,False,False,True,True,,,,
1977,Regular,1,1,1.1,1.0,OAK,chrondon84,Ron Guidry,P,1,Named selection,https://www.whatifsports.com/forums/Posts.aspx?topicID=537508&page=1,False,1,1,oakland,posted holder notation,oakland,chrondon84,published original draft order,28,True,True,False,False,,,,
1977,Regular,1,1,1.1,25.0,SEA,pi_kapp,Enrique Romo,P,1,Named selection,https://www.whatifsports.com/forums/Posts.aspx?topicID=537508&page=1,False,25,25,seattle,posted holder notation,seattle,pi_kapp,posted draft notation; original order not separately captured,28,False,False,True,True,,,,
1977,Regular,1,2,1.2,2.0,CIN,fire13,Eddie Murray,DH,1,Named selection,https://www.whatifsports.com/forums/Posts.aspx?topicID=537508&page=1,False,2,2,cincinnati-la,posted holder notation,cincinnati-la,fire13,published original draft order,28,True,True,False,False,,,,
1977,Regular,1,2,1.2,26.0,CLE,kros2,Mitchell Page,OF,1,Named selection,https://www.whatifsports.com/forums/Posts.aspx?topicID=537508&page=1,False,26,26,cleveland,posted holder notation,cleveland,kros2,posted draft notation; original order not separately captured,28,False,False,True,True,,,,
1977,Regular,1,3,1.3,3.0,CHI via NYE,chargingryno,Jack Morris,P,1,Named selection,https://www.whatifsports.com/forums/Posts.aspx?topicID=537508&page=1,False,3,3,thunderbears,posted holder notation,new-york-eagles,just4me,published original draft order,28,True,True,False,False,,,,
1977,Regular,1,3,1.3,27.0,TOR,tedcogswell,Tom Hume,P,1,Named selection,https://www.whatifsports.com/forums/Posts.aspx?topicID=537508&page=1,False,27,27,toronto,posted holder notation,toronto,tedcogswell,posted draft notation; original order not separately captured,28,False,False,True,True,,,,
1977,Regular,1,4,1.4,4.0,CHI,chargingryno,Mario Soto,P,1,Named selection,https://www.whatifsports.com/forums/Posts.aspx?topicID=537508&page=1,False,4,4,thunderbears,posted holder notation,thunderbears,chargingryno,published original draft order,28,True,True,False,False,,,,
1977,Regular,1,4,1.4,28.0,CHC,wgasa,Julio Cruz,2B,1,Named selection,https://www.whatifsports.com/forums/Posts.aspx?topicID=537508&page=1,False,28,28,cornhuskers,posted holder notation,cornhuskers,wgasa,posted draft notation; original order not separately captured,28,False,False,True,True,,,,
1977,Regular,1,5,1.5,5.0,BOS,eddiedzen,Scott McGregor,P,1,Named selection,https://www.whatifsports.com/forums/Posts.aspx?topicID=537508&page=1,False,5,5,boston,posted holder notation,boston,eddiedzen,published original draft order,28,True,True,False,False,,,,
1977,Regular,1,6,1.6,6.0,NYT via MIL,trentonjoe,Rick Langford,P,1,Named selection,https://www.whatifsports.com/forums/Posts.aspx?topicID=537508&page=1,False,6,6,new-york-times,posted holder notation,milwaukee,dbrom,published original draft order,28,False,True,False,False,,,,
1977,Regular,1,7,1.7,7.0,PIT via CHC,coldfoot,Floyd Bannister,P,1,Named selection,https://www.whatifsports.com/forums/Posts.aspx?topicID=537508&page=1,False,7,7,pittsburg,posted holder notation,cornhuskers,wgasa,published original draft order,28,False,True,False,False,,,,
1977,Regular,1,8,1.8,8.0,TOR,tedcogswell,Mike Krukow,P,1,Named selection,https://www.whatifsports.com/forums/Posts.aspx?topicID=537508&page=1,False,8,8,toronto,posted holder notation,toronto,tedcogswell,published original draft order,28,False,True,False,False,,,,
1977,Regular,1,9,1.9,9.0,CLE,kros2,Jim Clancy,P,1,Named selection,https://www.whatifsports.com/forums/Posts.aspx?topicID=537508&page=1,False,9,9,cleveland,posted holder notation,cleveland,kros2,published original draft order,28,False,True,False,False,,,,
1977,Regular,1,10,1.10,10.0,SEA,pi_kapp,Moose Haas,P,1,Named selection,https://www.whatifsports.com/forums/Posts.aspx?topicID=537508&page=1,False,10,10,seattle,posted holder notation,seattle,pi_kapp,published original draft order,28,False,True,False,False,,,,
1977,Regular,1,11,1.11,11.0,DET,harrelson,Bump Wills,2B,1,Named selection,https://www.whatifsports.com/forums/Posts.aspx?topicID=537508&page=1,False,11,11,detroit,posted holder notation,detroit,harrelson,published original draft order,28,False,False,False,False,,,,
1977,Regular,1,12,1.12,12.0,CHC via NYT from PIT,wgasa,Lary Sorensen,P,1,Named selection,https://www.whatifsports.com/forums/Posts.aspx?topicID=537508&page=1,False,12,12,cornhuskers,posted holder notation,new-york-times,trentonjoe,published original draft order,28,False,False,False,False,published original order resolves from/via convention,,,
1977,Regular,1,13,1.13,13.0,STL,kermit,Bob Stanley,P,1,Named selection,https://www.whatifsports.com/forums/Posts.aspx?topicID=537508&page=1,False,13,13,st-louis,posted holder notation,st-louis,kermit,published original draft order,28,False,False,False,False,,,,
1977,Regular,1,14,1.14,14.0,NYE via KCM,just4me,Dave Rozema,P,1,Named selection,https://www.whatifsports.com/forums/Posts.aspx?topicID=537508&page=1,False,14,14,new-york-eagles,posted holder notation,kansas-city,fire13,published original draft order,28,False,False,False,False,,,,
1977,Regular,1,15,1.15,15.0,GB via PHI from BAL,chargingryno,Steve Kemp,OF,1,Named selection,https://www.whatifsports.com/forums/Posts.aspx?topicID=537508&page=1,False,15,15,georgia-minnesota,posted holder notation,philly,cpdpoet,published original draft order,28,False,False,False,False,published original order resolves from/via convention,,,
1977,Regular,1,16,1.16,16.0,TEX via PIT,frazzman80,Rick Honeycutt,P,1,Named selection,https://www.whatifsports.com/forums/Posts.aspx?topicID=537508&page=1,False,16,16,texas,posted holder notation,pittsburg,coldfoot,published original draft order,28,False,False,False,False,,,,
1977,Regular,1,17,1.17,17.0,HOU,txelvis,Len Barker,P,1,Named selection,https://www.whatifsports.com/forums/Posts.aspx?topicID=537508&page=1,False,17,17,houston,posted holder notation,houston,txelvis,published original draft order,28,False,False,False,False,,,,
1977,Regular,1,18,1.18,18.0,TEX,frazzman80,Dennis Lamp,P,1,Named selection,https://www.whatifsports.com/forums/Posts.aspx?topicID=537508&page=1,False,18,18,texas,posted holder notation,texas,frazzman80,published original draft order,28,False,False,False,False,,,,
1977,Regular,1,19,1.19,19.0,SOC,crustydoc,Terry Puhl,OF,1,Named selection,https://www.whatifsports.com/forums/Posts.aspx?topicID=537508&page=1,False,19,19,socal-newark,posted holder notation,socal-newark,crustydoc,published original draft order,28,False,False,False,True,,,,
1977,Regular,1,20,1.20,20.0,MON,ff09,Matt Keough,P,1,Named selection,https://www.whatifsports.com/forums/Posts.aspx?topicID=537508&page=1,False,20,20,montreal,posted holder notation,montreal,ff09,published original draft order,28,False,False,False,True,,,,
1977,Regular,1,21,1.21,21.0,NYE via SF,just4me,Willie Hernandez,P,1,Named selection,https://www.whatifsports.com/forums/Posts.aspx?topicID=537508&page=1,False,21,21,new-york-eagles,posted holder notation,quake,epup1975,published original draft order,28,False,False,False,True,,,,
1977,Regular,1,22,1.22,22.0,BAL,dodgerdon,Bob Bailor,OF,1,Named selection,https://www.whatifsports.com/forums/Posts.aspx?topicID=537508&page=1,False,22,22,baltimore,posted holder notation,baltimore,dodgerdon,published original draft order,28,False,False,False,True,,,,
1977,Regular,1,23,1.23,23.0,NYN,just4me,Bob Shirley,P,1,Named selection,https://www.whatifsports.com/forums/Posts.aspx?topicID=537508&page=1,False,23,23,new-york-nationals,posted holder notation,new-york-nationals,n4ser,published original draft order,28,False,False,False,True,,,,
1977,Regular,1,24,1.24,24.0,GB,chargingryno,Don Aase,P,1,Named selection,https://www.whatifsports.com/forums/Posts.aspx?topicID=537508&page=1,False,24,24,georgia-minnesota,posted holder notation,georgia-minnesota,chargingryno,published original draft order,28,False,False,True,True,,,,
1978,Regular,1,1,1.1,1.0,SEA via BOS,pi_kapp,Ozzie Smith,SS,1,Named selection,https://www.whatifsports.com/forums/Posts.aspx?topicID=538607&page=1,False,1,1,seattle,posted holder notation,boston,eddiedzen,published original draft order,24,True,True,False,False,,,,
1978,Regular,1,2,1.2,2.0,CHC,wgasa,Paul Molitor,2B,1,Named selection,https://www.whatifsports.com/forums/Posts.aspx?topicID=538607&page=1,False,2,2,cornhuskers,posted holder notation,cornhuskers,wgasa,published original draft order,24,True,True,False,False,,,,
1978,Regular,1,3,1.3,3.0,KCM,fire13,Lou Whitaker,2B,1,Named selection,https://www.whatifsports.com/forums/Posts.aspx?topicID=538607&page=1,False,3,3,kansas-city,posted holder notation,kansas-city,fire13,published original draft order,24,True,True,False,False,,,,
1978,Regular,1,4,1.4,4.0,NYT,trentonjoe,Alan Trammel,SS,1,Named selection,https://www.whatifsports.com/forums/Posts.aspx?topicID=538607&page=1,False,4,4,new-york-times,posted holder notation,new-york-times,trentonjoe,published original draft order,24,True,True,False,False,,,,
1978,Regular,1,5,1.5,5.0,BOS via SEA,eddiedzen,Bob Welch,P,1,Named selection,https://www.whatifsports.com/forums/Posts.aspx?topicID=538607&page=1,False,5,5,boston,posted holder notation,seattle,pi_kapp,published original draft order,24,True,True,False,False,,,,
1978,Regular,1,6,1.6,6.0,HOU,txelvis,Scott Sanderson,P,1,Named selection,https://www.whatifsports.com/forums/Posts.aspx?topicID=538607&page=1,False,6,6,houston,posted holder notation,houston,txelvis,published original draft order,24,False,True,False,False,,,,
1978,Regular,1,7,1.7,7.0,MIL,dbrom,Carney Lansford,3B,1,Named selection,https://www.whatifsports.com/forums/Posts.aspx?topicID=538607&page=1,False,7,7,milwaukee,posted holder notation,milwaukee,dbrom,published original draft order,24,False,True,False,False,,,,
1978,Regular,1,8,1.8,8.0,GAD via BAL,chargingryno,Lance Parrish,C,1,Named selection,https://www.whatifsports.com/forums/Posts.aspx?topicID=538607&page=1,False,8,8,georgia-minnesota,posted holder notation,baltimore,dodgerdon,published original draft order,24,False,True,False,False,,,,
1978,Regular,1,9,1.9,9.0,CIN,fire13,Willie Wilson,OF,1,Named selection,https://www.whatifsports.com/forums/Posts.aspx?topicID=538607&page=1,False,9,9,cincinnati-la,posted holder notation,cincinnati-la,fire13,published original draft order,24,False,True,False,False,,,,
1978,Regular,1,10,1.10,10.0,CLE,kros2,Bob Horner,3B,1,Named selection,https://www.whatifsports.com/forums/Posts.aspx?topicID=538607&page=1,False,10,10,cleveland,posted holder notation,cleveland,kros2,published original draft order,24,False,True,False,False,,,,
1978,Regular,1,11,1.11,11.0,TOR,tedcogswell,Ed Whitson,P,1,Named selection,https://www.whatifsports.com/forums/Posts.aspx?topicID=538607&page=1,False,11,11,toronto,posted holder notation,toronto,tedcogswell,published original draft order,24,False,False,False,False,,,,
1978,Regular,1,12,1.12,12.0,OAK,chrondon84,Larry McWilliams,P,1,Named selection,https://www.whatifsports.com/forums/Posts.aspx?topicID=538607&page=1,False,12,12,oakland,posted holder notation,oakland,chrondon84,published original draft order,24,False,False,False,False,,,,
1978,Regular,1,13,1.13,13.0,GAD via PHI,chargingryno,Ken Oberkfell,2B,1,Named selection,https://www.whatifsports.com/forums/Posts.aspx?topicID=538607&page=1,False,13,13,georgia-minnesota,posted holder notation,philly,cpdpoet,published original draft order,24,False,False,False,False,,,,
1978,Regular,1,14,1.14,14.0,SF,epup1975,Dan Schatzeder,P,1,Named selection,https://www.whatifsports.com/forums/Posts.aspx?topicID=538607&page=1,False,14,14,quake,posted holder notation,quake,epup1975,published original draft order,24,False,False,False,False,,,,
1978,Regular,1,15,1.15,15.0,CHI via NYE,chargingryno,Don Robinson,P,1,Named selection,https://www.whatifsports.com/forums/Posts.aspx?topicID=538607&page=1,False,15,15,thunderbears,posted holder notation,new-york-eagles,just4me,published original draft order,24,False,False,False,True,,,,
1978,Regular,1,16,1.16,16.0,STL,kermit,Dwayne Murphy,OF,1,Named selection,https://www.whatifsports.com/forums/Posts.aspx?topicID=538607&page=1,False,16,16,st-louis,posted holder notation,st-louis,kermit,published original draft order,24,False,False,False,True,,,,
1978,Regular,1,17,1.17,17.0,TEX via CHI,frazzman80,Glenn Hubbard,2B,1,Named selection,https://www.whatifsports.com/forums/Posts.aspx?topicID=538607&page=1,False,17,17,texas,posted holder notation,thunderbears,chargingryno,published original draft order,24,False,False,False,True,,,,
1978,Regular,1,18,1.18,18.0,PIT,coldfoot,Aurelio Lopez,P,1,Named selection,https://www.whatifsports.com/forums/Posts.aspx?topicID=538607&page=1,False,18,18,pittsburg,posted holder notation,pittsburg,coldfoot,published original draft order,24,False,False,False,True,,,,
1978,Regular,1,19,1.19,19.0,NYN,n4ser,Jim Beattie,P,1,Named selection,https://www.whatifsports.com/forums/Posts.aspx?topicID=538607&page=1,False,19,19,new-york-nationals,posted holder notation,new-york-nationals,n4ser,published original draft order,24,False,False,False,True,,,,
1978,Regular,1,20,1.20,20.0,CHI via TEX,chargingryno,Willie Upshaw,OF,1,Named selection,https://www.whatifsports.com/forums/Posts.aspx?topicID=538607&page=1,False,20,20,thunderbears,posted holder notation,texas,frazzman80,published original draft order,24,False,False,True,True,,,,
1978,Regular,1,21,1.21,21.0,SOC via DET,crustydoc,Shane Rawley,P,1,Named selection,https://www.whatifsports.com/forums/Posts.aspx?topicID=538607&page=1,False,21,21,socal-newark,posted holder notation,detroit,harrelson,published original draft order,24,False,False,True,True,,,,
1978,Regular,1,22,1.22,22.0,MON,ff09,Rich Gale,P,1,Named selection,https://www.whatifsports.com/forums/Posts.aspx?topicID=538607&page=1,False,22,22,montreal,posted holder notation,montreal,ff09,published original draft order,24,False,False,True,True,,,,
1978,Regular,1,23,1.23,23.0,GAD,chargingryno,Roger Erickson,P,1,Named selection,https://www.whatifsports.com/forums/Posts.aspx?topicID=538607&page=1,False,23,23,georgia-minnesota,posted holder notation,georgia-minnesota,chargingryno,published original draft order,24,False,False,True,True,,,,
1978,Regular,1,24,1.24,24.0,SOC,crustydoc,Silvio Martinez,P,1,Named selection,https://www.whatifsports.com/forums/Posts.aspx?topicID=538607&page=1,False,24,24,socal-newark,posted holder notation,socal-newark,crustydoc,published original draft order,24,False,False,True,True,,,,
1979,Regular,1,1,1.1,1.0,NYT,trentonjoe,Rickey Henderson,OF,1,Named selection,https://www.whatifsports.com/forums/Posts.aspx?topicID=540000&page=1,False,1,1,new-york-times,posted holder notation,new-york-times,trentonjoe,published original draft order,24,True,True,False,False,,,,
1979,Regular,1,2,1.2,2.0,BOS,eddiedzen,Dave Stieb,P,1,Named selection,https://www.whatifsports.com/forums/Posts.aspx?topicID=540000&page=1,False,2,2,boston,posted holder notation,boston,eddiedzen,published original draft order,24,True,True,False,False,,,,
1979,Regular,1,3,1.3,3.0,CHC,wgasa,Danny Darwin,P,1,Named selection,https://www.whatifsports.com/forums/Posts.aspx?topicID=540000&page=1,False,3,3,cornhuskers,posted club; owner may differ from season-end records,cornhuskers,wgasa,published original draft order,24,True,True,False,False,,,,
1979,Regular,1,4,1.4,4.0,STL,kermit,John Tudor,P,1,Named selection,https://www.whatifsports.com/forums/Posts.aspx?topicID=540000&page=1,False,4,4,st-louis,posted holder notation,st-louis,kermit,published original draft order,24,True,True,False,False,,,,
1979,Regular,1,5,1.5,5.0,MIL,dbrom,Rick Sutcliffe,P,1,Named selection,https://www.whatifsports.com/forums/Posts.aspx?topicID=540000&page=1,False,5,5,milwaukee,posted holder notation,milwaukee,dbrom,published original draft order,24,True,True,False,False,,,,
1979,Regular,1,6,1.6,6.0,SOC via PIT,crustydoc,Dan Petry,P,1,Named selection,https://www.whatifsports.com/forums/Posts.aspx?topicID=540000&page=1,False,6,6,socal-newark,posted holder notation,pittsburg,coldfoot,published original draft order,24,False,True,False,False,,,,
1979,Regular,1,7,1.7,7.0,HOU,txelvis,Mike Scott,P,1,Named selection,https://www.whatifsports.com/forums/Posts.aspx?topicID=540000&page=1,False,7,7,houston,posted holder notation,houston,txelvis,published original draft order,24,False,True,False,False,,,,
1979,Regular,1,8,1.8,8.0,NYE,just4me,Pedro Guerrero,OF,1,Named selection,https://www.whatifsports.com/forums/Posts.aspx?topicID=540000&page=1,False,8,8,new-york-eagles,posted holder notation,new-york-eagles,just4me,published original draft order,24,False,True,False,False,,,,
1979,Regular,1,9,1.9,9.0,KCM,fire13,Dan Quisenberry,P,1,Named selection,https://www.whatifsports.com/forums/Posts.aspx?topicID=540000&page=1,False,9,9,kansas-city,posted holder notation,kansas-city,fire13,published original draft order,24,False,True,False,False,,,,
1979,Regular,1,10,1.10,10.0,CIN,fire13,Sammy Stewart,P,1,Named selection,https://www.whatifsports.com/forums/Posts.aspx?topicID=540000&page=1,False,10,10,cincinnati-la,posted holder notation,cincinnati-la,fire13,published original draft order,24,False,True,False,False,,,,
1979,Regular,1,11,1.11,11.0,SEA,pi_kapp,Frank Pastore,P,1,Named selection,https://www.whatifsports.com/forums/Posts.aspx?topicID=540000&page=1,False,11,11,seattle,posted holder notation,seattle,pi_kapp,published original draft order,24,False,False,False,False,,,,
1979,Regular,1,12,1.12,12.0,NYN,n4ser,Steve McCatty,P,1,Named selection,https://www.whatifsports.com/forums/Posts.aspx?topicID=540000&page=1,False,12,12,new-york-nationals,posted holder notation,new-york-nationals,n4ser,published original draft order,24,False,False,False,False,,,,
1979,Regular,1,13,1.13,13.0,OAK,chrondon84,Terry Kennedy,C,1,Named selection,https://www.whatifsports.com/forums/Posts.aspx?topicID=540000&page=1,False,13,13,oakland,posted holder notation,oakland,chrondon84,published original draft order,24,False,False,False,False,,,,
1979,Regular,1,14,1.14,14.0,PHI,cpdpoet,Steve Trout,P,1,Named selection,https://www.whatifsports.com/forums/Posts.aspx?topicID=540000&page=1,False,14,14,philly,posted holder notation,philly,cpdpoet,published original draft order,24,False,False,False,False,,,,
1979,Regular,1,15,1.15,15.0,TEX,frazzman80,Ron Davis,P,1,Named selection,https://www.whatifsports.com/forums/Posts.aspx?topicID=540000&page=1,False,15,15,texas,posted holder notation,texas,frazzman80,published original draft order,24,False,False,False,True,,,,
1979,Regular,1,16,1.16,16.0,GAD,chargingryno,David Palmer,P,1,Named selection,https://www.whatifsports.com/forums/Posts.aspx?topicID=540000&page=1,False,16,16,georgia-minnesota,posted holder notation,georgia-minnesota,chargingryno,published original draft order,24,False,False,False,True,,,,
1979,Regular,1,17,1.17,17.0,DET,harrelson,John Fulgham,P,1,Named selection,https://www.whatifsports.com/forums/Posts.aspx?topicID=540000&page=1,False,17,17,detroit,posted holder notation,detroit,harrelson,published original draft order,24,False,False,False,True,,,,
1979,Regular,1,18,1.18,18.0,STL via SF,kermit,Mike Morgan,P,1,Named selection,https://www.whatifsports.com/forums/Posts.aspx?topicID=540000&page=1,False,18,18,st-louis,posted holder notation,quake,epup1975,published original draft order,24,False,False,False,True,,,,
1979,Regular,1,19,1.19,19.0,MON via CHI,trentonjoe,Alfredo Griffin,SS,1,Named selection,https://www.whatifsports.com/forums/Posts.aspx?topicID=540000&page=1,False,19,19,new-york-times,selected player roster evidence,thunderbears,chargingryno,published original draft order,24,False,False,False,True,,,,
1979,Regular,1,20,1.20,20.0,TOR,tedcogswell,Neil Allen,P,1,Named selection,https://www.whatifsports.com/forums/Posts.aspx?topicID=540000&page=1,False,20,20,toronto,posted holder notation,toronto,tedcogswell,published original draft order,24,False,False,True,True,,,,
1979,Regular,1,21,1.21,21.0,CHI via MON,chargingryno,Greg Minton,P,1,Named selection,https://www.whatifsports.com/forums/Posts.aspx?topicID=540000&page=1,False,21,21,thunderbears,posted holder notation,montreal,trentonjoe,published original draft order,24,False,False,True,True,,,,
1979,Regular,1,22,1.22,22.0,SOC,crustydoc,John Castino,3B,1,Named selection,https://www.whatifsports.com/forums/Posts.aspx?topicID=540000&page=1,False,22,22,socal-newark,posted holder notation,socal-newark,crustydoc,published original draft order,24,False,False,True,True,,,,
1979,Regular,1,23,1.23,23.0,BAL,dodgerdon,Ted Cruz,SS,1,Named selection,https://www.whatifsports.com/forums/Posts.aspx?topicID=540000&page=1,False,23,23,baltimore,posted holder notation,baltimore,dodgerdon,published original draft order,24,False,False,True,True,,,,
1979,Regular,1,24,1.24,24.0,CLE,harrelson,Jesse Orosco,P,1,Named selection,https://www.whatifsports.com/forums/Posts.aspx?topicID=540000&page=1,False,24,24,cleveland,posted holder notation,cleveland,harrelson,published original draft order,24,False,False,True,True,,,,
1980,Regular,1,1,1.1,1.0,PIT,coldfoot,Bill Gullickson,P,1,Named selection,https://www.whatifsports.com/forums/Posts.aspx?topicID=541152&page=1,False,1,1,pittsburg,posted holder notation,pittsburg,coldfoot,published original draft order,24,True,True,False,False,,,,
1980,Regular,1,2,1.2,2.0,TEX,frazzman80,Harold Baines,OF,1,Named selection,https://www.whatifsports.com/forums/Posts.aspx?topicID=541152&page=1,False,2,2,texas,posted holder notation,texas,frazzman80,published original draft order,24,True,True,False,False,,,,
1980,Regular,1,3,1.3,3.0,DET,harrelson,Charlie Leibrandt,P,1,Named selection,https://www.whatifsports.com/forums/Posts.aspx?topicID=541152&page=1,False,3,3,detroit,posted holder notation,detroit,harrelson,published original draft order,24,True,True,False,False,,,,
1980,Regular,1,4,1.4,4.0,MIN,chargingryno,La Marr Hoyt,P,1,Named selection,https://www.whatifsports.com/forums/Posts.aspx?topicID=541152&page=1,False,4,4,georgia-minnesota,posted club; owner may differ from season-end records,georgia-minnesota,dbrom,published original draft order,24,True,True,False,False,,,,
1980,Regular,1,5,1.5,5.0,OAK,chrondon84,Jeff Reardon,P,1,Named selection,https://www.whatifsports.com/forums/Posts.aspx?topicID=541152&page=1,False,5,5,oakland,posted holder notation,oakland,chrondon84,published original draft order,24,True,True,False,False,,,,
1980,Regular,1,6,1.6,6.0,MIL,dbrom,Dave Smith,P,1,Named selection,https://www.whatifsports.com/forums/Posts.aspx?topicID=541152&page=1,False,6,6,milwaukee,posted holder notation,milwaukee,fire13,published original draft order,24,False,True,False,False,,,,
1980,Regular,1,7,1.7,7.0,BOS,eddiedzen,Mike Scioscia,C,1,Named selection,https://www.whatifsports.com/forums/Posts.aspx?topicID=541152&page=1,False,7,7,boston,posted holder notation,boston,eddiedzen,published original draft order,24,False,True,False,False,,,,
1980,Regular,1,8,1.8,8.0,MON,cpdpoet,Lloyd Moseby,OF,1,Named selection,https://www.whatifsports.com/forums/Posts.aspx?topicID=541152&page=1,False,8,8,montreal,posted holder notation,montreal,cpdpoet,published original draft order,24,False,True,False,False,,,,
1980,Regular,1,9,1.9,9.0,SEA via SF,pi_kapp,Bruce Hurst,P,1,Named selection,https://www.whatifsports.com/forums/Posts.aspx?topicID=541152&page=1,False,9,9,seattle,posted holder notation,quake,epup1975,published original draft order,24,False,True,False,False,,,,
1980,Regular,1,10,1.10,10.0,PIT via CHI,coldfoot,Kirk Gibson,OF,1,Named selection,https://www.whatifsports.com/forums/Posts.aspx?topicID=541152&page=1,False,10,10,pittsburg,posted holder notation,thunderbears,chargingryno,published original draft order,24,False,True,False,False,,,,
1980,Regular,1,11,1.11,11.0,CIN,fire13,Ernie Whitt,C,1,Named selection,https://www.whatifsports.com/forums/Posts.aspx?topicID=541152&page=1,False,11,11,cincinnati-la,posted club; owner may differ from season-end records,cincinnati-la,fire13,published original draft order,24,False,False,False,False,,,,
1980,Regular,1,12,1.12,12.0,CHC,wgasa,Britt Burns,P,1,Named selection,https://www.whatifsports.com/forums/Posts.aspx?topicID=541152&page=1,False,12,12,cornhuskers,posted holder notation,cornhuskers,wgasa,published original draft order,24,False,False,False,False,,,,
1980,Regular,1,13,1.13,13.0,NYE,just4me,Tom Herr,2B,1,Named selection,https://www.whatifsports.com/forums/Posts.aspx?topicID=541152&page=1,False,13,13,new-york-eagles,posted holder notation,new-york-eagles,just4me,published original draft order,24,False,False,False,False,,,,
1980,Regular,1,14,1.14,14.0,KCM,fire13,Gary Lucas,P,1,Named selection,https://www.whatifsports.com/forums/Posts.aspx?topicID=541152&page=1,False,14,14,kansas-city,posted club; owner may differ from season-end records,kansas-city,txelvis,published original draft order,24,False,False,False,False,,,,
1980,Regular,1,15,1.15,15.0,PIT via NYT,coldfoot,Lonnie Smith,OF,1,Named selection,https://www.whatifsports.com/forums/Posts.aspx?topicID=541152&page=1,False,15,15,pittsburg,posted holder notation,new-york-times,trentonjoe,published original draft order,24,False,False,False,True,,,,
1980,Regular,1,16,1.16,16.0,SEA,pi_kapp,Mookie Wilson,OF,1,Named selection,https://www.whatifsports.com/forums/Posts.aspx?topicID=541152&page=1,False,16,16,seattle,posted holder notation,seattle,pi_kapp,published original draft order,24,False,False,False,True,,,,
1980,Regular,1,17,1.17,17.0,STL,kermit,Bob Ojeda,P,1,Named selection,https://www.whatifsports.com/forums/Posts.aspx?topicID=541152&page=1,False,17,17,st-louis,posted holder notation,st-louis,kermit,published original draft order,24,False,False,False,True,,,,
1980,Regular,1,18,1.18,18.0,BAL,dodgerdon,Doug Corbett,P,1,Named selection,https://www.whatifsports.com/forums/Posts.aspx?topicID=541152&page=1,False,18,18,baltimore,posted holder notation,baltimore,dodgerdon,published original draft order,24,False,False,False,True,,,,
1980,Regular,1,19,1.19,19.0,HOU,txelvis,Leon Durham,OF,1,Named selection,https://www.whatifsports.com/forums/Posts.aspx?topicID=541152&page=1,False,19,19,houston,posted club; owner may differ from season-end records,houston,chargingryno,published original draft order,24,False,False,False,True,,,,
1980,Regular,1,20,1.20,20.0,TOR,tedcogswell,Richard Dotson,P,1,Named selection,https://www.whatifsports.com/forums/Posts.aspx?topicID=541152&page=1,False,20,20,toronto,posted holder notation,toronto,tedcogswell,published original draft order,24,False,False,True,True,,,,
1980,Regular,1,21,1.21,21.0,NYN,n4ser,Keith Moreland,C,1,Named selection,https://www.whatifsports.com/forums/Posts.aspx?topicID=541152&page=1,False,21,21,new-york-nationals,posted holder notation,new-york-nationals,n4ser,published original draft order,24,False,False,True,True,,,,
1980,Regular,1,22,1.22,22.0,PIT via PHI,coldfoot,Charlie Lea,P,1,Named selection,https://www.whatifsports.com/forums/Posts.aspx?topicID=541152&page=1,False,22,22,pittsburg,posted holder notation,philly,cpdpoet,published original draft order,24,False,False,True,True,,,,
1980,Regular,1,23,1.23,23.0,SOC,crustydoc,Rudy Law,OF,1,Named selection,https://www.whatifsports.com/forums/Posts.aspx?topicID=541152&page=1,False,23,23,socal-newark,posted holder notation,socal-newark,crustydoc,published original draft order,24,False,False,True,True,,,,
1980,Regular,1,24,1.24,24.0,CLE,harrelson,Steve Howe,P,1,Named selection,https://www.whatifsports.com/forums/Posts.aspx?topicID=541152&page=1,False,24,24,cleveland,posted holder notation,cleveland,harrelson,published original draft order,24,False,False,True,True,,,,
1981,Regular,1,1,1.1,1.0,DET,harrelson,Tim Raines,OF,1,Named selection,https://www.whatifsports.com/forums/Posts.aspx?topicID=542258&page=1,False,1,1,detroit,posted holder notation,detroit,harrelson,published original draft order,24,True,True,False,False,,,,
1981,Regular,1,2,1.2,2.0,PIT via BOS,coldfoot,Fernando Valenzuela,P,1,Named selection,https://www.whatifsports.com/forums/Posts.aspx?topicID=542258&page=1,False,2,2,pittsburg,posted holder notation,boston,eddiedzen,published original draft order,24,True,True,False,False,,,,
1981,Regular,1,3,1.3,3.0,PIT,coldfoot,Tim Wallach,3B,1,Named selection,https://www.whatifsports.com/forums/Posts.aspx?topicID=542258&page=1,False,3,3,pittsburg,posted holder notation,pittsburg,coldfoot,published original draft order,24,True,True,False,False,,,,
1981,Regular,1,4,1.4,4.0,MIL,dbrom,Tony Pena,C,1,Named selection,https://www.whatifsports.com/forums/Posts.aspx?topicID=542258&page=1,False,4,4,milwaukee,posted holder notation,milwaukee,dbrom,published original draft order,24,True,True,False,False,,,,
1981,Regular,1,5,1.5,5.0,CLE,harrelson,Kent Hrbek,1B,1,Named selection,https://www.whatifsports.com/forums/Posts.aspx?topicID=542258&page=1,False,5,5,cleveland,posted holder notation,cleveland,harrelson,published original draft order,24,True,True,False,False,,,,
1981,Regular,1,6,1.6,6.0,CHI,chargingryno,Brett Butler,OF,1,Named selection,https://www.whatifsports.com/forums/Posts.aspx?topicID=542258&page=1,False,6,6,thunderbears,posted holder notation,thunderbears,chargingryno,published original draft order,24,False,True,False,False,,,,
1981,Regular,1,7,1.7,7.0,STL,kermit,Dave Stewart,P,1,Named selection,https://www.whatifsports.com/forums/Posts.aspx?topicID=542258&page=1,False,7,7,st-louis,posted holder notation,st-louis,kermit,published original draft order,24,False,True,False,False,,,,
1981,Regular,1,8,1.8,8.0,MON,cpdpoet,Jody Davis,C,1,Named selection,https://www.whatifsports.com/forums/Posts.aspx?topicID=542258&page=1,False,8,8,montreal,posted holder notation,montreal,cpdpoet,published original draft order,24,False,True,False,False,,,,
1981,Regular,1,9,1.9,9.0,MON via CIN,cpdpoet,Jesse Barfield,OF,1,Named selection,https://www.whatifsports.com/forums/Posts.aspx?topicID=542258&page=1,False,9,9,montreal,posted holder notation,cincinnati-la,sinatra,published original draft order,24,False,True,False,False,,,,
1981,Regular,1,10,1.10,10.0,TEX via HOU,frazzman80,Mike Witt,P,1,Named selection,https://www.whatifsports.com/forums/Posts.aspx?topicID=542258&page=1,False,10,10,texas,posted holder notation,houston,frazzman80,published original draft order,24,False,True,False,False,,,,
1981,Regular,1,11,1.11,11.0,CHI via NYE,chargingryno,Steve Sax,2B,1,Named selection,https://www.whatifsports.com/forums/Posts.aspx?topicID=542258&page=1,False,11,11,thunderbears,posted holder notation,new-york-eagles,just4me,published original draft order,24,False,False,False,False,,,,
1981,Regular,1,12,1.12,12.0,NWB,italyprof,Dave Righetti,P,1,Named selection,https://www.whatifsports.com/forums/Posts.aspx?topicID=542258&page=1,False,12,12,socal-newark,posted holder notation,socal-newark,italyprof,published original draft order,24,False,False,False,False,,,,
1981,Regular,1,13,1.13,13.0,PIT via CHC,coldfoot,Johnny Ray,2B,1,Named selection,https://www.whatifsports.com/forums/Posts.aspx?topicID=542258&page=1,False,13,13,pittsburg,posted holder notation,cornhuskers,wgasa,published original draft order,24,False,False,False,False,,,,
1981,Regular,1,14,1.14,14.0,TOR,mickr9,George Bell,OF,1,Named selection,https://www.whatifsports.com/forums/Posts.aspx?topicID=542258&page=1,False,14,14,toronto,posted holder notation,toronto,chargingryno,published original draft order,24,False,False,False,False,,,,
1981,Regular,1,15,1.15,15.0,MIN,schwingkid,Larry Anderson,P,1,Named selection,https://www.whatifsports.com/forums/Posts.aspx?topicID=542258&page=1,False,15,15,georgia-minnesota,posted holder notation,georgia-minnesota,schwingkid,published original draft order,24,False,False,False,True,,,,
1981,Regular,1,16,1.16,16.0,TEX,frazzman80,Von Hayes,OF,1,Named selection,https://www.whatifsports.com/forums/Posts.aspx?topicID=542258&page=1,False,16,16,texas,posted holder notation,texas,frazzman80,published original draft order,24,False,False,False,True,,,,
1981,Regular,1,17,1.17,17.0,SEA,pi_kapp,Lee Smith,P,1,Named selection,https://www.whatifsports.com/forums/Posts.aspx?topicID=542258&page=1,False,17,17,seattle,posted holder notation,seattle,pi_kapp,published original draft order,24,False,False,False,True,,,,
1981,Regular,1,18,1.18,18.0,NYN,n4ser,Gary Ward,OF,1,Named selection,https://www.whatifsports.com/forums/Posts.aspx?topicID=542258&page=1,False,18,18,new-york-nationals,posted holder notation,new-york-nationals,n4ser,published original draft order,24,False,False,False,True,,,,
1981,Regular,1,19,1.19,19.0,SF,epup1975,Rich Gedman,C,1,Named selection,https://www.whatifsports.com/forums/Posts.aspx?topicID=542258&page=1,False,19,19,quake,posted holder notation,quake,epup1975,published original draft order,24,False,False,False,True,,,,
1981,Regular,1,20,1.20,20.0,KCM,big_dowg,Pascual Perez,P,1,Named selection,https://www.whatifsports.com/forums/Posts.aspx?topicID=542258&page=1,False,20,20,kansas-city,posted holder notation,kansas-city,big_dowg,published original draft order,24,False,False,True,True,,,,
1981,Regular,1,21,1.21,21.0,PHI,cpdpoet,Alejandro Pena,P,1,Named selection,https://www.whatifsports.com/forums/Posts.aspx?topicID=542258&page=1,False,21,21,philly,posted holder notation,philly,cpdpoet,published original draft order,24,False,False,True,True,,,,
1981,Regular,1,22,1.22,22.0,OAK,chrondon84,Dave Henderson,OF,1,Named selection,https://www.whatifsports.com/forums/Posts.aspx?topicID=542258&page=1,False,22,22,oakland,posted holder notation,oakland,chrondon84,published original draft order,24,False,False,True,True,,,,
1981,Regular,1,23,1.23,23.0,STL via NYT,kermit,Greg Harris,P,1,Named selection,https://www.whatifsports.com/forums/Posts.aspx?topicID=542258&page=1,False,23,23,st-louis,posted holder notation,new-york-times,trentonjoe,published original draft order,24,False,False,True,True,,,,
1981,Regular,1,24,1.24,24.0,BAL,dodgerdon,Dave Schmidt,P,1,Named selection,https://www.whatifsports.com/forums/Posts.aspx?topicID=542258&page=1,False,24,24,baltimore,posted holder notation,baltimore,dodgerdon,published original draft order,24,False,False,True,True,,,,
1982,Regular,1,1,1.1,1.0,BOS,eddiedzen,Cal Ripken Jr.,SS,1,Named selection,https://www.whatifsports.com/forums/Posts.aspx?topicID=543124&page=1,False,1,1,boston,posted holder notation,boston,eddiedzen,published original draft order,24,True,True,False,False,,,,
1982,Regular,1,2,1.2,2.0,NYT,trentonjoe,Wade Boggs,1B,1,Named selection,https://www.whatifsports.com/forums/Posts.aspx?topicID=543124&page=1,False,2,2,new-york-times,posted holder notation,new-york-times,trentonjoe,published original draft order,24,True,True,False,False,,,,
1982,Regular,1,3,1.3,3.0,CHI via CHI from PIT,chargingryno,Tony Gwynn,OF,1,Named selection,https://www.whatifsports.com/forums/Posts.aspx?topicID=543124&page=1,False,3,3,thunderbears,posted holder notation,thunderbears,chargingryno,published original draft order,24,True,True,False,False,published original order resolves from/via convention,,,
1982,Regular,1,4,1.4,4.0,DET,harrelson,Ryne Sandberg,2B,1,Named selection,https://www.whatifsports.com/forums/Posts.aspx?topicID=543124&page=1,False,4,4,detroit,posted holder notation,detroit,harrelson,published original draft order,24,True,True,False,False,,,,
1982,Regular,1,5,1.5,5.0,NYN via PHI,n4ser,Frank Viola,P,1,Named selection,https://www.whatifsports.com/forums/Posts.aspx?topicID=543124&page=1,False,5,5,new-york-nationals,posted holder notation,philly,cpdpoet,published original draft order,24,True,True,False,False,,,,
1982,Regular,1,6,1.6,6.0,MIL,dbrom,Bryn Smith,P,1,Named selection,https://www.whatifsports.com/forums/Posts.aspx?topicID=543124&page=1,False,6,6,milwaukee,posted holder notation,milwaukee,dbrom,published original draft order,24,False,True,False,False,,,,
1982,Regular,1,7,1.7,7.0,STL via CHC,kermit,Mike Boddicker,P,1,Named selection,https://www.whatifsports.com/forums/Posts.aspx?topicID=543124&page=1,False,7,7,st-louis,posted holder notation,cornhuskers,wgasa,published original draft order,24,False,True,False,False,,,,
1982,Regular,1,8,1.8,8.0,OAK,chrondon84,Gary Gaetti,3B,1,Named selection,https://www.whatifsports.com/forums/Posts.aspx?topicID=543124&page=1,False,8,8,oakland,posted holder notation,oakland,chrondon84,published original draft order,24,False,True,False,False,,,,
1982,Regular,1,9,1.9,9.0,MON,cpdpoet,Willie McGee,OF,1,Named selection,https://www.whatifsports.com/forums/Posts.aspx?topicID=543124&page=1,False,9,9,montreal,posted holder notation,montreal,cpdpoet,published original draft order,24,False,True,False,False,,,,
1982,Regular,1,10,1.10,10.0,CIN,sinatra,Dave Dravecky,P,1,Named selection,https://www.whatifsports.com/forums/Posts.aspx?topicID=543124&page=1,False,10,10,cincinnati-la,posted holder notation,cincinnati-la,sinatra,published original draft order,24,False,True,False,False,,,,
1982,Regular,1,11,1.11,11.0,Pit via TEX from CHI,coldfoot,Erik Show,P,1,Named selection,https://www.whatifsports.com/forums/Posts.aspx?topicID=543124&page=1,False,11,11,pittsburg,posted holder notation,texas,frazzman80,published original draft order,24,False,False,False,False,published original order resolves from/via convention,,,
1982,Regular,1,12,1.12,12.0,CHC via PIT,wgasa,Chili Davis,OF,1,Named selection,https://www.whatifsports.com/forums/Posts.aspx?topicID=543124&page=1,False,12,12,cornhuskers,posted holder notation,pittsburg,coldfoot,published original draft order,24,False,False,False,False,,,,
1982,Regular,1,13,1.13,13.0,KCM,big_dowg,Bill Laskey,P,1,Named selection,https://www.whatifsports.com/forums/Posts.aspx?topicID=543124&page=1,False,13,13,kansas-city,posted holder notation,kansas-city,big_dowg,published original draft order,24,False,False,False,False,,,,
1982,Regular,1,14,1.14,14.0,CHC via STL,wgasa,Bud Black,P,1,Named selection,https://www.whatifsports.com/forums/Posts.aspx?topicID=543124&page=1,False,14,14,cornhuskers,posted holder notation,st-louis,kermit,published original draft order,24,False,False,False,False,,,,
1982,Regular,1,15,1.15,15.0,MIN,schwingkid,Tom Brunansky,OF,1,Named selection,https://www.whatifsports.com/forums/Posts.aspx?topicID=543124&page=1,False,15,15,georgia-minnesota,posted holder notation,georgia-minnesota,schwingkid,published original draft order,24,False,False,False,True,,,,
1982,Regular,1,16,1.16,16.0,CHI via HOU,chargingryno,Mike Moore,P,1,Named selection,https://www.whatifsports.com/forums/Posts.aspx?topicID=543124&page=1,False,16,16,thunderbears,posted holder notation,houston,frazzman80,published original draft order,24,False,False,False,True,,,,
1982,Regular,1,17,1.17,17.0,SEA,pi_kapp,Howard Johnson,3B,1,Named selection,https://www.whatifsports.com/forums/Posts.aspx?topicID=543124&page=1,False,17,17,seattle,posted holder notation,seattle,pi_kapp,published original draft order,24,False,False,False,True,,,,
1982,Regular,1,18,1.18,18.0,CLE,harrelson,Tony Phillips,SS,1,Named selection,https://www.whatifsports.com/forums/Posts.aspx?topicID=543124&page=1,False,18,18,cleveland,posted holder notation,cleveland,harrelson,published original draft order,24,False,False,False,True,,,,
1982,Regular,1,19,1.19,19.0,TOR,coldfoot,Bill Doran,2B,1,Named selection,https://www.whatifsports.com/forums/Posts.aspx?topicID=543124&page=1,False,19,19,toronto,posted holder notation,toronto,coldfoot,published original draft order,24,False,False,False,True,,,,
1982,Regular,1,20,1.20,20.0,NYN,n4ser,Storm Davis,P,1,Named selection,https://www.whatifsports.com/forums/Posts.aspx?topicID=543124&page=1,False,20,20,new-york-nationals,posted holder notation,new-york-nationals,n4ser,published original draft order,24,False,False,True,True,,,,
1982,Regular,1,21,1.21,21.0,NYE,just4me,Luis Deleon,P,1,Named selection,https://www.whatifsports.com/forums/Posts.aspx?topicID=543124&page=1,False,21,21,new-york-eagles,posted holder notation,new-york-eagles,just4me,published original draft order,24,False,False,True,True,,,,
1982,Regular,1,22,1.22,22.0,NWB,italyprof,Bob Brenly,C,1,Named selection,https://www.whatifsports.com/forums/Posts.aspx?topicID=543124&page=1,False,22,22,socal-newark,posted club; owner may differ from season-end records,socal-newark,italyprof,published original draft order,24,False,False,True,True,,,,
1982,Regular,1,23,1.23,23.0,PIT via SF,coldfoot,Steve Bedrosian,P,1,Named selection,https://www.whatifsports.com/forums/Posts.aspx?topicID=543124&page=1,False,23,23,pittsburg,posted holder notation,quake,epup1975,published original draft order,24,False,False,True,True,,,,
1982,Regular,1,24,1.24,24.0,BAL,chargingryno,Don Slaught,C,1,Named selection,https://www.whatifsports.com/forums/Posts.aspx?topicID=543124&page=1,False,24,24,baltimore,posted holder notation,baltimore,chargingryno,published original draft order,24,False,False,True,True,,,,
1983,Regular,1,1,1.1,1.0,NYE,just4me,Julio Franco,SS,1,Named selection,https://www.whatifsports.com/forums/Posts.aspx?topicID=544117&page=1,False,1,1,new-york-eagles,posted holder notation,new-york-eagles,just4me,published original draft order,24,True,True,False,False,,,,
1983,Regular,1,2,1.2,2.0,CIN,sinatra,Don Mattingly,OF,1,Named selection,https://www.whatifsports.com/forums/Posts.aspx?topicID=544117&page=1,False,2,2,cincinnati-la,posted holder notation,cincinnati-la,sinatra,published original draft order,24,True,True,False,False,,,,
1983,Regular,1,3,1.3,3.0,MIL,dbrom,Jose Deleon,P,1,Named selection,https://www.whatifsports.com/forums/Posts.aspx?topicID=544117&page=1,False,3,3,milwaukee,posted holder notation,milwaukee,dbrom,published original draft order,24,True,True,False,False,,,,
1983,Regular,1,4,1.4,4.0,DET,harrelson,Darryl Strawberry,OF,1,Named selection,https://www.whatifsports.com/forums/Posts.aspx?topicID=544117&page=1,False,4,4,detroit,posted holder notation,detroit,harrelson,published original draft order,24,True,True,False,False,,,,
1983,Regular,1,5,1.5,5.0,STL,kermit,Tom Candiotti,P,1,Named selection,https://www.whatifsports.com/forums/Posts.aspx?topicID=544117&page=1,False,5,5,st-louis,posted holder notation,st-louis,kermit,published original draft order,24,True,True,False,False,,,,
1983,Regular,1,6,1.6,6.0,OAK,chrondon84,Ron Darling,P,1,Named selection,https://www.whatifsports.com/forums/Posts.aspx?topicID=544117&page=1,False,6,6,oakland,posted holder notation,oakland,chrondon84,published original draft order,24,False,True,False,False,,,,
1983,Regular,1,7,1.7,7.0,NWB,trentonjoe,Juan Samuel,2B,1,Named selection,https://www.whatifsports.com/forums/Posts.aspx?topicID=544117&page=1,False,7,7,socal-newark,posted holder notation,socal-newark,trentonjoe,published original draft order,24,False,True,False,False,,,,
1983,Regular,1,8,1.8,8.0,TEX,frazzman80,Andy Van Slyke,OF,1,Named selection,https://www.whatifsports.com/forums/Posts.aspx?topicID=544117&page=1,False,8,8,texas,posted holder notation,texas,frazzman80,published original draft order,24,False,True,False,False,,,,
1983,Regular,1,9,1.9,9.0,BOS,eddiedzen,Kevin McReynolds,OF,1,Named selection,https://www.whatifsports.com/forums/Posts.aspx?topicID=544117&page=1,False,9,9,boston,posted holder notation,boston,eddiedzen,published original draft order,24,False,True,False,False,,,,
1983,Regular,1,10,1.10,10.0,SEA,pi_kapp,Kevin Gross,P,1,Named selection,https://www.whatifsports.com/forums/Posts.aspx?topicID=544117&page=1,False,10,10,seattle,posted holder notation,seattle,pi_kapp,published original draft order,24,False,True,False,False,,,,
1983,Regular,1,11,1.11,11.0,NYT,trentonjoe,Oil Can Boyd,P,1,Named selection,https://www.whatifsports.com/forums/Posts.aspx?topicID=544117&page=1,False,11,11,new-york-times,posted holder notation,new-york-times,trentonjoe,published original draft order,24,False,False,False,False,,,,
1983,Regular,1,12,1.12,12.0,CLE,harrelson,Joe Carter,OF,1,Named selection,https://www.whatifsports.com/forums/Posts.aspx?topicID=544117&page=1,False,12,12,cleveland,posted holder notation,cleveland,harrelson,published original draft order,24,False,False,False,False,,,,
1983,Regular,1,13,1.13,13.0,HOU,frazzman80,Scott Fletcher,SS,1,Named selection,https://www.whatifsports.com/forums/Posts.aspx?topicID=544117&page=1,False,13,13,houston,posted holder notation,houston,frazzman80,published original draft order,24,False,False,False,False,,,,
1983,Regular,1,14,1.14,14.0,PIT,coldfoot,Scott Garrelts,P,1,Named selection,https://www.whatifsports.com/forums/Posts.aspx?topicID=544117&page=1,False,14,14,pittsburg,posted holder notation,pittsburg,coldfoot,published original draft order,24,False,False,False,False,,,,
1983,Regular,1,15,1.15,15.0,NYE via CHI,just4me,Craig Lefferts,P,1,Named selection,https://www.whatifsports.com/forums/Posts.aspx?topicID=544117&page=1,False,15,15,new-york-eagles,posted holder notation,thunderbears,chargingryno,published original draft order,24,False,False,False,True,,,,
1983,Regular,1,16,1.16,16.0,CHC,wgasa,Walt Terrell,P,1,Named selection,https://www.whatifsports.com/forums/Posts.aspx?topicID=544117&page=1,False,16,16,cornhuskers,posted holder notation,cornhuskers,wgasa,published original draft order,24,False,False,False,True,,,,
1983,Regular,1,17,1.17,17.0,TOR,coldfoot,Spike Owen,SS,1,Named selection,https://www.whatifsports.com/forums/Posts.aspx?topicID=544117&page=1,False,17,17,toronto,posted holder notation,toronto,coldfoot,published original draft order,24,False,False,False,True,,,,
1983,Regular,1,18,1.18,18.0,PHI,cpdpoet,Charlie Hudson,P,1,Named selection,https://www.whatifsports.com/forums/Posts.aspx?topicID=544117&page=1,False,18,18,philly,posted holder notation,philly,cpdpoet,published original draft order,24,False,False,False,True,,,,
1983,Regular,1,19,1.19,19.0,BAL,chargingryno,Danny Cox,P,1,Named selection,https://www.whatifsports.com/forums/Posts.aspx?topicID=544117&page=1,False,19,19,baltimore,posted holder notation,baltimore,chargingryno,published original draft order,24,False,False,False,True,,,,
1983,Regular,1,20,1.20,20.0,MON,cpdpoet,Jeff Russel,P,1,Named selection,https://www.whatifsports.com/forums/Posts.aspx?topicID=544117&page=1,False,20,20,montreal,posted holder notation,montreal,cpdpoet,published original draft order,24,False,False,True,True,,,,
1983,Regular,1,21,1.21,21.0,KCM,big_dowg,Phil Bradley,OF,1,Named selection,https://www.whatifsports.com/forums/Posts.aspx?topicID=544117&page=1,False,21,21,kansas-city,posted holder notation,kansas-city,big_dowg,published original draft order,24,False,False,True,True,,,,
1983,Regular,1,22,1.22,22.0,TEX via SF,frazzman80,Dick Schofield,SS,1,Named selection,https://www.whatifsports.com/forums/Posts.aspx?topicID=544117&page=1,False,22,22,texas,posted holder notation,quake,epup1975,published original draft order,24,False,False,True,True,,,,
1983,Regular,1,23,1.23,23.0,NYN,n4ser,Ron Kittle,OF,1,Named selection,https://www.whatifsports.com/forums/Posts.aspx?topicID=544117&page=1,False,23,23,new-york-nationals,posted holder notation,new-york-nationals,n4ser,published original draft order,24,False,False,True,True,,,,
1983,Regular,1,24,1.24,24.0,MIN,schwingkid,Matt Young,P,1,Named selection,https://www.whatifsports.com/forums/Posts.aspx?topicID=544117&page=1,False,24,24,georgia-minnesota,posted holder notation,georgia-minnesota,schwingkid,published original draft order,24,False,False,True,True,,,,
1984,Regular,1,1,1.1,1.0,NWK,trentonjoe,Roger Clemens,P,1,Named selection,https://www.whatifsports.com/forums/Posts.aspx?topicID=545502&page=1,False,1,1,socal-newark,posted holder notation,socal-newark,trentonjoe,published original draft order,24,True,True,False,False,,,,
1984,Regular,1,2,1.2,2.0,NYE (BOS),just4me,Bret Saberhagen,P,1,Named selection,https://www.whatifsports.com/forums/Posts.aspx?topicID=545502&page=1,False,2,2,new-york-eagles,posted holder notation,boston,eddiedzen,published original draft order,24,True,True,False,False,,,,
1984,Regular,1,3,1.3,3.0,CIN,sinatra,Dwight Gooden,P,1,Named selection,https://www.whatifsports.com/forums/Posts.aspx?topicID=545502&page=1,False,3,3,cincinnati-la,posted holder notation,cincinnati-la,sinatra,published original draft order,24,True,True,False,False,,,,
1984,Regular,1,4,1.4,4.0,BOS (NYE),eddiedzen,Orel Hershiser,P,1,Named selection,https://www.whatifsports.com/forums/Posts.aspx?topicID=545502&page=1,False,4,4,boston,posted holder notation,new-york-eagles,just4me,published original draft order,24,True,True,False,False,,,,
1984,Regular,1,5,1.5,5.0,NYT,trentonjoe,Jimmy Key,P,1,Named selection,https://www.whatifsports.com/forums/Posts.aspx?topicID=545502&page=1,False,5,5,new-york-times,posted holder notation,new-york-times,trentonjoe,published original draft order,24,True,True,False,False,,,,
1984,Regular,1,6,1.6,6.0,TEX,frazzman80,Sid Fernandez,P,1,Named selection,https://www.whatifsports.com/forums/Posts.aspx?topicID=545502&page=1,False,6,6,texas,posted holder notation,texas,frazzman80,published original draft order,24,False,True,False,False,,,,
1984,Regular,1,7,1.7,7.0,PIT (DET),coldfoot,Tony Fernandez,SS,1,Named selection,https://www.whatifsports.com/forums/Posts.aspx?topicID=545502&page=1,False,7,7,pittsburg,selected player roster evidence,detroit,harrelson,published original draft order,24,False,True,False,False,,,,
1984,Regular,1,8,1.8,8.0,TOR,coldfoot,Kirby Puckett,OF,1,Named selection,https://www.whatifsports.com/forums/Posts.aspx?topicID=545502&page=1,False,8,8,toronto,posted holder notation,toronto,coldfoot,published original draft order,24,False,True,False,False,,,,
1984,Regular,1,9,1.9,9.0,HOU,fabulous,Mark Langston,P,1,Named selection,https://www.whatifsports.com/forums/Posts.aspx?topicID=545502&page=1,False,9,9,houston,posted holder notation,houston,fabulous,published original draft order,24,False,True,False,False,,,,
1984,Regular,1,10,1.10,10.0,STL,kermit,Jose Rijo,P,1,Named selection,https://www.whatifsports.com/forums/Posts.aspx?topicID=545502&page=1,False,10,10,st-louis,posted holder notation,st-louis,kermit,published original draft order,24,False,True,False,False,,,,
1984,Regular,1,11,1.11,11.0,PIT (CHC),coldfoot,Mark Gubicza,P,1,Named selection,https://www.whatifsports.com/forums/Posts.aspx?topicID=545502&page=1,False,11,11,pittsburg,selected player roster evidence,cornhuskers,wgasa,published original draft order,24,False,False,False,False,,,,
1984,Regular,1,12,1.12,12.0,PIT (MIL),coldfoot,Eric Davis,OF,1,Named selection,https://www.whatifsports.com/forums/Posts.aspx?topicID=545502&page=1,False,12,12,pittsburg,selected player roster evidence,milwaukee,dbrom,published original draft order,24,False,False,False,False,,,,
1984,Regular,1,13,1.13,13.0,CHI,chargingryno,Terry Pendleton,3B,1,Named selection,https://www.whatifsports.com/forums/Posts.aspx?topicID=545502&page=1,False,13,13,thunderbears,posted holder notation,thunderbears,chargingryno,published original draft order,24,False,False,False,False,,,,
1984,Regular,1,14,1.14,14.0,NWK (SEA),trentonjoe,Tom Henke,P,1,Named selection,https://www.whatifsports.com/forums/Posts.aspx?topicID=545502&page=1,False,14,14,socal-newark,selected player roster evidence,seattle,pi_kapp,published original draft order,24,False,False,False,False,,,,
1984,Regular,1,15,1.15,15.0,SFQ,epup1975,Danny Jackson,P,1,Named selection,https://www.whatifsports.com/forums/Posts.aspx?topicID=545502&page=1,False,15,15,quake,posted holder notation,quake,epup1975,published original draft order,24,False,False,False,True,,,,
1984,Regular,1,16,1.16,16.0,MIL (PIT),dbrom,Alvin Davis,1B,1,Named selection,https://www.whatifsports.com/forums/Posts.aspx?topicID=545502&page=1,False,16,16,milwaukee,posted holder notation,pittsburg,coldfoot,published original draft order,24,False,False,False,True,,,,
1984,Regular,1,17,1.17,17.0,PHI,cpdpoet,Glenn Davis,1B,1,Named selection,https://www.whatifsports.com/forums/Posts.aspx?topicID=545502&page=1,False,17,17,philly,posted holder notation,philly,cpdpoet,published original draft order,24,False,False,False,True,,,,
1984,Regular,1,18,1.18,18.0,MON,stevebobldn,Dennis Rasmussen,P,1,Named selection,https://www.whatifsports.com/forums/Posts.aspx?topicID=545502&page=1,False,18,18,montreal,posted holder notation,montreal,stevebobldn,published original draft order,24,False,False,False,True,,,,
1984,Regular,1,19,1.19,19.0,OAK,duhbigcat,Mickey Tettleton,C,1,Named selection,https://www.whatifsports.com/forums/Posts.aspx?topicID=545502&page=1,False,19,19,oakland,posted holder notation,oakland,duhbigcat,published original draft order,24,False,False,False,True,,,,
1984,Regular,1,20,1.20,20.0,CLE,harrelson,John Franco,P,1,Named selection,https://www.whatifsports.com/forums/Posts.aspx?topicID=545502&page=1,False,20,20,cleveland,posted holder notation,cleveland,harrelson,published original draft order,24,False,False,True,True,,,,
1984,Regular,1,21,1.21,21.0,NYN,n4ser,Brook Jacoby,3B,1,Named selection,https://www.whatifsports.com/forums/Posts.aspx?topicID=545502&page=1,False,21,21,new-york-nationals,posted holder notation,new-york-nationals,n4ser,published original draft order,24,False,False,True,True,,,,
1984,Regular,1,22,1.22,22.0,MIN,sinatra,Curt Young,P,1,Named selection,https://www.whatifsports.com/forums/Posts.aspx?topicID=545502&page=1,False,22,22,georgia-minnesota,posted holder notation,georgia-minnesota,schwingkid,published original draft order,24,False,False,True,True,,,,
1984,Regular,1,23,1.23,23.0,BAL,chargingryno,Mike Mason,P,1,Named selection,https://www.whatifsports.com/forums/Posts.aspx?topicID=545502&page=1,False,23,23,baltimore,posted holder notation,baltimore,chargingryno,published original draft order,24,False,False,True,True,,,,
1984,Regular,1,24,1.24,24.0,KCM,big_dowg,Marty Barret,2B,1,Named selection,https://www.whatifsports.com/forums/Posts.aspx?topicID=545502&page=1,False,24,24,kansas-city,posted holder notation,kansas-city,big_dowg,published original draft order,24,False,False,True,True,,,,
1985,Regular,1,1,1.1,1.0,MIN,sinatra,Teddy Higuera,P,1,Named selection,https://www.whatifsports.com/forums/Posts.aspx?topicID=546675&page=1,False,1,1,georgia-minnesota,posted holder notation,georgia-minnesota,sinatra,published original draft order,24,True,True,False,False,,,,
1985,Regular,1,2,1.2,2.0,TEX,frazzman80,Jose Canseco,OF,1,Named selection,https://www.whatifsports.com/forums/Posts.aspx?topicID=546675&page=1,False,2,2,texas,posted holder notation,texas,frazzman80,published original draft order,24,True,True,False,False,,,,
1985,Regular,1,3,1.3,3.0,DET,harrelson,Andres Gallaraga,1B,1,Named selection,https://www.whatifsports.com/forums/Posts.aspx?topicID=546675&page=1,False,3,3,detroit,posted holder notation,detroit,harrelson,published original draft order,24,True,True,False,False,,,,
1985,Regular,1,4,1.4,4.0,NWK,trentonjoe,Tom Browning,P,1,Named selection,https://www.whatifsports.com/forums/Posts.aspx?topicID=546675&page=1,False,4,4,socal-newark,posted holder notation,socal-newark,trentonjoe,published original draft order,24,True,True,False,False,,,,
1985,Regular,1,5,1.5,5.0,STL,kermit,Lenny Dykstra,OF,1,Named selection,https://www.whatifsports.com/forums/Posts.aspx?topicID=546675&page=1,False,5,5,st-louis,posted holder notation,st-louis,kermit,published original draft order,24,True,True,False,False,,,,
1985,Regular,1,6,1.6,6.0,CIN,sinatra,Rick Aguiilera,P,1,Named selection,https://www.whatifsports.com/forums/Posts.aspx?topicID=546675&page=1,False,6,6,cincinnati-la,posted holder notation,cincinnati-la,sinatra,published original draft order,24,False,True,False,False,,,,
1985,Regular,1,7,1.7,7.0,NYT,trentonjoe,Danny Tartabull,SS,1,Named selection,https://www.whatifsports.com/forums/Posts.aspx?topicID=546675&page=1,False,7,7,new-york-times,posted holder notation,new-york-times,trentonjoe,published original draft order,24,False,True,False,False,,,,
1985,Regular,1,8,1.8,8.0,MON,stevebobldn,Jose Guzman,P,1,Named selection,https://www.whatifsports.com/forums/Posts.aspx?topicID=546675&page=1,False,8,8,montreal,posted holder notation,montreal,stevebobldn,published original draft order,24,False,True,False,False,,,,
1985,Regular,1,9,1.9,9.0,SEA,pi_kapp,Vince Coleman,OF,1,Named selection,https://www.whatifsports.com/forums/Posts.aspx?topicID=546675&page=1,False,9,9,seattle,posted holder notation,seattle,pi_kapp,published original draft order,24,False,True,False,False,,,,
1985,Regular,1,10,1.10,10.0,BOS,yates33,Darren Daulton,C,1,Named selection,https://www.whatifsports.com/forums/Posts.aspx?topicID=546675&page=1,False,10,10,boston,posted holder notation,boston,yates33,published original draft order,24,False,True,False,False,,,,
1985,Regular,1,11,1.11,11.0,PIT from MIL,coldfoot,Tim Burke,P,1,Named selection,https://www.whatifsports.com/forums/Posts.aspx?topicID=546675&page=1,False,11,11,pittsburg,posted holder notation,milwaukee,cdew8,published original draft order,24,False,False,False,False,,,,
1985,Regular,1,12,1.12,12.0,NWK from NYE,trentonjoe,Kirk McCaskill,P,1,Named selection,https://www.whatifsports.com/forums/Posts.aspx?topicID=546675&page=1,False,12,12,socal-newark,posted holder notation,new-york-eagles,just4me,published original draft order,24,False,False,False,False,,,,
1985,Regular,1,13,1.13,13.0,PHI,cpdpoet,Zane Smith,P,1,Named selection,https://www.whatifsports.com/forums/Posts.aspx?topicID=546675&page=1,False,13,13,philly,posted holder notation,philly,cpdpoet,published original draft order,24,False,False,False,False,,,,
1985,Regular,1,14,1.14,14.0,CLE,harrelson,Bill Swift,P,1,Named selection,https://www.whatifsports.com/forums/Posts.aspx?topicID=546675&page=1,False,14,14,cleveland,posted holder notation,cleveland,harrelson,published original draft order,24,False,False,False,False,,,,
1985,Regular,1,15,1.15,15.0,CHC,wgasa,Shawon Dunston,SS,1,Named selection,https://www.whatifsports.com/forums/Posts.aspx?topicID=546675&page=1,False,15,15,cornhuskers,posted holder notation,cornhuskers,wgasa,published original draft order,24,False,False,False,True,,,,
1985,Regular,1,16,1.16,16.0,BAL from TOR,chargingryno,Ozzie Guillen,SS,1,Named selection,https://www.whatifsports.com/forums/Posts.aspx?topicID=546675&page=1,False,16,16,baltimore,posted holder notation,toronto,coldfoot,published original draft order,24,False,False,False,True,,,,
1985,Regular,1,17,1.17,17.0,PIT,coldfoot,Cecil Fielder,1B,1,Named selection,https://www.whatifsports.com/forums/Posts.aspx?topicID=546675&page=1,False,17,17,pittsburg,posted holder notation,pittsburg,coldfoot,published original draft order,24,False,False,False,True,,,,
1985,Regular,1,18,1.18,18.0,OAK,duhbigcat,Roger McDowell,P,1,Named selection,https://www.whatifsports.com/forums/Posts.aspx?topicID=546675&page=1,False,18,18,oakland,posted holder notation,oakland,duhbigcat,published original draft order,24,False,False,False,True,,,,
1985,Regular,1,19,1.19,19.0,CHI,chargingryno,Greg Gagne,SS,1,Named selection,https://www.whatifsports.com/forums/Posts.aspx?topicID=546675&page=1,False,19,19,thunderbears,posted holder notation,thunderbears,chargingryno,published original draft order,24,False,False,False,True,,,,
1985,Regular,1,20,1.20,20.0,HOU,the_creeper,Don Carman,P,1,Named selection,https://www.whatifsports.com/forums/Posts.aspx?topicID=546675&page=1,False,20,20,houston,posted holder notation,houston,the_creeper,published original draft order,24,False,False,True,True,,,,
1985,Regular,1,21,1.21,21.0,PIT from SFQ,coldfoot,Matt Nokes,C,1,Named selection,https://www.whatifsports.com/forums/Posts.aspx?topicID=546675&page=1,False,21,21,pittsburg,posted holder notation,quake,epup1975,published original draft order,24,False,False,True,True,,,,
1985,Regular,1,22,1.22,22.0,BAL,chargingryno,Ken Dixon,P,1,Named selection,https://www.whatifsports.com/forums/Posts.aspx?topicID=546675&page=1,False,22,22,baltimore,posted holder notation,baltimore,chargingryno,published original draft order,24,False,False,True,True,,,,
1985,Regular,1,23,1.23,23.0,NYN,just4me,Floyd Youmans,P,1,Named selection,https://www.whatifsports.com/forums/Posts.aspx?topicID=546675&page=1,False,23,23,new-york-nationals,posted holder notation,new-york-nationals,n4ser,published original draft order,24,False,False,True,True,,,,
1985,Regular,1,24,1.24,24.0,KCM,stevebobldn,Jose Uribe,SS,1,Named selection,https://www.whatifsports.com/forums/Posts.aspx?topicID=546675&page=1,False,24,24,kansas-city,posted holder notation,kansas-city,stevebobldn,published original draft order,24,False,False,True,True,,,,
1986,Regular,1,1,1.1,1.0,NWK,trentonjoe,Greg Maddux,P,1,Named selection,https://www.whatifsports.com/forums/Posts.aspx?topicID=547858&page=1,False,1,1,socal-newark,posted holder notation,socal-newark,trentonjoe,published original draft order,24,True,True,False,False,,,,
1986,Regular,1,2,1.2,2.0,NYN,just4me,Barry Bonds,OF,1,Named selection,https://www.whatifsports.com/forums/Posts.aspx?topicID=547858&page=1,False,2,2,new-york-nationals,posted holder notation,new-york-nationals,just4me,published original draft order,24,True,True,False,False,,,,
1986,Regular,1,3,1.3,3.0,MON,stevebobldn,Barry Larkin,SS,1,Named selection,https://www.whatifsports.com/forums/Posts.aspx?topicID=547858&page=1,False,3,3,montreal,posted holder notation,montreal,stevebobldn,published original draft order,24,True,True,False,False,,,,
1986,Regular,1,4,1.4,4.0,MIN,sinatra,Doug Drabek,P,1,Named selection,https://www.whatifsports.com/forums/Posts.aspx?topicID=547858&page=1,False,4,4,georgia-minnesota,posted holder notation,georgia-minnesota,sinatra,published original draft order,24,True,True,False,False,,,,
1986,Regular,1,5,1.5,5.0,TEX,frazzman80,Rafael Palmeiro,OF,1,Named selection,https://www.whatifsports.com/forums/Posts.aspx?topicID=547858&page=1,False,5,5,texas,posted holder notation,texas,frazzman80,published original draft order,24,True,True,False,False,,,,
1986,Regular,1,6,1.6,6.0,KCM,stevebobldn,Chuck Finley,P,1,Named selection,https://www.whatifsports.com/forums/Posts.aspx?topicID=547858&page=1,False,6,6,kansas-city,posted holder notation,kansas-city,stevebobldn,published original draft order,24,False,True,False,False,,,,
1986,Regular,1,7,1.7,7.0,PIT,coldfoot,Will Clark,1B,1,Named selection,https://www.whatifsports.com/forums/Posts.aspx?topicID=547858&page=1,False,7,7,pittsburg,posted holder notation,pittsburg,coldfoot,published original draft order,24,False,True,False,False,,,,
1986,Regular,1,8,1.8,8.0,NYT,trentonjoe,Mark McGwire,1B,1,Named selection,https://www.whatifsports.com/forums/Posts.aspx?topicID=547858&page=1,False,8,8,new-york-times,posted holder notation,new-york-times,trentonjoe,published original draft order,24,False,True,False,False,,,,
1986,Regular,1,9,1.9,9.0,MIL,cdew8,Devon White,OF,1,Named selection,https://www.whatifsports.com/forums/Posts.aspx?topicID=547858&page=1,False,9,9,milwaukee,posted holder notation,milwaukee,cdew8,published original draft order,24,False,True,False,False,,,,
1986,Regular,1,10,1.10,10.0,CHC,wgasa,Greg Swindell,P,1,Named selection,https://www.whatifsports.com/forums/Posts.aspx?topicID=547858&page=1,False,10,10,cornhuskers,posted holder notation,cornhuskers,wgasa,published original draft order,24,False,True,False,False,,,,
1986,Regular,1,11,1.11,11.0,DET,harrelson,Bob Tewksbury,P,1,Named selection,https://www.whatifsports.com/forums/Posts.aspx?topicID=547858&page=1,False,11,11,detroit,posted holder notation,detroit,harrelson,published original draft order,24,False,False,False,False,,,,
1986,Regular,1,12,1.12,12.0,CIN,sinatra,Jim Deshaies,P,1,Named selection,https://www.whatifsports.com/forums/Posts.aspx?topicID=547858&page=1,False,12,12,cincinnati-la,posted holder notation,cincinnati-la,sinatra,published original draft order,24,False,False,False,False,,,,
1986,Regular,1,13,1.13,13.0,HOU,the_creeper,Bobby Bonilla,OF,1,Named selection,https://www.whatifsports.com/forums/Posts.aspx?topicID=547858&page=1,False,13,13,houston,posted holder notation,houston,the_creeper,published original draft order,24,False,False,False,False,,,,
1986,Regular,1,14,1.14,14.0,NYE,just4me,Kevin Mitchell,OF,1,Named selection,https://www.whatifsports.com/forums/Posts.aspx?topicID=547858&page=1,False,14,14,new-york-eagles,posted holder notation,new-york-eagles,just4me,published original draft order,24,False,False,False,False,,,,
1986,Regular,1,15,1.15,15.0,CHI,chargingryno,Chris Bosio,P,1,Named selection,https://www.whatifsports.com/forums/Posts.aspx?topicID=547858&page=1,False,15,15,thunderbears,posted holder notation,thunderbears,chargingryno,published original draft order,24,False,False,False,True,,,,
1986,Regular,1,16,1.16,16.0,STL>HOU>SEA,kermit,Benito Santiago,C,1,Named selection,https://www.whatifsports.com/forums/Posts.aspx?topicID=547858&page=1,False,16,16,st-louis,posted holder notation,seattle,pi_kapp,published original draft order,24,False,False,False,True,,,,
1986,Regular,1,17,1.17,17.0,BAL,chargingryno,Jamie Moyer,P,1,Named selection,https://www.whatifsports.com/forums/Posts.aspx?topicID=547858&page=1,False,17,17,baltimore,posted holder notation,baltimore,chargingryno,published original draft order,24,False,False,False,True,,,,
1986,Regular,1,18,1.18,18.0,STL,kermit,Kevin Seitzer,1B,1,Named selection,https://www.whatifsports.com/forums/Posts.aspx?topicID=547858&page=1,False,18,18,st-louis,posted holder notation,st-louis,kermit,published original draft order,24,False,False,False,True,,,,
1986,Regular,1,19,1.19,19.0,SFQ,epup1975,Wally Joyner,1B,1,Named selection,https://www.whatifsports.com/forums/Posts.aspx?topicID=547858&page=1,False,19,19,quake,posted holder notation,quake,epup1975,published original draft order,24,False,False,False,True,,,,
1986,Regular,1,20,1.20,20.0,OAK,duhbigcat,John Kruk,OF,1,Named selection,https://www.whatifsports.com/forums/Posts.aspx?topicID=547858&page=1,False,20,20,oakland,posted holder notation,oakland,duhbigcat,published original draft order,24,False,False,True,True,,,,
1986,Regular,1,21,1.21,21.0,TOR>BOS,coldfoot,Rob Thompson,2B,1,Named selection,https://www.whatifsports.com/forums/Posts.aspx?topicID=547858&page=1,False,21,21,toronto,posted holder notation,boston,yates33,published original draft order,24,False,False,True,True,,,,
1986,Regular,1,22,1.22,22.0,TOR,coldfoot,Terry Mullholland,P,1,Named selection,https://www.whatifsports.com/forums/Posts.aspx?topicID=547858&page=1,False,22,22,toronto,posted holder notation,toronto,coldfoot,published original draft order,24,False,False,True,True,,,,
1986,Regular,1,23,1.23,23.0,CLE,harrelson,Mark Portugal,P,1,Named selection,https://www.whatifsports.com/forums/Posts.aspx?topicID=547858&page=1,False,23,23,cleveland,posted holder notation,cleveland,harrelson,published original draft order,24,False,False,True,True,,,,
1986,Regular,1,24,1.24,24.0,PHI,cpdpoet,Bobby Witt,P,1,Named selection,https://www.whatifsports.com/forums/Posts.aspx?topicID=547858&page=1,False,24,24,philly,posted holder notation,philly,cpdpoet,published original draft order,24,False,False,True,True,,,,
1987,Regular,1,1,1.1,,MIL,cdew8,David Cone,P,1,Named selection,https://www.whatifsports.com/forums/Posts.aspx?topicID=548864&page=1,False,1,1,milwaukee,posted holder notation,milwaukee,cdew8,published original draft order,24,True,True,False,False,,,,
1987,Regular,1,2,1.2,,MIN,sinatra,Tom Glavine,P,1,Named selection,https://www.whatifsports.com/forums/Posts.aspx?topicID=548864&page=1,False,2,2,georgia-minnesota,posted holder notation,georgia-minnesota,sinatra,published original draft order,24,True,True,False,False,,,,
1987,Regular,1,3,1.3,,NYT,trentonjoe,David Wells,P,1,Named selection,https://www.whatifsports.com/forums/Posts.aspx?topicID=548864&page=1,False,3,3,new-york-times,posted holder notation,new-york-times,trentonjoe,published original draft order,24,True,True,False,False,,,,
1987,Regular,1,4,1.4,,TEX,frazzman80,John Smiley,P,1,Named selection,https://www.whatifsports.com/forums/Posts.aspx?topicID=548864&page=1,False,4,4,texas,posted holder notation,texas,frazzman80,published original draft order,24,True,True,False,False,,,,
1987,Regular,1,5,1.5,,CIN >HOU,sinatra,Jack McDowell,P,1,Named selection,https://www.whatifsports.com/forums/Posts.aspx?topicID=548864&page=1,False,5,5,cincinnati-la,posted holder notation,houston,the_creeper,published original draft order,24,True,True,False,False,,,,
1987,Regular,1,6,1.6,,PIT>CHI>NWK,coldfoot,Tim Belcher,P,1,Named selection,https://www.whatifsports.com/forums/Posts.aspx?topicID=548864&page=1,False,6,6,pittsburg,posted holder notation,socal-newark,trentonjoe,published original draft order,24,False,True,False,False,,,,
1987,Regular,1,7,1.7,,TOR,coldfoot,Matt Williams,SS,1,Named selection,https://www.whatifsports.com/forums/Posts.aspx?topicID=548864&page=1,False,7,7,toronto,posted holder notation,toronto,coldfoot,published original draft order,24,False,True,False,False,,,,
1987,Regular,1,8,1.8,,NYE,just4me,Fred McGriff,DH,1,Named selection,https://www.whatifsports.com/forums/Posts.aspx?topicID=548864&page=1,False,8,8,new-york-eagles,posted holder notation,new-york-eagles,just4me,published original draft order,24,False,True,False,False,,,,
1987,Regular,1,9,1.9,,STL,kermit,Jay Bell,SS,1,Named selection,https://www.whatifsports.com/forums/Posts.aspx?topicID=548864&page=1,False,9,9,st-louis,posted holder notation,st-louis,kermit,published original draft order,24,False,True,False,False,,,,
1987,Regular,1,10,1.10,,KCM,stevebobldn,Paul O'Neill,OF,1,Named selection,https://www.whatifsports.com/forums/Posts.aspx?topicID=548864&page=1,False,10,10,montreal,selected player roster evidence,kansas-city,stevebobldn,published original draft order,24,False,True,False,False,,,,
1987,Regular,1,11,1.11,,CHI>PIT,chargingryno,Joe Magrane,P,1,Named selection,https://www.whatifsports.com/forums/Posts.aspx?topicID=548864&page=1,False,11,11,thunderbears,posted holder notation,pittsburg,coldfoot,published original draft order,24,False,False,False,False,,,,
1987,Regular,1,12,1.12,,MON,stevebobldn,Ken Caminetti,3B,1,Named selection,https://www.whatifsports.com/forums/Posts.aspx?topicID=548864&page=1,False,12,12,montreal,posted holder notation,montreal,stevebobldn,published original draft order,24,False,False,False,False,,,,
1987,Regular,1,13,1.13,,CIN,sinatra,Ellis Burks,OF,1,Named selection,https://www.whatifsports.com/forums/Posts.aspx?topicID=548864&page=1,False,13,13,cincinnati-la,posted holder notation,cincinnati-la,sinatra,published original draft order,24,False,False,False,False,,,,
1987,Regular,1,14,1.14,,CHI,chargingryno,Terry Steinbach,C,1,Named selection,https://www.whatifsports.com/forums/Posts.aspx?topicID=548864&page=1,False,14,14,thunderbears,posted holder notation,thunderbears,chargingryno,published original draft order,24,False,False,False,False,,,,
1987,Regular,1,15,1.15,,NWK>CHI>SEA,trentonjoe,B.J. Surhoff,C,1,Named selection,https://www.whatifsports.com/forums/Posts.aspx?topicID=548864&page=1,False,15,15,socal-newark,posted holder notation,seattle,pi_kapp,published original draft order,24,False,False,False,True,,,,
1987,Regular,1,16,1.16,,DET,harrelson,Doug Jones,P,1,Named selection,https://www.whatifsports.com/forums/Posts.aspx?topicID=548864&page=1,False,16,16,detroit,posted holder notation,detroit,harrelson,published original draft order,24,False,False,False,True,,,,
1987,Regular,1,17,1.17,,CLE,harrelson,Mike Jackson,P,1,Named selection,https://www.whatifsports.com/forums/Posts.aspx?topicID=548864&page=1,False,17,17,cleveland,posted holder notation,cleveland,harrelson,published original draft order,24,False,False,False,True,,,,
1987,Regular,1,18,1.18,,BOS,the_creeper,Mike Greenwell,OF,1,Named selection,https://www.whatifsports.com/forums/Posts.aspx?topicID=548864&page=1,False,18,18,boston,posted holder notation,boston,the_creeper,published original draft order,24,False,False,False,True,,,,
1987,Regular,1,19,1.19,,PIT>BAL,coldfoot,Lance Johnson,OF,1,Named selection,https://www.whatifsports.com/forums/Posts.aspx?topicID=548864&page=1,False,19,19,pittsburg,posted holder notation,baltimore,chargingryno,published original draft order,24,False,False,False,True,,,,
1987,Regular,1,20,1.20,,CHC,wgasa,Ron Gant,OF,1,Named selection,https://www.whatifsports.com/forums/Posts.aspx?topicID=548864&page=1,False,20,20,cornhuskers,posted holder notation,cornhuskers,wgasa,published original draft order,24,False,False,True,True,,,,
1987,Regular,1,21,1.21,,PHI,cpdpoet,Jeff Blauser,SS,1,Named selection,https://www.whatifsports.com/forums/Posts.aspx?topicID=548864&page=1,False,21,21,philly,posted holder notation,philly,cpdpoet,published original draft order,24,False,False,True,True,,,,
1987,Regular,1,22,1.22,,SFQ,epup1975,Roberto Kelly,OF,1,Named selection,https://www.whatifsports.com/forums/Posts.aspx?topicID=548864&page=1,False,22,22,quake,posted holder notation,quake,epup1975,published original draft order,24,False,False,True,True,,,,
1987,Regular,1,23,1.23,,OAK,duhbigcat,Mark McLemore,2B,1,Named selection,https://www.whatifsports.com/forums/Posts.aspx?topicID=548864&page=1,False,23,23,oakland,posted holder notation,oakland,duhbigcat,published original draft order,24,False,False,True,True,,,,
1987,Regular,1,24,1.24,,NYN,just4me,Mike Henneman,P,1,Named selection,https://www.whatifsports.com/forums/Posts.aspx?topicID=548864&page=1,False,24,24,new-york-eagles,selected player roster evidence,new-york-nationals,just4me,published original draft order,24,False,False,True,True,,,,
1988,Regular,1,1,1.1,,DET,harrelson,Randy Johnson,P,1,Named selection,https://www.whatifsports.com/forums/Posts.aspx?topicID=549083&page=1,False,1,1,detroit,posted holder notation,detroit,harrelson,published original draft order,24,True,True,False,False,,,,
1988,Regular,1,2,1.2,,NWK,trentonjoe,John Smoltz,P,1,Named selection,https://www.whatifsports.com/forums/Posts.aspx?topicID=549083&page=1,False,2,2,socal-newark,posted holder notation,socal-newark,trentonjoe,published original draft order,24,True,True,False,False,,,,
1988,Regular,1,3,1.3,,MIN,sinatra,Roberto Alomar,2B,1,Named selection,https://www.whatifsports.com/forums/Posts.aspx?topicID=549083&page=1,False,3,3,georgia-minnesota,posted holder notation,georgia-minnesota,sinatra,published original draft order,24,True,True,False,False,,,,
1988,Regular,1,4,1.4,,NYT>HOU,trentonjoe,Craig Biggio,C,1,Named selection,https://www.whatifsports.com/forums/Posts.aspx?topicID=549083&page=1,False,4,4,new-york-times,posted holder notation,houston,the_creeper,published original draft order,24,True,True,False,False,,,,
1988,Regular,1,5,1.5,,HOU>NYT>CHC,the_creeper,Gary Sheffield,SS,1,Named selection,https://www.whatifsports.com/forums/Posts.aspx?topicID=549083&page=1,False,5,5,houston,posted holder notation,cornhuskers,wgasa,published original draft order,24,True,True,False,False,,,,
1988,Regular,1,6,1.6,,TOR,coldfoot,Ramon Martinez,P,1,Named selection,https://www.whatifsports.com/forums/Posts.aspx?topicID=549083&page=1,False,6,6,toronto,posted holder notation,toronto,coldfoot,published original draft order,24,False,True,False,False,,,,
1988,Regular,1,7,1.7,,CHC>NYT,wgasa,Mark Grace,1B,1,Named selection,https://www.whatifsports.com/forums/Posts.aspx?topicID=549083&page=1,False,7,7,cornhuskers,posted holder notation,new-york-times,trentonjoe,published original draft order,24,False,True,False,False,,,,
1988,Regular,1,8,1.8,,CIN,sinatra,Erik Hanson,P,1,Named selection,https://www.whatifsports.com/forums/Posts.aspx?topicID=549083&page=1,False,8,8,cincinnati-la,posted holder notation,cincinnati-la,sinatra,published original draft order,24,False,True,False,False,,,,
1988,Regular,1,9,1.9,,MIL,cdew8,Duane Ward,P,1,Named selection,https://www.whatifsports.com/forums/Posts.aspx?topicID=549083&page=1,False,9,9,milwaukee,posted holder notation,milwaukee,cdew8,published original draft order,24,False,True,False,False,,,,
1988,Regular,1,10,1.10,,BOS,the_creeper,Gregg Jefferies,3B,1,Named selection,https://www.whatifsports.com/forums/Posts.aspx?topicID=549083&page=1,False,10,10,boston,posted holder notation,boston,the_creeper,published original draft order,24,False,True,False,False,,,,
1988,Regular,1,11,1.11,,BAL,jimmygatz2,Jay Buhner,OF,1,Named selection,https://www.whatifsports.com/forums/Posts.aspx?topicID=549083&page=1,False,11,11,baltimore,posted holder notation,baltimore,jimmygatz2,published original draft order,24,False,False,False,False,,,,
1988,Regular,1,12,1.12,,DET>NYE,harrelson,Brady Anderson,OF,1,Named selection,https://www.whatifsports.com/forums/Posts.aspx?topicID=549083&page=1,False,12,12,detroit,posted holder notation,new-york-eagles,just4me,published original draft order,24,False,False,False,False,,,,
1988,Regular,1,13,1.13,,OAK>CHI>SEA,duhbigcat,Todd Stottlemyre,P,1,Named selection,https://www.whatifsports.com/forums/Posts.aspx?topicID=549083&page=1,False,13,13,oakland,posted holder notation,seattle,pi_kapp,published original draft order,24,False,False,False,False,,,,
1988,Regular,1,14,1.14,,MON,stevebobldn,Al Leiter,P,1,Named selection,https://www.whatifsports.com/forums/Posts.aspx?topicID=549083&page=1,False,14,14,montreal,posted holder notation,montreal,stevebobldn,published original draft order,24,False,False,False,False,,,,
1988,Regular,1,15,1.15,,CHI,chargingryno,Melido Perez,P,1,Named selection,https://www.whatifsports.com/forums/Posts.aspx?topicID=549083&page=1,False,15,15,thunderbears,posted holder notation,thunderbears,chargingryno,published original draft order,24,False,False,False,True,,,,
1988,Regular,1,16,1.16,,OAK,duhbigcat,Jody Reed,SS,1,Named selection,https://www.whatifsports.com/forums/Posts.aspx?topicID=549083&page=1,False,16,16,oakland,posted holder notation,oakland,duhbigcat,published original draft order,24,False,False,False,True,,,,
1988,Regular,1,17,1.17,,CLE,harrelson,Chris Sabo,3B,1,Named selection,https://www.whatifsports.com/forums/Posts.aspx?topicID=549083&page=1,False,17,17,cleveland,posted holder notation,cleveland,harrelson,published original draft order,24,False,False,False,True,,,,
1988,Regular,1,18,1.18,,NYN,k123456789,Walt Weiss,SS,1,Named selection,https://www.whatifsports.com/forums/Posts.aspx?topicID=549083&page=1,False,18,18,new-york-nationals,posted holder notation,new-york-nationals,k123456789,published original draft order,24,False,False,False,True,,,,
1988,Regular,1,19,1.19,,SFQ,epup1975,John Dopson,P,1,Named selection,https://www.whatifsports.com/forums/Posts.aspx?topicID=549083&page=1,False,19,19,quake,posted holder notation,quake,epup1975,published original draft order,24,False,False,False,True,,,,
1988,Regular,1,20,1.20,,STL,kermit,Randy Velarde,2B,1,Named selection,https://www.whatifsports.com/forums/Posts.aspx?topicID=549083&page=1,False,20,20,st-louis,posted holder notation,st-louis,kermit,published original draft order,24,False,False,True,True,,,,
1988,Regular,1,21,1.21,,TEX,frazzman80,Jeff Montgomery,P,1,Named selection,https://www.whatifsports.com/forums/Posts.aspx?topicID=549083&page=1,False,21,21,texas,posted holder notation,texas,frazzman80,published original draft order,24,False,False,True,True,,,,
1988,Regular,1,22,1.22,,BAL>PIT,jimmygatz2,Norm Charlton,P,1,Named selection,https://www.whatifsports.com/forums/Posts.aspx?topicID=549083&page=1,False,22,22,baltimore,posted holder notation,pittsburg,coldfoot,published original draft order,24,False,False,True,True,,,,
1988,Regular,1,23,1.23,,CHC>PHI,chargingryno,Ron Dibble,P,1,Named selection,https://www.whatifsports.com/forums/Posts.aspx?topicID=549083&page=1,False,23,23,thunderbears,reviewed board typo: Ron/Rob Dibble and CHC/CHI; selected Rob Dibble roster establishes Chicago Thunderbears,philly,cpdpoet,published original draft order,24,False,False,True,True,,,,
1988,Regular,1,24,1.24,,HOU>KCM,the_creeper,Bryan Harvey,P,1,Named selection,https://www.whatifsports.com/forums/Posts.aspx?topicID=549083&page=1,False,24,24,houston,posted holder notation,kansas-city,kujhawker,published original draft order,24,False,False,True,True,,,,
1989,Regular,1,1,1.1,,MIN,sinatra,"Ken Griffey, Jr.",OF,1,Named selection,https://www.whatifsports.com/forums/Posts.aspx?topicID=550005&page=1,False,1,1,georgia-minnesota,posted holder notation,georgia-minnesota,sinatra,published original draft order,24,True,True,False,False,,,,
1989,Regular,1,2,1.2,,DET,harrelson,Kevin Brown,P,1,Named selection,https://www.whatifsports.com/forums/Posts.aspx?topicID=550005&page=1,False,2,2,detroit,posted holder notation,detroit,harrelson,published original draft order,24,True,True,False,False,,,,
1989,Regular,1,3,1.3,,NWK,trentonjoe,Edgar Martinez,3B,1,Named selection,https://www.whatifsports.com/forums/Posts.aspx?topicID=550005&page=1,False,3,3,socal-newark,posted holder notation,socal-newark,trentonjoe,published original draft order,24,True,True,False,False,,,,
1989,Regular,1,4,1.4,,OAK,duhbigcat,Sammy Sosa,OF,1,Named selection,https://www.whatifsports.com/forums/Posts.aspx?topicID=550005&page=1,False,4,4,oakland,posted holder notation,oakland,duhbigcat,published original draft order,24,True,True,False,False,,,,
1989,Regular,1,5,1.5,,PIT,coldfoot,Andy Benes,P,1,Named selection,https://www.whatifsports.com/forums/Posts.aspx?topicID=550005&page=1,False,5,5,pittsburg,posted holder notation,pittsburg,coldfoot,published original draft order,24,True,True,False,False,,,,
1989,Regular,1,6,1.6,,MIL,cdew8,Steve Finley,OF,1,Named selection,https://www.whatifsports.com/forums/Posts.aspx?topicID=550005&page=1,False,6,6,milwaukee,posted holder notation,milwaukee,cdew8,published original draft order,24,False,True,False,False,,,,
1989,Regular,1,7,1.7,,TOR,coldfoot,Albert Belle,OF,1,Named selection,https://www.whatifsports.com/forums/Posts.aspx?topicID=550005&page=1,False,7,7,toronto,posted holder notation,toronto,coldfoot,published original draft order,24,False,True,False,False,,,,
1989,Regular,1,8,1.8,,TOR<SEA,coldfoot,Omar Vizquel,SS,1,Named selection,https://www.whatifsports.com/forums/Posts.aspx?topicID=550005&page=1,False,8,8,toronto,posted holder notation,seattle,pi_kapp,published original draft order,24,False,True,False,False,,,,
1989,Regular,1,9,1.9,,TEX,frazzman80,Juan Gonzalez,OF,1,Named selection,https://www.whatifsports.com/forums/Posts.aspx?topicID=550005&page=1,False,9,9,texas,posted holder notation,texas,frazzman80,published original draft order,24,False,True,False,False,,,,
1989,Regular,1,10,1.10,,NYT,trentonjoe,Kenny Rogers,P,1,Named selection,https://www.whatifsports.com/forums/Posts.aspx?topicID=550005&page=1,False,10,10,new-york-times,posted holder notation,new-york-times,trentonjoe,published original draft order,24,False,True,False,False,,,,
1989,Regular,1,11,1.11,,HOU,the_creeper,David Justice,OF,1,Named selection,https://www.whatifsports.com/forums/Posts.aspx?topicID=550005&page=1,False,11,11,houston,posted holder notation,houston,the_creeper,published original draft order,24,False,False,False,False,,,,
1989,Regular,1,12,1.12,,CIN,sinatra,Pete Harnisch,P,1,Named selection,https://www.whatifsports.com/forums/Posts.aspx?topicID=550005&page=1,False,12,12,cincinnati-la,posted holder notation,cincinnati-la,sinatra,published original draft order,24,False,False,False,False,,,,
1989,Regular,1,13,1.13,,TOR<SEA<NYE<NYN,coldfoot,Ken Hill,P,1,Named selection,https://www.whatifsports.com/forums/Posts.aspx?topicID=550005&page=1,False,13,13,toronto,posted holder notation,new-york-nationals,k123456789,published original draft order,24,False,False,False,False,,,,
1989,Regular,1,14,1.14,,CHC<NYE,wgasa,Kevin Tapani,P,1,Named selection,https://www.whatifsports.com/forums/Posts.aspx?topicID=550005&page=1,False,14,14,cornhuskers,posted holder notation,new-york-eagles,just4me,published original draft order,24,False,False,False,False,,,,
1989,Regular,1,15,1.15,,STL,kermit,Tom Gordon,P,1,Named selection,https://www.whatifsports.com/forums/Posts.aspx?topicID=550005&page=1,False,15,15,st-louis,posted holder notation,st-louis,kermit,published original draft order,24,False,False,False,True,,,,
1989,Regular,1,16,1.16,,BOS,the_creeper,Jim Abbott,P,1,Named selection,https://www.whatifsports.com/forums/Posts.aspx?topicID=550005&page=1,False,16,16,boston,posted holder notation,boston,the_creeper,published original draft order,24,False,False,False,True,,,,
1989,Regular,1,17,1.17,,CHI,chargingryno,Todd Zeile,C,1,Named selection,https://www.whatifsports.com/forums/Posts.aspx?topicID=550005&page=1,False,17,17,thunderbears,posted holder notation,thunderbears,chargingryno,published original draft order,24,False,False,False,True,,,,
1989,Regular,1,18,1.18,,CHC,wgasa,Jamie Navarro,P,1,Named selection,https://www.whatifsports.com/forums/Posts.aspx?topicID=550005&page=1,False,18,18,cornhuskers,posted holder notation,cornhuskers,wgasa,published original draft order,24,False,False,False,True,,,,
1989,Regular,1,19,1.19,,MON,stevebobldn,Marquis Grissom,OF,1,Named selection,https://www.whatifsports.com/forums/Posts.aspx?topicID=550005&page=1,False,19,19,montreal,posted holder notation,montreal,stevebobldn,published original draft order,24,False,False,False,True,,,,
1989,Regular,1,20,1.20,,CLE,harrelson,Greg Vaughn,OF,1,Named selection,https://www.whatifsports.com/forums/Posts.aspx?topicID=550005&page=1,False,20,20,cleveland,posted holder notation,cleveland,harrelson,published original draft order,24,False,False,True,True,,,,
1989,Regular,1,21,1.21,,PIT<BAL,coldfoot,John Wetteland,P,1,Named selection,https://www.whatifsports.com/forums/Posts.aspx?topicID=550005&page=1,False,21,21,pittsburg,posted holder notation,baltimore,jimmygatz2,published original draft order,24,False,False,True,True,,,,
1989,Regular,1,22,1.22,,PHI,cpdpoet,Dante Bichette,OF,1,Named selection,https://www.whatifsports.com/forums/Posts.aspx?topicID=550005&page=1,False,22,22,philly,posted holder notation,philly,cpdpoet,published original draft order,24,False,False,True,True,,,,
1989,Regular,1,23,1.23,,HOU<KCM,the_creeper,Lenny Harris,2B,1,Named selection,https://www.whatifsports.com/forums/Posts.aspx?topicID=550005&page=1,False,23,23,houston,posted holder notation,kansas-city,kujhawker,published original draft order,24,False,False,True,True,,,,
1989,Regular,1,24,1.24,,SFQ,epup1975,Mark Gardner,P,1,Named selection,https://www.whatifsports.com/forums/Posts.aspx?topicID=550005&page=1,False,24,24,quake,posted holder notation,quake,epup1975,published original draft order,24,False,False,True,True,,,,
