id,date,year_context,topic,page,url,proposal_owner,text,owners,confirmation_ids,confirmation_methods,first_round_mentioned,wis_trade_id,confirmation_text,source_post_ids,source_urls,source_texts,reviewed_alias_evidence,review_evidence,source_type,wis_ids,source
forum-11902603,7/19/2020 6:23 PM,1964,521781.0,1.0,https://www.whatifsports.com/forums/Posts.aspx?topicID=521781&page=1,dbrom,"The Lombard Packers send P Bob Buhl to the New York Eagles for SS Dick Howser



Italyprof to confirm",dbrom|italyprof,11902893,unique preceding proposal naming confirming owner,False,,"I confirm the trade. I have updated the keepers list meaning that now my team would need only 5 draft picks. But if the other owners object or the commissioner thinks this trade is inappropriate due to Howser's status, I am happy to withdraw it, as it is a reasonable objection.",11902603,https://www.whatifsports.com/forums/Posts.aspx?topicID=521781&page=1,"[{""post_id"": ""11902603"", ""text"": ""The Lombard Packers send P Bob Buhl to the New York Eagles for SS Dick Howser\n\n\n\nItalyprof to confirm"", ""date"": ""7/19/2020 6:23 PM""}]",,,Forum,,https://www.whatifsports.com/forums/Posts.aspx?topicID=521781&page=1
forum-11903620,7/20/2020 9:05 PM,1964,521781.0,1.0,https://www.whatifsports.com/forums/Posts.aspx?topicID=521781&page=1,coldfoot,"i trade this current slot (7)to the harrelsons along with slot 50 for pick 8 and slot 33.

waiting fer confirmation.",coldfoot|harrelson,11903690,quoted proposal ID,False,,"Yes so my 3rd for his 4th, plus swap 1st round picks.  Confirmed.",11903620,https://www.whatifsports.com/forums/Posts.aspx?topicID=521781&page=1,"[{""post_id"": ""11903620"", ""text"": ""i trade this current slot (7)to the harrelsons along with slot 50 for pick 8 and slot 33.\n\nwaiting fer confirmation."", ""date"": ""7/20/2020 9:05 PM""}]",,,Forum,,https://www.whatifsports.com/forums/Posts.aspx?topicID=521781&page=1
forum-11954055,10/6/2020 1:10 PM,1965,522989.0,1.0,https://www.whatifsports.com/forums/Posts.aspx?topicID=522989&page=1,fire13,"LA trades it's 1st round pick and 3rd round pick to CIN for Bob Friend and Cincy's 2nd rounder



dannino to confrim",dannino|fire13,11954090,quoted proposal ID,True,,"Confirmed.



My 1966 1st round pick is still available for a starting pitcher with several seasons ahead.  Please make offers.",11954055,https://www.whatifsports.com/forums/Posts.aspx?topicID=522989&page=1,"[{""post_id"": ""11954055"", ""text"": ""LA trades it's 1st round pick and 3rd round pick to CIN for Bob Friend and Cincy's 2nd rounder\n\n\n\ndannino to confrim"", ""date"": ""10/6/2020 1:10 PM""}]",,,Forum,,https://www.whatifsports.com/forums/Posts.aspx?topicID=522989&page=1
forum-11954823,10/7/2020 1:48 PM,1965,522989.0,1.0,https://www.whatifsports.com/forums/Posts.aspx?topicID=522989&page=1,dbrom,"The Packers trade P Tracy Stallard to N4ser for OF Rocky Colavito.



N4ser to confirm",dbrom|n4ser,11954872,quoted proposal ID,False,,Confirm,11954823,https://www.whatifsports.com/forums/Posts.aspx?topicID=522989&page=1,"[{""post_id"": ""11954823"", ""text"": ""The Packers trade P Tracy Stallard to N4ser for OF Rocky Colavito.\n\n\n\nN4ser to confirm"", ""date"": ""10/7/2020 1:48 PM""}]",,,Forum,,https://www.whatifsports.com/forums/Posts.aspx?topicID=522989&page=1
forum-11955217,10/7/2020 10:39 PM,1965,522989.0,1.0,https://www.whatifsports.com/forums/Posts.aspx?topicID=522989&page=1,dannino,"TRADE ANNOUNCEMENT:



I am sending my 1965 2nd Round pick (via CIN) and my 1966 1st Round pick to Houston (chargingryno) for P Mike McCormick and Houston's 1966 3rd Round pick.



Chargingryno to confirm.",chargingryno|dannino,11955226,unique preceding proposal naming confirming owner,True,,Confirm above trade,11955217,https://www.whatifsports.com/forums/Posts.aspx?topicID=522989&page=1,"[{""post_id"": ""11955217"", ""text"": ""TRADE ANNOUNCEMENT:\n\n\n\nI am sending my 1965 2nd Round pick (via CIN) and my 1966 1st Round pick to Houston (chargingryno) for P Mike McCormick and Houston's 1966 3rd Round pick.\n\n\n\nChargingryno to confirm."", ""date"": ""10/7/2020 10:39 PM""}]",,,Forum,,https://www.whatifsports.com/forums/Posts.aspx?topicID=522989&page=1
forum-11955230,10/7/2020 11:01 PM,1965,522989.0,1.0,https://www.whatifsports.com/forums/Posts.aspx?topicID=522989&page=1,chargingryno,"Houston sends OF Floyd Robinson to Cleveland for 1965 10th round pick and 1966 3rd round pick



strubrosll to confirm",chargingryno|strubrosii,11955236,unique preceding proposal naming confirming owner,False,,confirmed,11955230,https://www.whatifsports.com/forums/Posts.aspx?topicID=522989&page=1,"[{""post_id"": ""11955230"", ""text"": ""Houston sends OF Floyd Robinson to Cleveland for 1965 10th round pick and 1966 3rd round pick\n\n\n\nstrubrosll to confirm"", ""date"": ""10/7/2020 11:01 PM""}]",,,Forum,,https://www.whatifsports.com/forums/Posts.aspx?topicID=522989&page=1
forum-11979174,11/14/2020 6:12 PM,1965,522989.0,2.0,https://www.whatifsports.com/forums/Posts.aspx?topicID=522989&page=2,cpdpoet,"Philly has swapped out our #3 in 1966 and p's simmons/bennett to LA Swat / dannino for p's duffalo/navarro...



........dannino to confirm",cpdpoet|dannino,11979349,quoted proposal ID,False,,Confirmed.,11979174,https://www.whatifsports.com/forums/Posts.aspx?topicID=522989&page=2,"[{""post_id"": ""11979174"", ""text"": ""Philly has swapped out our #3 in 1966 and p's simmons/bennett to LA Swat / dannino for p's duffalo/navarro...\n\n\n\n........dannino to confirm"", ""date"": ""11/14/2020 6:12 PM""}]",,,Forum,,https://www.whatifsports.com/forums/Posts.aspx?topicID=522989&page=2
forum-12058306,3/15/2021 1:37 PM,1967,525820.0,1.0,https://www.whatifsports.com/forums/Posts.aspx?topicID=525820&page=1,fire13,"CIN sends its 5th round pick to BOS for Phil Gagliano. 



bagchucker to confirm",bagchucker|fire13,WIS-130841-3,unique executed WIS transaction match,False,130841-3,Executed WIS transaction,12058306,https://www.whatifsports.com/forums/Posts.aspx?topicID=525820&page=1,"[{""post_id"": ""12058306"", ""text"": ""CIN sends its 5th round pick to BOS for Phil Gagliano. \n\n\n\nbagchucker to confirm"", ""date"": ""3/15/2021 1:37 PM""}]",,,Forum + WIS,130841-3,https://www.whatifsports.com/forums/Posts.aspx?topicID=525820&page=1
forum-12083309,4/26/2021 12:29 AM,1968,525820.0,1.0,https://www.whatifsports.com/forums/Posts.aspx?topicID=525820&page=1,fire13,"After this season's conclusion and heading into the '68 draft...CIN trades its 2nd and 3rd round picks to BRK for Leo Cardenas and Ernie Banks...

...chargingryno to confirm...",chargingryno|fire13,12083313,unique preceding proposal naming confirming owner,False,,confirm trade,12083309,https://www.whatifsports.com/forums/Posts.aspx?topicID=525820&page=1,"[{""post_id"": ""12083309"", ""text"": ""After this season's conclusion and heading into the '68 draft...CIN trades its 2nd and 3rd round picks to BRK for Leo Cardenas and Ernie Banks...\n\n...chargingryno to confirm..."", ""date"": ""4/26/2021 12:29 AM""}]",,,Forum,,https://www.whatifsports.com/forums/Posts.aspx?topicID=525820&page=1
forum-12083912,4/27/2021 12:59 AM,1968,525820.0,2.0,https://www.whatifsports.com/forums/Posts.aspx?topicID=525820&page=2,just4me,"NYE trades ‘69 2nd (LA) to BKN for Mickey Mantle. 



chargingryno to confirm",chargingryno|just4me,12083916,quoted proposal ID,False,,confirm,12083912,https://www.whatifsports.com/forums/Posts.aspx?topicID=525820&page=2,"[{""post_id"": ""12083912"", ""text"": ""NYE trades ‘69 2nd (LA) to BKN for Mickey Mantle. \n\n\n\nchargingryno to confirm"", ""date"": ""4/27/2021 12:59 AM""}]",,,Forum,,https://www.whatifsports.com/forums/Posts.aspx?topicID=525820&page=2
forum-12083948,4/27/2021 6:29 AM,1968,525820.0,2.0,https://www.whatifsports.com/forums/Posts.aspx?topicID=525820&page=2,disco dogs,"Bucks trade Ray Culp and our 1st for Juan Marichal, N4ser to confirm",disco dogs|n4ser,12084894,quoted proposal ID,True,,Confirmed,12083948,https://www.whatifsports.com/forums/Posts.aspx?topicID=525820&page=2,"[{""post_id"": ""12083948"", ""text"": ""Bucks trade Ray Culp and our 1st for Juan Marichal, N4ser to confirm"", ""date"": ""4/27/2021 6:29 AM""}]",,,Forum,,https://www.whatifsports.com/forums/Posts.aspx?topicID=525820&page=2
forum-12086755,5/1/2021 11:52 PM,1968,525820.0,2.0,https://www.whatifsports.com/forums/Posts.aspx?topicID=525820&page=2,fire13,"Trade Update:

chargingryno trades Don McMahon, picks 3.10 and 3.15 to CIN for 1969 1st round pick and picks 4.15 and last pick whatever that may be...

ryno to confirm",chargingryno|fire13,12086763,quoted proposal ID,True,,Confirm,12086755,https://www.whatifsports.com/forums/Posts.aspx?topicID=525820&page=2,"[{""post_id"": ""12086755"", ""text"": ""Trade Update:\n\nchargingryno trades Don McMahon, picks 3.10 and 3.15 to CIN for 1969 1st round pick and picks 4.15 and last pick whatever that may be...\n\nryno to confirm"", ""date"": ""5/1/2021 11:52 PM""}]",,,Forum,,https://www.whatifsports.com/forums/Posts.aspx?topicID=525820&page=2
forum-12120490,6/29/2021 12:55 AM,1969,525820.0,3.0,https://www.whatifsports.com/forums/Posts.aspx?topicID=525820&page=3,chargingryno,"In what May turn out to e one of many transactions Brooklyn seals over the next 24 hours…



WashingTex SenatoRangers send the #56 pick in the expansion draft to the Brooklyn Thunderbears for OF AL Ferrara, P Joe Grzenda, P Ramon Hernandez (IR) and C Hal King (IR)



frazzman to confirm",chargingryno|frazzman80,12120493,quoted proposal ID,False,,Confirmed...this expansion team is stoked about the quantity here! Let's hope it's a quality deal!,12120490,https://www.whatifsports.com/forums/Posts.aspx?topicID=525820&page=3,"[{""post_id"": ""12120490"", ""text"": ""In what May turn out to e one of many transactions Brooklyn seals over the next 24 hours…\n\n\n\nWashingTex SenatoRangers send the #56 pick in the expansion draft to the Brooklyn Thunderbears for OF AL Ferrara, P Joe Grzenda, P Ramon Hernandez (IR) and C Hal King (IR)\n\n\n\nfrazzman to confirm"", ""date"": ""6/29/2021 12:55 AM""}]",,,Forum,,https://www.whatifsports.com/forums/Posts.aspx?topicID=525820&page=3
forum-12120605,6/29/2021 10:13 AM,1969,525820.0,3.0,https://www.whatifsports.com/forums/Posts.aspx?topicID=525820&page=3,chargingryno,"Brooklyn ownership is either genius or drunk. We’ll find out in a few months which is it:



Brooklyn sends Earl Wilson -P, BAL 1969 3rd round pick, and  Brooklyn’s 1970 2nd round pick to Baltimore in exchange for OF Matty Alou",chargingryno|dodgerdon,12120610,quoted proposal ID,False,,"Maybe a drunk genius? 



Confirmed.",12120605,https://www.whatifsports.com/forums/Posts.aspx?topicID=525820&page=3,"[{""post_id"": ""12120605"", ""text"": ""Brooklyn ownership is either genius or drunk. We’ll find out in a few months which is it:\n\n\n\nBrooklyn sends Earl Wilson -P, BAL 1969 3rd round pick, and  Brooklyn’s 1970 2nd round pick to Baltimore in exchange for OF Matty Alou"", ""date"": ""6/29/2021 10:13 AM""}]",,,Forum,,https://www.whatifsports.com/forums/Posts.aspx?topicID=525820&page=3
forum-12121580,6/30/2021 1:33 PM,1969,525820.0,4.0,https://www.whatifsports.com/forums/Posts.aspx?topicID=525820&page=4,chrondon84,"First trade in Seattle Bagchucker history!



To Seattle 



P Bob Priddy, IR P Orlando Pena, OF Tito Francona



to Baltimore 



1969 5th, 6th and 7th round picks. 



The Great DodgerDon to confirm",chrondon84|dodgerdon,12121585,quoted proposal ID,False,132043-0,"Man speaks the truth, but I’m not great. Just a man of the people. 



Confirmed.

DD",12121580,https://www.whatifsports.com/forums/Posts.aspx?topicID=525820&page=4,"[{""post_id"": ""12121580"", ""text"": ""First trade in Seattle Bagchucker history!\n\n\n\nTo Seattle \n\n\n\nP Bob Priddy, IR P Orlando Pena, OF Tito Francona\n\n\n\nto Baltimore \n\n\n\n1969 5th, 6th and 7th round picks. \n\n\n\nThe Great DodgerDon to confirm"", ""date"": ""6/30/2021 1:33 PM""}]",,,Forum,,https://www.whatifsports.com/forums/Posts.aspx?topicID=525820&page=4
forum-12121870,6/30/2021 6:09 PM,1969,525820.0,4.0,https://www.whatifsports.com/forums/Posts.aspx?topicID=525820&page=4,dodgerdon,"Baltimore & Brooklyn are playing ping pong with the Orioles 3rd round pick. 



Orioles re-send their 1969 3rd round pick to Brooklyn for Paul Schaal 3b. 



chargingryno to confirm.",chargingryno|dodgerdon,12121879,quoted proposal ID,False,,Confirmed. Apparently there's someone with that mid/late 3rd round pick that Brooklyn is targeting,12121870,https://www.whatifsports.com/forums/Posts.aspx?topicID=525820&page=4,"[{""post_id"": ""12121870"", ""text"": ""Baltimore & Brooklyn are playing ping pong with the Orioles 3rd round pick. \n\n\n\nOrioles re-send their 1969 3rd round pick to Brooklyn for Paul Schaal 3b. \n\n\n\nchargingryno to confirm."", ""date"": ""6/30/2021 6:09 PM""}]",,,Forum,,https://www.whatifsports.com/forums/Posts.aspx?topicID=525820&page=4
forum-12122133,6/30/2021 11:38 PM,1969,525820.0,5.0,https://www.whatifsports.com/forums/Posts.aspx?topicID=525820&page=5,frazzman80,"WashingTex SenatoRangers announce a deal with CIN. It was a gas while you were here Dave Boswell...I sure hope you imparted some wisdom on the others on the pitching staff.

 

	From:
	fire13
	To:
	frazzman80
	Received:
	6/30/2021 10:00:00 PM
	Subject:
	RE: Dave Boswell
	Message:
	I can do this deal:

	

	WTX sends P Dave Boswell and our 1970 6th to CIN for his 1969 2nd round pick, P Phil Regan and P Danny Coombs (DL 1970).

fire13 to confirm.",fire13|frazzman80,12122155,quoted proposal ID,False,,confirmed,12122133,https://www.whatifsports.com/forums/Posts.aspx?topicID=525820&page=5,"[{""post_id"": ""12122133"", ""text"": ""WashingTex SenatoRangers announce a deal with CIN. It was a gas while you were here Dave Boswell...I sure hope you imparted some wisdom on the others on the pitching staff.\n\n \n\n\tFrom:\n\tfire13\n\tTo:\n\tfrazzman80\n\tReceived:\n\t6/30/2021 10:00:00 PM\n\tSubject:\n\tRE: Dave Boswell\n\tMessage:\n\tI can do this deal:\n\n\t\n\n\tWTX sends P Dave Boswell and our 1970 6th to CIN for his 1969 2nd round pick, P Phil Regan and P Danny Coombs (DL 1970).\n\nfire13 to confirm."", ""date"": ""6/30/2021 11:38 PM""}]",,,Forum,,https://www.whatifsports.com/forums/Posts.aspx?topicID=525820&page=5
forum-12122180,7/1/2021 6:48 AM,1969,525820.0,5.0,https://www.whatifsports.com/forums/Posts.aspx?topicID=525820&page=5,dodgerdon,"Baltimore sends Jesus Alou OF to San Diego for 1969 5th round pick. 



epup1975 to confirm.



DD",dodgerdon|epup1975,12122347,quoted proposal ID,False,,Confirmed,12122180,https://www.whatifsports.com/forums/Posts.aspx?topicID=525820&page=5,"[{""post_id"": ""12122180"", ""text"": ""Baltimore sends Jesus Alou OF to San Diego for 1969 5th round pick. \n\n\n\nepup1975 to confirm.\n\n\n\nDD"", ""date"": ""7/1/2021 6:48 AM""}]",,,Forum,,https://www.whatifsports.com/forums/Posts.aspx?topicID=525820&page=5
forum-12122493,7/1/2021 3:04 PM,1969,525820.0,5.0,https://www.whatifsports.com/forums/Posts.aspx?topicID=525820&page=5,chargingryno,"Brooklyn sends P Gene Brabender to LA for 1B Chico Salmon



dannino to confirm",chargingryno|dannino,12122716,quoted proposal ID,False,,"Confirmed.



Will adjust keepers and draft picks needed accordingly.",12122493,https://www.whatifsports.com/forums/Posts.aspx?topicID=525820&page=5,"[{""post_id"": ""12122493"", ""text"": ""Brooklyn sends P Gene Brabender to LA for 1B Chico Salmon\n\n\n\ndannino to confirm"", ""date"": ""7/1/2021 3:04 PM""}]",,,Forum,,https://www.whatifsports.com/forums/Posts.aspx?topicID=525820&page=5
forum-12122624,7/1/2021 5:44 PM,1969,525820.0,5.0,https://www.whatifsports.com/forums/Posts.aspx?topicID=525820&page=5,coldfoot,"send my pitt 70 #3 to brk for alex johnson,",chargingryno|coldfoot,12122647,quoted proposal ID,False,,confirm,12122624,https://www.whatifsports.com/forums/Posts.aspx?topicID=525820&page=5,"[{""post_id"": ""12122624"", ""text"": ""send my pitt 70 #3 to brk for alex johnson,"", ""date"": ""7/1/2021 5:44 PM""}]",,,Forum + WIS,131418-3,https://www.whatifsports.com/forums/Posts.aspx?topicID=525820&page=5
forum-12122742,7/1/2021 8:16 PM,1969,528121.0,1.0,https://www.whatifsports.com/forums/Posts.aspx?topicID=528121&page=1,just4me,"NYE trades P - Jim Britton to LA in exchange for SS - Sonny Jackson



dannino to confirm",dannino|just4me,12122768,quoted proposal ID,False,,Confirmed.,12122742,https://www.whatifsports.com/forums/Posts.aspx?topicID=528121&page=1,"[{""post_id"": ""12122742"", ""text"": ""NYE trades P - Jim Britton to LA in exchange for SS - Sonny Jackson\n\n\n\ndannino to confirm"", ""date"": ""7/1/2021 8:16 PM""}]",,,Forum,,https://www.whatifsports.com/forums/Posts.aspx?topicID=528121&page=1
forum-12123140,7/2/2021 12:52 PM,1969,528121.0,2.0,https://www.whatifsports.com/forums/Posts.aspx?topicID=528121&page=2,dodgerdon,"Baltimore and Lombard have made a deal. 



Baltimore sends 1969 5th round pick to Lombard for Dennis Higgins P.



dbrom to confirm.",dbrom|dodgerdon,12124464,quoted proposal ID,False,,Confirmed,12123140,https://www.whatifsports.com/forums/Posts.aspx?topicID=528121&page=2,"[{""post_id"": ""12123140"", ""text"": ""Baltimore and Lombard have made a deal. \n\n\n\nBaltimore sends 1969 5th round pick to Lombard for Dennis Higgins P.\n\n\n\ndbrom to confirm."", ""date"": ""7/2/2021 12:52 PM""}]",,,Forum,,https://www.whatifsports.com/forums/Posts.aspx?topicID=528121&page=2
forum-12123689,7/3/2021 9:22 AM,1969,528121.0,2.0,https://www.whatifsports.com/forums/Posts.aspx?topicID=528121&page=2,crustydoc,"SoCal sends Ron Reed, p, to LA for their 1969 1st round pick.  Reed will not have to relocate.



dannino to confirm.",crustydoc|dannino,12123762,quoted proposal ID,True,,"Confirmed.



Keepers to be updated.",12123689,https://www.whatifsports.com/forums/Posts.aspx?topicID=528121&page=2,"[{""post_id"": ""12123689"", ""text"": ""SoCal sends Ron Reed, p, to LA for their 1969 1st round pick.  Reed will not have to relocate.\n\n\n\ndannino to confirm."", ""date"": ""7/3/2021 9:22 AM""}]",,,Forum,,https://www.whatifsports.com/forums/Posts.aspx?topicID=528121&page=2
forum-12131053,7/16/2021 1:40 AM,1969,528121.0,3.0,https://www.whatifsports.com/forums/Posts.aspx?topicID=528121&page=3,epup1975,"***TRADE ANNOUNCEMENT***



San Diego trades Richie Hebner & their 1970 2nd rounder to Brooklyn for Al Oliver",chargingryno|epup1975,12131154,quoted proposal ID,False,,confirm,12131053,https://www.whatifsports.com/forums/Posts.aspx?topicID=528121&page=3,"[{""post_id"": ""12131053"", ""text"": ""***TRADE ANNOUNCEMENT***\n\n\n\nSan Diego trades Richie Hebner & their 1970 2nd rounder to Brooklyn for Al Oliver"", ""date"": ""7/16/2021 1:40 AM""}]",,,Forum,,https://www.whatifsports.com/forums/Posts.aspx?topicID=528121&page=3
forum-12161160,9/14/2021 2:34 PM,1970,529239.0,1.0,https://www.whatifsports.com/forums/Posts.aspx?topicID=529239&page=1,frazzman80,"We have a trade announcement!!!



WashingTex SenatoRangers send C Hal King, 1B Joe Hague, P Gary Peters and P Danny Coombs to the LA SWAT for P Juan Pizzaro (DL '71) and his 1971 2nd round pick.



dannino to confirm.",dannino|frazzman80,12161170,quoted proposal ID,False,,"Confirmed.



Keepers and draft picks needed to be adjusted.",12161160,https://www.whatifsports.com/forums/Posts.aspx?topicID=529239&page=1,"[{""post_id"": ""12161160"", ""text"": ""We have a trade announcement!!!\n\n\n\nWashingTex SenatoRangers send C Hal King, 1B Joe Hague, P Gary Peters and P Danny Coombs to the LA SWAT for P Juan Pizzaro (DL '71) and his 1971 2nd round pick.\n\n\n\ndannino to confirm."", ""date"": ""9/14/2021 2:34 PM""}]",,,Forum,,https://www.whatifsports.com/forums/Posts.aspx?topicID=529239&page=1
forum-12167328,9/27/2021 7:34 PM,1970,529239.0,1.0,https://www.whatifsports.com/forums/Posts.aspx?topicID=529239&page=1,eddiedzen,Boston trades Marty Pattin P to Houston for Clay Carroll P.,eddiedzen|txelvis,12167347,quoted proposal ID,False,,Confirmed,12167328,https://www.whatifsports.com/forums/Posts.aspx?topicID=529239&page=1,"[{""post_id"": ""12167328"", ""text"": ""Boston trades Marty Pattin P to Houston for Clay Carroll P."", ""date"": ""9/27/2021 7:34 PM""}]",,,Forum,,https://www.whatifsports.com/forums/Posts.aspx?topicID=529239&page=1
forum-12172562,10/7/2021 10:15 PM,1970,529239.0,2.0,https://www.whatifsports.com/forums/Posts.aspx?topicID=529239&page=2,frazzman80,"WashingTex SenatoRangers announce a trade with Brooklyn Thunderbears



WTX trades 1B Bob Watson and OF Danny Walton to Brooklyn for OF Billy Williams and the 1970 SD 2nd round pick they own (#21).



chargingryno to confirm.

	From:
	chargingryno
	To:
	frazzman80
	Received:
	10/7/2021 7:08:00 PM
	Subject:
	RE: Williams or Staub
	Message:
	I would take Walton in the deal.

	

	Williams and SD 2nd for Watson and Walton?",chargingryno|frazzman80,12172584,unique preceding proposal naming confirming owner,False,,Confirm above trade with washingtex!,12172562,https://www.whatifsports.com/forums/Posts.aspx?topicID=529239&page=2,"[{""post_id"": ""12172562"", ""text"": ""WashingTex SenatoRangers announce a trade with Brooklyn Thunderbears\n\n\n\nWTX trades 1B Bob Watson and OF Danny Walton to Brooklyn for OF Billy Williams and the 1970 SD 2nd round pick they own (#21).\n\n\n\nchargingryno to confirm.\n\n\tFrom:\n\tchargingryno\n\tTo:\n\tfrazzman80\n\tReceived:\n\t10/7/2021 7:08:00 PM\n\tSubject:\n\tRE: Williams or Staub\n\tMessage:\n\tI would take Walton in the deal.\n\n\t\n\n\tWilliams and SD 2nd for Watson and Walton?"", ""date"": ""10/7/2021 10:15 PM""}]",,,Forum,,https://www.whatifsports.com/forums/Posts.aspx?topicID=529239&page=2
forum-12172564,10/7/2021 10:17 PM,1970,529239.0,2.0,https://www.whatifsports.com/forums/Posts.aspx?topicID=529239&page=2,frazzman80,"WashingTex SenatoRangers announce a trade with the Cincinnati Mudcats



WTX sends our 1970 1st round pick (#6) and the Boston 2nd round pick we own (#36) for their 1970 1st round pick (#2). 



fire13 to confirm.",fire13|frazzman80,12172591,quoted proposal ID,True,,confirmed,12172564,https://www.whatifsports.com/forums/Posts.aspx?topicID=529239&page=2,"[{""post_id"": ""12172564"", ""text"": ""WashingTex SenatoRangers announce a trade with the Cincinnati Mudcats\n\n\n\nWTX sends our 1970 1st round pick (#6) and the Boston 2nd round pick we own (#36) for their 1970 1st round pick (#2). \n\n\n\nfire13 to confirm."", ""date"": ""10/7/2021 10:17 PM""}]",,,Forum,,https://www.whatifsports.com/forums/Posts.aspx?topicID=529239&page=2
forum-12172590,10/7/2021 11:29 PM,1970,529239.0,2.0,https://www.whatifsports.com/forums/Posts.aspx?topicID=529239&page=2,fire13,"CIN trades its 1972 1st round pick, 1970 3rd round pick and OF - Al Ferrara to BRK for Rusty Staub and Ken Tatum



Ryno to confirm",chargingryno|fire13,12172604,quoted proposal ID,True,,Confirm,12172590,https://www.whatifsports.com/forums/Posts.aspx?topicID=529239&page=2,"[{""post_id"": ""12172590"", ""text"": ""CIN trades its 1972 1st round pick, 1970 3rd round pick and OF - Al Ferrara to BRK for Rusty Staub and Ken Tatum\n\n\n\nRyno to confirm"", ""date"": ""10/7/2021 11:29 PM""}]",,,Forum,,https://www.whatifsports.com/forums/Posts.aspx?topicID=529239&page=2
forum-12175031,10/12/2021 2:04 PM,1970,529239.0,3.0,https://www.whatifsports.com/forums/Posts.aspx?topicID=529239&page=3,dbrom,"Lombard sends Cesar Cedeno and our last two picks of this draft to WashTex for John Ellis, Oscar Gamble and pick 2.1 of this years draft.



Frazzman to confirm",dbrom|frazzman80,12175041,quoted proposal ID,False,,Confirmed on my end...best of luck with the picks and thanks for helping fill my GAPING CF hole.,12175031,https://www.whatifsports.com/forums/Posts.aspx?topicID=529239&page=3,"[{""post_id"": ""12175031"", ""text"": ""Lombard sends Cesar Cedeno and our last two picks of this draft to WashTex for John Ellis, Oscar Gamble and pick 2.1 of this years draft.\n\n\n\nFrazzman to confirm"", ""date"": ""10/12/2021 2:04 PM""}]",,,Forum,,https://www.whatifsports.com/forums/Posts.aspx?topicID=529239&page=3
forum-12175882,10/14/2021 3:18 AM,1970,529239.0,3.0,https://www.whatifsports.com/forums/Posts.aspx?topicID=529239&page=3,epup1975,"***TRADE ANNOUNCEMENT***



The Quake trade Jim Bunning, Bob Veale, & Jesus Alou to the Thunderbears for their 1970 3rd rounder(pick 58) & 4th rounder(pick 60) & their 1971 3rd & 4th rounders",chargingryno|epup1975,12176384,quoted proposal ID,False,,Confirm,12175882,https://www.whatifsports.com/forums/Posts.aspx?topicID=529239&page=3,"[{""post_id"": ""12175882"", ""text"": ""***TRADE ANNOUNCEMENT***\n\n\n\nThe Quake trade Jim Bunning, Bob Veale, & Jesus Alou to the Thunderbears for their 1970 3rd rounder(pick 58) & 4th rounder(pick 60) & their 1971 3rd & 4th rounders"", ""date"": ""10/14/2021 3:18 AM""}]",,,Forum,,https://www.whatifsports.com/forums/Posts.aspx?topicID=529239&page=3
forum-12188554,11/7/2021 11:41 AM,1970,529239.0,3.0,https://www.whatifsports.com/forums/Posts.aspx?topicID=529239&page=3,ooooohdoggie,"TRADE ANNOUNCEMENT



ooooohdoggie sends 1B/OF Jim Hickman with 3B Billy Grbarkiewitz to coldfoot in exchange for his 1971 second and third round picks.



Coldfoot to Confirm.",coldfoot|ooooohdoggie,12188577,unique preceding proposal naming confirming owner,False,132733-7,"confirm,

offer sent in gm office, please press accept so i can  catch Cincinnati.",12188554,https://www.whatifsports.com/forums/Posts.aspx?topicID=529239&page=3,"[{""post_id"": ""12188554"", ""text"": ""TRADE ANNOUNCEMENT\n\n\n\nooooohdoggie sends 1B/OF Jim Hickman with 3B Billy Grbarkiewitz to coldfoot in exchange for his 1971 second and third round picks.\n\n\n\nColdfoot to Confirm."", ""date"": ""11/7/2021 11:41 AM""}]",,,Forum + WIS,132733-7,https://www.whatifsports.com/forums/Posts.aspx?topicID=529239&page=3
forum-12204221,12/6/2021 9:54 PM,1971,530517.0,1.0,https://www.whatifsports.com/forums/Posts.aspx?topicID=530517&page=1,frazzman80,"WashingTex SenatoRangers send OF/3B Tommy Harper to the Houston Colt .45s for their 1971 2nd round pick.



txelvis to confirm.",frazzman80|txelvis,12204694,quoted proposal ID,False,,Confirmed,12204221,https://www.whatifsports.com/forums/Posts.aspx?topicID=530517&page=1,"[{""post_id"": ""12204221"", ""text"": ""WashingTex SenatoRangers send OF/3B Tommy Harper to the Houston Colt .45s for their 1971 2nd round pick.\n\n\n\ntxelvis to confirm."", ""date"": ""12/6/2021 9:54 PM""}]",,,Forum,,https://www.whatifsports.com/forums/Posts.aspx?topicID=530517&page=1
forum-12204361,12/7/2021 8:36 AM,1971,530517.0,1.0,https://www.whatifsports.com/forums/Posts.aspx?topicID=530517&page=1,eddiedzen,Boston trades Bob Moose and a 4th round pick in 1972 to WashingTex for Tim McCarver and Mike Lum.,eddiedzen|frazzman80,12204363,quoted proposal ID,False,,Confirmed...best of luck with the bats!,12204361,https://www.whatifsports.com/forums/Posts.aspx?topicID=530517&page=1,"[{""post_id"": ""12204361"", ""text"": ""Boston trades Bob Moose and a 4th round pick in 1972 to WashingTex for Tim McCarver and Mike Lum."", ""date"": ""12/7/2021 8:36 AM""}]",,,Forum,,https://www.whatifsports.com/forums/Posts.aspx?topicID=530517&page=1
forum-12206863,12/13/2021 10:55 AM,1971,530517.0,1.0,https://www.whatifsports.com/forums/Posts.aspx?topicID=530517&page=1,frazzman80,WTX sends C Duane Josephson to Baltimore for their 1972 4th round pick. DodgerDon to confirm.,dodgerdon|frazzman80,12206871,quoted proposal ID,False,,"Yes sir. 



DD",12206863,https://www.whatifsports.com/forums/Posts.aspx?topicID=530517&page=1,"[{""post_id"": ""12206863"", ""text"": ""WTX sends C Duane Josephson to Baltimore for their 1972 4th round pick. DodgerDon to confirm."", ""date"": ""12/13/2021 10:55 AM""}]",,,Forum,,https://www.whatifsports.com/forums/Posts.aspx?topicID=530517&page=1
forum-12211059,12/22/2021 12:07 AM,1971,530517.0,1.0,https://www.whatifsports.com/forums/Posts.aspx?topicID=530517&page=1,dodgerdon,"Orioles send Skip Lockwood P to NY Eagles for Don Mincher 1b & 1971 4th round pick.



just4me to confirm.



DD",dodgerdon|just4me,12211083,quoted proposal ID,False,,Confirm,12211059,https://www.whatifsports.com/forums/Posts.aspx?topicID=530517&page=1,"[{""post_id"": ""12211059"", ""text"": ""Orioles send Skip Lockwood P to NY Eagles for Don Mincher 1b & 1971 4th round pick.\n\n\n\njust4me to confirm.\n\n\n\nDD"", ""date"": ""12/22/2021 12:07 AM""}]",,,Forum,,https://www.whatifsports.com/forums/Posts.aspx?topicID=530517&page=1
forum-12211306,12/22/2021 3:11 PM,1971,530517.0,1.0,https://www.whatifsports.com/forums/Posts.aspx?topicID=530517&page=1,jmarino2,"LA Stars deal 3b Doug Radar to The NY Eagles for SP Larry Dierker

just4me to confirm",jmarino2|just4me,12211309,quoted proposal ID,False,,Confirm,12211306,https://www.whatifsports.com/forums/Posts.aspx?topicID=530517&page=1,"[{""post_id"": ""12211306"", ""text"": ""LA Stars deal 3b Doug Radar to The NY Eagles for SP Larry Dierker\n\njust4me to confirm"", ""date"": ""12/22/2021 3:11 PM""}]",,,Forum,,https://www.whatifsports.com/forums/Posts.aspx?topicID=530517&page=1
forum-12212765,12/26/2021 2:21 PM,1971,530517.0,2.0,https://www.whatifsports.com/forums/Posts.aspx?topicID=530517&page=2,jmarino2,"LA Kings deal Lou Brock to  WashingTex for Carlos May and Eddie Fisher

Frazzman80 to confirm",frazzman80|jmarino2,12212927,quoted proposal ID,False,,"Confirmed...



Still looking for a 3B of the future...willing to move players or picks.",12212765,https://www.whatifsports.com/forums/Posts.aspx?topicID=530517&page=2,"[{""post_id"": ""12212765"", ""text"": ""LA Kings deal Lou Brock to  WashingTex for Carlos May and Eddie Fisher\n\nFrazzman80 to confirm"", ""date"": ""12/26/2021 2:21 PM""}]",,,Forum,,https://www.whatifsports.com/forums/Posts.aspx?topicID=530517&page=2
forum-12214348,12/29/2021 5:35 PM,1971,530517.0,2.0,https://www.whatifsports.com/forums/Posts.aspx?topicID=530517&page=2,jmarino2,"LA Stars trade their 4th rd pick in 1972 to NY for OF Ollie Brown

N4ser to confirm",jmarino2|n4ser,12214740,quoted proposal ID,False,,Confirmed,12214348,https://www.whatifsports.com/forums/Posts.aspx?topicID=530517&page=2,"[{""post_id"": ""12214348"", ""text"": ""LA Stars trade their 4th rd pick in 1972 to NY for OF Ollie Brown\n\nN4ser to confirm"", ""date"": ""12/29/2021 5:35 PM""}]",,,Forum,,https://www.whatifsports.com/forums/Posts.aspx?topicID=530517&page=2
forum-12215792,1/2/2022 11:20 AM,1971,530517.0,2.0,https://www.whatifsports.com/forums/Posts.aspx?topicID=530517&page=2,coldfoot,pitt sends its own #1 and nye #2 to det for the #1 overall.,coldfoot|harrelson,12215891,quoted proposal ID,False,,Confirmed,12215792,https://www.whatifsports.com/forums/Posts.aspx?topicID=530517&page=2,"[{""post_id"": ""12215792"", ""text"": ""pitt sends its own #1 and nye #2 to det for the #1 overall."", ""date"": ""1/2/2022 11:20 AM""}]",,,Forum,,https://www.whatifsports.com/forums/Posts.aspx?topicID=530517&page=2
forum-12216027,1/2/2022 11:59 PM,1971,530517.0,2.0,https://www.whatifsports.com/forums/Posts.aspx?topicID=530517&page=2,chargingryno,"Just as the ink from the previous deal dries...



Brooklyn sends the #5 overall and the #29 overall picks



to



New York (AL) for the #8 overall pick, NYE's 1st in 1972 and Wayne Simpson.



Just4me to confirm",chargingryno|just4me,12216029,quoted proposal ID,True,,Confirm,12216027,https://www.whatifsports.com/forums/Posts.aspx?topicID=530517&page=2,"[{""post_id"": ""12216027"", ""text"": ""Just as the ink from the previous deal dries...\n\n\n\nBrooklyn sends the #5 overall and the #29 overall picks\n\n\n\nto\n\n\n\nNew York (AL) for the #8 overall pick, NYE's 1st in 1972 and Wayne Simpson.\n\n\n\nJust4me to confirm"", ""date"": ""1/2/2022 11:59 PM""}]",,,Forum,,https://www.whatifsports.com/forums/Posts.aspx?topicID=530517&page=2
forum-12216132,1/3/2022 10:39 AM,1971,530517.0,3.0,https://www.whatifsports.com/forums/Posts.aspx?topicID=530517&page=3,dodgerdon,"Baltimore sends their 1971 4th round pick to NYA for Luis Aparicio SS. 



j4me to confirm.",dodgerdon|just4me,12216134,quoted proposal ID,False,,Confirm,12216132,https://www.whatifsports.com/forums/Posts.aspx?topicID=530517&page=3,"[{""post_id"": ""12216132"", ""text"": ""Baltimore sends their 1971 4th round pick to NYA for Luis Aparicio SS. \n\n\n\nj4me to confirm."", ""date"": ""1/3/2022 10:39 AM""}]",,,Forum,,https://www.whatifsports.com/forums/Posts.aspx?topicID=530517&page=3
forum-12216232,1/3/2022 2:03 PM,1971,530517.0,3.0,https://www.whatifsports.com/forums/Posts.aspx?topicID=530517&page=3,frazzman80,Smaller deal - WashingTex SenatoRangers send our 1972 4th round pick to just4me's NYE for SS Danny Thompson,frazzman80|just4me,12216233,quoted proposal ID,False,,Confirm,12216232,https://www.whatifsports.com/forums/Posts.aspx?topicID=530517&page=3,"[{""post_id"": ""12216232"", ""text"": ""Smaller deal - WashingTex SenatoRangers send our 1972 4th round pick to just4me's NYE for SS Danny Thompson"", ""date"": ""1/3/2022 2:03 PM""}]",,,Forum,,https://www.whatifsports.com/forums/Posts.aspx?topicID=530517&page=3
forum-12216365,1/3/2022 6:53 PM,1971,530517.0,3.0,https://www.whatifsports.com/forums/Posts.aspx?topicID=530517&page=3,coldfoot,nye send of paul blair to pitt for rp ken sanders...,coldfoot|just4me,12216368,quoted proposal ID,False,,confirm,12216365,https://www.whatifsports.com/forums/Posts.aspx?topicID=530517&page=3,"[{""post_id"": ""12216365"", ""text"": ""nye send of paul blair to pitt for rp ken sanders..."", ""date"": ""1/3/2022 6:53 PM""}]",,,Forum,,https://www.whatifsports.com/forums/Posts.aspx?topicID=530517&page=3
forum-12216520,1/4/2022 1:21 AM,1971,530517.0,3.0,https://www.whatifsports.com/forums/Posts.aspx?topicID=530517&page=3,jmarino2,"LA Stars get Bill Freehan, 2nd (NYE) in 72, and 3rd in 72 from Brooklyn

for

Paul Casanova and LA’s 1st in 73



chargingryno to confirm",chargingryno|jmarino2,12216521,quoted proposal ID,True,,confirm,12216520,https://www.whatifsports.com/forums/Posts.aspx?topicID=530517&page=3,"[{""post_id"": ""12216520"", ""text"": ""LA Stars get Bill Freehan, 2nd (NYE) in 72, and 3rd in 72 from Brooklyn\n\nfor\n\nPaul Casanova and LA’s 1st in 73\n\n\n\nchargingryno to confirm"", ""date"": ""1/4/2022 1:21 AM""}]",,,Forum,,https://www.whatifsports.com/forums/Posts.aspx?topicID=530517&page=3
forum-12216607,1/4/2022 11:25 AM,1971,530517.0,3.0,https://www.whatifsports.com/forums/Posts.aspx?topicID=530517&page=3,frazzman80,"The WasingTex SenatoRangers trade pick #18 (from BRK) and the HOU 2nd round pick we own to eddiedzen's BOS team for their current pick on the board and their 11th round pick.



eddiedzen to confirm.",eddiedzen|frazzman80,12216608,quoted proposal ID,False,,Confirmed.,12216607,https://www.whatifsports.com/forums/Posts.aspx?topicID=530517&page=3,"[{""post_id"": ""12216607"", ""text"": ""The WasingTex SenatoRangers trade pick #18 (from BRK) and the HOU 2nd round pick we own to eddiedzen's BOS team for their current pick on the board and their 11th round pick.\n\n\n\neddiedzen to confirm."", ""date"": ""1/4/2022 11:25 AM""}]",,,Forum,,https://www.whatifsports.com/forums/Posts.aspx?topicID=530517&page=3
forum-12217615,1/6/2022 10:22 AM,1971,530517.0,4.0,https://www.whatifsports.com/forums/Posts.aspx?topicID=530517&page=4,jmarino2,"REVISED TRADE

i get SD (Brooklyns) 4th rd pick only in 1971 for my 4th rd in 1973

epup1975 to confirm",epup1975|jmarino2,12217703,quoted proposal ID,False,,Confirmed,12217615,https://www.whatifsports.com/forums/Posts.aspx?topicID=530517&page=4,"[{""post_id"": ""12217615"", ""text"": ""REVISED TRADE\n\ni get SD (Brooklyns) 4th rd pick only in 1971 for my 4th rd in 1973\n\nepup1975 to confirm"", ""date"": ""1/6/2022 10:22 AM""}]",,,Forum,,https://www.whatifsports.com/forums/Posts.aspx?topicID=530517&page=4
forum-12217673,1/6/2022 12:23 PM,1971,530517.0,4.0,https://www.whatifsports.com/forums/Posts.aspx?topicID=530517&page=4,n4ser,New York Nutcrackers send Ray Sadecki and their 1972 4th round pick to Seattle for their 1972 2nd round pick. Chrondon84 to confirm,chrondon84|n4ser,12223135,unique preceding proposal naming confirming owner,False,,confirm,12217673,https://www.whatifsports.com/forums/Posts.aspx?topicID=530517&page=4,"[{""post_id"": ""12217673"", ""text"": ""New York Nutcrackers send Ray Sadecki and their 1972 4th round pick to Seattle for their 1972 2nd round pick. Chrondon84 to confirm"", ""date"": ""1/6/2022 12:23 PM""}]",,,Forum,,https://www.whatifsports.com/forums/Posts.aspx?topicID=530517&page=4
forum-12218130,1/7/2022 11:15 AM,1971,530517.0,4.0,https://www.whatifsports.com/forums/Posts.aspx?topicID=530517&page=4,poppapomp,"The Kansas City Monarchs trade their #4 draft pick (9th overall) to Brooklyn for P Wayne Simpson.



chargingryno to confirm.",chargingryno|poppapomp,12218132,quoted proposal ID,False,,Confirm,12218130,https://www.whatifsports.com/forums/Posts.aspx?topicID=530517&page=4,"[{""post_id"": ""12218130"", ""text"": ""The Kansas City Monarchs trade their #4 draft pick (9th overall) to Brooklyn for P Wayne Simpson.\n\n\n\nchargingryno to confirm."", ""date"": ""1/7/2022 11:15 AM""}]",,,Forum,,https://www.whatifsports.com/forums/Posts.aspx?topicID=530517&page=4
forum-12218209,1/7/2022 1:51 PM,1971,530517.0,4.0,https://www.whatifsports.com/forums/Posts.aspx?topicID=530517&page=4,jmarino2,"LA trades 2b Horace Clarke to NYE for 2b Sandy Alomar

just4me to confirm",jmarino2|just4me,12218210,quoted proposal ID,False,,confirm,12218209,https://www.whatifsports.com/forums/Posts.aspx?topicID=530517&page=4,"[{""post_id"": ""12218209"", ""text"": ""LA trades 2b Horace Clarke to NYE for 2b Sandy Alomar\n\njust4me to confirm"", ""date"": ""1/7/2022 1:51 PM""}]",,,Forum,,https://www.whatifsports.com/forums/Posts.aspx?topicID=530517&page=4
forum-12227183,1/22/2022 1:28 PM,1971,530517.0,5.0,https://www.whatifsports.com/forums/Posts.aspx?topicID=530517&page=5,just4me,"NYE sends its 1974 1st & 1973 3rd to SoCal in exchange for their 1973 1st 



crustydoc to confirm",crustydoc|just4me,12227191,quoted proposal ID,True,,Confirmed.,12227183,https://www.whatifsports.com/forums/Posts.aspx?topicID=530517&page=5,"[{""post_id"": ""12227183"", ""text"": ""NYE sends its 1974 1st & 1973 3rd to SoCal in exchange for their 1973 1st \n\n\n\ncrustydoc to confirm"", ""date"": ""1/22/2022 1:28 PM""}]",,,Forum,,https://www.whatifsports.com/forums/Posts.aspx?topicID=530517&page=5
forum-12231630,1/29/2022 7:41 PM,1971,530517.0,5.0,https://www.whatifsports.com/forums/Posts.aspx?topicID=530517&page=5,dodgerdon,"In-season trade:



Baltimore sends Joe Keough OF & 1973 2nd to Detroit for Frank Howard OF/1b & 1973 4th round pick.



harrelson to confirm.",dodgerdon|harrelson,12231634,quoted proposal ID,False,133447-8,Confirmed,12231630,https://www.whatifsports.com/forums/Posts.aspx?topicID=530517&page=5,"[{""post_id"": ""12231630"", ""text"": ""In-season trade:\n\n\n\nBaltimore sends Joe Keough OF & 1973 2nd to Detroit for Frank Howard OF/1b & 1973 4th round pick.\n\n\n\nharrelson to confirm."", ""date"": ""1/29/2022 7:41 PM""}]",,,Forum + WIS,133447-8,https://www.whatifsports.com/forums/Posts.aspx?topicID=530517&page=5
forum-12234233,2/4/2022 10:00 AM,1971,530517.0,5.0,https://www.whatifsports.com/forums/Posts.aspx?topicID=530517&page=5,just4me,"NYE sends their '72 3rd round pick to Lombard for Rich Folkers (IR '73).



dbrom to confirm",dbrom|just4me,12234633,quoted proposal ID,False,,Confirmed,12234233,https://www.whatifsports.com/forums/Posts.aspx?topicID=530517&page=5,"[{""post_id"": ""12234233"", ""text"": ""NYE sends their '72 3rd round pick to Lombard for Rich Folkers (IR '73).\n\n\n\ndbrom to confirm"", ""date"": ""2/4/2022 10:00 AM""}]",,,Forum,,https://www.whatifsports.com/forums/Posts.aspx?topicID=530517&page=5
forum-12245278,2/27/2022 10:59 PM,1971,530517.0,6.0,https://www.whatifsports.com/forums/Posts.aspx?topicID=530517&page=6,frazzman80,"Effective at the end of the season, the Texas Rangers send P Fritz Peterson to LAK for their 1973 2nd round pick.



jmarino to confirm.",frazzman80|jmarino2,12245279,quoted proposal ID,False,,Confirmed,12245278,https://www.whatifsports.com/forums/Posts.aspx?topicID=530517&page=6,"[{""post_id"": ""12245278"", ""text"": ""Effective at the end of the season, the Texas Rangers send P Fritz Peterson to LAK for their 1973 2nd round pick.\n\n\n\njmarino to confirm."", ""date"": ""2/27/2022 10:59 PM""}]",,,Forum,,https://www.whatifsports.com/forums/Posts.aspx?topicID=530517&page=6
forum-12247199,3/4/2022 8:51 AM,1972,530517.0,6.0,https://www.whatifsports.com/forums/Posts.aspx?topicID=530517&page=6,eddiedzen,"Boston trades its 3rd round pick in 1972 to Lombard for Gene Michael and a 4th in 1972,",dbrom|eddiedzen,12247336,quoted proposal ID,False,,confirmed,12247199,https://www.whatifsports.com/forums/Posts.aspx?topicID=530517&page=6,"[{""post_id"": ""12247199"", ""text"": ""Boston trades its 3rd round pick in 1972 to Lombard for Gene Michael and a 4th in 1972,"", ""date"": ""3/4/2022 8:51 AM""}]",,,Forum,,https://www.whatifsports.com/forums/Posts.aspx?topicID=530517&page=6
forum-12247611,3/5/2022 9:29 AM,1972,530517.0,6.0,https://www.whatifsports.com/forums/Posts.aspx?topicID=530517&page=6,dbrom,Lombard send OF Don Buford to LA for P Eddie Fisher.   Jmarino to confirm.,dbrom|jmarino2,12247612,quoted proposal ID,False,,Confirmed,12247611,https://www.whatifsports.com/forums/Posts.aspx?topicID=530517&page=6,"[{""post_id"": ""12247611"", ""text"": ""Lombard send OF Don Buford to LA for P Eddie Fisher.   Jmarino to confirm."", ""date"": ""3/5/2022 9:29 AM""}]",,,Forum,,https://www.whatifsports.com/forums/Posts.aspx?topicID=530517&page=6
forum-12251472,3/12/2022 2:05 PM,1972,530517.0,7.0,https://www.whatifsports.com/forums/Posts.aspx?topicID=530517&page=7,eddiedzen,Boston trades their #2 in 1972 to Trentonjoe for Frank Robinson and his #4 in 1972.,eddiedzen|trentonjoe,12251627,quoted proposal ID,False,,Confirmed,12251472,https://www.whatifsports.com/forums/Posts.aspx?topicID=530517&page=7,"[{""post_id"": ""12251472"", ""text"": ""Boston trades their #2 in 1972 to Trentonjoe for Frank Robinson and his #4 in 1972."", ""date"": ""3/12/2022 2:05 PM""}]",,,Forum,,https://www.whatifsports.com/forums/Posts.aspx?topicID=530517&page=7
forum-12252247,3/13/2022 10:59 PM,1972,530517.0,7.0,https://www.whatifsports.com/forums/Posts.aspx?topicID=530517&page=7,chargingryno,"Brooklyn sends CIN 1st and DET 3rd to Cleveland for Thurman Munson and Joe Torre.



Trentonjoe to confirm",chargingryno|trentonjoe,12252252,unique preceding proposal naming confirming owner,True,,Confirmed,12252247,https://www.whatifsports.com/forums/Posts.aspx?topicID=530517&page=7,"[{""post_id"": ""12252247"", ""text"": ""Brooklyn sends CIN 1st and DET 3rd to Cleveland for Thurman Munson and Joe Torre.\n\n\n\nTrentonjoe to confirm"", ""date"": ""3/13/2022 10:59 PM""}]",,,Forum,,https://www.whatifsports.com/forums/Posts.aspx?topicID=530517&page=7
forum-12253571,3/16/2022 9:57 AM,1972,530517.0,7.0,https://www.whatifsports.com/forums/Posts.aspx?topicID=530517&page=7,ooooohdoggie,"Trade Announcement



ooooohdoggie's Georgia Browns send their 1972 and 1973 1st Round Draft Picks to 

Trentonjoe for his 1972 1st Round Pick.



Trentonjoe to confirm.",ooooohdoggie|trentonjoe,12253613,unique preceding proposal naming confirming owner,True,,Confirmed,12253571,https://www.whatifsports.com/forums/Posts.aspx?topicID=530517&page=7,"[{""post_id"": ""12253571"", ""text"": ""Trade Announcement\n\n\n\nooooohdoggie's Georgia Browns send their 1972 and 1973 1st Round Draft Picks to \n\nTrentonjoe for his 1972 1st Round Pick.\n\n\n\nTrentonjoe to confirm."", ""date"": ""3/16/2022 9:57 AM""}]",,,Forum,,https://www.whatifsports.com/forums/Posts.aspx?topicID=530517&page=7
forum-12254255,3/17/2022 8:23 AM,1972,530517.0,8.0,https://www.whatifsports.com/forums/Posts.aspx?topicID=530517&page=8,chargingryno,"Trade announcements:



Chicago sends Steve Renko -P and Pete Broberg -P to San Diego for Bill Stoneman -P and their 1972 2nd round pick.



epup to confirm",chargingryno|epup1975,12254537,quoted proposal ID,False,,Confirmed,12254255,https://www.whatifsports.com/forums/Posts.aspx?topicID=530517&page=8,"[{""post_id"": ""12254255"", ""text"": ""Trade announcements:\n\n\n\nChicago sends Steve Renko -P and Pete Broberg -P to San Diego for Bill Stoneman -P and their 1972 2nd round pick.\n\n\n\nepup to confirm"", ""date"": ""3/17/2022 8:23 AM""}]",,,Forum,,https://www.whatifsports.com/forums/Posts.aspx?topicID=530517&page=8
forum-12255651,3/19/2022 3:10 PM,1972,530517.0,8.0,https://www.whatifsports.com/forums/Posts.aspx?topicID=530517&page=8,frazzman80,"The Texas Rangers send SP Steve Blass and the Boston 4th I own to kermit's SLP for DL SP Alan Foster and his 3rd round pick.



kermit to confirm",frazzman80|kermit,12255671,unique preceding proposal naming confirming owner,False,,Confirmed.,12255651,https://www.whatifsports.com/forums/Posts.aspx?topicID=530517&page=8,"[{""post_id"": ""12255651"", ""text"": ""The Texas Rangers send SP Steve Blass and the Boston 4th I own to kermit's SLP for DL SP Alan Foster and his 3rd round pick.\n\n\n\nkermit to confirm"", ""date"": ""3/19/2022 3:10 PM""}]",,,Forum,,https://www.whatifsports.com/forums/Posts.aspx?topicID=530517&page=8
forum-12256325,3/20/2022 6:17 PM,1972,530517.0,9.0,https://www.whatifsports.com/forums/Posts.aspx?topicID=530517&page=9,jmarino2,"San Francisco trade its 2nd in 1974 and their 7th rd pick in this draft for Baltimores 2nd rd pick in this draft

DodgerDon to confirm",dodgerdon|jmarino2,12256336,quoted proposal ID,False,,"Yes sir.



GL,



DD",12256325,https://www.whatifsports.com/forums/Posts.aspx?topicID=530517&page=9,"[{""post_id"": ""12256325"", ""text"": ""San Francisco trade its 2nd in 1974 and their 7th rd pick in this draft for Baltimores 2nd rd pick in this draft\n\nDodgerDon to confirm"", ""date"": ""3/20/2022 6:17 PM""}]",,,Forum,,https://www.whatifsports.com/forums/Posts.aspx?topicID=530517&page=9
forum-12256356,3/20/2022 6:59 PM,1972,530517.0,9.0,https://www.whatifsports.com/forums/Posts.aspx?topicID=530517&page=9,chargingryno,"Chicago sends Elliot Maddox to San Francisco for their #31 2nd round pick



jmarino to confirm",chargingryno|jmarino2,12256358,quoted proposal ID,False,,Confirmed,12256356,https://www.whatifsports.com/forums/Posts.aspx?topicID=530517&page=9,"[{""post_id"": ""12256356"", ""text"": ""Chicago sends Elliot Maddox to San Francisco for their #31 2nd round pick\n\n\n\njmarino to confirm"", ""date"": ""3/20/2022 6:59 PM""}]",,,Forum,,https://www.whatifsports.com/forums/Posts.aspx?topicID=530517&page=9
forum-12256803,3/21/2022 2:22 PM,1972,530517.0,9.0,https://www.whatifsports.com/forums/Posts.aspx?topicID=530517&page=9,chargingryno,"Chicago sends #31 pick to Boston for Steve Mingori -P



eddiedzen to confirm",chargingryno|eddiedzen,12256804,quoted proposal ID,False,,Confirm.,12256803,https://www.whatifsports.com/forums/Posts.aspx?topicID=530517&page=9,"[{""post_id"": ""12256803"", ""text"": ""Chicago sends #31 pick to Boston for Steve Mingori -P\n\n\n\neddiedzen to confirm"", ""date"": ""3/21/2022 2:22 PM""}]",,,Forum,,https://www.whatifsports.com/forums/Posts.aspx?topicID=530517&page=9
forum-12258093,3/23/2022 6:20 PM (edited),1972,530517.0,10.0,https://www.whatifsports.com/forums/Posts.aspx?topicID=530517&page=10,jmarino2,"San Fran sends its 5th rd pick to Clev for 3b Ed Spiezio

Trentonjoe to confirm",jmarino2|trentonjoe,12258097,unique preceding proposal naming confirming owner,False,,Confirmed,12258093,https://www.whatifsports.com/forums/Posts.aspx?topicID=530517&page=10,"[{""post_id"": ""12258093"", ""text"": ""San Fran sends its 5th rd pick to Clev for 3b Ed Spiezio\n\nTrentonjoe to confirm"", ""date"": ""3/23/2022 6:20 PM (edited)""}]",,,Forum,,https://www.whatifsports.com/forums/Posts.aspx?topicID=530517&page=10
forum-12258341,3/23/2022 6:22 PM,1972,530517.0,10.0,https://www.whatifsports.com/forums/Posts.aspx?topicID=530517&page=10,jmarino2,"San Fran trades 

Pittsburghs 4th rd pick

to NYE

For their 5th rd pick this year and 4th rd pick in 1973

just4me to confirm",jmarino2|just4me,12258357,quoted proposal ID,False,,confirm,12258341,https://www.whatifsports.com/forums/Posts.aspx?topicID=530517&page=10,"[{""post_id"": ""12258341"", ""text"": ""San Fran trades \n\nPittsburghs 4th rd pick\n\nto NYE\n\nFor their 5th rd pick this year and 4th rd pick in 1973\n\njust4me to confirm"", ""date"": ""3/23/2022 6:22 PM""}]",,,Forum,,https://www.whatifsports.com/forums/Posts.aspx?topicID=530517&page=10
forum-12258375,3/23/2022 7:31 PM,1972,530517.0,10.0,https://www.whatifsports.com/forums/Posts.aspx?topicID=530517&page=10,frazzman80,"Texas Rangers trade SS Danny Thompson to crustydoc's SoCal team for their 1972 4th round pick and their 1973 2nd round pick. 



crustydoc to confirm.",crustydoc|frazzman80,12258437,quoted proposal ID,False,,Confirmed.,12258375,https://www.whatifsports.com/forums/Posts.aspx?topicID=530517&page=10,"[{""post_id"": ""12258375"", ""text"": ""Texas Rangers trade SS Danny Thompson to crustydoc's SoCal team for their 1972 4th round pick and their 1973 2nd round pick. \n\n\n\ncrustydoc to confirm."", ""date"": ""3/23/2022 7:31 PM""}]",,,Forum,,https://www.whatifsports.com/forums/Posts.aspx?topicID=530517&page=10
forum-12258387,3/23/2022 7:53 PM (edited),1972,530517.0,10.0,https://www.whatifsports.com/forums/Posts.aspx?topicID=530517&page=10,frazzman80,"Texas Rangers trade our 1973 3rd round pick (and our last pick in this draft in round 7) for the SF pick epup posted as open to everyone. With that pick, we will select P Chuck Taylor



Epup to confirm",epup1975|frazzman80,12258586,quoted proposal ID,False,,Confirmed,12258387,https://www.whatifsports.com/forums/Posts.aspx?topicID=530517&page=10,"[{""post_id"": ""12258387"", ""text"": ""Texas Rangers trade our 1973 3rd round pick (and our last pick in this draft in round 7) for the SF pick epup posted as open to everyone. With that pick, we will select P Chuck Taylor\n\n\n\nEpup to confirm"", ""date"": ""3/23/2022 7:53 PM (edited)""}]",,,Forum,,https://www.whatifsports.com/forums/Posts.aspx?topicID=530517&page=10
forum-12259815,3/26/2022 2:58 PM,1972,530517.0,10.0,https://www.whatifsports.com/forums/Posts.aspx?topicID=530517&page=10,cpdpoet,"Philly and SD have a deal:



Philly sends p Sam McDowell (a comet who allowed us to rise and select of Garry Maddox in this draft) and our #4 in 1973 for p Pete Broberg....



epup1975 to confirm....",cpdpoet|epup1975,12259819,quoted proposal ID,False,,Confirmed,12259815,https://www.whatifsports.com/forums/Posts.aspx?topicID=530517&page=10,"[{""post_id"": ""12259815"", ""text"": ""Philly and SD have a deal:\n\n\n\nPhilly sends p Sam McDowell (a comet who allowed us to rise and select of Garry Maddox in this draft) and our #4 in 1973 for p Pete Broberg....\n\n\n\nepup1975 to confirm...."", ""date"": ""3/26/2022 2:58 PM""}]",,,Forum,,https://www.whatifsports.com/forums/Posts.aspx?topicID=530517&page=10
forum-12260869,3/28/2022 3:50 PM,1972,530517.0,10.0,https://www.whatifsports.com/forums/Posts.aspx?topicID=530517&page=10,frazzman80,"Texas Rangers send our 1973 4th round pick to oooooohdoggie's Georgia Browns for AAA pick/catcher Dick Dietz. 



ooooohdoggie to confirm",frazzman80|ooooohdoggie,12261503,quoted proposal ID,False,,"Confirmed.



Sorry, Thought I had already Confirmed.",12260869,https://www.whatifsports.com/forums/Posts.aspx?topicID=530517&page=10,"[{""post_id"": ""12260869"", ""text"": ""Texas Rangers send our 1973 4th round pick to oooooohdoggie's Georgia Browns for AAA pick/catcher Dick Dietz. \n\n\n\nooooohdoggie to confirm"", ""date"": ""3/28/2022 3:50 PM""}]",,,Forum,,https://www.whatifsports.com/forums/Posts.aspx?topicID=530517&page=10
forum-12266131,4/5/2022 4:46 PM,1972,530517.0,10.0,https://www.whatifsports.com/forums/Posts.aspx?topicID=530517&page=10,chargingryno,"Chicago sends Mike Torrez to San Francisco for veteran Mike Cuellar 



jmarino2 to confirm",chargingryno|jmarino2,12266167,quoted proposal ID,False,134068-12,"Confirmed

 that is San Francisco. Not Chicago LOL",12266131,https://www.whatifsports.com/forums/Posts.aspx?topicID=530517&page=10,"[{""post_id"": ""12266131"", ""text"": ""Chicago sends Mike Torrez to San Francisco for veteran Mike Cuellar \n\n\n\njmarino2 to confirm"", ""date"": ""4/5/2022 4:46 PM""}]",,,Forum + WIS,134068-12,https://www.whatifsports.com/forums/Posts.aspx?topicID=530517&page=10
forum-12268553,4/10/2022 1:51 PM,1972,530517.0,11.0,https://www.whatifsports.com/forums/Posts.aspx?topicID=530517&page=11,jmarino2,"San francisco trade Bill Freehan and Ollie Brown to San Diego for Fred Kendall and Ceasar Geronimo

ooooohdoggie to confirm",jmarino2|ooooohdoggie,12268556,quoted proposal ID,False,134068-11,Confirmed,12268553,https://www.whatifsports.com/forums/Posts.aspx?topicID=530517&page=11,"[{""post_id"": ""12268553"", ""text"": ""San francisco trade Bill Freehan and Ollie Brown to San Diego for Fred Kendall and Ceasar Geronimo\n\nooooohdoggie to confirm"", ""date"": ""4/10/2022 1:51 PM""}]",,,Forum + WIS,134068-11,https://www.whatifsports.com/forums/Posts.aspx?topicID=530517&page=11
forum-12271500,4/16/2022 10:23 AM,1972,530517.0,11.0,https://www.whatifsports.com/forums/Posts.aspx?topicID=530517&page=11,dodgerdon,"In-season deal between Pittsburgh & Baltimore:



Pittsburgh sends Wayne Granger P, Don Newhauser P, Andy Etchebarren C, & 1973 2nd round pick to Baltimore for Steve Kealey & 1973 3rd round pick.



coldfoot to confirm.",coldfoot|dodgerdon,12298670,unique preceding proposal naming confirming owner,False,134068-7,"confirm, pick in one hour.",12271500,https://www.whatifsports.com/forums/Posts.aspx?topicID=530517&page=11,"[{""post_id"": ""12271500"", ""text"": ""In-season deal between Pittsburgh & Baltimore:\n\n\n\nPittsburgh sends Wayne Granger P, Don Newhauser P, Andy Etchebarren C, & 1973 2nd round pick to Baltimore for Steve Kealey & 1973 3rd round pick.\n\n\n\ncoldfoot to confirm."", ""date"": ""4/16/2022 10:23 AM""}]",,,Forum + WIS,134068-7,https://www.whatifsports.com/forums/Posts.aspx?topicID=530517&page=11
forum-12272007,4/17/2022 11:42 AM,1972,530517.0,11.0,https://www.whatifsports.com/forums/Posts.aspx?topicID=530517&page=11,chargingryno,"Chicago sends 1975 3rd to Houston in Al Kaline deal



Chicago sends 1974 4th to San Francisco in Jim Shellenback deal",chargingryno|just4me,WIS-134068-2,unique executed WIS transaction match,False,134068-2,Executed WIS transaction,12272007,https://www.whatifsports.com/forums/Posts.aspx?topicID=530517&page=11,"[{""post_id"": ""12272007"", ""text"": ""Chicago sends 1975 3rd to Houston in Al Kaline deal\n\n\n\nChicago sends 1974 4th to San Francisco in Jim Shellenback deal"", ""date"": ""4/17/2022 11:42 AM""}]",,,Forum + WIS,134068-2,https://www.whatifsports.com/forums/Posts.aspx?topicID=530517&page=11
forum-12272903,4/19/2022 4:31 AM,1972,530517.0,11.0,https://www.whatifsports.com/forums/Posts.aspx?topicID=530517&page=11,dodgerdon,"In-season deal: 



Baltimore sends Tom Grieve OF to SFG for Norm Cash 1b.",dodgerdon|jmarino2,12273030,quoted proposal ID,False,134068-4,Confirmed,12272903,https://www.whatifsports.com/forums/Posts.aspx?topicID=530517&page=11,"[{""post_id"": ""12272903"", ""text"": ""In-season deal: \n\n\n\nBaltimore sends Tom Grieve OF to SFG for Norm Cash 1b."", ""date"": ""4/19/2022 4:31 AM""}]",,,Forum + WIS,134068-4,https://www.whatifsports.com/forums/Posts.aspx?topicID=530517&page=11
forum-12284235,5/12/2022 2:59 PM,1973,530517.0,11.0,https://www.whatifsports.com/forums/Posts.aspx?topicID=530517&page=11,crustydoc,"SoCal Space Cadets send Reggie Smith, Jim Northrup, and their 1974 3rd round pick to the Chicago Thunderbears, and will receive in return Willie Davis, Don Baylor, and Boston's 1973 3rd round pick.



chargingryno to confirm.",chargingryno|crustydoc,12284310,quoted proposal ID,False,,"We confirm. Have been trying to get Reggie Smith every year since 1968 and it finally happened lol 



we welcome Reggie’s leadership and will be an integral part of our offense going forward",12284235,https://www.whatifsports.com/forums/Posts.aspx?topicID=530517&page=11,"[{""post_id"": ""12284235"", ""text"": ""SoCal Space Cadets send Reggie Smith, Jim Northrup, and their 1974 3rd round pick to the Chicago Thunderbears, and will receive in return Willie Davis, Don Baylor, and Boston's 1973 3rd round pick.\n\n\n\nchargingryno to confirm."", ""date"": ""5/12/2022 2:59 PM""}]",,,Forum,,https://www.whatifsports.com/forums/Posts.aspx?topicID=530517&page=11
forum-12299878,6/10/2022 2:51 PM,1973,530517.0,14.0,https://www.whatifsports.com/forums/Posts.aspx?topicID=530517&page=14,ooooohdoggie,ooooohdoggie sends his 1973 Second Round Pick to Eddiedzen's Franchise in exchange for their 1974 Second Round Pick.,eddiedzen|ooooohdoggie,12299880,quoted proposal ID,False,,Confirmed.,12299878,https://www.whatifsports.com/forums/Posts.aspx?topicID=530517&page=14,"[{""post_id"": ""12299878"", ""text"": ""ooooohdoggie sends his 1973 Second Round Pick to Eddiedzen's Franchise in exchange for their 1974 Second Round Pick."", ""date"": ""6/10/2022 2:51 PM""}]",,,Forum,,https://www.whatifsports.com/forums/Posts.aspx?topicID=530517&page=14
forum-12303689,6/16/2022 6:01 PM,1973,530517.0,15.0,https://www.whatifsports.com/forums/Posts.aspx?topicID=530517&page=15,trentonjoe,The New York Times Trade  2b Doug Griffin to Cincinnatti for their 10th or 11th round pick....one of them.,fire13|trentonjoe,12304016,quoted proposal ID,False,,confirmed,12303689,https://www.whatifsports.com/forums/Posts.aspx?topicID=530517&page=15,"[{""post_id"": ""12303689"", ""text"": ""The New York Times Trade  2b Doug Griffin to Cincinnatti for their 10th or 11th round pick....one of them."", ""date"": ""6/16/2022 6:01 PM""}]",,,Forum,,https://www.whatifsports.com/forums/Posts.aspx?topicID=530517&page=15
forum-12337132,8/21/2022 12:54 AM,1974,530517.0,16.0,https://www.whatifsports.com/forums/Posts.aspx?topicID=530517&page=16,epup1975,"***TRADE ANNOUNCEMENT***



The Quake trade Steve Hargan to the Times for their 1974 3rd rounder",epup1975|trentonjoe,12337554,quoted proposal ID,False,,Confirmed,12337132,https://www.whatifsports.com/forums/Posts.aspx?topicID=530517&page=16,"[{""post_id"": ""12337132"", ""text"": ""***TRADE ANNOUNCEMENT***\n\n\n\nThe Quake trade Steve Hargan to the Times for their 1974 3rd rounder"", ""date"": ""8/21/2022 12:54 AM""}]",,,Forum,,https://www.whatifsports.com/forums/Posts.aspx?topicID=530517&page=16
forum-12338181,8/23/2022 4:17 AM,1974,530517.0,16.0,https://www.whatifsports.com/forums/Posts.aspx?topicID=530517&page=16,trentonjoe,The NYT trade Ron Cey to the Philly Cryptkeepers for the # 4 pick in the draft.,cpdpoet|trentonjoe,12338294,quoted proposal ID,False,,"Correct, the Penguin is now a CRYPTKEEPER",12338181,https://www.whatifsports.com/forums/Posts.aspx?topicID=530517&page=16,"[{""post_id"": ""12338181"", ""text"": ""The NYT trade Ron Cey to the Philly Cryptkeepers for the # 4 pick in the draft."", ""date"": ""8/23/2022 4:17 AM""}]",,,Forum,,https://www.whatifsports.com/forums/Posts.aspx?topicID=530517&page=16
forum-12344402,9/2/2022 2:03 PM,1974,530517.0,17.0,https://www.whatifsports.com/forums/Posts.aspx?topicID=530517&page=17,fire13,KC trades SS - Ed Brinkman to BAL for 1975 4th round pick...DodgerDon to confirm...,dodgerdon|fire13,12344404,quoted proposal ID,False,,"Confirmed.



Thanks,



DD",12344402,https://www.whatifsports.com/forums/Posts.aspx?topicID=530517&page=17,"[{""post_id"": ""12344402"", ""text"": ""KC trades SS - Ed Brinkman to BAL for 1975 4th round pick...DodgerDon to confirm..."", ""date"": ""9/2/2022 2:03 PM""}]",,,Forum,,https://www.whatifsports.com/forums/Posts.aspx?topicID=530517&page=17
forum-12345912,9/5/2022 9:27 PM,1974,530517.0,17.0,https://www.whatifsports.com/forums/Posts.aspx?topicID=530517&page=17,eddiedzen,Boston trades Jose Cardenal to SF for Cesar Geronimo.,eddiedzen|jmarino2,12345948,quoted proposal ID,False,,Confirmed,12345912,https://www.whatifsports.com/forums/Posts.aspx?topicID=530517&page=17,"[{""post_id"": ""12345912"", ""text"": ""Boston trades Jose Cardenal to SF for Cesar Geronimo."", ""date"": ""9/5/2022 9:27 PM""}]",,,Forum,,https://www.whatifsports.com/forums/Posts.aspx?topicID=530517&page=17
forum-12347728,9/9/2022 10:40 AM,1974,530517.0,17.0,https://www.whatifsports.com/forums/Posts.aspx?topicID=530517&page=17,dodgerdon,"Baltimore trades Ron Blomberg OF/DH to Oakland for a 1976 3rd round pick.



chrondon to confirm.



DD",chrondon84|dodgerdon,12347731,unique preceding proposal naming confirming owner,False,,confirm.,12347728,https://www.whatifsports.com/forums/Posts.aspx?topicID=530517&page=17,"[{""post_id"": ""12347728"", ""text"": ""Baltimore trades Ron Blomberg OF/DH to Oakland for a 1976 3rd round pick.\n\n\n\nchrondon to confirm.\n\n\n\nDD"", ""date"": ""9/9/2022 10:40 AM""}]",,,Forum,,https://www.whatifsports.com/forums/Posts.aspx?topicID=530517&page=17
forum-12347931,9/9/2022 4:25 PM,1974,530517.0,17.0,https://www.whatifsports.com/forums/Posts.aspx?topicID=530517&page=17,dodgerdon,"Baltimore sends Jim Wohlford OF to Oakland for their 1975 3rd round pick.



chrondon84 to confirm.",chrondon84|dodgerdon,12347948,unique preceding proposal naming confirming owner,False,,Confirm,12347931,https://www.whatifsports.com/forums/Posts.aspx?topicID=530517&page=17,"[{""post_id"": ""12347931"", ""text"": ""Baltimore sends Jim Wohlford OF to Oakland for their 1975 3rd round pick.\n\n\n\nchrondon84 to confirm."", ""date"": ""9/9/2022 4:25 PM""}]",,,Forum,,https://www.whatifsports.com/forums/Posts.aspx?topicID=530517&page=17
forum-12380304,11/12/2022 5:38 PM,1975,530517.0,19.0,https://www.whatifsports.com/forums/Posts.aspx?topicID=530517&page=19,harrelson,Just traded my 2nd pick in 75 to Chicago for Steve Mingori.  Chargingryno to confirm.,chargingryno|harrelson,12380411,quoted proposal ID,False,,Confirm,12380304,https://www.whatifsports.com/forums/Posts.aspx?topicID=530517&page=19,"[{""post_id"": ""12380304"", ""text"": ""Just traded my 2nd pick in 75 to Chicago for Steve Mingori.  Chargingryno to confirm."", ""date"": ""11/12/2022 5:38 PM""}]",,,Forum,,https://www.whatifsports.com/forums/Posts.aspx?topicID=530517&page=19
forum-12380405,11/12/2022 9:02 PM,1975,530517.0,19.0,https://www.whatifsports.com/forums/Posts.aspx?topicID=530517&page=19,harrelson,Just traded OF Juan Beniquez for Baltimore's 2nd pick in 1977.  DodgerDon to confirm.,dodgerdon|harrelson,12380407,quoted proposal ID,False,,"That is a statement of truth.



Confirmed.



DD",12380405,https://www.whatifsports.com/forums/Posts.aspx?topicID=530517&page=19,"[{""post_id"": ""12380405"", ""text"": ""Just traded OF Juan Beniquez for Baltimore's 2nd pick in 1977.  DodgerDon to confirm."", ""date"": ""11/12/2022 9:02 PM""}]",,,Forum,,https://www.whatifsports.com/forums/Posts.aspx?topicID=530517&page=19
forum-12380473,11/13/2022 2:48 AM,1975,530517.0,19.0,https://www.whatifsports.com/forums/Posts.aspx?topicID=530517&page=19,txelvis,"Houston trades lp Dave Roberts and their '76 1 to Chicago for Catfish Hunter.



Ryno  to confirm",chargingryno|txelvis,12380502,quoted proposal ID,False,,Confirm,12380473,https://www.whatifsports.com/forums/Posts.aspx?topicID=530517&page=19,"[{""post_id"": ""12380473"", ""text"": ""Houston trades lp Dave Roberts and their '76 1 to Chicago for Catfish Hunter.\n\n\n\nRyno  to confirm"", ""date"": ""11/13/2022 2:48 AM""}]",,,Forum,,https://www.whatifsports.com/forums/Posts.aspx?topicID=530517&page=19
forum-12380484,11/13/2022 5:13 AM,1975,530517.0,19.0,https://www.whatifsports.com/forums/Posts.aspx?topicID=530517&page=19,dodgerdon,"Baltimore sends Ed Figueroa P to SoCal for Lee May 1b.



crustydoc to confirm



DD",crustydoc|dodgerdon,12380485,quoted proposal ID,False,,Confirmed.,12380484,https://www.whatifsports.com/forums/Posts.aspx?topicID=530517&page=19,"[{""post_id"": ""12380484"", ""text"": ""Baltimore sends Ed Figueroa P to SoCal for Lee May 1b.\n\n\n\ncrustydoc to confirm\n\n\n\nDD"", ""date"": ""11/13/2022 5:13 AM""}]",,,Forum,,https://www.whatifsports.com/forums/Posts.aspx?topicID=530517&page=19
forum-12380524,11/13/2022 10:02 AM,1975,530517.0,19.0,https://www.whatifsports.com/forums/Posts.aspx?topicID=530517&page=19,chargingryno,"Don’t unpack your bags Ed.



Chicago sends Thurman Munson to SoCal for newly acquired Ed Figueroa.



Crustydoc to confirm",chargingryno|crustydoc,12380525,quoted proposal ID,False,,Confirmed.,12380524,https://www.whatifsports.com/forums/Posts.aspx?topicID=530517&page=19,"[{""post_id"": ""12380524"", ""text"": ""Don’t unpack your bags Ed.\n\n\n\nChicago sends Thurman Munson to SoCal for newly acquired Ed Figueroa.\n\n\n\nCrustydoc to confirm"", ""date"": ""11/13/2022 10:02 AM""}]",,,Forum,,https://www.whatifsports.com/forums/Posts.aspx?topicID=530517&page=19
forum-12380670,11/13/2022 4:17 PM,1975,530517.0,19.0,https://www.whatifsports.com/forums/Posts.aspx?topicID=530517&page=19,dodgerdon,"Orioles & Cadets make another deal.



O’s send Al Fitzmorris to SoCal for 1975 2nd & 1976 3rd round picks. 



crustydoc to give it his seal of approval.",crustydoc|dodgerdon,12380846,quoted proposal ID,False,,Confirmed.,12380670,https://www.whatifsports.com/forums/Posts.aspx?topicID=530517&page=19,"[{""post_id"": ""12380670"", ""text"": ""Orioles & Cadets make another deal.\n\n\n\nO’s send Al Fitzmorris to SoCal for 1975 2nd & 1976 3rd round picks. \n\n\n\ncrustydoc to give it his seal of approval."", ""date"": ""11/13/2022 4:17 PM""}]",,,Forum,,https://www.whatifsports.com/forums/Posts.aspx?topicID=530517&page=19
forum-12380744,11/13/2022 7:43 PM,1975,530517.0,19.0,https://www.whatifsports.com/forums/Posts.aspx?topicID=530517&page=19,coldfoot,pitt sends of jim wynn to oak for p ken brett,chrondon84|coldfoot,12380823,quoted proposal ID,False,,Confirm,12380744,https://www.whatifsports.com/forums/Posts.aspx?topicID=530517&page=19,"[{""post_id"": ""12380744"", ""text"": ""pitt sends of jim wynn to oak for p ken brett"", ""date"": ""11/13/2022 7:43 PM""}]",,,Forum,,https://www.whatifsports.com/forums/Posts.aspx?topicID=530517&page=19
forum-12380749,11/13/2022 8:10 PM (edited),1975,530517.0,20.0,https://www.whatifsports.com/forums/Posts.aspx?topicID=530517&page=20,dodgerdon,"Baltimore & Pittsburgh agree to a deal.



Baltimore sends pick 1.12 to PIT for pick 1.19 & P Grant Jackson. 



coldfoot to confirm.",coldfoot|dodgerdon,12380750,unique preceding proposal naming confirming owner,True,,confirm,12380749,https://www.whatifsports.com/forums/Posts.aspx?topicID=530517&page=20,"[{""post_id"": ""12380749"", ""text"": ""Baltimore & Pittsburgh agree to a deal.\n\n\n\nBaltimore sends pick 1.12 to PIT for pick 1.19 & P Grant Jackson. \n\n\n\ncoldfoot to confirm."", ""date"": ""11/13/2022 8:10 PM (edited)""}]",,,Forum,,https://www.whatifsports.com/forums/Posts.aspx?topicID=530517&page=20
forum-12380849,11/14/2022 5:32 AM (edited),1975,530517.0,20.0,https://www.whatifsports.com/forums/Posts.aspx?topicID=530517&page=20,coldfoot,"pitt sends pick 12 to trentonjoe for 76 #1 and pick 29 in 75.

if 76 #1 is top 4 or bottom 4 trentoe joe keeps the pick and pitt gets trentonjoe76 #2 and 1977 #1.



note... pitt can not trade the ny #1 and ny can not trade its futre #1 or #2s as they hinge on this trade. ownership is up in the air.



joe to confirm when he wakes up.",coldfoot|trentonjoe,12380851,unique preceding proposal naming confirming owner,False,,Confirm,12380849,https://www.whatifsports.com/forums/Posts.aspx?topicID=530517&page=20,"[{""post_id"": ""12380849"", ""text"": ""pitt sends pick 12 to trentonjoe for 76 #1 and pick 29 in 75.\n\nif 76 #1 is top 4 or bottom 4 trentoe joe keeps the pick and pitt gets trentonjoe76 #2 and 1977 #1.\n\n\n\nnote... pitt can not trade the ny #1 and ny can not trade its futre #1 or #2s as they hinge on this trade. ownership is up in the air.\n\n\n\njoe to confirm when he wakes up."", ""date"": ""11/14/2022 5:32 AM (edited)""}]",,,Forum,,https://www.whatifsports.com/forums/Posts.aspx?topicID=530517&page=20
forum-12382339,11/17/2022 11:04 AM,1975,530517.0,21.0,https://www.whatifsports.com/forums/Posts.aspx?topicID=530517&page=21,dodgerdon,"Georgia & Baltimore have come to terms on a deal.



O’s send Steve Braun OF & Bill Travers P to Georgia for Pat Dobson P & their last 1975 draft pick. 



Doggie to confirm.



DD",dodgerdon|ooooohdoggie,12382345,quoted proposal ID,False,,Confirmed,12382339,https://www.whatifsports.com/forums/Posts.aspx?topicID=530517&page=21,"[{""post_id"": ""12382339"", ""text"": ""Georgia & Baltimore have come to terms on a deal.\n\n\n\nO’s send Steve Braun OF & Bill Travers P to Georgia for Pat Dobson P & their last 1975 draft pick. \n\n\n\nDoggie to confirm.\n\n\n\nDD"", ""date"": ""11/17/2022 11:04 AM""}]",,,Forum,,https://www.whatifsports.com/forums/Posts.aspx?topicID=530517&page=21
forum-12382677,11/18/2022 12:39 AM,1975,530517.0,21.0,https://www.whatifsports.com/forums/Posts.aspx?topicID=530517&page=21,trentonjoe,The New York Times send Hector Torres to Cincinnati for their 5th round pick.,fire13|trentonjoe,12382924,quoted proposal ID,False,,confirmed,12382677,https://www.whatifsports.com/forums/Posts.aspx?topicID=530517&page=21,"[{""post_id"": ""12382677"", ""text"": ""The New York Times send Hector Torres to Cincinnati for their 5th round pick."", ""date"": ""11/18/2022 12:39 AM""}]",,,Forum,,https://www.whatifsports.com/forums/Posts.aspx?topicID=530517&page=21
forum-12383318,11/19/2022 12:38 PM,1975,530517.0,21.0,https://www.whatifsports.com/forums/Posts.aspx?topicID=530517&page=21,trentonjoe,Steve Hargan is traded to Milwaukee for their 5th round pick.  Dbrom to confirm.,dbrom|trentonjoe,12383330,quoted proposal ID,False,,Confirmed,12383318,https://www.whatifsports.com/forums/Posts.aspx?topicID=530517&page=21,"[{""post_id"": ""12383318"", ""text"": ""Steve Hargan is traded to Milwaukee for their 5th round pick.  Dbrom to confirm."", ""date"": ""11/19/2022 12:38 PM""}]",,,Forum,,https://www.whatifsports.com/forums/Posts.aspx?topicID=530517&page=21
forum-12385285,11/23/2022 10:28 PM,1975,530517.0,22.0,https://www.whatifsports.com/forums/Posts.aspx?topicID=530517&page=22,frazzman80,"Trade announcement - Texas Rangers send P Don Carrithers, P Bob Moose, Tex 1976 4th, Tex 1977 4th to Chicago 



for



P Tom House, P Buzz Capra, 1977 2nd



chargingryno to confirm",chargingryno|frazzman80,12385298,unique preceding proposal naming confirming owner,False,135415-2,Confirm,12385285,https://www.whatifsports.com/forums/Posts.aspx?topicID=530517&page=22,"[{""post_id"": ""12385285"", ""text"": ""Trade announcement - Texas Rangers send P Don Carrithers, P Bob Moose, Tex 1976 4th, Tex 1977 4th to Chicago \n\n\n\nfor\n\n\n\nP Tom House, P Buzz Capra, 1977 2nd\n\n\n\nchargingryno to confirm"", ""date"": ""11/23/2022 10:28 PM""}]",,,Forum + WIS,135415-2,https://www.whatifsports.com/forums/Posts.aspx?topicID=530517&page=22
forum-12418563,1/27/2023 11:18 PM,1976,530517.0,22.0,https://www.whatifsports.com/forums/Posts.aspx?topicID=530517&page=22,chargingryno,"Chicago sends current pick (#6), 1977 Oakland 2nd pick, 1977 Milwaukee 3rd 



to



New York (E) for their 1976 3rd, 1977 1st, 1977 5th, and 1978 1st



j4m to confirm",chargingryno|just4me,12418565,quoted proposal ID,True,,Confirmed,12418563,https://www.whatifsports.com/forums/Posts.aspx?topicID=530517&page=22,"[{""post_id"": ""12418563"", ""text"": ""Chicago sends current pick (#6), 1977 Oakland 2nd pick, 1977 Milwaukee 3rd \n\n\n\nto\n\n\n\nNew York (E) for their 1976 3rd, 1977 1st, 1977 5th, and 1978 1st\n\n\n\nj4m to confirm"", ""date"": ""1/27/2023 11:18 PM""}]",,,Forum,,https://www.whatifsports.com/forums/Posts.aspx?topicID=530517&page=22
forum-12418566,1/27/2023 11:20 PM,1976,530517.0,23.0,https://www.whatifsports.com/forums/Posts.aspx?topicID=530517&page=23,just4me,"And I am trading that freshly acquired 1st ('76 1.6) from CHI to BAL for Carlton Fisk.



DodgerDon to confirm",dodgerdon|just4me,12418569,quoted proposal ID,True,,Confirmed,12418566,https://www.whatifsports.com/forums/Posts.aspx?topicID=530517&page=23,"[{""post_id"": ""12418566"", ""text"": ""And I am trading that freshly acquired 1st ('76 1.6) from CHI to BAL for Carlton Fisk.\n\n\n\nDodgerDon to confirm"", ""date"": ""1/27/2023 11:20 PM""}]",,,Forum,,https://www.whatifsports.com/forums/Posts.aspx?topicID=530517&page=23
forum-12419097,1/28/2023 10:59 PM,1976,530517.0,23.0,https://www.whatifsports.com/forums/Posts.aspx?topicID=530517&page=23,coldfoot,pitt sends larry demery with slot 10 to dbrom for slot 8 and 76th 4th,coldfoot|dbrom,12419105,quoted proposal ID,False,,Confirmed.,12419097,https://www.whatifsports.com/forums/Posts.aspx?topicID=530517&page=23,"[{""post_id"": ""12419097"", ""text"": ""pitt sends larry demery with slot 10 to dbrom for slot 8 and 76th 4th"", ""date"": ""1/28/2023 10:59 PM""}]",,,Forum,,https://www.whatifsports.com/forums/Posts.aspx?topicID=530517&page=23
forum-12419902,1/30/2023 1:32 PM,1976,530517.0,23.0,https://www.whatifsports.com/forums/Posts.aspx?topicID=530517&page=23,coldfoot,"Pitt sends its 77#1 to tex for current slot 12. Pick is top and bottom 6 protected,  if it falls in either range tex gets pitt78 1.",coldfoot|frazzman80,12419938,quoted proposal ID,False,,Confirmed,12419902,https://www.whatifsports.com/forums/Posts.aspx?topicID=530517&page=23,"[{""post_id"": ""12419902"", ""text"": ""Pitt sends its 77#1 to tex for current slot 12. Pick is top and bottom 6 protected,  if it falls in either range tex gets pitt78 1."", ""date"": ""1/30/2023 1:32 PM""}]",,,Forum,,https://www.whatifsports.com/forums/Posts.aspx?topicID=530517&page=23
forum-12422017,2/2/2023 6:43 PM,1976,530517.0,24.0,https://www.whatifsports.com/forums/Posts.aspx?topicID=530517&page=24,cpdpoet,"Philly and Baltimore have a deal



Philly is sending our 1976 #5 and 1977 #1 to Balt for the current 2(2) selection..



DodgerDon to confirm....",cpdpoet|dodgerdon,12422022,quoted proposal ID,False,,Confirmed,12422017,https://www.whatifsports.com/forums/Posts.aspx?topicID=530517&page=24,"[{""post_id"": ""12422017"", ""text"": ""Philly and Baltimore have a deal\n\n\n\nPhilly is sending our 1976 #5 and 1977 #1 to Balt for the current 2(2) selection..\n\n\n\nDodgerDon to confirm...."", ""date"": ""2/2/2023 6:43 PM""}]",,,Forum,,https://www.whatifsports.com/forums/Posts.aspx?topicID=530517&page=24
forum-12425941,2/9/2023 8:10 PM,1976,530517.0,24.0,https://www.whatifsports.com/forums/Posts.aspx?topicID=530517&page=24,chargingryno,"Georgia sends Bill Freehan-C to San Diego for 1977 4th and 1st AAA pick. 



epup to confirm",chargingryno|epup1975,12426087,quoted proposal ID,True,,Confirmed,12425941,https://www.whatifsports.com/forums/Posts.aspx?topicID=530517&page=24,"[{""post_id"": ""12425941"", ""text"": ""Georgia sends Bill Freehan-C to San Diego for 1977 4th and 1st AAA pick. \n\n\n\nepup to confirm"", ""date"": ""2/9/2023 8:10 PM""}]",,Post 12425941 explicitly says Georgia sends Bill Freehan to San Diego for the 1977 fourth and first AAA picks; epup1975 quote-confirms in 12426087. The roster audit includes Freehan on the Georgia 1976 keeper list and the Quake's 1976 player record. Chargingryno represented Georgia in this source post; the approximate-year fallback to his Thunderbears club is incorrect.,Forum,,https://www.whatifsports.com/forums/Posts.aspx?topicID=530517&page=24
forum-12459204,4/20/2023 7:10 PM,1977,530517.0,25.0,https://www.whatifsports.com/forums/Posts.aspx?topicID=530517&page=25,frazzman80,"If I'm not mistaken, kros2 is up in the expansion draft and the player I hoped to get is still there, so I'm making this trade happen.



kros2 to confirm.

 

	From:
	kros2
	To:
	frazzman80
	Received:
	4/20/2023 12:33:00 PM
	Subject:
	RE: 1977 Rookie draft picks for current expansion pick
	Message:
	When my pick comes back to me I’ll make the deal for a second round pick if your guy is still there",frazzman80|kros2,12459209,unique preceding proposal naming confirming owner,False,,Confirmed trade with Texas.  My current pick in the expansion draft for Texas second round pick in rookie draft.,12459204,https://www.whatifsports.com/forums/Posts.aspx?topicID=530517&page=25,"[{""post_id"": ""12459204"", ""text"": ""If I'm not mistaken, kros2 is up in the expansion draft and the player I hoped to get is still there, so I'm making this trade happen.\n\n\n\nkros2 to confirm.\n\n \n\n\tFrom:\n\tkros2\n\tTo:\n\tfrazzman80\n\tReceived:\n\t4/20/2023 12:33:00 PM\n\tSubject:\n\tRE: 1977 Rookie draft picks for current expansion pick\n\tMessage:\n\tWhen my pick comes back to me I’ll make the deal for a second round pick if your guy is still there"", ""date"": ""4/20/2023 7:10 PM""}]",,,Forum,,https://www.whatifsports.com/forums/Posts.aspx?topicID=530517&page=25
forum-12459615,4/21/2023 3:51 PM,1977,530517.0,25.0,https://www.whatifsports.com/forums/Posts.aspx?topicID=530517&page=25,eddiedzen,"Boston trades Dave Winfield and Larry Hisle to Chicago AL Franchise for Amos Otis, Jon Matlack, Ellis Valentine and Chicago's 3rd round pick in 1977.



wgasa to confirm.",eddiedzen|wgasa,12459617,unique preceding proposal naming confirming owner,False,,"Confirm the deal with Boston. See ya to 2/3 of my OF and SP - I barely knew you!  Excited to bring on Winfield and one of my favorite all-time players, Larry Hisle.  One of my early baseball memories is watching Hisle play for the Pacific Coast League SD Padres in 1968 (yes, I’m old).",12459615,https://www.whatifsports.com/forums/Posts.aspx?topicID=530517&page=25,"[{""post_id"": ""12459615"", ""text"": ""Boston trades Dave Winfield and Larry Hisle to Chicago AL Franchise for Amos Otis, Jon Matlack, Ellis Valentine and Chicago's 3rd round pick in 1977.\n\n\n\nwgasa to confirm."", ""date"": ""4/21/2023 3:51 PM""}]",,,Forum,,https://www.whatifsports.com/forums/Posts.aspx?topicID=530517&page=25
forum-12460363,4/22/2023 10:52 PM,1977,530517.0,25.0,https://www.whatifsports.com/forums/Posts.aspx?topicID=530517&page=25,trentonjoe,"I like big rp and I cannot lie!



The Times send their 3rd round pick to Baltimore for Grant Jackson.",dodgerdon|trentonjoe,12460365,quoted proposal ID,False,,"Lol.



Confirmed. 



DD",12460363,https://www.whatifsports.com/forums/Posts.aspx?topicID=530517&page=25,"[{""post_id"": ""12460363"", ""text"": ""I like big rp and I cannot lie!\n\n\n\nThe Times send their 3rd round pick to Baltimore for Grant Jackson."", ""date"": ""4/22/2023 10:52 PM""}]",,,Forum,,https://www.whatifsports.com/forums/Posts.aspx?topicID=530517&page=25
forum-12460722,4/23/2023 4:35 PM,1977,530517.0,26.0,https://www.whatifsports.com/forums/Posts.aspx?topicID=530517&page=26,epup1975,"***TRADE ANNOUNCEMENT***



The Quake trade Rod Gilbreath to the Boston Punks for Chicago(expansion team)'s 1977 3rd rounder they acquired",eddiedzen|epup1975,12460726,quoted proposal ID,False,,Confirmed.,12460722,https://www.whatifsports.com/forums/Posts.aspx?topicID=530517&page=26,"[{""post_id"": ""12460722"", ""text"": ""***TRADE ANNOUNCEMENT***\n\n\n\nThe Quake trade Rod Gilbreath to the Boston Punks for Chicago(expansion team)'s 1977 3rd rounder they acquired"", ""date"": ""4/23/2023 4:35 PM""}]",,,Forum,,https://www.whatifsports.com/forums/Posts.aspx?topicID=530517&page=26
forum-12461103,4/24/2023 12:15 PM,1977,530517.0,26.0,https://www.whatifsports.com/forums/Posts.aspx?topicID=530517&page=26,chargingryno,"Georgia sends Reggie Jackson and 1978 3rd round pick to Baltimore for their 1977 (1.15) and 1978 1st round picks.  



dodgerdon to confirm",chargingryno|dodgerdon,12461109,quoted proposal ID,True,,"Confirmed.



Hopefully Reggie sticks around Baltimore more than he did in real life (1976). 



DD",12461103,https://www.whatifsports.com/forums/Posts.aspx?topicID=530517&page=26,"[{""post_id"": ""12461103"", ""text"": ""Georgia sends Reggie Jackson and 1978 3rd round pick to Baltimore for their 1977 (1.15) and 1978 1st round picks.  \n\n\n\ndodgerdon to confirm"", ""date"": ""4/24/2023 12:15 PM""}]",,,Forum,,https://www.whatifsports.com/forums/Posts.aspx?topicID=530517&page=26
forum-12461532,4/25/2023 8:10 AM,1977,530517.0,26.0,https://www.whatifsports.com/forums/Posts.aspx?topicID=530517&page=26,eddiedzen,Boston trades Davey Johnson to Milwaukee for Craig Kusick.  dbrom to confirm.,dbrom|eddiedzen,12461541,quoted proposal ID,False,,Confirmed,12461532,https://www.whatifsports.com/forums/Posts.aspx?topicID=530517&page=26,"[{""post_id"": ""12461532"", ""text"": ""Boston trades Davey Johnson to Milwaukee for Craig Kusick.  dbrom to confirm."", ""date"": ""4/25/2023 8:10 AM""}]",,,Forum,,https://www.whatifsports.com/forums/Posts.aspx?topicID=530517&page=26
forum-12461635,4/25/2023 11:24 AM,1977,530517.0,27.0,https://www.whatifsports.com/forums/Posts.aspx?topicID=530517&page=27,frazzman80,"Texas trades OF Lou Brock, P Stan Bahnsen, P Tom Johnson, the 1977 CHI 2nd round pick we own and our 1977 Tex 3rd round pick to Houston for 1B Ron Fariley, everywhere player Darrel Thomas and P Marty Pattin.



txelvis to confirm.",frazzman80|txelvis,12461641,quoted proposal ID,False,,Confirmed,12461635,https://www.whatifsports.com/forums/Posts.aspx?topicID=530517&page=27,"[{""post_id"": ""12461635"", ""text"": ""Texas trades OF Lou Brock, P Stan Bahnsen, P Tom Johnson, the 1977 CHI 2nd round pick we own and our 1977 Tex 3rd round pick to Houston for 1B Ron Fariley, everywhere player Darrel Thomas and P Marty Pattin.\n\n\n\ntxelvis to confirm."", ""date"": ""4/25/2023 11:24 AM""}]",,,Forum,,https://www.whatifsports.com/forums/Posts.aspx?topicID=530517&page=27
forum-12461938,4/25/2023 8:55 PM (edited),1977,530517.0,27.0,https://www.whatifsports.com/forums/Posts.aspx?topicID=530517&page=27,frazzman80,"Texas sends C Jeff Newman and our 1978 5th round pick to GA for SS Tom Veryzer and their 1978 4th round pick.



chargingryno to confirm.",chargingryno|frazzman80,12461944,unique preceding proposal naming confirming owner,False,,Confirm,12461938,https://www.whatifsports.com/forums/Posts.aspx?topicID=530517&page=27,"[{""post_id"": ""12461938"", ""text"": ""Texas sends C Jeff Newman and our 1978 5th round pick to GA for SS Tom Veryzer and their 1978 4th round pick.\n\n\n\nchargingryno to confirm."", ""date"": ""4/25/2023 8:55 PM (edited)""}]",,,Forum,,https://www.whatifsports.com/forums/Posts.aspx?topicID=530517&page=27
forum-12463312,4/28/2023 12:40 PM,1977,530517.0,27.0,https://www.whatifsports.com/forums/Posts.aspx?topicID=530517&page=27,trentonjoe,The Times send George Hendricks to Milwaukee for their first round pick.,dbrom|trentonjoe,12463407,quoted proposal ID,True,,Confirmed,12463312,https://www.whatifsports.com/forums/Posts.aspx?topicID=530517&page=27,"[{""post_id"": ""12463312"", ""text"": ""The Times send George Hendricks to Milwaukee for their first round pick."", ""date"": ""4/28/2023 12:40 PM""}]",,,Forum,,https://www.whatifsports.com/forums/Posts.aspx?topicID=530517&page=27
forum-12466179,5/4/2023 11:01 AM,1977,530517.0,28.0,https://www.whatifsports.com/forums/Posts.aspx?topicID=530517&page=28,wgasa,TJ’s NYT trade P John Montague to Chicago AL Cornhuskers for their 1977 4th round pick (#77).  TJ to confirm.,trentonjoe|wgasa,12466203,quoted proposal ID,False,,Confirmed!,12466179,https://www.whatifsports.com/forums/Posts.aspx?topicID=530517&page=28,"[{""post_id"": ""12466179"", ""text"": ""TJ’s NYT trade P John Montague to Chicago AL Cornhuskers for their 1977 4th round pick (#77).  TJ to confirm."", ""date"": ""5/4/2023 11:01 AM""}]",,,Forum,,https://www.whatifsports.com/forums/Posts.aspx?topicID=530517&page=28
forum-12466943,5/5/2023 10:02 PM,1977,530517.0,29.0,https://www.whatifsports.com/forums/Posts.aspx?topicID=530517&page=29,eddiedzen,Boston trades Bob Myrick to KC for pick #76.  fire13 to confirm.,eddiedzen|fire13,12466968,quoted proposal ID,False,,Yes,12466943,https://www.whatifsports.com/forums/Posts.aspx?topicID=530517&page=29,"[{""post_id"": ""12466943"", ""text"": ""Boston trades Bob Myrick to KC for pick #76.  fire13 to confirm."", ""date"": ""5/5/2023 10:02 PM""}]",,,Forum,,https://www.whatifsports.com/forums/Posts.aspx?topicID=530517&page=29
forum-12467615,5/7/2023 4:57 PM,1977,530517.0,29.0,https://www.whatifsports.com/forums/Posts.aspx?topicID=530517&page=29,wgasa,Chicago Cornhuskers trade their 1978 3rd and their 1977 10th rounder to St. Louis for P Kevin Kobel (IR) and their current 5th round pick.  Kermit to confirm.,kermit|wgasa,12467767,unique preceding proposal naming confirming owner,False,,Confirmed,12467615,https://www.whatifsports.com/forums/Posts.aspx?topicID=530517&page=29,"[{""post_id"": ""12467615"", ""text"": ""Chicago Cornhuskers trade their 1978 3rd and their 1977 10th rounder to St. Louis for P Kevin Kobel (IR) and their current 5th round pick.  Kermit to confirm."", ""date"": ""5/7/2023 4:57 PM""}]",,,Forum,,https://www.whatifsports.com/forums/Posts.aspx?topicID=530517&page=29
forum-12479209,6/1/2023 3:35 PM,1977,530517.0,29.0,https://www.whatifsports.com/forums/Posts.aspx?topicID=530517&page=29,ff09,Chicago NL trades Jim Kern to Montreal for Butch Metzger and 1978 3rd Rounder,chargingryno|ff09,WIS-137487-9,unique executed WIS transaction match,False,137487-9,Executed WIS transaction,12479209,https://www.whatifsports.com/forums/Posts.aspx?topicID=530517&page=29,"[{""post_id"": ""12479209"", ""text"": ""Chicago NL trades Jim Kern to Montreal for Butch Metzger and 1978 3rd Rounder"", ""date"": ""6/1/2023 3:35 PM""}]",,,Forum + WIS,137487-9,https://www.whatifsports.com/forums/Posts.aspx?topicID=530517&page=29
forum-12500536,7/11/2023 1:46 PM,1978,530517.0,30.0,https://www.whatifsports.com/forums/Posts.aspx?topicID=530517&page=30,eddiedzen,"Boston trades the #1 pick in the 1978 draft to Seattle for the #5 pick.



We have agreed two possible compensations.  Which one is enacted is dependent on who is taken with the first four picks.



The commissioner has approved the trade and I have provided him with the skeleton of the deal with the names and picks redacted.



Pi Kapp and I will not release any information about the details of the trade, so as to not compromise the independence of the first four picks.



Pi Kapp to confirm.",eddiedzen|pi_kapp,12500566,unique preceding proposal naming confirming owner,False,,Confirmed,12500536,https://www.whatifsports.com/forums/Posts.aspx?topicID=530517&page=30,"[{""post_id"": ""12500536"", ""text"": ""Boston trades the #1 pick in the 1978 draft to Seattle for the #5 pick.\n\n\n\nWe have agreed two possible compensations.  Which one is enacted is dependent on who is taken with the first four picks.\n\n\n\nThe commissioner has approved the trade and I have provided him with the skeleton of the deal with the names and picks redacted.\n\n\n\nPi Kapp and I will not release any information about the details of the trade, so as to not compromise the independence of the first four picks.\n\n\n\nPi Kapp to confirm."", ""date"": ""7/11/2023 1:46 PM""}]",,,Forum,,https://www.whatifsports.com/forums/Posts.aspx?topicID=530517&page=30
forum-12502064,7/15/2023 1:31 PM,1978,530517.0,30.0,https://www.whatifsports.com/forums/Posts.aspx?topicID=530517&page=30,trentonjoe,New York trades Roy Smalley to Baltimore for Rudy May and Grant Jackson to So. Cal. For Texas’s 3rd pick.,crustydoc|trentonjoe,12502092,quoted proposal ID,False,,SoCal part of this confirmed.,12502064,https://www.whatifsports.com/forums/Posts.aspx?topicID=530517&page=30,"[{""post_id"": ""12502064"", ""text"": ""New York trades Roy Smalley to Baltimore for Rudy May and Grant Jackson to So. Cal. For Texas’s 3rd pick."", ""date"": ""7/15/2023 1:31 PM""}]",,,Forum,,https://www.whatifsports.com/forums/Posts.aspx?topicID=530517&page=30
forum-12503034,7/17/2023 1:37 PM,1978,530517.0,31.0,https://www.whatifsports.com/forums/Posts.aspx?topicID=530517&page=31,wgasa,Boston agrees trade P Jim Willoughby and the 1980 2nd rounder it owns from Seattle to the Chicago Cornhuskers for 2B Julio Cruz and our 1980 4th round pick.  Eddiedzen to confirm when he checks in from vacay.  Back offline I go for a another day or so.,eddiedzen|wgasa,12503054,quoted proposal ID,False,,Confirmed.,12503034,https://www.whatifsports.com/forums/Posts.aspx?topicID=530517&page=31,"[{""post_id"": ""12503034"", ""text"": ""Boston agrees trade P Jim Willoughby and the 1980 2nd rounder it owns from Seattle to the Chicago Cornhuskers for 2B Julio Cruz and our 1980 4th round pick.  Eddiedzen to confirm when he checks in from vacay.  Back offline I go for a another day or so."", ""date"": ""7/17/2023 1:37 PM""}]",,,Forum,,https://www.whatifsports.com/forums/Posts.aspx?topicID=530517&page=31
forum-12503786,7/18/2023 7:41 PM,1978,530517.0,31.0,https://www.whatifsports.com/forums/Posts.aspx?topicID=530517&page=31,frazzman80,"Trade announcement for the current pick on the board.

 

	From:
	chargingryno
	To:
	frazzman80
	Received:
	7/18/2023 2:58:00 PM
	Subject:
	RE: Swap up to #17
	Message:
	I actually traded the Montreal 3rd this morning. I can do my #17 pick and Baltimore 4th for your 1st (#20) and 2nd

	

	If that works, post and I’ll confirm.",chargingryno|frazzman80,12503791,adjacent concrete proposal; review against source,True,,"Confirm 



I’ll update the board when I get back to hotel with my laptop",12503786,https://www.whatifsports.com/forums/Posts.aspx?topicID=530517&page=31,"[{""post_id"": ""12503786"", ""text"": ""Trade announcement for the current pick on the board.\n\n \n\n\tFrom:\n\tchargingryno\n\tTo:\n\tfrazzman80\n\tReceived:\n\t7/18/2023 2:58:00 PM\n\tSubject:\n\tRE: Swap up to #17\n\tMessage:\n\tI actually traded the Montreal 3rd this morning. I can do my #17 pick and Baltimore 4th for your 1st (#20) and 2nd\n\n\t\n\n\tIf that works, post and I’ll confirm."", ""date"": ""7/18/2023 7:41 PM""}]",,1978 published draft order identifies Chicago's original #17; confirmation12503791 accepts the quoted #17/#20 swap.,Forum,,https://www.whatifsports.com/forums/Posts.aspx?topicID=530517&page=31
forum-12505925,7/22/2023 11:33 PM,1978,530517.0,32.0,https://www.whatifsports.com/forums/Posts.aspx?topicID=530517&page=32,eddiedzen,Boston trades its 4th round pick in 1979 and the 9th pick in the 2nd round in 1978 to Chicago for the 8th pick in the 2nd round in 1978.,chargingryno|eddiedzen,12505930,quoted proposal ID,False,,Confirm,12505925,https://www.whatifsports.com/forums/Posts.aspx?topicID=530517&page=32,"[{""post_id"": ""12505925"", ""text"": ""Boston trades its 4th round pick in 1979 and the 9th pick in the 2nd round in 1978 to Chicago for the 8th pick in the 2nd round in 1978."", ""date"": ""7/22/2023 11:33 PM""}]",,,Forum,,https://www.whatifsports.com/forums/Posts.aspx?topicID=530517&page=32
forum-12505929,7/22/2023 11:38 PM,1978,530517.0,32.0,https://www.whatifsports.com/forums/Posts.aspx?topicID=530517&page=32,eddiedzen,Boston trades Jesse Jefferson to Montréal for its 4th round pick in 1978.,eddiedzen|ff09,12506058,quoted proposal ID,False,,confirmed,12505929,https://www.whatifsports.com/forums/Posts.aspx?topicID=530517&page=32,"[{""post_id"": ""12505929"", ""text"": ""Boston trades Jesse Jefferson to Montréal for its 4th round pick in 1978."", ""date"": ""7/22/2023 11:38 PM""}]",,,Forum,,https://www.whatifsports.com/forums/Posts.aspx?topicID=530517&page=32
forum-12537119,9/23/2023 1:56 PM,1978,530517.0,33.0,https://www.whatifsports.com/forums/Posts.aspx?topicID=530517&page=33,trentonjoe,The Times send their 1980 3rd pick to Milwaukee for the budding superstar Pepe Frias.,dbrom|trentonjoe,12537397,quoted proposal ID,False,,Confirmed.   TJ's spot in the World Series next year now pretty much locked up.,12537119,https://www.whatifsports.com/forums/Posts.aspx?topicID=530517&page=33,"[{""post_id"": ""12537119"", ""text"": ""The Times send their 1980 3rd pick to Milwaukee for the budding superstar Pepe Frias."", ""date"": ""9/23/2023 1:56 PM""}]",,,Forum,,https://www.whatifsports.com/forums/Posts.aspx?topicID=530517&page=33
forum-12541347,10/3/2023 11:59 AM,1979,530517.0,33.0,https://www.whatifsports.com/forums/Posts.aspx?topicID=530517&page=33,chargingryno,"Georgia sends C Jeff Newman to New York Eagles for their 1979 4th



j4m to confirm",chargingryno|just4me,12541355,quoted proposal ID,False,,confirm,12541347,https://www.whatifsports.com/forums/Posts.aspx?topicID=530517&page=33,"[{""post_id"": ""12541347"", ""text"": ""Georgia sends C Jeff Newman to New York Eagles for their 1979 4th\n\n\n\nj4m to confirm"", ""date"": ""10/3/2023 11:59 AM""}]",,,Forum,,https://www.whatifsports.com/forums/Posts.aspx?topicID=530517&page=33
forum-12544040,10/9/2023 8:27 AM,1979,530517.0,33.0,https://www.whatifsports.com/forums/Posts.aspx?topicID=530517&page=33,dbrom,"Brewers send 3B Steve Ontiveros to the Chicago Eagles for their 79 3rd and 80 4th.

Just4me to confirm",dbrom|just4me,12544101,quoted proposal ID,False,,Confirm,12544040,https://www.whatifsports.com/forums/Posts.aspx?topicID=530517&page=33,"[{""post_id"": ""12544040"", ""text"": ""Brewers send 3B Steve Ontiveros to the Chicago Eagles for their 79 3rd and 80 4th.\n\nJust4me to confirm"", ""date"": ""10/9/2023 8:27 AM""}]",,,Forum,,https://www.whatifsports.com/forums/Posts.aspx?topicID=530517&page=33
forum-12544051,10/9/2023 8:57 AM,1979,530517.0,34.0,https://www.whatifsports.com/forums/Posts.aspx?topicID=530517&page=34,frazzman80,"Texas sends the 1979 CLE 3rd we own and our 1979 3rd round pick to just4me's NY Eagles for their 1980 2nd round pick.



J4M to confirm.



Still dangling Veryzer in that SS idea I proposed and 1B Lamar Johnson or OF Bobby Bonds to move up in the 1st or for a 1980 pick. 



Also -  thanks for the well wishes and prayers everyone. I truly appreciate it.",frazzman80|just4me,12544102,quoted proposal ID,True,,Confirm,12544051,https://www.whatifsports.com/forums/Posts.aspx?topicID=530517&page=34,"[{""post_id"": ""12544051"", ""text"": ""Texas sends the 1979 CLE 3rd we own and our 1979 3rd round pick to just4me's NY Eagles for their 1980 2nd round pick.\n\n\n\nJ4M to confirm.\n\n\n\nStill dangling Veryzer in that SS idea I proposed and 1B Lamar Johnson or OF Bobby Bonds to move up in the 1st or for a 1980 pick. \n\n\n\nAlso -  thanks for the well wishes and prayers everyone. I truly appreciate it."", ""date"": ""10/9/2023 8:57 AM""}]",,,Forum,,https://www.whatifsports.com/forums/Posts.aspx?topicID=530517&page=34
forum-12549279,10/19/2023 11:16 AM,1979,530517.0,34.0,https://www.whatifsports.com/forums/Posts.aspx?topicID=530517&page=34,chargingryno,"Chicago sends Tim Blackwell -C to Boston for their 1980 4th



eddiedzen to confirm",chargingryno|eddiedzen,12549340,quoted proposal ID,False,,Confirm.,12549279,https://www.whatifsports.com/forums/Posts.aspx?topicID=530517&page=34,"[{""post_id"": ""12549279"", ""text"": ""Chicago sends Tim Blackwell -C to Boston for their 1980 4th\n\n\n\neddiedzen to confirm"", ""date"": ""10/19/2023 11:16 AM""}]",,,Forum,,https://www.whatifsports.com/forums/Posts.aspx?topicID=530517&page=34
forum-12557602,11/5/2023 10:09 AM,1979,530517.0,34.0,https://www.whatifsports.com/forums/Posts.aspx?topicID=530517&page=34,trentonjoe,"Montreal trades Mike LaCoss and Bobby Murcer to So. Cal for:



1979 6th and 7th round picks

1980 2nd round pick

1981 3rd round pick",crustydoc|trentonjoe,12557693,quoted proposal ID,False,,"Confirmed.



But should read 1979 5th and 6th picks.  My bad.",12557602,https://www.whatifsports.com/forums/Posts.aspx?topicID=530517&page=34,"[{""post_id"": ""12557602"", ""text"": ""Montreal trades Mike LaCoss and Bobby Murcer to So. Cal for:\n\n\n\n1979 6th and 7th round picks\n\n1980 2nd round pick\n\n1981 3rd round pick"", ""date"": ""11/5/2023 10:09 AM""}]",,Explicit Montreal/SoCal clauses; quote-confirmation12557693 corrects the pick rounds. LaCoss/Murcer were on1978 Montreal and1979SoCal.,Forum,,https://www.whatifsports.com/forums/Posts.aspx?topicID=530517&page=34
forum-12559773,11/8/2023 8:13 PM,1979,530517.0,35.0,https://www.whatifsports.com/forums/Posts.aspx?topicID=530517&page=35,trentonjoe,"Montreal sends their 1st and 2nd to Chicago for Chicago's 1st and Boston's 4th.



Rhyno to confirm",chargingryno|trentonjoe,12559831,unique preceding proposal naming confirming owner,True,,confirmed,12559773,https://www.whatifsports.com/forums/Posts.aspx?topicID=530517&page=35,"[{""post_id"": ""12559773"", ""text"": ""Montreal sends their 1st and 2nd to Chicago for Chicago's 1st and Boston's 4th.\n\n\n\nRhyno to confirm"", ""date"": ""11/8/2023 8:13 PM""}]",,"Post 12559773 explicitly sends Montreal's first and second to Chicago for Chicago's first and Boston's fourth; chargingryno confirms in 12559831. Trentonjoe posted as Montreal's temporary representative during the 1978/1979 handoff, as in 12557602, 12560172 and 12560287. The 1979 posted first-round board corroborates Montreal's #21 going to Chicago (Greg Minton) and Chicago's #19 passing through Montreal to NYT (Alfredo Griffin); the Montreal role is distinct from Trentonjoe's season-end Cornhuskers role.",Forum,,https://www.whatifsports.com/forums/Posts.aspx?topicID=530517&page=35
forum-12560172,11/9/2023 1:30 PM,1979,530517.0,35.0,https://www.whatifsports.com/forums/Posts.aspx?topicID=530517&page=35,wgasa,Montreal agrees to trade OF Leon Roberts to the Chicago Cornhuskers (AL) for the Cornhuskers 1979 6th round pick and 1980 3rd round pick.  Trentonjoe to confirm.,trentonjoe|wgasa,12560229,unique preceding proposal naming confirming owner,False,,Confirmed.,12560172,https://www.whatifsports.com/forums/Posts.aspx?topicID=530517&page=35,"[{""post_id"": ""12560172"", ""text"": ""Montreal agrees to trade OF Leon Roberts to the Chicago Cornhuskers (AL) for the Cornhuskers 1979 6th round pick and 1980 3rd round pick.  Trentonjoe to confirm."", ""date"": ""11/9/2023 1:30 PM""}]",,"The source explicitly exchanges Montreal's Leon Roberts for Cornhuskers picks, confirmed12560229. Trentonjoe is the posted Montreal representative; both sides must not be assigned CHC.",Forum,,https://www.whatifsports.com/forums/Posts.aspx?topicID=530517&page=35
forum-12560287,11/9/2023 4:23 PM (edited),1979,530517.0,35.0,https://www.whatifsports.com/forums/Posts.aspx?topicID=530517&page=35,trentonjoe,"Montreal trades Dan Meyer (IF) and Kurt Bevacqua (IF) to KC for their 1981 3rd round pick and their 1979 7th and 8th round pick.



Fire to confirm.",fire13|trentonjoe,12560325,quoted proposal ID,False,,confirmed,12560287,https://www.whatifsports.com/forums/Posts.aspx?topicID=530517&page=35,"[{""post_id"": ""12560287"", ""text"": ""Montreal trades Dan Meyer (IF) and Kurt Bevacqua (IF) to KC for their 1981 3rd round pick and their 1979 7th and 8th round pick.\n\n\n\nFire to confirm."", ""date"": ""11/9/2023 4:23 PM (edited)""}]",,"Explicit Montreal/KC clauses, confirmed12560325. Meyer/Bevacqua were on1978 Montreal and1979KC.",Forum,,https://www.whatifsports.com/forums/Posts.aspx?topicID=530517&page=35
forum-12563844,11/15/2023 3:53 AM,1979,530517.0,36.0,https://www.whatifsports.com/forums/Posts.aspx?topicID=530517&page=36,crustydoc,"SoCal trades TEX their 2nd round pick in 1981 for Lamar Johnson and TEX's 4th rounder in 1981.



frazzman80 to confirm.",crustydoc|frazzman80,12563885,unique preceding proposal naming confirming owner,False,,Confirmed...and thanks!,12563844,https://www.whatifsports.com/forums/Posts.aspx?topicID=530517&page=36,"[{""post_id"": ""12563844"", ""text"": ""SoCal trades TEX their 2nd round pick in 1981 for Lamar Johnson and TEX's 4th rounder in 1981.\n\n\n\nfrazzman80 to confirm."", ""date"": ""11/15/2023 3:53 AM""}]",,,Forum,,https://www.whatifsports.com/forums/Posts.aspx?topicID=530517&page=36
forum-12567170,11/21/2023 7:52 PM,1979,530517.0,36.0,https://www.whatifsports.com/forums/Posts.aspx?topicID=530517&page=36,eddiedzen,Boston trades Jon Matlack to Seattle for Richie Zisk.  Pi Kapp to confirm.,eddiedzen|pi_kapp,12567286,unique preceding proposal naming confirming owner,False,,Confirmed. Eddie was saying we could move our teams out and make the change. I’ll do that now. I tried to play hardball but Eddie wasn’t having any of it,12567170,https://www.whatifsports.com/forums/Posts.aspx?topicID=530517&page=36,"[{""post_id"": ""12567170"", ""text"": ""Boston trades Jon Matlack to Seattle for Richie Zisk.  Pi Kapp to confirm."", ""date"": ""11/21/2023 7:52 PM""}]",,,Forum,,https://www.whatifsports.com/forums/Posts.aspx?topicID=530517&page=36
forum-12572721,12/4/2023 3:15 AM,1979,530517.0,36.0,https://www.whatifsports.com/forums/Posts.aspx?topicID=530517&page=36,epup1975,"***TRADE ANNOUNCEMENT***



The Quake trade their 1980 1st rounder & Rafael Landestoy to the Seattle Sea Snakes for Larry Parrish & Their 1980 3rd rounder",epup1975|pi_kapp,12572729,adjacent concrete proposal; review against source,True,138842-5,Confirmed,12572721,https://www.whatifsports.com/forums/Posts.aspx?topicID=530517&page=36,"[{""post_id"": ""12572721"", ""text"": ""***TRADE ANNOUNCEMENT***\n\n\n\nThe Quake trade their 1980 1st rounder & Rafael Landestoy to the Seattle Sea Snakes for Larry Parrish & Their 1980 3rd rounder"", ""date"": ""12/4/2023 3:15 AM""}]",,,Forum + WIS,138842-5,https://www.whatifsports.com/forums/Posts.aspx?topicID=530517&page=36
forum-12598387,1/25/2024 9:37 PM,1980,530517.0,37.0,https://www.whatifsports.com/forums/Posts.aspx?topicID=530517&page=37,wgasa,Texas trades P Eddie Solomon to the Chicago Cornhuskers for their 1981 2nd round pick.  Frazzman to confirm.,frazzman80|wgasa,12598502,quoted proposal ID,False,,Confirmed...keepers updated.,12598387,https://www.whatifsports.com/forums/Posts.aspx?topicID=530517&page=37,"[{""post_id"": ""12598387"", ""text"": ""Texas trades P Eddie Solomon to the Chicago Cornhuskers for their 1981 2nd round pick.  Frazzman to confirm."", ""date"": ""1/25/2024 9:37 PM""}]",,,Forum,,https://www.whatifsports.com/forums/Posts.aspx?topicID=530517&page=37
forum-12599091,1/27/2024 11:48 AM,1980,530517.0,37.0,https://www.whatifsports.com/forums/Posts.aspx?topicID=530517&page=37,frazzman80,"Texas sends SS Tom Veryzer and our 1980 5th to chargingryno for his 1980 4th. 



CR to confirm.",chargingryno|frazzman80,12599519,unique preceding proposal naming confirming owner,False,,confirm,12599091,https://www.whatifsports.com/forums/Posts.aspx?topicID=530517&page=37,"[{""post_id"": ""12599091"", ""text"": ""Texas sends SS Tom Veryzer and our 1980 5th to chargingryno for his 1980 4th. \n\n\n\nCR to confirm."", ""date"": ""1/27/2024 11:48 AM""}]",,,Forum,,https://www.whatifsports.com/forums/Posts.aspx?topicID=530517&page=37
forum-12600713,1/29/2024 8:04 PM,1980,530517.0,37.0,https://www.whatifsports.com/forums/Posts.aspx?topicID=530517&page=37,frazzman80,"Amending the Veryzer trade above... Texas sends SS Tom Veryzer to CHI NL for their 1981 4th. Chargingryno to confirm



Sure...that works. I'll amend the trade.



-----Original Message-----

From: chargingryno

To: frazzman80

Sent: 1/29/2024 10:27:00 AM

Subject: RE: SS help for CHI for 1980       



Would you do veryzer just for my 81 4th and you keep the 5th?



-----Original Message-----

From: frazzman80

To: chargingryno

Sent: 1/28/2024 12:22:00 PM

Subject: RE: SS help for CHI for 1980       



Dang it...I need 7 this year so I'm really hoping for a 1980 pick. Is there another way we can do it for a pick this season?



Go with me sending both 5ths for your 3rd?



-----Original Message-----

From: chargingryno

To: frazzman80

Sent: 1/28/2024 12:44:00 AM

Subject: RE: SS help for CHI for 1980      



Just looked at the traded picks and I already traded my 4th in 80 it seems. 



I could do my 4th in 81 if you'd like instead",chargingryno|frazzman80,12601027,unique preceding proposal naming confirming owner,False,,confirm,12600713,https://www.whatifsports.com/forums/Posts.aspx?topicID=530517&page=37,"[{""post_id"": ""12600713"", ""text"": ""Amending the Veryzer trade above... Texas sends SS Tom Veryzer to CHI NL for their 1981 4th. Chargingryno to confirm\n\n\n\nSure...that works. I'll amend the trade.\n\n\n\n-----Original Message-----\n\nFrom: chargingryno\n\nTo: frazzman80\n\nSent: 1/29/2024 10:27:00 AM\n\nSubject: RE: SS help for CHI for 1980       \n\n\n\nWould you do veryzer just for my 81 4th and you keep the 5th?\n\n\n\n-----Original Message-----\n\nFrom: frazzman80\n\nTo: chargingryno\n\nSent: 1/28/2024 12:22:00 PM\n\nSubject: RE: SS help for CHI for 1980       \n\n\n\nDang it...I need 7 this year so I'm really hoping for a 1980 pick. Is there another way we can do it for a pick this season?\n\n\n\nGo with me sending both 5ths for your 3rd?\n\n\n\n-----Original Message-----\n\nFrom: chargingryno\n\nTo: frazzman80\n\nSent: 1/28/2024 12:44:00 AM\n\nSubject: RE: SS help for CHI for 1980      \n\n\n\nJust looked at the traded picks and I already traded my 4th in 80 it seems. \n\n\n\nI could do my 4th in 81 if you'd like instead"", ""date"": ""1/29/2024 8:04 PM""}]",,,Forum,,https://www.whatifsports.com/forums/Posts.aspx?topicID=530517&page=37
forum-12603623,2/4/2024 7:42 AM (edited),1980,530517.0,38.0,https://www.whatifsports.com/forums/Posts.aspx?topicID=530517&page=38,wgasa,"Pittsburg agrees to trade 2B Bob Grich and the 1980 #22 2nd round pick (pick 46) to Chicago Cornhuskers for its 1981 1st and 3rd round picks, its 1980 #18 2nd round pick (pick 42), and DH/1B Rusty Staub. Coldfoot to confirm.",coldfoot|wgasa,12603667,unique preceding proposal naming confirming owner,True,,confirm grich deal.,12603623,https://www.whatifsports.com/forums/Posts.aspx?topicID=530517&page=38,"[{""post_id"": ""12603623"", ""text"": ""Pittsburg agrees to trade 2B Bob Grich and the 1980 #22 2nd round pick (pick 46) to Chicago Cornhuskers for its 1981 1st and 3rd round picks, its 1980 #18 2nd round pick (pick 42), and DH/1B Rusty Staub. Coldfoot to confirm."", ""date"": ""2/4/2024 7:42 AM (edited)""}]",,,Forum,,https://www.whatifsports.com/forums/Posts.aspx?topicID=530517&page=38
forum-12603824,2/4/2024 4:08 PM,1980,530517.0,38.0,https://www.whatifsports.com/forums/Posts.aspx?topicID=530517&page=38,dodgerdon,"O’s & Cornhuskers have agreed on a deal.



O’s send Doug Corbett P, Ross Baumgartner P, & 1980 2nd round pick for Tom Underwood P, Tippy Martinez P, & 1980 2nd round pick via Pittsburgh. 



wgasa to confirm.",dodgerdon|wgasa,12603832,unique preceding proposal naming confirming owner,False,,Confirm the deal. The 2nd rounders are pick 4 going to Cornhuskers and pick 22 going to O’s.,12603824,https://www.whatifsports.com/forums/Posts.aspx?topicID=530517&page=38,"[{""post_id"": ""12603824"", ""text"": ""O’s & Cornhuskers have agreed on a deal.\n\n\n\nO’s send Doug Corbett P, Ross Baumgartner P, & 1980 2nd round pick for Tom Underwood P, Tippy Martinez P, & 1980 2nd round pick via Pittsburgh. \n\n\n\nwgasa to confirm."", ""date"": ""2/4/2024 4:08 PM""}]",,,Forum,,https://www.whatifsports.com/forums/Posts.aspx?topicID=530517&page=38
forum-12604241,2/5/2024 1:30 PM,1980,530517.0,38.0,https://www.whatifsports.com/forums/Posts.aspx?topicID=530517&page=38,frazzman80,"The Texas Rangers send our 3rd round pick in the 1980 draft to Pi_Kapp for P Jon Matlack.



Pi_Kapp to confirm



From: Pi_Kapp

To: frazzman80

Sent: 2/5/2024 12:26:00 PM

Subject: RE: Matlack    





What about a third in this years draft",frazzman80|pi_kapp,12604266,unique preceding proposal naming confirming owner,False,,Confirmed,12604241,https://www.whatifsports.com/forums/Posts.aspx?topicID=530517&page=38,"[{""post_id"": ""12604241"", ""text"": ""The Texas Rangers send our 3rd round pick in the 1980 draft to Pi_Kapp for P Jon Matlack.\n\n\n\nPi_Kapp to confirm\n\n\n\nFrom: Pi_Kapp\n\nTo: frazzman80\n\nSent: 2/5/2024 12:26:00 PM\n\nSubject: RE: Matlack    \n\n\n\n\n\nWhat about a third in this years draft"", ""date"": ""2/5/2024 1:30 PM""}]",,,Forum,,https://www.whatifsports.com/forums/Posts.aspx?topicID=530517&page=38
forum-12604451,2/5/2024 8:00 PM,1980,530517.0,38.0,https://www.whatifsports.com/forums/Posts.aspx?topicID=530517&page=38,wgasa,"CHI Cornhuskers trade P Ross Baumgarten, my #35 2nd round pick and my 1981 4th rounder to Seattle for P Roger Erickson and #41 2nd round pick. Pi kapp to confirm.",pi_kapp|wgasa,12604460,unique preceding proposal naming confirming owner,False,,Confirmed,12604451,https://www.whatifsports.com/forums/Posts.aspx?topicID=530517&page=38,"[{""post_id"": ""12604451"", ""text"": ""CHI Cornhuskers trade P Ross Baumgarten, my #35 2nd round pick and my 1981 4th rounder to Seattle for P Roger Erickson and #41 2nd round pick. Pi kapp to confirm."", ""date"": ""2/5/2024 8:00 PM""}]",,,Forum,,https://www.whatifsports.com/forums/Posts.aspx?topicID=530517&page=38
forum-12605024,2/6/2024 8:54 PM,1980,530517.0,39.0,https://www.whatifsports.com/forums/Posts.aspx?topicID=530517&page=39,dbrom,Brewers send pick 3.20 back to the New York Times for OF Jay Johnstone.   Trentonjoe to confirm,dbrom|trentonjoe,12605035,unique preceding proposal naming confirming owner,False,,That was the Pepe Frias pick!  Confirmed,12605024,https://www.whatifsports.com/forums/Posts.aspx?topicID=530517&page=39,"[{""post_id"": ""12605024"", ""text"": ""Brewers send pick 3.20 back to the New York Times for OF Jay Johnstone.   Trentonjoe to confirm"", ""date"": ""2/6/2024 8:54 PM""}]",,,Forum,,https://www.whatifsports.com/forums/Posts.aspx?topicID=530517&page=39
forum-12605120,2/6/2024 11:32 PM,1980,530517.0,39.0,https://www.whatifsports.com/forums/Posts.aspx?topicID=530517&page=39,mvw,"Texas gets 1B Mike Hargrove.



Cincinnati gets OF Cesar Cedeno.



frazzman80 to confirm.",frazzman80|mvw,12605121,quoted proposal ID,False,,Confirmed! No playing an OF out of position at 1B for me this season after all!,12605120,https://www.whatifsports.com/forums/Posts.aspx?topicID=530517&page=39,"[{""post_id"": ""12605120"", ""text"": ""Texas gets 1B Mike Hargrove.\n\n\n\nCincinnati gets OF Cesar Cedeno.\n\n\n\nfrazzman80 to confirm."", ""date"": ""2/6/2024 11:32 PM""}]",,,Forum,,https://www.whatifsports.com/forums/Posts.aspx?topicID=530517&page=39
forum-12605194,2/7/2024 9:22 AM,1980,530517.0,39.0,https://www.whatifsports.com/forums/Posts.aspx?topicID=530517&page=39,mvw,"Baltimore gets OF Bob Molinaro and Cincinnati's 3rd Round pick.



Cincinnati gets Baltimore's 3rd and 4th Round picks.



DodgerDon to confirm.",dodgerdon|mvw,12605197,quoted proposal ID,False,,Confirmed.,12605194,https://www.whatifsports.com/forums/Posts.aspx?topicID=530517&page=39,"[{""post_id"": ""12605194"", ""text"": ""Baltimore gets OF Bob Molinaro and Cincinnati's 3rd Round pick.\n\n\n\nCincinnati gets Baltimore's 3rd and 4th Round picks.\n\n\n\nDodgerDon to confirm."", ""date"": ""2/7/2024 9:22 AM""}]",,,Forum,,https://www.whatifsports.com/forums/Posts.aspx?topicID=530517&page=39
forum-12605236,2/7/2024 10:51 AM,1980,530517.0,39.0,https://www.whatifsports.com/forums/Posts.aspx?topicID=530517&page=39,n4ser,The Nutcrackers trade Tug McGraw to Pittsburgh for Jim Morrison. Coldfoot to confirm.,coldfoot|n4ser,12605285,unique preceding proposal naming confirming owner,False,,Confirm,12605236,https://www.whatifsports.com/forums/Posts.aspx?topicID=530517&page=39,"[{""post_id"": ""12605236"", ""text"": ""The Nutcrackers trade Tug McGraw to Pittsburgh for Jim Morrison. Coldfoot to confirm."", ""date"": ""2/7/2024 10:51 AM""}]",,,Forum,,https://www.whatifsports.com/forums/Posts.aspx?topicID=530517&page=39
forum-12606179,2/9/2024 12:30 AM,1980,530517.0,40.0,https://www.whatifsports.com/forums/Posts.aspx?topicID=530517&page=40,mvw,"San Francisco gets C Bruce Kimm.



Cincinnati gets San Francisco's 5th Round pick.



epup1975 to confirm.",epup1975|mvw,12606198,quoted proposal ID,False,,Confirmed,12606179,https://www.whatifsports.com/forums/Posts.aspx?topicID=530517&page=40,"[{""post_id"": ""12606179"", ""text"": ""San Francisco gets C Bruce Kimm.\n\n\n\nCincinnati gets San Francisco's 5th Round pick.\n\n\n\nepup1975 to confirm."", ""date"": ""2/9/2024 12:30 AM""}]",,,Forum,,https://www.whatifsports.com/forums/Posts.aspx?topicID=530517&page=40
forum-12607520,2/11/2024 3:57 PM,1980,530517.0,41.0,https://www.whatifsports.com/forums/Posts.aspx?topicID=530517&page=41,mvw,"New York Times get SS Mario Guerrero and Cincinnati's 1981 4th Round pick.



Cincinnati gets 2B Dave McKay.



Trentonjoe to confirm.",mvw|trentonjoe,12607521,unique preceding proposal naming confirming owner,False,,Confirmed,12607520,https://www.whatifsports.com/forums/Posts.aspx?topicID=530517&page=41,"[{""post_id"": ""12607520"", ""text"": ""New York Times get SS Mario Guerrero and Cincinnati's 1981 4th Round pick.\n\n\n\nCincinnati gets 2B Dave McKay.\n\n\n\nTrentonjoe to confirm."", ""date"": ""2/11/2024 3:57 PM""}]",,,Forum,,https://www.whatifsports.com/forums/Posts.aspx?topicID=530517&page=41
forum-12608021,2/12/2024 6:14 PM,1980,530517.0,41.0,https://www.whatifsports.com/forums/Posts.aspx?topicID=530517&page=41,trentonjoe,The Times send Mario Guerrero to the Cornhuskers for one of their 1st round Aaa picks.,trentonjoe|wgasa,12608040,adjacent concrete proposal; review against source,True,,Confirmed.,12608021,https://www.whatifsports.com/forums/Posts.aspx?topicID=530517&page=41,"[{""post_id"": ""12608021"", ""text"": ""The Times send Mario Guerrero to the Cornhuskers for one of their 1st round Aaa picks."", ""date"": ""2/12/2024 6:14 PM""}]",,,Forum,,https://www.whatifsports.com/forums/Posts.aspx?topicID=530517&page=41
forum-12638116,4/12/2024 2:16 PM,1981,530517.0,42.0,https://www.whatifsports.com/forums/Posts.aspx?topicID=530517&page=42,trentonjoe,The Times trade Tim Corcocan to Boston for Dane Iorg.    Pretty sure I spelled both those last names wrong.,eddiedzen|trentonjoe,12638453,quoted proposal ID,False,,Confirmed.,12638116,https://www.whatifsports.com/forums/Posts.aspx?topicID=530517&page=42,"[{""post_id"": ""12638116"", ""text"": ""The Times trade Tim Corcocan to Boston for Dane Iorg.    Pretty sure I spelled both those last names wrong."", ""date"": ""4/12/2024 2:16 PM""}]",,,Forum,,https://www.whatifsports.com/forums/Posts.aspx?topicID=530517&page=42
forum-12638404,4/13/2024 10:09 AM,1981,530517.0,42.0,https://www.whatifsports.com/forums/Posts.aspx?topicID=530517&page=42,wgasa,Cornhuskers trade P Eddie Solomon and its 1982 2nd rounder to Minnesota for 1B Willie Aikens and its 1982 3rd rounder.  Schwingkid to confirm.,schwingkid|wgasa,12638405,unique preceding proposal naming confirming owner,False,,CONFIRMED,12638404,https://www.whatifsports.com/forums/Posts.aspx?topicID=530517&page=42,"[{""post_id"": ""12638404"", ""text"": ""Cornhuskers trade P Eddie Solomon and its 1982 2nd rounder to Minnesota for 1B Willie Aikens and its 1982 3rd rounder.  Schwingkid to confirm."", ""date"": ""4/13/2024 10:09 AM""}]",,,Forum,,https://www.whatifsports.com/forums/Posts.aspx?topicID=530517&page=42
forum-12640050,4/17/2024 12:03 PM,1981,530517.0,42.0,https://www.whatifsports.com/forums/Posts.aspx?topicID=530517&page=42,dodgerdon,"Baltimore sends Bob Bailor SS to Houston for 1981 4th round picks.



frazzman80 to confirm.",dodgerdon|frazzman80,12640170,quoted proposal ID,False,,Confirmed on my end.,12640050,https://www.whatifsports.com/forums/Posts.aspx?topicID=530517&page=42,"[{""post_id"": ""12640050"", ""text"": ""Baltimore sends Bob Bailor SS to Houston for 1981 4th round picks.\n\n\n\nfrazzman80 to confirm."", ""date"": ""4/17/2024 12:03 PM""}]",,,Forum,,https://www.whatifsports.com/forums/Posts.aspx?topicID=530517&page=42
forum-12640118,4/17/2024 3:01 PM,1981,530517.0,42.0,https://www.whatifsports.com/forums/Posts.aspx?topicID=530517&page=42,frazzman80,"Houston sends OF Johnny Grubb to San Francisco for P Dan Schatzeder - epup to confirm.

 

	From:
	epup1975
	To:
	frazzman80
	Received:
	4/17/2024 1:54:00 PM
	Subject:
	RE: Trade idea
	Message:
	Sure, why not?

	

	-----Original Message-----

	From: frazzman80

	To: epup1975

	Sent: 4/17/2024 10:57:00 AM

	Subject: Trade idea

	

	Would you take Houston OF Johnny Grubb for P Dan Schatzeder since you are cutting him?

	

	Let me know.

	

	Frazier",epup1975|frazzman80,12640959,quoted proposal ID,False,,Confirmed,12640118,https://www.whatifsports.com/forums/Posts.aspx?topicID=530517&page=42,"[{""post_id"": ""12640118"", ""text"": ""Houston sends OF Johnny Grubb to San Francisco for P Dan Schatzeder - epup to confirm.\n\n \n\n\tFrom:\n\tepup1975\n\tTo:\n\tfrazzman80\n\tReceived:\n\t4/17/2024 1:54:00 PM\n\tSubject:\n\tRE: Trade idea\n\tMessage:\n\tSure, why not?\n\n\t\n\n\t-----Original Message-----\n\n\tFrom: frazzman80\n\n\tTo: epup1975\n\n\tSent: 4/17/2024 10:57:00 AM\n\n\tSubject: Trade idea\n\n\t\n\n\tWould you take Houston OF Johnny Grubb for P Dan Schatzeder since you are cutting him?\n\n\t\n\n\tLet me know.\n\n\t\n\n\tFrazier"", ""date"": ""4/17/2024 3:01 PM""}]",,,Forum,,https://www.whatifsports.com/forums/Posts.aspx?topicID=530517&page=42
forum-12644758,4/30/2024 7:11 PM,1981,530517.0,43.0,https://www.whatifsports.com/forums/Posts.aspx?topicID=530517&page=43,just4me,"NYE sends their 1981 1st (#11) and 4th to CHI in exchange for Champs Summers, their 1982 2nd, and 1983 1st. 



chargingryno to confirm.",chargingryno|just4me,12644870,quoted proposal ID,True,,confirm,12644758,https://www.whatifsports.com/forums/Posts.aspx?topicID=530517&page=43,"[{""post_id"": ""12644758"", ""text"": ""NYE sends their 1981 1st (#11) and 4th to CHI in exchange for Champs Summers, their 1982 2nd, and 1983 1st. \n\n\n\nchargingryno to confirm."", ""date"": ""4/30/2024 7:11 PM""}]",,,Forum,,https://www.whatifsports.com/forums/Posts.aspx?topicID=530517&page=43
forum-12645721,5/3/2024 1:25 PM,1981,530517.0,43.0,https://www.whatifsports.com/forums/Posts.aspx?topicID=530517&page=43,dodgerdon,"O’s trade current pick 2.25 to Texas for Jon Matlack P & pick 2.36.



frazz to confirm",dodgerdon|frazzman80,12645747,quoted proposal ID,False,,Confirmed and thanks!,12645721,https://www.whatifsports.com/forums/Posts.aspx?topicID=530517&page=43,"[{""post_id"": ""12645721"", ""text"": ""O’s trade current pick 2.25 to Texas for Jon Matlack P & pick 2.36.\n\n\n\nfrazz to confirm"", ""date"": ""5/3/2024 1:25 PM""}]",,,Forum,,https://www.whatifsports.com/forums/Posts.aspx?topicID=530517&page=43
forum-12646236,5/4/2024 7:55 PM,1981,530517.0,44.0,https://www.whatifsports.com/forums/Posts.aspx?topicID=530517&page=44,wgasa,"The Chicago teams make a crosstown swap of some future HOFs…



The Thunderbears trade 3B Mike Schmidt, OF Brett Butler, 2B Tony Bernazard, SS Larry Milbourne and their 1983 2nd round pick to the Cornhuskers in return for IF/OF Paul Molitor, 2B Bobby Grich, OF Dave Winfield, and 3B Luis Salazar.



3 HOF and IMHO one more that should be (Grich).



Chargingryno to confirm",chargingryno|wgasa,12646241,quoted proposal ID,False,140165-3,"We confirm.



you Don’t often see this many stars getting traded. Is bitter sweet seeing Schmidt leave (and before his monster 81 at that). We’re excited to see what Molitor, Winfield and Grich do in wrigley.",12646236,https://www.whatifsports.com/forums/Posts.aspx?topicID=530517&page=44,"[{""post_id"": ""12646236"", ""text"": ""The Chicago teams make a crosstown swap of some future HOFs…\n\n\n\nThe Thunderbears trade 3B Mike Schmidt, OF Brett Butler, 2B Tony Bernazard, SS Larry Milbourne and their 1983 2nd round pick to the Cornhuskers in return for IF/OF Paul Molitor, 2B Bobby Grich, OF Dave Winfield, and 3B Luis Salazar.\n\n\n\n3 HOF and IMHO one more that should be (Grich).\n\n\n\nChargingryno to confirm"", ""date"": ""5/4/2024 7:55 PM""}]",,,Forum,,https://www.whatifsports.com/forums/Posts.aspx?topicID=530517&page=44
forum-12646463,5/5/2024 12:55 PM,1981,530517.0,45.0,https://www.whatifsports.com/forums/Posts.aspx?topicID=530517&page=45,coldfoot,"Pitt sends of billy sample and sea 82 #3 to kc for rp gary lucas.

big dowg to confirm",big_dowg|coldfoot,12646505,unique preceding proposal naming confirming owner,False,,Trade with Pitt confirmed.,12646463,https://www.whatifsports.com/forums/Posts.aspx?topicID=530517&page=45,"[{""post_id"": ""12646463"", ""text"": ""Pitt sends of billy sample and sea 82 #3 to kc for rp gary lucas.\n\nbig dowg to confirm"", ""date"": ""5/5/2024 12:55 PM""}]",,,Forum,,https://www.whatifsports.com/forums/Posts.aspx?topicID=530517&page=45
forum-12647070,5/6/2024 11:18 PM,1981,530517.0,45.0,https://www.whatifsports.com/forums/Posts.aspx?topicID=530517&page=45,harrelson,Detroit trades Johnny Bench (Gasp!) to Houston for P Terry Leach.  Frazzmataz to confirm.,frazzman80|harrelson,12647072,quoted proposal ID,False,,"Agreed and approved. 



Thanks!",12647070,https://www.whatifsports.com/forums/Posts.aspx?topicID=530517&page=45,"[{""post_id"": ""12647070"", ""text"": ""Detroit trades Johnny Bench (Gasp!) to Houston for P Terry Leach.  Frazzmataz to confirm."", ""date"": ""5/6/2024 11:18 PM""}]",,,Forum,,https://www.whatifsports.com/forums/Posts.aspx?topicID=530517&page=45
forum-12647830,5/8/2024 5:08 PM,1981,530517.0,46.0,https://www.whatifsports.com/forums/Posts.aspx?topicID=530517&page=46,italyprof,"Newark trades its other fourth rounder to NYT for OF Dane Iorg and the right to trade 3rd round picks in next year's draft. 



That fourth round pick is late so trentonjoe can make it whenever he likes.



?Trentonjoe to confirm.",italyprof|trentonjoe,12647849,unique preceding proposal naming confirming owner,False,,Confirmed,12647830,https://www.whatifsports.com/forums/Posts.aspx?topicID=530517&page=46,"[{""post_id"": ""12647830"", ""text"": ""Newark trades its other fourth rounder to NYT for OF Dane Iorg and the right to trade 3rd round picks in next year's draft. \n\n\n\nThat fourth round pick is late so trentonjoe can make it whenever he likes.\n\n\n\n?Trentonjoe to confirm."", ""date"": ""5/8/2024 5:08 PM""}]",,,Forum,,https://www.whatifsports.com/forums/Posts.aspx?topicID=530517&page=46
forum-12661356,6/7/2024 2:12 AM,1981,530517.0,46.0,https://www.whatifsports.com/forums/Posts.aspx?topicID=530517&page=46,epup1975,"***TRADE ANNOUNCEMENT***



The Quake trade their 1982 2nd rounder & Gaylord Perry to the Chicago Thunderbears for Vida Blue",chargingryno|epup1975,WIS-140165-6,unique executed WIS transaction match,False,140165-6,Executed WIS transaction,12661356,https://www.whatifsports.com/forums/Posts.aspx?topicID=530517&page=46,"[{""post_id"": ""12661356"", ""text"": ""***TRADE ANNOUNCEMENT***\n\n\n\nThe Quake trade their 1982 2nd rounder & Gaylord Perry to the Chicago Thunderbears for Vida Blue"", ""date"": ""6/7/2024 2:12 AM""}]",,,Forum + WIS,140165-6,https://www.whatifsports.com/forums/Posts.aspx?topicID=530517&page=46
forum-12671635,6/29/2024 4:41 PM,1982,530517.0,46.0,https://www.whatifsports.com/forums/Posts.aspx?topicID=530517&page=46,wgasa,The Chicago Cornhuskers trade the 1982 Minnesota 3rd they own and their own 1983 2nd to Texas for P Dennis Lamp and their 1983 4th.  Frazzman to confirm.,frazzman80|wgasa,12671641,quoted proposal ID,False,,Confirmed on my end...best of luck lighting the Lamp!,12671635,https://www.whatifsports.com/forums/Posts.aspx?topicID=530517&page=46,"[{""post_id"": ""12671635"", ""text"": ""The Chicago Cornhuskers trade the 1982 Minnesota 3rd they own and their own 1983 2nd to Texas for P Dennis Lamp and their 1983 4th.  Frazzman to confirm."", ""date"": ""6/29/2024 4:41 PM""}]",,,Forum,,https://www.whatifsports.com/forums/Posts.aspx?topicID=530517&page=46
forum-12673604,7/4/2024 9:11 PM,1982,530517.0,46.0,https://www.whatifsports.com/forums/Posts.aspx?topicID=530517&page=46,harrelson,Cleveland trades P Rod Scurry to Pittsburgh for SS Dave Stapleton.  Coldfoot to confirm.,coldfoot|harrelson,12676575,unique preceding proposal naming confirming owner,False,,confirmed ruppert deal,12673604,https://www.whatifsports.com/forums/Posts.aspx?topicID=530517&page=46,"[{""post_id"": ""12673604"", ""text"": ""Cleveland trades P Rod Scurry to Pittsburgh for SS Dave Stapleton.  Coldfoot to confirm."", ""date"": ""7/4/2024 9:11 PM""}]",,,Forum,,https://www.whatifsports.com/forums/Posts.aspx?topicID=530517&page=46
forum-12674148,7/7/2024 12:24 AM,1982,530517.0,47.0,https://www.whatifsports.com/forums/Posts.aspx?topicID=530517&page=47,wgasa,"Chicago AL sends back the 83 2nd it owns from Chicago NL (via previous trade) to Chicago NL for 3B Luis Salazar and its 83 5th.  



Charginryno to confirm.",chargingryno|wgasa,12674735,quoted proposal ID,False,,We confirm,12674148,https://www.whatifsports.com/forums/Posts.aspx?topicID=530517&page=47,"[{""post_id"": ""12674148"", ""text"": ""Chicago AL sends back the 83 2nd it owns from Chicago NL (via previous trade) to Chicago NL for 3B Luis Salazar and its 83 5th.  \n\n\n\nCharginryno to confirm."", ""date"": ""7/7/2024 12:24 AM""}]",,,Forum,,https://www.whatifsports.com/forums/Posts.aspx?topicID=530517&page=47
forum-12675023,7/9/2024 10:04 PM,1982,530517.0,47.0,https://www.whatifsports.com/forums/Posts.aspx?topicID=530517&page=47,kermit,"St Louis sends P Jim Barr to Houston for C/3B Johnny Bench.



Frazzman to confirm.",frazzman80|kermit,12675029,adjacent concrete proposal; review against source,False,,Welcome to Houston Jim. Confirmed. I'll update keepers.,12675023,https://www.whatifsports.com/forums/Posts.aspx?topicID=530517&page=47,"[{""post_id"": ""12675023"", ""text"": ""St Louis sends P Jim Barr to Houston for C/3B Johnny Bench.\n\n\n\nFrazzman to confirm."", ""date"": ""7/9/2024 10:04 PM""}]",,,Forum,,https://www.whatifsports.com/forums/Posts.aspx?topicID=530517&page=47
forum-12675250,7/10/2024 6:40 PM,1982,530517.0,47.0,https://www.whatifsports.com/forums/Posts.aspx?topicID=530517&page=47,frazzman80,Texas sends P Ron Davis to Detroit for a 1983 4th round pick. hairman to confirm.,frazzman80|harrelson,12675439,quoted proposal ID,False,,Confirm.,12675250,https://www.whatifsports.com/forums/Posts.aspx?topicID=530517&page=47,"[{""post_id"": ""12675250"", ""text"": ""Texas sends P Ron Davis to Detroit for a 1983 4th round pick. hairman to confirm."", ""date"": ""7/10/2024 6:40 PM""}]",,,Forum,,https://www.whatifsports.com/forums/Posts.aspx?topicID=530517&page=47
forum-12675908,7/12/2024 6:29 PM,1982,530517.0,47.0,https://www.whatifsports.com/forums/Posts.aspx?topicID=530517&page=47,eddiedzen,Boston trades Julio Cruz to Cincinnati for a swap of 2nd round picks in the 1982 draft. Sinatra to confirm.,eddiedzen|sinatra,12675909,quoted proposal ID,False,,"Confirmed.  Doug Flynn, pack your bags!",12675908,https://www.whatifsports.com/forums/Posts.aspx?topicID=530517&page=47,"[{""post_id"": ""12675908"", ""text"": ""Boston trades Julio Cruz to Cincinnati for a swap of 2nd round picks in the 1982 draft. Sinatra to confirm."", ""date"": ""7/12/2024 6:29 PM""}]",,,Forum,,https://www.whatifsports.com/forums/Posts.aspx?topicID=530517&page=47
forum-12676165,7/13/2024 3:28 PM,1982,530517.0,47.0,https://www.whatifsports.com/forums/Posts.aspx?topicID=530517&page=47,trentonjoe,The New York Times trade George Brett to St. Louis for John Tudor.,kermit|trentonjoe,12676286,quoted proposal ID,False,,Confirmed by the Perfectos.,12676165,https://www.whatifsports.com/forums/Posts.aspx?topicID=530517&page=47,"[{""post_id"": ""12676165"", ""text"": ""The New York Times trade George Brett to St. Louis for John Tudor."", ""date"": ""7/13/2024 3:28 PM""}]",,,Forum,,https://www.whatifsports.com/forums/Posts.aspx?topicID=530517&page=47
forum-12676166,7/13/2024 3:29 PM,1982,530517.0,48.0,https://www.whatifsports.com/forums/Posts.aspx?topicID=530517&page=48,harrelson,Cleveland traded their 5th round pick in 82 to Chicago Corn Huskers for Larry Milbourne IF.  WGASA to confirm.,harrelson|wgasa,12676168,quoted proposal ID,False,,"Confirmed, and keepers updated.",12676166,https://www.whatifsports.com/forums/Posts.aspx?topicID=530517&page=48,"[{""post_id"": ""12676166"", ""text"": ""Cleveland traded their 5th round pick in 82 to Chicago Corn Huskers for Larry Milbourne IF.  WGASA to confirm."", ""date"": ""7/13/2024 3:29 PM""}]",,,Forum,,https://www.whatifsports.com/forums/Posts.aspx?topicID=530517&page=48
forum-12676374,7/14/2024 6:11 AM,1982,530517.0,48.0,https://www.whatifsports.com/forums/Posts.aspx?topicID=530517&page=48,epup1975,"***TRADE ANNOUNCEMENT***



The Quake trade Dave Wehrmeister to the New York Times for Rick Langford",epup1975|trentonjoe,12676375,adjacent concrete proposal; review against source,False,,Confirmed,12676374,https://www.whatifsports.com/forums/Posts.aspx?topicID=530517&page=48,"[{""post_id"": ""12676374"", ""text"": ""***TRADE ANNOUNCEMENT***\n\n\n\nThe Quake trade Dave Wehrmeister to the New York Times for Rick Langford"", ""date"": ""7/14/2024 6:11 AM""}]",,,Forum,,https://www.whatifsports.com/forums/Posts.aspx?topicID=530517&page=48
forum-12676838,7/15/2024 12:30 AM,1982,530517.0,48.0,https://www.whatifsports.com/forums/Posts.aspx?topicID=530517&page=48,frazzman80,"From:
	chrondon84
	To:
	frazzman80
	Received:
	7/14/2024 11:36:00 AM
	Subject:
	RE: 3B Trade
	Message:
	Right now I have a SS that will play 3B so it is not a major need unless I unload SS Ivan Dejesus

	

	What kinda late round picks can we swap for Cliff Johnson?

	

	How about your 6th round pick and 7th round pick for my 8th and 9th round pick?

	

	Let me know if that works. If it does you can post it and I will accept.



Per the smail above, Texas sends our 6th and 7th round picks in 1982 for DH Cliff Johnson and chronedon84s 8th and 9th round picks in 1982.



chrondon84 to confirm.",chrondon84|frazzman80,12676844,unique preceding proposal naming confirming owner,False,,confirm,12676838,https://www.whatifsports.com/forums/Posts.aspx?topicID=530517&page=48,"[{""post_id"": ""12676838"", ""text"": ""From:\n\tchrondon84\n\tTo:\n\tfrazzman80\n\tReceived:\n\t7/14/2024 11:36:00 AM\n\tSubject:\n\tRE: 3B Trade\n\tMessage:\n\tRight now I have a SS that will play 3B so it is not a major need unless I unload SS Ivan Dejesus\n\n\t\n\n\tWhat kinda late round picks can we swap for Cliff Johnson?\n\n\t\n\n\tHow about your 6th round pick and 7th round pick for my 8th and 9th round pick?\n\n\t\n\n\tLet me know if that works. If it does you can post it and I will accept.\n\n\n\nPer the smail above, Texas sends our 6th and 7th round picks in 1982 for DH Cliff Johnson and chronedon84s 8th and 9th round picks in 1982.\n\n\n\nchrondon84 to confirm."", ""date"": ""7/15/2024 12:30 AM""}]",,,Forum,,https://www.whatifsports.com/forums/Posts.aspx?topicID=530517&page=48
forum-12678140,7/18/2024 7:14 AM,1982,530517.0,48.0,https://www.whatifsports.com/forums/Posts.aspx?topicID=530517&page=48,wgasa,"Oakland trades P Paul Splitorff to the Chicago Cornhuskers for the St. Louis 3rd they own, their 5th, and OF Bill Robinson.



chrondon to confirm.



Keepers will be updated now.",chrondon84|wgasa,12678155,unique preceding proposal naming confirming owner,False,,Confirm,12678140,https://www.whatifsports.com/forums/Posts.aspx?topicID=530517&page=48,"[{""post_id"": ""12678140"", ""text"": ""Oakland trades P Paul Splitorff to the Chicago Cornhuskers for the St. Louis 3rd they own, their 5th, and OF Bill Robinson.\n\n\n\nchrondon to confirm.\n\n\n\nKeepers will be updated now."", ""date"": ""7/18/2024 7:14 AM""}]",,,Forum,,https://www.whatifsports.com/forums/Posts.aspx?topicID=530517&page=48
forum-12678975,7/20/2024 1:29 AM,1982,530517.0,49.0,https://www.whatifsports.com/forums/Posts.aspx?topicID=530517&page=49,epup1975,"***TRADE ANNOUNCEMENT***



The Quake trade Johnny Grubb to the Chicago Cornhuskers for their 1982 4th rounder",epup1975|wgasa,12679016,adjacent concrete proposal; review against source,False,,Agreed,12678975,https://www.whatifsports.com/forums/Posts.aspx?topicID=530517&page=49,"[{""post_id"": ""12678975"", ""text"": ""***TRADE ANNOUNCEMENT***\n\n\n\nThe Quake trade Johnny Grubb to the Chicago Cornhuskers for their 1982 4th rounder"", ""date"": ""7/20/2024 1:29 AM""}]",,,Forum,,https://www.whatifsports.com/forums/Posts.aspx?topicID=530517&page=49
forum-12680033,7/22/2024 4:21 PM,1982,530517.0,49.0,https://www.whatifsports.com/forums/Posts.aspx?topicID=530517&page=49,chargingryno,"Baltimore sends it's 5th round pick to Texas for their 5th and Art Howe -3B

 

Baltimore sends it's 6th round pick to Houston for their 6th and Gary Gray -1B



frazzman to confirm",chargingryno|frazzman80,12680050,quoted proposal ID,False,,"Confirmed with 1983 picks being noted as per the smail below.

 

	From:
	chargingryno
	To:
	frazzman80
	Received:
	7/22/2024 4:31:00 PM
	Subject:
	RE: J4M Update -
	Message:
	yeah thats perfect. so my 83 5th for your 83 5th and 83 6th for 83 6th.

	

	If you wanna add the year that'll be good for me!

	

	-----Original Message-----

	From: frazzman80

	To: chargingryno

	Sent: 7/22/2024 4:30:00 PM

	Subject: RE: J4M Update -

	

	Can we make them at 1983 picks? I can't use any of these in 1982.",12680033,https://www.whatifsports.com/forums/Posts.aspx?topicID=530517&page=49,"[{""post_id"": ""12680033"", ""text"": ""Baltimore sends it's 5th round pick to Texas for their 5th and Art Howe -3B\n\n \n\nBaltimore sends it's 6th round pick to Houston for their 6th and Gary Gray -1B\n\n\n\nfrazzman to confirm"", ""date"": ""7/22/2024 4:21 PM""}]",,,Forum,,https://www.whatifsports.com/forums/Posts.aspx?topicID=530517&page=49
forum-12683636,8/1/2024 1:56 PM (edited),1982,530517.0,50.0,https://www.whatifsports.com/forums/Posts.aspx?topicID=530517&page=50,frazzman80,"Arlington, TX - There's a new sheriff in town. The Texas Rangers are happy to announce that SS Vance Law is the newest member of the their 1982 team that once again has World Series aspirations. After their draft plans rapidly changed when potential target Vance Law was pulled out of the rookie draft, team owner and GM frazzman80 took to the SMail lines and reached out to Law's former GM big_dowg to get negotiations underway to bring Law to Texas. ""Vance Law brings order to our infield going forward and we are very pleased to have the opportunity to have such a versatile player as a Ranger,"" said frazzman80. ""We predict that in his tenure with the club that he will play SS, 2B, 3B and OF for us and maybe even some 1B in the future. His strong bat will fit anywhere in the lineup and he's got some solid pop for a middle infielder. We're excited as his versatility will mean we can draft for some potential positional needs in the next few drafts.""



Law has played sparingly in his previous 2 seasons and had a disastrous 1981 slashing a meager .134 .157 .164 in his 113 PAs, but thinks that the change of ballpark and being surrounded by potential HOFers in the clubhouse will help him find his groove at the plate.



This reporter has reached out to big_dowg to confirm the trade.

	From:
	big_dowg
	To:
	frazzman80
	Received:
	8/1/2024 11:42:00 AM
	Subject:
	RE: Law - revised offer
	Message:
	Sorry for the delay.I'll take that offer if it is still good.Post it and I'll confirm.Thanks.

	

	-----Original Message-----

	From: frazzman80

	To: big_dowg

	Sent: 7/31/2024 6:10:00 PM

	Subject: RE: Law - revised offer

	

	OK - what about this

	

	I send my 1982 3rd (pick 65) and the 1983 CHI-AL 2nd I own for Vance Law and your 1983 3rd round pick.",big_dowg|frazzman80,12683643,unique preceding proposal naming confirming owner,False,,"Confirmed.Sorry Kapp,lol.",12683636,https://www.whatifsports.com/forums/Posts.aspx?topicID=530517&page=50,"[{""post_id"": ""12683636"", ""text"": ""Arlington, TX - There's a new sheriff in town. The Texas Rangers are happy to announce that SS Vance Law is the newest member of the their 1982 team that once again has World Series aspirations. After their draft plans rapidly changed when potential target Vance Law was pulled out of the rookie draft, team owner and GM frazzman80 took to the SMail lines and reached out to Law's former GM big_dowg to get negotiations underway to bring Law to Texas. \""Vance Law brings order to our infield going forward and we are very pleased to have the opportunity to have such a versatile player as a Ranger,\"" said frazzman80. \""We predict that in his tenure with the club that he will play SS, 2B, 3B and OF for us and maybe even some 1B in the future. His strong bat will fit anywhere in the lineup and he's got some solid pop for a middle infielder. We're excited as his versatility will mean we can draft for some potential positional needs in the next few drafts.\""\n\n\n\nLaw has played sparingly in his previous 2 seasons and had a disastrous 1981 slashing a meager .134 .157 .164 in his 113 PAs, but thinks that the change of ballpark and being surrounded by potential HOFers in the clubhouse will help him find his groove at the plate.\n\n\n\nThis reporter has reached out to big_dowg to confirm the trade.\n\n\tFrom:\n\tbig_dowg\n\tTo:\n\tfrazzman80\n\tReceived:\n\t8/1/2024 11:42:00 AM\n\tSubject:\n\tRE: Law - revised offer\n\tMessage:\n\tSorry for the delay.I'll take that offer if it is still good.Post it and I'll confirm.Thanks.\n\n\t\n\n\t-----Original Message-----\n\n\tFrom: frazzman80\n\n\tTo: big_dowg\n\n\tSent: 7/31/2024 6:10:00 PM\n\n\tSubject: RE: Law - revised offer\n\n\t\n\n\tOK - what about this\n\n\t\n\n\tI send my 1982 3rd (pick 65) and the 1983 CHI-AL 2nd I own for Vance Law and your 1983 3rd round pick."", ""date"": ""8/1/2024 1:56 PM (edited)""}]",,,Forum,,https://www.whatifsports.com/forums/Posts.aspx?topicID=530517&page=50
forum-12710018,10/3/2024 3:42 PM,1983,530517.0,51.0,https://www.whatifsports.com/forums/Posts.aspx?topicID=530517&page=51,frazzman80,"Now that we are posting rosters for 1983, we can officially announce this trade between Texas and Chicago-AL



Texas sends 1B/DH Cliff Johnson and our 1983 3rd for OF Johnny Grubb and CHI-AL's 1984 3rd



wgasa to confirm.

	From:
	wgasa
	To:
	frazzman80
	Received:
	9/28/2024 3:36:00 PM
	Subject:
	RE: 1B trade idea
	Message:
	sounds good.

	

	-----Original Message-----

	From: frazzman80

	To: wgasa

	Sent: 9/28/2024 1:25:00 PM

	Subject: RE: 1B trade idea

	

	Yes...it'd be for after this 1982 season. So we'll post it when we go to post rosters.

	

	That works...thanks.

	

	-----Original Message-----

	From: wgasa

	To: frazzman80

	Sent: 9/28/2024 9:53:00 AM

	Subject: RE: 1B trade idea

	

	Just to be clear, we’re talking about an end of the season trade, right? I would rather have Grubb over Johnson for the rest of the season. If so, I’d be good with Cliff Johnson and your 1983 3rd for Johnny Grubb and my 1984 3rd.

	

	Let me know.",frazzman80|wgasa,12710098,unique preceding proposal naming confirming owner,False,,Yep to the above.,12710018,https://www.whatifsports.com/forums/Posts.aspx?topicID=530517&page=51,"[{""post_id"": ""12710018"", ""text"": ""Now that we are posting rosters for 1983, we can officially announce this trade between Texas and Chicago-AL\n\n\n\nTexas sends 1B/DH Cliff Johnson and our 1983 3rd for OF Johnny Grubb and CHI-AL's 1984 3rd\n\n\n\nwgasa to confirm.\n\n\tFrom:\n\twgasa\n\tTo:\n\tfrazzman80\n\tReceived:\n\t9/28/2024 3:36:00 PM\n\tSubject:\n\tRE: 1B trade idea\n\tMessage:\n\tsounds good.\n\n\t\n\n\t-----Original Message-----\n\n\tFrom: frazzman80\n\n\tTo: wgasa\n\n\tSent: 9/28/2024 1:25:00 PM\n\n\tSubject: RE: 1B trade idea\n\n\t\n\n\tYes...it'd be for after this 1982 season. So we'll post it when we go to post rosters.\n\n\t\n\n\tThat works...thanks.\n\n\t\n\n\t-----Original Message-----\n\n\tFrom: wgasa\n\n\tTo: frazzman80\n\n\tSent: 9/28/2024 9:53:00 AM\n\n\tSubject: RE: 1B trade idea\n\n\t\n\n\tJust to be clear, we’re talking about an end of the season trade, right? I would rather have Grubb over Johnson for the rest of the season. If so, I’d be good with Cliff Johnson and your 1983 3rd for Johnny Grubb and my 1984 3rd.\n\n\t\n\n\tLet me know."", ""date"": ""10/3/2024 3:42 PM""}]",,,Forum,,https://www.whatifsports.com/forums/Posts.aspx?topicID=530517&page=51
forum-12712874,10/11/2024 12:18 PM,1983,530517.0,52.0,https://www.whatifsports.com/forums/Posts.aspx?topicID=530517&page=52,frazzman80,"Found a home for Armstrong - chargingryno to confirm.

 

	From:
	chargingryno
	To:
	frazzman80
	Received:
	10/11/2024 2:02:00 AM
	Subject:
	RE: Picks to BAL
	Message:
	I'll do this one if you want to post it:

	

	""I'll send P Mike Armstrong, OF Steve Henderson, DET 4th, BAL 5th, TEX 6th round pick and my 1984 TEX 4th round pick for BAL 1984 2nd.""

	

	Appreciate the offer",chargingryno|frazzman80,12713097,unique preceding proposal naming confirming owner,False,,confirmed for Baltimore,12712874,https://www.whatifsports.com/forums/Posts.aspx?topicID=530517&page=52,"[{""post_id"": ""12712874"", ""text"": ""Found a home for Armstrong - chargingryno to confirm.\n\n \n\n\tFrom:\n\tchargingryno\n\tTo:\n\tfrazzman80\n\tReceived:\n\t10/11/2024 2:02:00 AM\n\tSubject:\n\tRE: Picks to BAL\n\tMessage:\n\tI'll do this one if you want to post it:\n\n\t\n\n\t\""I'll send P Mike Armstrong, OF Steve Henderson, DET 4th, BAL 5th, TEX 6th round pick and my 1984 TEX 4th round pick for BAL 1984 2nd.\""\n\n\t\n\n\tAppreciate the offer"", ""date"": ""10/11/2024 12:18 PM""}]",,,Forum,,https://www.whatifsports.com/forums/Posts.aspx?topicID=530517&page=52
forum-12714010,10/14/2024 8:39 PM,1983,530517.0,52.0,https://www.whatifsports.com/forums/Posts.aspx?topicID=530517&page=52,dbrom,"Milwaukee sends  P Tommy John to the New York Times for the recently acquired Toronto 4th and Wayne Krenchiki



Trentonjoe to confirm.",dbrom|trentonjoe,12717087,quoted proposal ID,False,,Yup. Sorry about the delay!,12714010,https://www.whatifsports.com/forums/Posts.aspx?topicID=530517&page=52,"[{""post_id"": ""12714010"", ""text"": ""Milwaukee sends  P Tommy John to the New York Times for the recently acquired Toronto 4th and Wayne Krenchiki\n\n\n\nTrentonjoe to confirm."", ""date"": ""10/14/2024 8:39 PM""}]",,,Forum,,https://www.whatifsports.com/forums/Posts.aspx?topicID=530517&page=52
forum-12720124,10/30/2024 11:54 AM,1983,530517.0,52.0,https://www.whatifsports.com/forums/Posts.aspx?topicID=530517&page=52,frazzman80,"Houston sends SS Bob Bailor to epup for his 1983 4th round pick. Epup to confirm.

 

	From:
	epup1975
	To:
	frazzman80
	Received:
	10/30/2024 11:23:00 AM
	Subject:
	RE: J4M 1983 Draft
	Message:
	I'll trade a 4th for Bailor",epup1975|frazzman80,12720361,quoted proposal ID,False,,Confirmed,12720124,https://www.whatifsports.com/forums/Posts.aspx?topicID=530517&page=52,"[{""post_id"": ""12720124"", ""text"": ""Houston sends SS Bob Bailor to epup for his 1983 4th round pick. Epup to confirm.\n\n \n\n\tFrom:\n\tepup1975\n\tTo:\n\tfrazzman80\n\tReceived:\n\t10/30/2024 11:23:00 AM\n\tSubject:\n\tRE: J4M 1983 Draft\n\tMessage:\n\tI'll trade a 4th for Bailor"", ""date"": ""10/30/2024 11:54 AM""}]",,,Forum,,https://www.whatifsports.com/forums/Posts.aspx?topicID=530517&page=52
forum-12723211,11/5/2024 9:02 PM,1983,530517.0,53.0,https://www.whatifsports.com/forums/Posts.aspx?topicID=530517&page=53,trentonjoe,"The New York Times trade Phil Niekro, their 3rd round pick and Toronto's 4th round pick to Detroit for their 2nd, 5th and 6th round picks.",harrelson|trentonjoe,12723221,quoted proposal ID,False,,Confirmed.,12723211,https://www.whatifsports.com/forums/Posts.aspx?topicID=530517&page=53,"[{""post_id"": ""12723211"", ""text"": ""The New York Times trade Phil Niekro, their 3rd round pick and Toronto's 4th round pick to Detroit for their 2nd, 5th and 6th round picks."", ""date"": ""11/5/2024 9:02 PM""}]",,,Forum,,https://www.whatifsports.com/forums/Posts.aspx?topicID=530517&page=53
forum-12724190,11/8/2024 10:28 AM,1983,530517.0,53.0,https://www.whatifsports.com/forums/Posts.aspx?topicID=530517&page=53,frazzman80,"Texas sends 3B Vance Law to the SF for their current pick on the board. epup1975 to confirm.

	From:
	epup1975
	To:
	frazzman80
	Received:
	11/8/2024 10:19:00 AM
	Subject:
	RE: Still interested in Law?
	Message:
	Ok, let's do this trade. Please post this trade, since I will be at work. Thanks.",epup1975|frazzman80,12724413,quoted proposal ID,False,,Confirmed,12724190,https://www.whatifsports.com/forums/Posts.aspx?topicID=530517&page=53,"[{""post_id"": ""12724190"", ""text"": ""Texas sends 3B Vance Law to the SF for their current pick on the board. epup1975 to confirm.\n\n\tFrom:\n\tepup1975\n\tTo:\n\tfrazzman80\n\tReceived:\n\t11/8/2024 10:19:00 AM\n\tSubject:\n\tRE: Still interested in Law?\n\tMessage:\n\tOk, let's do this trade. Please post this trade, since I will be at work. Thanks."", ""date"": ""11/8/2024 10:28 AM""}]",,,Forum,,https://www.whatifsports.com/forums/Posts.aspx?topicID=530517&page=53
forum-12725587,11/11/2024 6:19 PM,1983,530517.0,54.0,https://www.whatifsports.com/forums/Posts.aspx?topicID=530517&page=54,trentonjoe,Newark trade Dave Righetti to Minnesota for Rick Reushel and their last round pick.,schwingkid|trentonjoe,12725590,adjacent concrete proposal; review against source,False,,Confirmed,12725587,https://www.whatifsports.com/forums/Posts.aspx?topicID=530517&page=54,"[{""post_id"": ""12725587"", ""text"": ""Newark trade Dave Righetti to Minnesota for Rick Reushel and their last round pick."", ""date"": ""11/11/2024 6:19 PM""}]",,,Forum,,https://www.whatifsports.com/forums/Posts.aspx?topicID=530517&page=54
forum-12727299,11/15/2024 7:10 PM,1983,530517.0,54.0,https://www.whatifsports.com/forums/Posts.aspx?topicID=530517&page=54,kermit,"St Louis sends IF Tim Flannery to Seattle in exchange for 1B Chris Chambliss



Pi_Kapp to confirm",kermit|pi_kapp,12727468,unique preceding proposal naming confirming owner,False,,Confirmed,12727299,https://www.whatifsports.com/forums/Posts.aspx?topicID=530517&page=54,"[{""post_id"": ""12727299"", ""text"": ""St Louis sends IF Tim Flannery to Seattle in exchange for 1B Chris Chambliss\n\n\n\nPi_Kapp to confirm"", ""date"": ""11/15/2024 7:10 PM""}]",,,Forum,,https://www.whatifsports.com/forums/Posts.aspx?topicID=530517&page=54
forum-12727539,11/16/2024 6:35 PM (edited),1983,530517.0,54.0,https://www.whatifsports.com/forums/Posts.aspx?topicID=530517&page=54,epup1975,"***TRADE ANNOUNCEMENT***



The Quake trade their 1984 4th rounder to the Cornhuskers for their 1983 4th rounder(pick 4.22)",epup1975|wgasa,12727646,quoted proposal ID,False,,Confirmed,12727539,https://www.whatifsports.com/forums/Posts.aspx?topicID=530517&page=54,"[{""post_id"": ""12727539"", ""text"": ""***TRADE ANNOUNCEMENT***\n\n\n\nThe Quake trade their 1984 4th rounder to the Cornhuskers for their 1983 4th rounder(pick 4.22)"", ""date"": ""11/16/2024 6:35 PM (edited)""}]",,,Forum,,https://www.whatifsports.com/forums/Posts.aspx?topicID=530517&page=54
forum-12753372,1/20/2025 8:29 PM,1984,530517.0,55.0,https://www.whatifsports.com/forums/Posts.aspx?topicID=530517&page=55,frazzman80,"Texas and St. Louis announce a trade to take place after the 1983 season.



Texas sends P Terry Forster to STL for C Dave Engle. Kermit to confirm.

 

	From:
	kermit
	To:
	frazzman80
	Received:
	1/20/2025 8:22:00 PM
	Subject:
	RE: 1984 Catcher
	Message:
	I would trade Engle for Forster, Fat Tub of Goo or not.",frazzman80|kermit,12753405,unique preceding proposal naming confirming owner,False,,Confirmed,12753372,https://www.whatifsports.com/forums/Posts.aspx?topicID=530517&page=55,"[{""post_id"": ""12753372"", ""text"": ""Texas and St. Louis announce a trade to take place after the 1983 season.\n\n\n\nTexas sends P Terry Forster to STL for C Dave Engle. Kermit to confirm.\n\n \n\n\tFrom:\n\tkermit\n\tTo:\n\tfrazzman80\n\tReceived:\n\t1/20/2025 8:22:00 PM\n\tSubject:\n\tRE: 1984 Catcher\n\tMessage:\n\tI would trade Engle for Forster, Fat Tub of Goo or not."", ""date"": ""1/20/2025 8:29 PM""}]",,,Forum,,https://www.whatifsports.com/forums/Posts.aspx?topicID=530517&page=55
forum-12757536,1/30/2025 10:55 PM,1984,530517.0,56.0,https://www.whatifsports.com/forums/Posts.aspx?topicID=530517&page=56,just4me,"NYE sends its ‘84 1st, 2nd, 4th, and ‘85 2nd to BOS in exchange for their ‘84 1st. 



eddiedzen to confirm",eddiedzen|just4me,12757592,quoted proposal ID,True,,Confirmed.,12757536,https://www.whatifsports.com/forums/Posts.aspx?topicID=530517&page=56,"[{""post_id"": ""12757536"", ""text"": ""NYE sends its ‘84 1st, 2nd, 4th, and ‘85 2nd to BOS in exchange for their ‘84 1st. \n\n\n\neddiedzen to confirm"", ""date"": ""1/30/2025 10:55 PM""}]",,,Forum,,https://www.whatifsports.com/forums/Posts.aspx?topicID=530517&page=56
forum-12757902-a,1/31/2025 6:14 PM,1984,530517.0,56.0,https://www.whatifsports.com/forums/Posts.aspx?topicID=530517&page=56,trentonjoe,Newark trades Rick Reushel and Andy Hawkins to Seattle for the#14 pick in the first round and Ray Knight.,pi_kapp|trentonjoe,12757950,adjacent concrete proposal; review against source,True,,Confirmed,12757902-a,https://www.whatifsports.com/forums/Posts.aspx?topicID=530517&page=56,"[{""post_id"": ""12757902-a"", ""text"": ""Newark trades Rick Reushel and Andy Hawkins to Seattle for the#14 pick in the first round and Ray Knight."", ""date"": ""1/31/2025 6:14 PM""}]",,"Two distinct contract clauses, confirmed12757950; franchise roles must remain separate.",Forum,,https://www.whatifsports.com/forums/Posts.aspx?topicID=530517&page=56
forum-12757902-b,1/31/2025 6:14 PM,1984,530517.0,56.0,https://www.whatifsports.com/forums/Posts.aspx?topicID=530517&page=56,trentonjoe,The New York Times trade Cecil Cooper to Seattle for the Times third-round pick they traded Seattle during the1983 season.,pi_kapp|trentonjoe,12757950,adjacent concrete proposal; review against source,False,,Confirmed,12757902-b,https://www.whatifsports.com/forums/Posts.aspx?topicID=530517&page=56,"[{""post_id"": ""12757902-b"", ""text"": ""The New York Times trade Cecil Cooper to Seattle for the Times third-round pick they traded Seattle during the1983 season."", ""date"": ""1/31/2025 6:14 PM""}]",,"Two distinct contract clauses, confirmed12757950; franchise roles must remain separate.",Forum,,https://www.whatifsports.com/forums/Posts.aspx?topicID=530517&page=56
forum-12773215,3/10/2025 1:53 PM,1984,530517.0,57.0,https://www.whatifsports.com/forums/Posts.aspx?topicID=530517&page=57,trentonjoe,Newark trades their second round pick (2.23) for Milwaukee's 3rd round picks.,dbrom|trentonjoe,12773247,quoted proposal ID,False,,Confirmed,12773215,https://www.whatifsports.com/forums/Posts.aspx?topicID=530517&page=57,"[{""post_id"": ""12773215"", ""text"": ""Newark trades their second round pick (2.23) for Milwaukee's 3rd round picks."", ""date"": ""3/10/2025 1:53 PM""}]",,,Forum,,https://www.whatifsports.com/forums/Posts.aspx?topicID=530517&page=57
forum-12774423,3/13/2025 1:10 AM,1984,530517.0,58.0,https://www.whatifsports.com/forums/Posts.aspx?topicID=530517&page=58,frazzman80,"Texas Rangers are sending our 1984 2nd round pick to BAL for Dave J. Schmidt



chargingryno to confirm",chargingryno|frazzman80,12774428,quoted proposal ID,False,,Confirm,12774423,https://www.whatifsports.com/forums/Posts.aspx?topicID=530517&page=58,"[{""post_id"": ""12774423"", ""text"": ""Texas Rangers are sending our 1984 2nd round pick to BAL for Dave J. Schmidt\n\n\n\nchargingryno to confirm"", ""date"": ""3/13/2025 1:10 AM""}]",,,Forum,,https://www.whatifsports.com/forums/Posts.aspx?topicID=530517&page=58
forum-12774475,3/13/2025 6:34 AM (edited),1984,530517.0,58.0,https://www.whatifsports.com/forums/Posts.aspx?topicID=530517&page=58,trentonjoe,Newark trades all 4 3rd round pick to Baltimore for Don Aase and Brent Gaffe and Baltimores last two picks (5 and 6?),chargingryno|trentonjoe,12774862,quoted proposal ID,False,,confirm,12774475,https://www.whatifsports.com/forums/Posts.aspx?topicID=530517&page=58,"[{""post_id"": ""12774475"", ""text"": ""Newark trades all 4 3rd round pick to Baltimore for Don Aase and Brent Gaffe and Baltimores last two picks (5 and 6?)"", ""date"": ""3/13/2025 6:34 AM (edited)""}]",,,Forum,,https://www.whatifsports.com/forums/Posts.aspx?topicID=530517&page=58
forum-12775419,3/15/2025 1:27 PM,1984,530517.0,58.0,https://www.whatifsports.com/forums/Posts.aspx?topicID=530517&page=58,coldfoot,"obrien, decinces and a couple of balt 3s(16,23).

tor sends cabell and gross go to baltimore with 85 1 and 2.",chargingryno|coldfoot,12775425,adjacent concrete proposal; review against source,False,,Confirm,12775419,https://www.whatifsports.com/forums/Posts.aspx?topicID=530517&page=58,"[{""post_id"": ""12775419"", ""text"": ""obrien, decinces and a couple of balt 3s(16,23).\n\ntor sends cabell and gross go to baltimore with 85 1 and 2."", ""date"": ""3/15/2025 1:27 PM""}]",,,Forum,,https://www.whatifsports.com/forums/Posts.aspx?topicID=530517&page=58
forum-12776168,3/17/2025 9:41 AM,1984,530517.0,58.0,https://www.whatifsports.com/forums/Posts.aspx?topicID=530517&page=58,trentonjoe,Newark sends Ken Landreaux and their 1985 2nd round pick to Baltimore for Juan Benequiz and Baltimores 5th round pick in 1985.,chargingryno|trentonjoe,12776176,adjacent concrete proposal; review against source,False,,Confirm,12776168,https://www.whatifsports.com/forums/Posts.aspx?topicID=530517&page=58,"[{""post_id"": ""12776168"", ""text"": ""Newark sends Ken Landreaux and their 1985 2nd round pick to Baltimore for Juan Benequiz and Baltimores 5th round pick in 1985."", ""date"": ""3/17/2025 9:41 AM""}]",,,Forum,,https://www.whatifsports.com/forums/Posts.aspx?topicID=530517&page=58
forum-12803258,5/27/2025 5:49 AM,1985,530517.0,59.0,https://www.whatifsports.com/forums/Posts.aspx?topicID=530517&page=59,trentonjoe,"Texas trades Jason Thompson to Newark for Newarks 1986 4th round pick. If Newarks pick is not in the top 9 of the 4th round, the pick becomes a 1986 3rd rounder.",frazzman80|trentonjoe,12803288,quoted proposal ID,False,,Confirmed. Best of luck.,12803258,https://www.whatifsports.com/forums/Posts.aspx?topicID=530517&page=59,"[{""post_id"": ""12803258"", ""text"": ""Texas trades Jason Thompson to Newark for Newarks 1986 4th round pick. If Newarks pick is not in the top 9 of the 4th round, the pick becomes a 1986 3rd rounder."", ""date"": ""5/27/2025 5:49 AM""}]",,,Forum,,https://www.whatifsports.com/forums/Posts.aspx?topicID=530517&page=59
forum-12806810,6/4/2025 6:35 PM,1985,530517.0,59.0,https://www.whatifsports.com/forums/Posts.aspx?topicID=530517&page=59,frazzman80,"Texas sends 2B Bobby Grich and my 1985 4th round pick to cdew8's Brewers for 1B Rod Carew, OF Mike Brown and his 1986 3rd round pick.



cdew8 to confirm",cdew8|frazzman80,12806860,quoted proposal ID,False,,Confirm,12806810,https://www.whatifsports.com/forums/Posts.aspx?topicID=530517&page=59,"[{""post_id"": ""12806810"", ""text"": ""Texas sends 2B Bobby Grich and my 1985 4th round pick to cdew8's Brewers for 1B Rod Carew, OF Mike Brown and his 1986 3rd round pick.\n\n\n\ncdew8 to confirm"", ""date"": ""6/4/2025 6:35 PM""}]",,,Forum,,https://www.whatifsports.com/forums/Posts.aspx?topicID=530517&page=59
forum-12820094,7/8/2025 1:46 PM,1985,530517.0,60.0,https://www.whatifsports.com/forums/Posts.aspx?topicID=530517&page=60,pi_kapp,Sea Snakes (me) sending 2b Wally Backman to just4me for 3b Jim Presley. J to confirm,just4me|pi_kapp,12820097,quoted proposal ID,False,,Confirm,12820094,https://www.whatifsports.com/forums/Posts.aspx?topicID=530517&page=60,"[{""post_id"": ""12820094"", ""text"": ""Sea Snakes (me) sending 2b Wally Backman to just4me for 3b Jim Presley. J to confirm"", ""date"": ""7/8/2025 1:46 PM""}]",,"Jim Presley was on1984 NYNutcrackers and the zero-exposure1985 keeper list, thenSeattle; Backman/Presley exchange identifies NYN.",Forum,,https://www.whatifsports.com/forums/Posts.aspx?topicID=530517&page=60
forum-12820654,7/9/2025 8:47 PM,1985,530517.0,60.0,https://www.whatifsports.com/forums/Posts.aspx?topicID=530517&page=60,stevebobldn,The Montreal Royales trade the New York Eagles 1985 4th Round Draft Pick back to them for their 1986 4th Round Draft Pick.,just4me|stevebobldn,12820657,quoted proposal ID,False,,Confirm,12820654,https://www.whatifsports.com/forums/Posts.aspx?topicID=530517&page=60,"[{""post_id"": ""12820654"", ""text"": ""The Montreal Royales trade the New York Eagles 1985 4th Round Draft Pick back to them for their 1986 4th Round Draft Pick."", ""date"": ""7/9/2025 8:47 PM""}]",,,Forum,,https://www.whatifsports.com/forums/Posts.aspx?topicID=530517&page=60
forum-12822472,7/13/2025 8:16 PM,1985,530517.0,61.0,https://www.whatifsports.com/forums/Posts.aspx?topicID=530517&page=61,trentonjoe,Newark trades Don Aase to Seattle for Claudelle Washington,pi_kapp|trentonjoe,12822499,adjacent concrete proposal; review against source,False,,Confirmed,12822472,https://www.whatifsports.com/forums/Posts.aspx?topicID=530517&page=61,"[{""post_id"": ""12822472"", ""text"": ""Newark trades Don Aase to Seattle for Claudelle Washington"", ""date"": ""7/13/2025 8:16 PM""}]",,,Forum,,https://www.whatifsports.com/forums/Posts.aspx?topicID=530517&page=61
forum-12822662,7/14/2025 11:06 AM,1985,530517.0,61.0,https://www.whatifsports.com/forums/Posts.aspx?topicID=530517&page=61,cdew8,"Milwaukee trades the upcoming #11 pick and SS Dave Concepcion to Pittsburgh to for SS Gary Templeton and OF Chet Lemon.



coldfoot to confirm",cdew8|coldfoot,12822664,unique preceding proposal naming confirming owner,False,,Confirm,12822662,https://www.whatifsports.com/forums/Posts.aspx?topicID=530517&page=61,"[{""post_id"": ""12822662"", ""text"": ""Milwaukee trades the upcoming #11 pick and SS Dave Concepcion to Pittsburgh to for SS Gary Templeton and OF Chet Lemon.\n\n\n\ncoldfoot to confirm"", ""date"": ""7/14/2025 11:06 AM""}]",,,Forum,,https://www.whatifsports.com/forums/Posts.aspx?topicID=530517&page=61
forum-12823193,7/15/2025 12:35 PM,1985,530517.0,61.0,https://www.whatifsports.com/forums/Posts.aspx?topicID=530517&page=61,wgasa,Pittsburgh trades SS Dave Concepcion to the Cornhuskers for their 3rd round pick they own (3.8). Coldfoot to confirm.,coldfoot|wgasa,12823197,unique preceding proposal naming confirming owner,False,,Confirm,12823193,https://www.whatifsports.com/forums/Posts.aspx?topicID=530517&page=61,"[{""post_id"": ""12823193"", ""text"": ""Pittsburgh trades SS Dave Concepcion to the Cornhuskers for their 3rd round pick they own (3.8). Coldfoot to confirm."", ""date"": ""7/15/2025 12:35 PM""}]",,,Forum,,https://www.whatifsports.com/forums/Posts.aspx?topicID=530517&page=61
forum-12824457,7/18/2025 6:07 AM,1985,530517.0,62.0,https://www.whatifsports.com/forums/Posts.aspx?topicID=530517&page=62,epup1975,"***TRADE ANNOUNCEMENT***



The Quake trade their 1985 1st rounder to the Tanagers for Floyd Bannister.",coldfoot|epup1975,12824462,adjacent concrete proposal; review against source,True,,Confirm,12824457,https://www.whatifsports.com/forums/Posts.aspx?topicID=530517&page=62,"[{""post_id"": ""12824457"", ""text"": ""***TRADE ANNOUNCEMENT***\n\n\n\nThe Quake trade their 1985 1st rounder to the Tanagers for Floyd Bannister."", ""date"": ""7/18/2025 6:07 AM""}]",,,Forum,,https://www.whatifsports.com/forums/Posts.aspx?topicID=530517&page=62
forum-12826031,7/21/2025 9:43 PM,1985,530517.0,62.0,https://www.whatifsports.com/forums/Posts.aspx?topicID=530517&page=62,harrelson,Detroit trades OF George Foster for a 4th round pick owned by Baltimore (from NYT).  Chargingryno to confirm.,chargingryno|harrelson,12826132,quoted proposal ID,False,,confirm,12826031,https://www.whatifsports.com/forums/Posts.aspx?topicID=530517&page=62,"[{""post_id"": ""12826031"", ""text"": ""Detroit trades OF George Foster for a 4th round pick owned by Baltimore (from NYT).  Chargingryno to confirm."", ""date"": ""7/21/2025 9:43 PM""}]",,,Forum,,https://www.whatifsports.com/forums/Posts.aspx?topicID=530517&page=62
forum-12826245,7/22/2025 10:52 AM,1985,530517.0,62.0,https://www.whatifsports.com/forums/Posts.aspx?topicID=530517&page=62,stevebobldn,"Trade Announcement:



The Montreal Royales trade 1985 4th Round pick + 1986 2nd Round pick to the Baltimore Firebirds for Mike Flanagan (P).",chargingryno|stevebobldn,12826246,adjacent concrete proposal; review against source,False,,Confirm,12826245,https://www.whatifsports.com/forums/Posts.aspx?topicID=530517&page=62,"[{""post_id"": ""12826245"", ""text"": ""Trade Announcement:\n\n\n\nThe Montreal Royales trade 1985 4th Round pick + 1986 2nd Round pick to the Baltimore Firebirds for Mike Flanagan (P)."", ""date"": ""7/22/2025 10:52 AM""}]",,,Forum,,https://www.whatifsports.com/forums/Posts.aspx?topicID=530517&page=62
forum-12826248,7/22/2025 10:58 AM (edited),1985,530517.0,62.0,https://www.whatifsports.com/forums/Posts.aspx?topicID=530517&page=62,chargingryno,"Chicago sends their 86 3rd to NYT for Jim Sundberg and their 1985 5th.



Chicago sending last two picks to even trade (6th and 8th)



tj to confirm",chargingryno|trentonjoe,12826253,adjacent concrete proposal; review against source,False,,Confirmed.  Did you really trade a 7th round pick?  That's impressive.,12826248,https://www.whatifsports.com/forums/Posts.aspx?topicID=530517&page=62,"[{""post_id"": ""12826248"", ""text"": ""Chicago sends their 86 3rd to NYT for Jim Sundberg and their 1985 5th.\n\n\n\nChicago sending last two picks to even trade (6th and 8th)\n\n\n\ntj to confirm"", ""date"": ""7/22/2025 10:58 AM (edited)""}]",,,Forum,,https://www.whatifsports.com/forums/Posts.aspx?topicID=530517&page=62
forum-12846646,9/6/2025 2:22 PM,1985,530517.0,63.0,https://www.whatifsports.com/forums/Posts.aspx?topicID=530517&page=63,kermit,In-season trade:  St Louis sends IF Tom Brookens and StL 1986 2nd round pick to Cleveland for 1B Bob Horner,harrelson|kermit,WIS-143210-3,unique executed WIS transaction match,False,143210-3,Executed WIS transaction,12846646,https://www.whatifsports.com/forums/Posts.aspx?topicID=530517&page=63,"[{""post_id"": ""12846646"", ""text"": ""In-season trade:  St Louis sends IF Tom Brookens and StL 1986 2nd round pick to Cleveland for 1B Bob Horner"", ""date"": ""9/6/2025 2:22 PM""}]",,,Forum + WIS,143210-3,https://www.whatifsports.com/forums/Posts.aspx?topicID=530517&page=63
forum-12855840,9/29/2025 8:11 PM,1986,530517.0,63.0,https://www.whatifsports.com/forums/Posts.aspx?topicID=530517&page=63,kermit,Houston sends Seattle's 1986 1st round pick to St Louis for P Dave Stewart.,kermit|the_creeper,12855907,quoted proposal ID,True,,Confirmed.  Adjusting Keep lists to reflect this deal because the lists are not final.,12855840,https://www.whatifsports.com/forums/Posts.aspx?topicID=530517&page=63,"[{""post_id"": ""12855840"", ""text"": ""Houston sends Seattle's 1986 1st round pick to St Louis for P Dave Stewart."", ""date"": ""9/29/2025 8:11 PM""}]",,,Forum,,https://www.whatifsports.com/forums/Posts.aspx?topicID=530517&page=63
forum-12857105,10/2/2025 7:46 PM,1986,530517.0,64.0,https://www.whatifsports.com/forums/Posts.aspx?topicID=530517&page=64,kermit,St Louis trades 3B Denny Walling and their 1987 4th round pick to Texas for DH/SS/3B Roy Smalley and the Texas 1986 4th round pick.,frazzman80|kermit,12857149,quoted proposal ID,False,,Confirmed...thanks,12857105,https://www.whatifsports.com/forums/Posts.aspx?topicID=530517&page=64,"[{""post_id"": ""12857105"", ""text"": ""St Louis trades 3B Denny Walling and their 1987 4th round pick to Texas for DH/SS/3B Roy Smalley and the Texas 1986 4th round pick."", ""date"": ""10/2/2025 7:46 PM""}]",,,Forum,,https://www.whatifsports.com/forums/Posts.aspx?topicID=530517&page=64
forum-12858665,10/6/2025 7:20 PM,1986,530517.0,64.0,https://www.whatifsports.com/forums/Posts.aspx?topicID=530517&page=64,the_creeper,"HOU and CHI Huskers have a blockbuster deal.



Houston sends Scott Sanderson, Bill Madlock and Cecil Cooper to Chitown for Mike Schmidt and Mike Easler.  We are adjusting rosters and may need to add a pick since all rosters are not final.  WGSA to confirm but I have in Sitemail.",the_creeper|wgasa,12858704,quoted proposal ID,False,,Confirmed.  Schmidt moves along with his 535 HR (a majority of them with the commish). And he has a chance to catch Reggie.,12858665,https://www.whatifsports.com/forums/Posts.aspx?topicID=530517&page=64,"[{""post_id"": ""12858665"", ""text"": ""HOU and CHI Huskers have a blockbuster deal.\n\n\n\nHouston sends Scott Sanderson, Bill Madlock and Cecil Cooper to Chitown for Mike Schmidt and Mike Easler.  We are adjusting rosters and may need to add a pick since all rosters are not final.  WGSA to confirm but I have in Sitemail."", ""date"": ""10/6/2025 7:20 PM""}]",,,Forum,,https://www.whatifsports.com/forums/Posts.aspx?topicID=530517&page=64
forum-12859845,10/9/2025 4:31 AM,1986,530517.0,65.0,https://www.whatifsports.com/forums/Posts.aspx?topicID=530517&page=65,wgasa,The Cornhuskers agree to trade P Lance McCullers to Texas for P Bob Stanley and their 3rd rounder this year. Frazz to confirm.,frazzman80|wgasa,12859881,quoted proposal ID,False,,Confirmed on my end. Thanks!,12859845,https://www.whatifsports.com/forums/Posts.aspx?topicID=530517&page=65,"[{""post_id"": ""12859845"", ""text"": ""The Cornhuskers agree to trade P Lance McCullers to Texas for P Bob Stanley and their 3rd rounder this year. Frazz to confirm."", ""date"": ""10/9/2025 4:31 AM""}]",,,Forum,,https://www.whatifsports.com/forums/Posts.aspx?topicID=530517&page=65
forum-12860137,10/9/2025 4:32 PM,1986,530517.0,65.0,https://www.whatifsports.com/forums/Posts.aspx?topicID=530517&page=65,cdew8,"My bad, I lost track of moving that already. We’ve agreed on an amended trade.



The Cornhuskers have agreed to a trade that sends 2B Tony Bernazard, OF Milt Thompson, P Doug Corbett, and their 3rd to the Brewers for P Rick Sutcliffe, 2B Bobby Grich and their 1986 2nd round pick.



Wgasa to confirm.",cdew8|wgasa,12860216,quoted proposal ID,False,,Confirmed.  Thanks cdew8.,12860137,https://www.whatifsports.com/forums/Posts.aspx?topicID=530517&page=65,"[{""post_id"": ""12860137"", ""text"": ""My bad, I lost track of moving that already. We’ve agreed on an amended trade.\n\n\n\nThe Cornhuskers have agreed to a trade that sends 2B Tony Bernazard, OF Milt Thompson, P Doug Corbett, and their 3rd to the Brewers for P Rick Sutcliffe, 2B Bobby Grich and their 1986 2nd round pick.\n\n\n\nWgasa to confirm."", ""date"": ""10/9/2025 4:32 PM""}]",,,Forum,,https://www.whatifsports.com/forums/Posts.aspx?topicID=530517&page=65
forum-12879756,11/19/2025 4:12 PM,1986,530517.0,65.0,https://www.whatifsports.com/forums/Posts.aspx?topicID=530517&page=65,wgasa,Cornhuskers trade P Ken Dayley to NYT for their 3rd round pick that is up now.  TJ to confirm.,trentonjoe|wgasa,12879764,adjacent concrete proposal; review against source,False,,confirmed,12879756,https://www.whatifsports.com/forums/Posts.aspx?topicID=530517&page=65,"[{""post_id"": ""12879756"", ""text"": ""Cornhuskers trade P Ken Dayley to NYT for their 3rd round pick that is up now.  TJ to confirm."", ""date"": ""11/19/2025 4:12 PM""}]",,,Forum,,https://www.whatifsports.com/forums/Posts.aspx?topicID=530517&page=65
forum-12890650,12/18/2025 1:18 AM,1986,530517.0,66.0,https://www.whatifsports.com/forums/Posts.aspx?topicID=530517&page=66,epup1975,"***TRADE ANNOUNCEMENT***



The Quake trade Don Schulze & their 1987 4th rounder to the Skyline for Joe Cowley",epup1975|sinatra,WIS-143991-9,unique executed WIS transaction match,False,143991-9,Executed WIS transaction,12890650,https://www.whatifsports.com/forums/Posts.aspx?topicID=530517&page=66,"[{""post_id"": ""12890650"", ""text"": ""***TRADE ANNOUNCEMENT***\n\n\n\nThe Quake trade Don Schulze & their 1987 4th rounder to the Skyline for Joe Cowley"", ""date"": ""12/18/2025 1:18 AM""}]",,,Forum + WIS,143991-9,https://www.whatifsports.com/forums/Posts.aspx?topicID=530517&page=66
forum-12914589,2/4/2026 11:40 PM,1987,530517.0,67.0,https://www.whatifsports.com/forums/Posts.aspx?topicID=530517&page=67,epup1975,"***TRADE ANNOUNCEMENT***



The Quake trade their 1987 3rd rounder to the New York Times for Mel Hall",epup1975|trentonjoe,12914637,quoted proposal ID,False,,Confirmed.,12914589,https://www.whatifsports.com/forums/Posts.aspx?topicID=530517&page=67,"[{""post_id"": ""12914589"", ""text"": ""***TRADE ANNOUNCEMENT***\n\n\n\nThe Quake trade their 1987 3rd rounder to the New York Times for Mel Hall"", ""date"": ""2/4/2026 11:40 PM""}]",,,Forum,,https://www.whatifsports.com/forums/Posts.aspx?topicID=530517&page=67
forum-12915185,2/5/2026 11:39 PM,1987,530517.0,67.0,https://www.whatifsports.com/forums/Posts.aspx?topicID=530517&page=67,sinatra,"Trade between Texas and Minnesota



Minnesota gets:

Jim Rice

Denny Walling

1987 3rd rounder from Texas

1987 4th rounders from Chicago and St Louis (that Texas has the rights to)



Texas gets:

Minnesota 1987 2nd rounder



Frazzman to confirm",frazzman80|sinatra,12915314,unique preceding proposal naming confirming owner,False,,Confirmed...thanks and best of luck with them and the picks.,12915185,https://www.whatifsports.com/forums/Posts.aspx?topicID=530517&page=67,"[{""post_id"": ""12915185"", ""text"": ""Trade between Texas and Minnesota\n\n\n\nMinnesota gets:\n\nJim Rice\n\nDenny Walling\n\n1987 3rd rounder from Texas\n\n1987 4th rounders from Chicago and St Louis (that Texas has the rights to)\n\n\n\nTexas gets:\n\nMinnesota 1987 2nd rounder\n\n\n\nFrazzman to confirm"", ""date"": ""2/5/2026 11:39 PM""}]",,,Forum,,https://www.whatifsports.com/forums/Posts.aspx?topicID=530517&page=67
forum-12917363,2/10/2026 11:00 AM,1987,530517.0,67.0,https://www.whatifsports.com/forums/Posts.aspx?topicID=530517&page=67,frazzman80,"Texas sends P Calvin Schiraldi to Oakland for C Bo Diaz. duhbigcat to confirm.

 

	From:
	duhbigcat
	To:
	frazzman80
	Received:
	2/10/2026 5:54:00 AM
	Subject:
	RE: C trade
	Message:
	

	Sure. I can trade Bo Diaz for Calvin Schiraldi",duhbigcat|frazzman80,12917448,unique preceding proposal naming confirming owner,False,,"thanks Frazzman80. This trade is confirmed.

Bo Diaz for Calvin Schiraldi",12917363,https://www.whatifsports.com/forums/Posts.aspx?topicID=530517&page=67,"[{""post_id"": ""12917363"", ""text"": ""Texas sends P Calvin Schiraldi to Oakland for C Bo Diaz. duhbigcat to confirm.\n\n \n\n\tFrom:\n\tduhbigcat\n\tTo:\n\tfrazzman80\n\tReceived:\n\t2/10/2026 5:54:00 AM\n\tSubject:\n\tRE: C trade\n\tMessage:\n\t\n\n\tSure. I can trade Bo Diaz for Calvin Schiraldi"", ""date"": ""2/10/2026 11:00 AM""}]",,,Forum,,https://www.whatifsports.com/forums/Posts.aspx?topicID=530517&page=67
forum-12918298,2/11/2026 8:17 PM,1987,530517.0,67.0,https://www.whatifsports.com/forums/Posts.aspx?topicID=530517&page=67,chargingryno,"Chicago sends 87 3rd to Pittsburgh for their 87 3rd and Gary Carter



coldfoot to confirm",chargingryno|coldfoot,12923463,unique preceding proposal naming confirming owner,False,,Confirm,12918298,https://www.whatifsports.com/forums/Posts.aspx?topicID=530517&page=67,"[{""post_id"": ""12918298"", ""text"": ""Chicago sends 87 3rd to Pittsburgh for their 87 3rd and Gary Carter\n\n\n\ncoldfoot to confirm"", ""date"": ""2/11/2026 8:17 PM""}]",,,Forum,,https://www.whatifsports.com/forums/Posts.aspx?topicID=530517&page=67
forum-12921867,2/18/2026 8:41 PM,1987,530517.0,68.0,https://www.whatifsports.com/forums/Posts.aspx?topicID=530517&page=68,cdew8,"Milwaukee trades OF Ken Griffey Sr to Montreal for 2b Ron Oester. 



stevebobldn to confirm",cdew8|stevebobldn,12921873,quoted proposal ID,False,145090-1,Confirmed,12921867,https://www.whatifsports.com/forums/Posts.aspx?topicID=530517&page=68,"[{""post_id"": ""12921867"", ""text"": ""Milwaukee trades OF Ken Griffey Sr to Montreal for 2b Ron Oester. \n\n\n\nstevebobldn to confirm"", ""date"": ""2/18/2026 8:41 PM""}]",,,Forum + WIS,145090-1,https://www.whatifsports.com/forums/Posts.aspx?topicID=530517&page=68
forum-12923389,2/22/2026 9:23 AM,1987,530517.0,68.0,https://www.whatifsports.com/forums/Posts.aspx?topicID=530517&page=68,trentonjoe,The Times trade Sid Bream and their 4th round pick in 1987 to KC for their 3rd round pick in 1987.,stevebobldn|trentonjoe,12923390,quoted proposal ID,False,,Confirmed.,12923389,https://www.whatifsports.com/forums/Posts.aspx?topicID=530517&page=68,"[{""post_id"": ""12923389"", ""text"": ""The Times trade Sid Bream and their 4th round pick in 1987 to KC for their 3rd round pick in 1987."", ""date"": ""2/22/2026 9:23 AM""}]",,,Forum,,https://www.whatifsports.com/forums/Posts.aspx?topicID=530517&page=68
forum-12923483,2/22/2026 1:36 PM,1987,530517.0,68.0,https://www.whatifsports.com/forums/Posts.aspx?topicID=530517&page=68,trentonjoe,The times trade their 3rd round pick (3.15) to Toronto for Mike Krukow and Toronto’s 3rd round pick.,stevebobldn|trentonjoe,12923586,adjacent concrete proposal; review against source|quoted proposal ID,False,,"Confirm
Confirmed that the trade is for NYT>KCM 3rd, currently 3.11",12923483,https://www.whatifsports.com/forums/Posts.aspx?topicID=530517&page=68,"[{""post_id"": ""12923483"", ""text"": ""The times trade their 3rd round pick (3.15) to Toronto for Mike Krukow and Toronto’s 3rd round pick."", ""date"": ""2/22/2026 1:36 PM""}]",,"Quote-confirmation12923586 expressly corrects the pick to NYT>KCM,3.11. Coldfoot's bare response is unrelated; the proposal's Toronto wording is a typo.",Forum,,https://www.whatifsports.com/forums/Posts.aspx?topicID=530517&page=68
forum-12924818,2/23/2026 9:18 AM,1987,530517.0,69.0,https://www.whatifsports.com/forums/Posts.aspx?topicID=530517&page=69,trentonjoe,Newark trades the 1.6 and the 4.11 to Chicago for the 1.15 and 2.7.,chargingryno|trentonjoe,12924821,adjacent concrete proposal; review against source,True,,Confirm,12924818,https://www.whatifsports.com/forums/Posts.aspx?topicID=530517&page=69,"[{""post_id"": ""12924818"", ""text"": ""Newark trades the 1.6 and the 4.11 to Chicago for the 1.15 and 2.7."", ""date"": ""2/23/2026 9:18 AM""}]",,,Forum,,https://www.whatifsports.com/forums/Posts.aspx?topicID=530517&page=69
forum-12925262,2/24/2026 6:31 AM,1987,530517.0,69.0,https://www.whatifsports.com/forums/Posts.aspx?topicID=530517&page=69,cdew8,"Milwaukee trades their 88 2nd and 87 5th (or Tony Bernazard) to New York Eagles for 2b Tom Herr. 



just4me to confirm and indicate pick or Bernazard.",cdew8|just4me,12925270,quoted proposal ID,False,,Confirm (and we’ll do the 87 5th),12925262,https://www.whatifsports.com/forums/Posts.aspx?topicID=530517&page=69,"[{""post_id"": ""12925262"", ""text"": ""Milwaukee trades their 88 2nd and 87 5th (or Tony Bernazard) to New York Eagles for 2b Tom Herr. \n\n\n\njust4me to confirm and indicate pick or Bernazard."", ""date"": ""2/24/2026 6:31 AM""}]",,,Forum,,https://www.whatifsports.com/forums/Posts.aspx?topicID=530517&page=69
forum-12925263,2/24/2026 6:43 AM,1987,530517.0,69.0,https://www.whatifsports.com/forums/Posts.aspx?topicID=530517&page=69,trentonjoe,"Newark trades Bob Brenley, their 1987 3rd and 1987 4th round picks to Chicago for Joe Price, Albert Hall and it’s 1987 3rd round pick.",trentonjoe|wgasa,12925268,quoted proposal ID,False,,Confirmed.,12925263,https://www.whatifsports.com/forums/Posts.aspx?topicID=530517&page=69,"[{""post_id"": ""12925263"", ""text"": ""Newark trades Bob Brenley, their 1987 3rd and 1987 4th round picks to Chicago for Joe Price, Albert Hall and it’s 1987 3rd round pick."", ""date"": ""2/24/2026 6:43 AM""}]",,,Forum,,https://www.whatifsports.com/forums/Posts.aspx?topicID=530517&page=69
forum-12925361,2/24/2026 11:05 AM,1987,530517.0,70.0,https://www.whatifsports.com/forums/Posts.aspx?topicID=530517&page=70,chargingryno,"Chicago sends current pick, and Rickey Horton



to Pittsburgh for their 88 1st, bill gullickson and their last pick in the draft 



coldfoot to confirm",chargingryno|coldfoot,12925363,unique preceding proposal naming confirming owner,True,,Confirm.,12925361,https://www.whatifsports.com/forums/Posts.aspx?topicID=530517&page=70,"[{""post_id"": ""12925361"", ""text"": ""Chicago sends current pick, and Rickey Horton\n\n\n\nto Pittsburgh for their 88 1st, bill gullickson and their last pick in the draft \n\n\n\ncoldfoot to confirm"", ""date"": ""2/24/2026 11:05 AM""}]",,,Forum,,https://www.whatifsports.com/forums/Posts.aspx?topicID=530517&page=70
forum-12925433,2/24/2026 1:43 PM,1987,530517.0,70.0,https://www.whatifsports.com/forums/Posts.aspx?topicID=530517&page=70,trentonjoe,"Fixed this to:



Cornhuskers send the 3.5 pick and Joe Price to Newark for Bob Brenley and the 5:7 pick.",trentonjoe|wgasa,12925436,quoted proposal ID,False,,Confirmed.,12925433,https://www.whatifsports.com/forums/Posts.aspx?topicID=530517&page=70,"[{""post_id"": ""12925433"", ""text"": ""Fixed this to:\n\n\n\nCornhuskers send the 3.5 pick and Joe Price to Newark for Bob Brenley and the 5:7 pick."", ""date"": ""2/24/2026 1:43 PM""}]",,,Forum,,https://www.whatifsports.com/forums/Posts.aspx?topicID=530517&page=70
forum-12926007,2/25/2026 12:13 PM,1987,530517.0,71.0,https://www.whatifsports.com/forums/Posts.aspx?topicID=530517&page=71,epup1975,"***TRADE ANNOUNCEMENT***



The Quake trade their 1987 6th rounder & 1988 4th rounder to the Brewers for Tony Bernazard",cdew8|epup1975,12926060,quoted proposal ID,False,,Confirm,12926007,https://www.whatifsports.com/forums/Posts.aspx?topicID=530517&page=71,"[{""post_id"": ""12926007"", ""text"": ""***TRADE ANNOUNCEMENT***\n\n\n\nThe Quake trade their 1987 6th rounder & 1988 4th rounder to the Brewers for Tony Bernazard"", ""date"": ""2/25/2026 12:13 PM""}]",,,Forum,,https://www.whatifsports.com/forums/Posts.aspx?topicID=530517&page=71
forum-12926175,2/25/2026 5:31 PM,1987,530517.0,71.0,https://www.whatifsports.com/forums/Posts.aspx?topicID=530517&page=71,chargingryno,"Cross town trade: 



Chicago NL sends Gary Carter -C and 88 5th to Chicago AL for Bob Brenly -C



wgasa to confirm",chargingryno|wgasa,12926186,quoted proposal ID,False,,Confirmed,12926175,https://www.whatifsports.com/forums/Posts.aspx?topicID=530517&page=71,"[{""post_id"": ""12926175"", ""text"": ""Cross town trade: \n\n\n\nChicago NL sends Gary Carter -C and 88 5th to Chicago AL for Bob Brenly -C\n\n\n\nwgasa to confirm"", ""date"": ""2/25/2026 5:31 PM""}]",,,Forum,,https://www.whatifsports.com/forums/Posts.aspx?topicID=530517&page=71
forum-12926468,2/26/2026 10:03 AM,1987,530517.0,72.0,https://www.whatifsports.com/forums/Posts.aspx?topicID=530517&page=72,trentonjoe,"The Newark Ironbound Bears trade Louis Polonia and the 3.5 pick to the New York Nutcrackers for Dave Magadan and their  5th round pick (5.3?).



J4M to confirm.",just4me|trentonjoe,12926488,quoted proposal ID,False,,Confirm,12926468,https://www.whatifsports.com/forums/Posts.aspx?topicID=530517&page=72,"[{""post_id"": ""12926468"", ""text"": ""The Newark Ironbound Bears trade Louis Polonia and the 3.5 pick to the New York Nutcrackers for Dave Magadan and their  5th round pick (5.3?).\n\n\n\nJ4M to confirm."", ""date"": ""2/26/2026 10:03 AM""}]",,,Forum,,https://www.whatifsports.com/forums/Posts.aspx?topicID=530517&page=72
forum-12928179,3/1/2026 7:25 PM,1987,530517.0,72.0,https://www.whatifsports.com/forums/Posts.aspx?topicID=530517&page=72,trentonjoe,"Newark trades Dickie Thon SS to Oakland for the ""Speedster Switch Hitting CF Gary Pettis"".",duhbigcat|trentonjoe,12928185,adjacent concrete proposal; review against source,False,,Confirmed,12928179,https://www.whatifsports.com/forums/Posts.aspx?topicID=530517&page=72,"[{""post_id"": ""12928179"", ""text"": ""Newark trades Dickie Thon SS to Oakland for the \""Speedster Switch Hitting CF Gary Pettis\""."", ""date"": ""3/1/2026 7:25 PM""}]",,,Forum,,https://www.whatifsports.com/forums/Posts.aspx?topicID=530517&page=72
forum-12933260,3/15/2026 8:13 PM,1987,530517.0,73.0,https://www.whatifsports.com/forums/Posts.aspx?topicID=530517&page=73,just4me,"DET sends Tim Raines to NYE in exchange for Eddie Milner and NYE 1988 1st*



*If NYE ‘88 1st is #1-5, the DET will also send their ‘88 3rd. 

If NYE ‘88 1st is #16-24, the NYE will also include their ‘88 3rd. 



Harrelson to confirm.",harrelson|just4me,12933334,quoted proposal ID,True,144651-20,Confirmed.,12933260,https://www.whatifsports.com/forums/Posts.aspx?topicID=530517&page=73,"[{""post_id"": ""12933260"", ""text"": ""DET sends Tim Raines to NYE in exchange for Eddie Milner and NYE 1988 1st*\n\n\n\n*If NYE ‘88 1st is #1-5, the DET will also send their ‘88 3rd. \n\nIf NYE ‘88 1st is #16-24, the NYE will also include their ‘88 3rd. \n\n\n\nHarrelson to confirm."", ""date"": ""3/15/2026 8:13 PM""}]",,,Forum + WIS,144651-20,https://www.whatifsports.com/forums/Posts.aspx?topicID=530517&page=73
forum-12944951,4/12/2026 2:07 AM,1987,530517.0,73.0,https://www.whatifsports.com/forums/Posts.aspx?topicID=530517&page=73,epup1975,"**TRADE ANNOUNCEMENT***



The Quake trade Eric Nolte, Jerry Don Gleaton, & my 1989 3rd rounder to the Thunderbears for Mike Dunne",chargingryno|epup1975,WIS-144651-4,unique executed WIS transaction match,False,144651-4,Executed WIS transaction,12944951,https://www.whatifsports.com/forums/Posts.aspx?topicID=530517&page=73,"[{""post_id"": ""12944951"", ""text"": ""**TRADE ANNOUNCEMENT***\n\n\n\nThe Quake trade Eric Nolte, Jerry Don Gleaton, & my 1989 3rd rounder to the Thunderbears for Mike Dunne"", ""date"": ""4/12/2026 2:07 AM""}]",,,Forum + WIS,144651-4,https://www.whatifsports.com/forums/Posts.aspx?topicID=530517&page=73
forum-12945005-a,4/12/2026 9:56 AM,1987,530517.0,74.0,https://www.whatifsports.com/forums/Posts.aspx?topicID=530517&page=74,chargingryno,Chicago sends Greg Mathews-P to Pittsburgh for Calhoun and Chicago's fourth-round pick back to Chicago.,chargingryno|coldfoot,WIS-144651-6,unique executed WIS transaction match,False,,Executed WIS transaction,12945005-a,https://www.whatifsports.com/forums/Posts.aspx?topicID=530517&page=74,"[{""post_id"": ""12945005-a"", ""text"": ""Chicago sends Greg Mathews-P to Pittsburgh for Calhoun and Chicago's fourth-round pick back to Chicago."", ""date"": ""4/12/2026 9:56 AM""}]",,One posted message contains two distinct exchanges with two Coldfoot franchises. Count the PIT and TOR contracts separately.,Forum + WIS,144651-5,https://www.whatifsports.com/forums/Posts.aspx?topicID=530517&page=74
forum-12945005-b,4/12/2026 9:56 AM,1987,530517.0,74.0,https://www.whatifsports.com/forums/Posts.aspx?topicID=530517&page=74,chargingryno,"Chicago sends Jerry Reed to Toronto for Danny Cox, Toronto1988third and Seattle1988fourth.",chargingryno|coldfoot,WIS-144651-6,unique executed WIS transaction match,False,,Executed WIS transaction,12945005-b,https://www.whatifsports.com/forums/Posts.aspx?topicID=530517&page=74,"[{""post_id"": ""12945005-b"", ""text"": ""Chicago sends Jerry Reed to Toronto for Danny Cox, Toronto1988third and Seattle1988fourth."", ""date"": ""4/12/2026 9:56 AM""}]",,One posted message contains two distinct exchanges with two Coldfoot franchises. Count the PIT and TOR contracts separately.,Forum + WIS,144651-6,https://www.whatifsports.com/forums/Posts.aspx?topicID=530517&page=74
forum-12948942,4/22/2026 12:21 PM,1988,530517.0,75.0,https://www.whatifsports.com/forums/Posts.aspx?topicID=530517&page=75,just4me,"NYE send NYN '89 2nd (back) to NYN in exchange for P - Steve Ontiveros



K123456789 to confirm",just4me|k123456789,12948954,quoted proposal ID,False,,Confirmed,12948942,https://www.whatifsports.com/forums/Posts.aspx?topicID=530517&page=75,"[{""post_id"": ""12948942"", ""text"": ""NYE send NYN '89 2nd (back) to NYN in exchange for P - Steve Ontiveros\n\n\n\nK123456789 to confirm"", ""date"": ""4/22/2026 12:21 PM""}]",,,Forum,,https://www.whatifsports.com/forums/Posts.aspx?topicID=530517&page=75
forum-12954503,5/7/2026 1:50 PM,1988,530517.0,75.0,https://www.whatifsports.com/forums/Posts.aspx?topicID=530517&page=75,k123456789,"NYN Trades 1989 4th round pick to Boston for 1988 4.4 pick (previously acquired from Cleveland).



Creeper to confirm",k123456789|the_creeper,12954619,unique preceding proposal naming confirming owner,False,,Confirmed,12954503,https://www.whatifsports.com/forums/Posts.aspx?topicID=530517&page=75,"[{""post_id"": ""12954503"", ""text"": ""NYN Trades 1989 4th round pick to Boston for 1988 4.4 pick (previously acquired from Cleveland).\n\n\n\nCreeper to confirm"", ""date"": ""5/7/2026 1:50 PM""}]",,,Forum,,https://www.whatifsports.com/forums/Posts.aspx?topicID=530517&page=75
forum-12955312,5/9/2026 4:20 PM,1988,530517.0,75.0,https://www.whatifsports.com/forums/Posts.aspx?topicID=530517&page=75,cdew8,"Milwaukee trades P Doyle Alexander and C Ozzie Virgil to KC for OF Phil Bradley. 



kujhawker to confirm",cdew8|kujhawker,12955314,quoted proposal ID,False,,Confirmed,12955312,https://www.whatifsports.com/forums/Posts.aspx?topicID=530517&page=75,"[{""post_id"": ""12955312"", ""text"": ""Milwaukee trades P Doyle Alexander and C Ozzie Virgil to KC for OF Phil Bradley. \n\n\n\nkujhawker to confirm"", ""date"": ""5/9/2026 4:20 PM""}]",,,Forum,,https://www.whatifsports.com/forums/Posts.aspx?topicID=530517&page=75
forum-12955645,5/10/2026 3:34 PM,1988,530517.0,76.0,https://www.whatifsports.com/forums/Posts.aspx?topicID=530517&page=76,k123456789,"NYN Trades 1989 3rd to KC for Dan Quiseberry and 1988 pick 3.24



kujhawker to confirm",k123456789|kujhawker,12955654,quoted proposal ID,False,,Confirmed,12955645,https://www.whatifsports.com/forums/Posts.aspx?topicID=530517&page=76,"[{""post_id"": ""12955645"", ""text"": ""NYN Trades 1989 3rd to KC for Dan Quiseberry and 1988 pick 3.24\n\n\n\nkujhawker to confirm"", ""date"": ""5/10/2026 3:34 PM""}]",,,Forum,,https://www.whatifsports.com/forums/Posts.aspx?topicID=530517&page=76
forum-12959487,5/19/2026 3:23 PM,1988,530517.0,77.0,https://www.whatifsports.com/forums/Posts.aspx?topicID=530517&page=77,epup1975,"***TRADE ANNOUNCEMENT***



The Quake trade their 1988 2nd rounder(pick 2.06) & 1990 2nd rounder to the Eagles for their 1988 2nd rounder(pick 2.02)",epup1975|just4me,12959489,quoted proposal ID,False,,Confirm,12959487,https://www.whatifsports.com/forums/Posts.aspx?topicID=530517&page=77,"[{""post_id"": ""12959487"", ""text"": ""***TRADE ANNOUNCEMENT***\n\n\n\nThe Quake trade their 1988 2nd rounder(pick 2.06) & 1990 2nd rounder to the Eagles for their 1988 2nd rounder(pick 2.02)"", ""date"": ""5/19/2026 3:23 PM""}]",,,Forum,,https://www.whatifsports.com/forums/Posts.aspx?topicID=530517&page=77
forum-12959676,5/20/2026 7:44 AM,1988,530517.0,77.0,https://www.whatifsports.com/forums/Posts.aspx?topicID=530517&page=77,harrelson,Cleveland sends Brian Downing and a 4th pick in 89 to Newark for their 2nd pick in 88 (2.20) and their 3rd pick in 89.,harrelson|trentonjoe,12959677,adjacent concrete proposal; review against source,False,,Confirmed,12959676,https://www.whatifsports.com/forums/Posts.aspx?topicID=530517&page=77,"[{""post_id"": ""12959676"", ""text"": ""Cleveland sends Brian Downing and a 4th pick in 89 to Newark for their 2nd pick in 88 (2.20) and their 3rd pick in 89."", ""date"": ""5/20/2026 7:44 AM""}]",,,Forum,,https://www.whatifsports.com/forums/Posts.aspx?topicID=530517&page=77
forum-12960128,5/21/2026 1:38 PM,1988,530517.0,78.0,https://www.whatifsports.com/forums/Posts.aspx?topicID=530517&page=78,kermit,St Louis sends pick 3.8 in 1988 draft to Texas in exchange for P Atlee Hammaker.,frazzman80|kermit,12960184,quoted proposal ID,False,,Confirmed and thanks.,12960128,https://www.whatifsports.com/forums/Posts.aspx?topicID=530517&page=78,"[{""post_id"": ""12960128"", ""text"": ""St Louis sends pick 3.8 in 1988 draft to Texas in exchange for P Atlee Hammaker."", ""date"": ""5/21/2026 1:38 PM""}]",,,Forum,,https://www.whatifsports.com/forums/Posts.aspx?topicID=530517&page=78
forum-12960567,5/22/2026 5:56 PM (edited),1988,530517.0,78.0,https://www.whatifsports.com/forums/Posts.aspx?topicID=530517&page=78,coldfoot,"Pitt sends Moreland to minn

Minn sends fred manrique to cincy

Cincy sends terry puhl to pitt.",coldfoot|sinatra,12960608,reviewed explicit source pairing,False,,Minnesota and Cincinnati confirm the respective trades,12960567,https://www.whatifsports.com/forums/Posts.aspx?topicID=530517&page=78,"[{""post_id"": ""12960567"", ""text"": ""Pitt sends Moreland to minn\n\nMinn sends fred manrique to cincy\n\nCincy sends terry puhl to pitt."", ""date"": ""5/22/2026 5:56 PM (edited)""}]",,"Explicit3-team cycle: PITMoreland→MIN, MINManrique→CIN, CINPuhl→PIT, confirmed12960608. One deal with three club roles.",Forum,,https://www.whatifsports.com/forums/Posts.aspx?topicID=530517&page=78
forum-12960782,5/23/2026 2:30 PM (edited),1988,530517.0,78.0,https://www.whatifsports.com/forums/Posts.aspx?topicID=530517&page=78,trentonjoe,The New York Times send Tommy John to BALTIMORE for their 7.1 pick. JimmyGatz to confirm.,jimmygatz2|trentonjoe,12960789,quoted proposal ID,False,,Confirmed,12960782,https://www.whatifsports.com/forums/Posts.aspx?topicID=530517&page=78,"[{""post_id"": ""12960782"", ""text"": ""The New York Times send Tommy John to BALTIMORE for their 7.1 pick. JimmyGatz to confirm."", ""date"": ""5/23/2026 2:30 PM (edited)""}]",,,Forum,,https://www.whatifsports.com/forums/Posts.aspx?topicID=530517&page=78
forum-12961080,5/24/2026 1:01 PM (edited),1988,530517.0,79.0,https://www.whatifsports.com/forums/Posts.aspx?topicID=530517&page=79,just4me,"NYE sends CHT their ‘89 5th for their ‘88 1.7 AAA slot.



chargingryno to confirm",chargingryno|just4me,12961100,quoted proposal ID,True,,Confirm,12961080,https://www.whatifsports.com/forums/Posts.aspx?topicID=530517&page=79,"[{""post_id"": ""12961080"", ""text"": ""NYE sends CHT their ‘89 5th for their ‘88 1.7 AAA slot.\n\n\n\nchargingryno to confirm"", ""date"": ""5/24/2026 1:01 PM (edited)""}]",,,Forum,,https://www.whatifsports.com/forums/Posts.aspx?topicID=530517&page=79
forum-12961642,5/25/2026 8:33 PM,1988,530517.0,79.0,https://www.whatifsports.com/forums/Posts.aspx?topicID=530517&page=79,just4me,"NYE sends their ‘90 5th to BAL for their ‘88 1.5 AAA slot. 



jimmygatz2 to confirm",jimmygatz2|just4me,12961651,quoted proposal ID,True,,Confirmed,12961642,https://www.whatifsports.com/forums/Posts.aspx?topicID=530517&page=79,"[{""post_id"": ""12961642"", ""text"": ""NYE sends their ‘90 5th to BAL for their ‘88 1.5 AAA slot. \n\n\n\njimmygatz2 to confirm"", ""date"": ""5/25/2026 8:33 PM""}]",,,Forum,,https://www.whatifsports.com/forums/Posts.aspx?topicID=530517&page=79
forum-12963245,5/30/2026 10:04 AM,1988,530517.0,79.0,https://www.whatifsports.com/forums/Posts.aspx?topicID=530517&page=79,chargingryno,"Chicago sends Melido Perez and 1989 3rd from SF back to SF in exchange for Danny Jackson and their 1990 2nd



epup to confirm",chargingryno|epup1975,12963437,quoted proposal ID,False,,Confirmed,12963245,https://www.whatifsports.com/forums/Posts.aspx?topicID=530517&page=79,"[{""post_id"": ""12963245"", ""text"": ""Chicago sends Melido Perez and 1989 3rd from SF back to SF in exchange for Danny Jackson and their 1990 2nd\n\n\n\nepup to confirm"", ""date"": ""5/30/2026 10:04 AM""}]",,,Forum,,https://www.whatifsports.com/forums/Posts.aspx?topicID=530517&page=79
forum-12963608,5/31/2026 10:02 AM,1988,530517.0,79.0,https://www.whatifsports.com/forums/Posts.aspx?topicID=530517&page=79,the_creeper,"HOU and NYE have agreed to a trade.  HOU sends Mike Aldrete OF and a 1990 3rd for Pat Tabler.



We can make it effective now or wait until season begins if Coldfoot gets in his teams.  Im fine either way.



J4M to confirm.",just4me|the_creeper,12963683,quoted proposal ID,False,145090-14,"Confirm 



And we’ll process in-league",12963608,https://www.whatifsports.com/forums/Posts.aspx?topicID=530517&page=79,"[{""post_id"": ""12963608"", ""text"": ""HOU and NYE have agreed to a trade.  HOU sends Mike Aldrete OF and a 1990 3rd for Pat Tabler.\n\n\n\nWe can make it effective now or wait until season begins if Coldfoot gets in his teams.  Im fine either way.\n\n\n\nJ4M to confirm."", ""date"": ""5/31/2026 10:02 AM""}]",,,Forum + WIS,145090-14,https://www.whatifsports.com/forums/Posts.aspx?topicID=530517&page=79
forum-12974150,6/23/2026 5:43 PM,1988,530517.0,79.0,https://www.whatifsports.com/forums/Posts.aspx?topicID=530517&page=79,wgasa,"Chicago Cornhuskers agree to trade:

1B Mark Grace

OF Chili Davis

3B Kelly Gruber



To the Chicago Thunderbears for:

C Brian Harper

3B Terry Pendleton

OF Darryl Hamilton

OF Bo Jackson

1989 2nd round pick

1990 1st round pick *



* If this 1st rounder is 18-24, CHI sends its 1990 2nd. If the pick is 1-5, CHC sends its 1990 2nd. *



Chargingryno to confirm.



We will send this through the GM page, but cleaner to post it all here as well.",chargingryno|wgasa,12974273,unique preceding proposal naming confirming owner,True,,confirmed,12974150,https://www.whatifsports.com/forums/Posts.aspx?topicID=530517&page=79,"[{""post_id"": ""12974150"", ""text"": ""Chicago Cornhuskers agree to trade:\n\n1B Mark Grace\n\nOF Chili Davis\n\n3B Kelly Gruber\n\n\n\nTo the Chicago Thunderbears for:\n\nC Brian Harper\n\n3B Terry Pendleton\n\nOF Darryl Hamilton\n\nOF Bo Jackson\n\n1989 2nd round pick\n\n1990 1st round pick *\n\n\n\n* If this 1st rounder is 18-24, CHI sends its 1990 2nd. If the pick is 1-5, CHC sends its 1990 2nd. *\n\n\n\nChargingryno to confirm.\n\n\n\nWe will send this through the GM page, but cleaner to post it all here as well."", ""date"": ""6/23/2026 5:43 PM""}]",,,Forum,,https://www.whatifsports.com/forums/Posts.aspx?topicID=530517&page=79
forum-12974378,6/24/2026 7:33 AM,1988,530517.0,80.0,https://www.whatifsports.com/forums/Posts.aspx?topicID=530517&page=80,jimmygatz2,"Baltimore trades its 1st and Jeff Robinson to Pittsburgh for Cecil Fielder, Mitch Webster, and a 2nd.",coldfoot|jimmygatz2,WIS-145090-5,unique executed WIS transaction match,True,145090-5,Executed WIS transaction,12974378,https://www.whatifsports.com/forums/Posts.aspx?topicID=530517&page=80,"[{""post_id"": ""12974378"", ""text"": ""Baltimore trades its 1st and Jeff Robinson to Pittsburgh for Cecil Fielder, Mitch Webster, and a 2nd."", ""date"": ""6/24/2026 7:33 AM""}]",,,Forum + WIS,145090-5,https://www.whatifsports.com/forums/Posts.aspx?topicID=530517&page=80
forum-12979814,7/6/2026 4:05 PM,1988,530517.0,80.0,https://www.whatifsports.com/forums/Posts.aspx?topicID=530517&page=80,sinatra,"New York Nationals trade P Jose Bautista to Cincinnati at the conclusion of the 1988 season

Cincinnati sends a 1990 4th round pick to NYN in return.



K123456789 to confirm",k123456789|sinatra,12979841,unique preceding proposal naming confirming owner,False,,Confirmed,12979814,https://www.whatifsports.com/forums/Posts.aspx?topicID=530517&page=80,"[{""post_id"": ""12979814"", ""text"": ""New York Nationals trade P Jose Bautista to Cincinnati at the conclusion of the 1988 season\n\nCincinnati sends a 1990 4th round pick to NYN in return.\n\n\n\nK123456789 to confirm"", ""date"": ""7/6/2026 4:05 PM""}]",,,Forum,,https://www.whatifsports.com/forums/Posts.aspx?topicID=530517&page=80
forum-12981657,7/12/2026 7:55 AM,1989,530517.0,80.0,https://www.whatifsports.com/forums/Posts.aspx?topicID=530517&page=80,wgasa,"End of season deal. CHC trade OF Oddibe McDowell to TEX for 1B Ricky Jordan.



Frazz to confirm.",frazzman80|wgasa,12982139,quoted proposal ID,False,,Confirmed...and thank you.,12981657,https://www.whatifsports.com/forums/Posts.aspx?topicID=530517&page=80,"[{""post_id"": ""12981657"", ""text"": ""End of season deal. CHC trade OF Oddibe McDowell to TEX for 1B Ricky Jordan.\n\n\n\nFrazz to confirm."", ""date"": ""7/12/2026 7:55 AM""}]",,,Forum + WIS,145571-0,https://www.whatifsports.com/forums/Posts.aspx?topicID=530517&page=80
forum-12982140,7/13/2026 7:45 PM,1989,530517.0,81.0,https://www.whatifsports.com/forums/Posts.aspx?topicID=530517&page=81,frazzman80,"Epup to confirm. Texas sends P Mike Witt to SF for their 1989 3rd. 

 

	From:
	epup1975
	To:
	frazzman80
	Received:
	7/9/2026 2:21:00 AM
	Subject:
	RE: J4M Trade Offer
	Message:
	Ok, sounds good

	

	-----Original Message-----

	From: frazzman80

	To: epup1975

	Sent: 7/8/2026 8:24:00 PM

	Subject: RE: J4M Trade Offer

	

	Thanks for reaching out epup...

	

	That seems fair. Go ahead and post after game 120 and I'll comfirm.

	

	-----Original Message-----

	From: epup1975

	To: frazzman80

	Sent: 7/8/2026 6:22:00 AM

	Subject: J4M Trade Offer

	

	The Quake can offer their 1989 3rd rounder for Witt. It should be one of the top picks. Trade to take place after this season.",epup1975|frazzman80,12982213,quoted proposal ID,False,,Confirmed,12982140,https://www.whatifsports.com/forums/Posts.aspx?topicID=530517&page=81,"[{""post_id"": ""12982140"", ""text"": ""Epup to confirm. Texas sends P Mike Witt to SF for their 1989 3rd. \n\n \n\n\tFrom:\n\tepup1975\n\tTo:\n\tfrazzman80\n\tReceived:\n\t7/9/2026 2:21:00 AM\n\tSubject:\n\tRE: J4M Trade Offer\n\tMessage:\n\tOk, sounds good\n\n\t\n\n\t-----Original Message-----\n\n\tFrom: frazzman80\n\n\tTo: epup1975\n\n\tSent: 7/8/2026 8:24:00 PM\n\n\tSubject: RE: J4M Trade Offer\n\n\t\n\n\tThanks for reaching out epup...\n\n\t\n\n\tThat seems fair. Go ahead and post after game 120 and I'll comfirm.\n\n\t\n\n\t-----Original Message-----\n\n\tFrom: epup1975\n\n\tTo: frazzman80\n\n\tSent: 7/8/2026 6:22:00 AM\n\n\tSubject: J4M Trade Offer\n\n\t\n\n\tThe Quake can offer their 1989 3rd rounder for Witt. It should be one of the top picks. Trade to take place after this season."", ""date"": ""7/13/2026 7:45 PM""}]",,,Forum,,https://www.whatifsports.com/forums/Posts.aspx?topicID=530517&page=81
forum-12983370,7/17/2026 5:05 PM,1989,530517.0,81.0,https://www.whatifsports.com/forums/Posts.aspx?topicID=530517&page=81,wgasa,"New York Eagles send their 1990 3rd round pick to the Chicago Cornhuskers in return for P Frank Dipino.



just4me to confirm.",just4me|wgasa,12983375,quoted proposal ID,False,,confirm,12983370,https://www.whatifsports.com/forums/Posts.aspx?topicID=530517&page=81,"[{""post_id"": ""12983370"", ""text"": ""New York Eagles send their 1990 3rd round pick to the Chicago Cornhuskers in return for P Frank Dipino.\n\n\n\njust4me to confirm."", ""date"": ""7/17/2026 5:05 PM""}]",,,Forum,,https://www.whatifsports.com/forums/Posts.aspx?topicID=530517&page=81
forum-12987617,7/30/2026 11:41 PM,1989,530517.0,82.0,https://www.whatifsports.com/forums/Posts.aspx?topicID=530517&page=82,harrelson,Detroit has traded Ryne Sandberg and their 4th round pick in 1990 for Paul Molitor.  Frazzman to confirm.,frazzman80|harrelson,12987618,quoted proposal ID,False,,Confirmed...and thanks for the back and forth.,12987617,https://www.whatifsports.com/forums/Posts.aspx?topicID=530517&page=82,"[{""post_id"": ""12987617"", ""text"": ""Detroit has traded Ryne Sandberg and their 4th round pick in 1990 for Paul Molitor.  Frazzman to confirm."", ""date"": ""7/30/2026 11:41 PM""}]",,,Forum,,https://www.whatifsports.com/forums/Posts.aspx?topicID=530517&page=82
forum-12987678,7/31/2026 10:01 AM (edited),1989,530517.0,82.0,https://www.whatifsports.com/forums/Posts.aspx?topicID=530517&page=82,the_creeper,Cincy trades 2.7 and 5.15 picks this year for Bostons 2nd next year and 4.9 this year. Sinatra to confirm.,sinatra|the_creeper,12987679,unique preceding proposal naming confirming owner,False,,Confirmed. Pick away!,12987678,https://www.whatifsports.com/forums/Posts.aspx?topicID=530517&page=82,"[{""post_id"": ""12987678"", ""text"": ""Cincy trades 2.7 and 5.15 picks this year for Bostons 2nd next year and 4.9 this year. Sinatra to confirm."", ""date"": ""7/31/2026 10:01 AM (edited)""}]",,"Explicit Cincy/Bostons pick swap, confirmed12987679.",Forum,,https://www.whatifsports.com/forums/Posts.aspx?topicID=530517&page=82
forum-12988083,8/1/2026 9:31 AM,1989,530517.0,83.0,https://www.whatifsports.com/forums/Posts.aspx?topicID=530517&page=83,sinatra,"Minnesota trades SS Andres Thomas to epup (SF I think. Sorry, doing all this on my phone and the ads make me want to throw it into the ravine) in exchange for pick 5.1. Epup to confirm",epup1975|sinatra,12988229,quoted proposal ID,False,,Confirmed. And I agree about the ads!!!,12988083,https://www.whatifsports.com/forums/Posts.aspx?topicID=530517&page=83,"[{""post_id"": ""12988083"", ""text"": ""Minnesota trades SS Andres Thomas to epup (SF I think. Sorry, doing all this on my phone and the ads make me want to throw it into the ravine) in exchange for pick 5.1. Epup to confirm"", ""date"": ""8/1/2026 9:31 AM""}]",,,Forum,,https://www.whatifsports.com/forums/Posts.aspx?topicID=530517&page=83
forum-12988489,8/2/2026 5:26 AM,1989,530517.0,83.0,https://www.whatifsports.com/forums/Posts.aspx?topicID=530517&page=83,jimmygatz2,Baltimore trades Jack Daugherty to NYN for Storm Davis.,jimmygatz2|k123456789,12988506,quoted proposal ID,False,,Confirmed,12988489,https://www.whatifsports.com/forums/Posts.aspx?topicID=530517&page=83,"[{""post_id"": ""12988489"", ""text"": ""Baltimore trades Jack Daugherty to NYN for Storm Davis."", ""date"": ""8/2/2026 5:26 AM""}]",,,Forum,,https://www.whatifsports.com/forums/Posts.aspx?topicID=530517&page=83
forum-12990836,8/5/2026 9:10 PM,1989,530517.0,84.0,https://www.whatifsports.com/forums/Posts.aspx?topicID=530517&page=84,k123456789,"NYN trade Parent to Texas for a 1991 4th round pick. 



Frazz to confirm",frazzman80|k123456789,12990848,adjacent concrete proposal; review against source,False,,Confirmed...,12990836,https://www.whatifsports.com/forums/Posts.aspx?topicID=530517&page=84,"[{""post_id"": ""12990836"", ""text"": ""NYN trade Parent to Texas for a 1991 4th round pick. \n\n\n\nFrazz to confirm"", ""date"": ""8/5/2026 9:10 PM""}]",,,Forum,,https://www.whatifsports.com/forums/Posts.aspx?topicID=530517&page=84
forum-12993300,8/10/2026 5:27 PM,1989,530517.0,84.0,https://www.whatifsports.com/forums/Posts.aspx?topicID=530517&page=84,stevebobldn,"Ryno wins the Kent Anderson sweepstakes!



The Montreal Royales trade Kent Anderson (SS) to the Chicago Thunderbears for both 1990 AAA 1st Round Draft Picks.",chargingryno|stevebobldn,12993467,quoted proposal ID,True,,confirm,12993300,https://www.whatifsports.com/forums/Posts.aspx?topicID=530517&page=84,"[{""post_id"": ""12993300"", ""text"": ""Ryno wins the Kent Anderson sweepstakes!\n\n\n\nThe Montreal Royales trade Kent Anderson (SS) to the Chicago Thunderbears for both 1990 AAA 1st Round Draft Picks."", ""date"": ""8/10/2026 5:27 PM""}]",,,Forum,,https://www.whatifsports.com/forums/Posts.aspx?topicID=530517&page=84
forum-12993839,8/11/2026 4:48 PM,1989,530517.0,84.0,https://www.whatifsports.com/forums/Posts.aspx?topicID=530517&page=84,sinatra,"Trade alert!



CIN/LA trades P Tom Bolton to New York Nationals for their 1990 4th round pick



K123456789 to confirm",k123456789|sinatra,12993920,quoted proposal ID,False,,"Confirmed, but NYN has traded its 4th so will send LA/CIN back their 1990 4th instead.",12993839,https://www.whatifsports.com/forums/Posts.aspx?topicID=530517&page=84,"[{""post_id"": ""12993839"", ""text"": ""Trade alert!\n\n\n\nCIN/LA trades P Tom Bolton to New York Nationals for their 1990 4th round pick\n\n\n\nK123456789 to confirm"", ""date"": ""8/11/2026 4:48 PM""}]",,,Forum,,https://www.whatifsports.com/forums/Posts.aspx?topicID=530517&page=84
forum-13006641,9/14/2026 4:54 PM (edited),1989,530517.0,84.0,https://www.whatifsports.com/forums/Posts.aspx?topicID=530517&page=84,k123456789,"NYN trades 1990 5th round pick to Boston for P Pascual Perez and P Mark Thurmond; effective at the end of the 1989 season.



Yates to confirm.",k123456789|yates33,13006647,unique preceding proposal naming confirming owner,False,,confirmed,13006641,https://www.whatifsports.com/forums/Posts.aspx?topicID=530517&page=84,"[{""post_id"": ""13006641"", ""text"": ""NYN trades 1990 5th round pick to Boston for P Pascual Perez and P Mark Thurmond; effective at the end of the 1989 season.\n\n\n\nYates to confirm."", ""date"": ""9/14/2026 4:54 PM (edited)""}]",,,Forum,,https://www.whatifsports.com/forums/Posts.aspx?topicID=530517&page=84
forum-13008856,9/21/2026 2:54 PM,1989,530517.0,85.0,https://www.whatifsports.com/forums/Posts.aspx?topicID=530517&page=85,k123456789,"At the conclusion of the season, NYN trades Domingo Ramos and TEX 4th round pick in 90 to Cleveland for Mike Fitzgerald and Cleveland's 6th pick in 90 draft. 



Harrelson to confirm.",harrelson|k123456789,13009005,quoted proposal ID,False,,Confirm,13008856,https://www.whatifsports.com/forums/Posts.aspx?topicID=530517&page=85,"[{""post_id"": ""13008856"", ""text"": ""At the conclusion of the season, NYN trades Domingo Ramos and TEX 4th round pick in 90 to Cleveland for Mike Fitzgerald and Cleveland's 6th pick in 90 draft. \n\n\n\nHarrelson to confirm."", ""date"": ""9/21/2026 2:54 PM""}]",,,Forum,,https://www.whatifsports.com/forums/Posts.aspx?topicID=530517&page=85
forum-13012612,10/3/2026 2:46 PM,1989,530517.0,85.0,https://www.whatifsports.com/forums/Posts.aspx?topicID=530517&page=85,epup1975,"***TRADE ANNOUNCEMENT***



The Quake trade Craig Worthington & their 1991 3rd rounder to the Rangers for their 1990 3rd rounder & the Supreme Bottom Feeders 4th rounder they own",epup1975|frazzman80,13012624,quoted proposal ID,False,,Confirmed on my end.,13012612,https://www.whatifsports.com/forums/Posts.aspx?topicID=530517&page=85,"[{""post_id"": ""13012612"", ""text"": ""***TRADE ANNOUNCEMENT***\n\n\n\nThe Quake trade Craig Worthington & their 1991 3rd rounder to the Rangers for their 1990 3rd rounder & the Supreme Bottom Feeders 4th rounder they own"", ""date"": ""10/3/2026 2:46 PM""}]",,,Forum,,https://www.whatifsports.com/forums/Posts.aspx?topicID=530517&page=85
forum-13013277,10/5/2026 3:02 PM,1989,530517.0,86.0,https://www.whatifsports.com/forums/Posts.aspx?topicID=530517&page=86,just4me,"NYE sends OF - Daryl Boston and their '91 4th to NYN in exchange for their '92 3rd. 



K123456789 to confirm",just4me|k123456789,13013283,quoted proposal ID,False,,Confirmed,13013277,https://www.whatifsports.com/forums/Posts.aspx?topicID=530517&page=86,"[{""post_id"": ""13013277"", ""text"": ""NYE sends OF - Daryl Boston and their '91 4th to NYN in exchange for their '92 3rd. \n\n\n\nK123456789 to confirm"", ""date"": ""10/5/2026 3:02 PM""}]",,,Forum,,https://www.whatifsports.com/forums/Posts.aspx?topicID=530517&page=86
forum-13013438,10/5/2026 8:50 PM,1989,530517.0,86.0,https://www.whatifsports.com/forums/Posts.aspx?topicID=530517&page=86,k123456789,"NYN trades C - Rick Dempsey to St. Louis for P - Altee Hammaker.



Kermit to confirm",k123456789|kermit,13014266,quoted proposal ID,False,,I thought I had confirmed this but I don't see any evidence of it... but I do confirm.,13013438,https://www.whatifsports.com/forums/Posts.aspx?topicID=530517&page=86,"[{""post_id"": ""13013438"", ""text"": ""NYN trades C - Rick Dempsey to St. Louis for P - Altee Hammaker.\n\n\n\nKermit to confirm"", ""date"": ""10/5/2026 8:50 PM""}]",,,Forum,,https://www.whatifsports.com/forums/Posts.aspx?topicID=530517&page=86
forum-12045024,2/22/2021 2:35:34 PM,1967,525820.0,1.0,https://www.whatifsports.com/forums/Posts.aspx?topicID=525820&page=1,h_incandenza,"SF trades SF 1967 4th-Round pick (#62) and SF 1968 4th-Round pick



to CLE for CLE 1967 4th-Round pick (#59)



 ",h_incandenza|strubrosii,12045026|12045027,quoted proposal ID,False,,confirmed,12045025|12045024,https://www.whatifsports.com/forums/Posts.aspx?topicID=525820&page=1,"[{""post_id"": ""12045025"", ""text"": ""Cleveland trades the '67 #59 pick to SF for the '67 #62 and SF's '68 4th rd pick. \n\nh_incandenza to confirm"", ""date"": ""2/22/2021 2:34:58 PM""}, {""post_id"": ""12045024"", ""text"": ""SF trades SF 1967 4th-Round pick (#62) and SF 1968 4th-Round pick\n\n\n\nto CLE for CLE 1967 4th-Round pick (#59)\n\n\n\n "", ""date"": ""2/22/2021 2:35:34 PM""}]",Both owners posted the same economic exchange on 22 February 2021: CLE's 1967 fourth-round #59 for SF's 1967 fourth-round #62 and SF's 1968 fourth. Source 12045024 is confirmed by 12045027; the reciprocal announcement 12045025 is confirmed by 12045026. Preserve all four source IDs but count one CLE/SF deal.,,Forum,,https://www.whatifsports.com/forums/Posts.aspx?topicID=525820&page=1
forum-12085358,4/29/2021 12:38:12 PM,1968,525820.0,2.0,https://www.whatifsports.com/forums/Posts.aspx?topicID=525820&page=2,h_incandenza,"TRADE



SF trades SF 1968 1st-Round pick (#9) and SF 1968 4th-Round pick (#73)



to CAL for



P John Boozer, CAL 1968 2nd-Rd pick (#17) and CAL 1969 2nd-Rd pick





 ",crustydoc|h_incandenza,12085384,quoted proposal ID,True,,Confirmed.,12085358,https://www.whatifsports.com/forums/Posts.aspx?topicID=525820&page=2,"[{""post_id"": ""12085358"", ""text"": ""TRADE\n\n\n\nSF trades SF 1968 1st-Round pick (#9) and SF 1968 4th-Round pick (#73)\n\n\n\nto CAL for\n\n\n\nP John Boozer, CAL 1968 2nd-Rd pick (#17) and CAL 1969 2nd-Rd pick\n\n\n\n\n\n "", ""date"": ""4/29/2021 12:38:12 PM""}]",,,Forum,,https://www.whatifsports.com/forums/Posts.aspx?topicID=525820&page=2
forum-12121488,6/30/2021 11:53 AM,1969,525820.0,4.0,https://www.whatifsports.com/forums/Posts.aspx?topicID=525820&page=4,h_incandenza,"TRADE



SF trades C Frank Fernandez



to BAL for P Don Cardwell and C Chris Cannizzaro",dodgerdon|h_incandenza,12121478|12121491,quoted proposal ID|quoted concrete proposal,False,,"Trade is actually with Baltimore. Washington is our arm pit. Lol.



Confirmed.



DD



ps: Frank Fernandez went to HS with a close family member. Had to have him.
No worries. You have done a lot work. No need to apologize.



confirmed here too!



DD",12121477|12121488,https://www.whatifsports.com/forums/Posts.aspx?topicID=525820&page=4,"[{""post_id"": ""12121477"", ""text"": ""TRADE\n\n\n\nSF trades C Frank Fernandez\n\n\n\nto WAS for P Don Cardwell and C Chris Cannizzaro\n\n\n\n "", ""date"": ""6/30/2021 11:43:55 AM""}, {""post_id"": ""12121488"", ""text"": ""TRADE\n\n\n\nSF trades C Frank Fernandez\n\n\n\nto BAL for P Don Cardwell and C Chris Cannizzaro"", ""date"": ""6/30/2021 11:53 AM""}]",The same 30 June 2021 SF/BAL exchange was corrected and reposted: SF sends Frank Fernandez for Don Cardwell and Chris Cannizzaro. Confirmation 12121478 expressly corrects the original 12121477 recipient from WAS to Baltimore. Corrected source 12121488 is confirmed again by 12121491 ('confirmed here too'). Preserve both proposal and confirmation pairs but count one deal under the corrected announcement.,,Forum,,https://www.whatifsports.com/forums/Posts.aspx?topicID=525820&page=4
forum-12255387,3/19/2022 8:24:17 AM,1972,530517.0,8.0,https://www.whatifsports.com/forums/Posts.aspx?topicID=530517&page=8,trentonjoe,New York trades the #19 pick and the #25 pick to SoCal for Bob Boone.,crustydoc|trentonjoe,12255393,quoted proposal ID,False,,"Confirmed and reposted in Trade Forum as well.

3/19/2022 8:24 AM",12255387,https://www.whatifsports.com/forums/Posts.aspx?topicID=530517&page=8,"[{""post_id"": ""12255387"", ""text"": ""New York trades the #19 pick and the #25 pick to SoCal for Bob Boone."", ""date"": ""3/19/2022 8:24:17 AM""}]",,,Forum,,https://www.whatifsports.com/forums/Posts.aspx?topicID=530517&page=8
forum-12727507-a,11/16/2024 1:27:14 PM,1983,530517.0,54.0,https://www.whatifsports.com/forums/Posts.aspx?topicID=530517&page=54,trentonjoe,Newark trades Jose Oquendo to the New York Eagles for Gene Garber P and the NYE1984 third-round pick.,just4me|trentonjoe,12727532,quoted proposal ID,False,,Confirm both trades above,12727507-a,https://www.whatifsports.com/forums/Posts.aspx?topicID=530517&page=54,"[{""post_id"": ""12727507-a"", ""text"": ""Newark trades Jose Oquendo to the New York Eagles for Gene Garber P and the NYE1984 third-round pick."", ""date"": ""11/16/2024 1:27:14 PM""}]",,The confirmed source post contains two independent exchanges by two different Trentonjoe franchises; split rather than merging their counts.,Forum,,https://www.whatifsports.com/forums/Posts.aspx?topicID=530517&page=54
forum-12727507-b,11/16/2024 1:27:14 PM,1983,530517.0,54.0,https://www.whatifsports.com/forums/Posts.aspx?topicID=530517&page=54,trentonjoe,The New York Times trade Bob Forsch to the Eagles for NYE's1983 fourth-round pick and their1985 first-round pick.,just4me|trentonjoe,12727532,quoted proposal ID,False,,Confirm both trades above,12727507-b,https://www.whatifsports.com/forums/Posts.aspx?topicID=530517&page=54,"[{""post_id"": ""12727507-b"", ""text"": ""The New York Times trade Bob Forsch to the Eagles for NYE's1983 fourth-round pick and their1985 first-round pick."", ""date"": ""11/16/2024 1:27:14 PM""}]",,The confirmed source post contains two independent exchanges by two different Trentonjoe franchises; split rather than merging their counts.,Forum,,https://www.whatifsports.com/forums/Posts.aspx?topicID=530517&page=54
forum-11989727,11/30/2020 10:10 PM,1966,524225.0,1.0,https://www.whatifsports.com/forums/Posts.aspx?topicID=524225&page=1,h_incandenza,"Effective after end of 1965 season and before 1966 draft...



SF trades 1B Fred Whitfield, SF 1966 4th, 5th and 6th-Rd picks



to CIN for CIN 1966 3rd-Rd pick",fire13|h_incandenza,11989871,quoted concrete proposal,False,,confirmed,11989727,https://www.whatifsports.com/forums/Posts.aspx?topicID=524225&page=1,"[{""post_id"": ""11989727"", ""text"": ""Effective after end of 1965 season and before 1966 draft...\n\n\n\nSF trades 1B Fred Whitfield, SF 1966 4th, 5th and 6th-Rd picks\n\n\n\nto CIN for CIN 1966 3rd-Rd pick"", ""date"": ""11/30/2020 10:10 PM""}]",,,Forum,,https://www.whatifsports.com/forums/Posts.aspx?topicID=524225&page=1
forum-11991936,12/4/2020 9:21 AM,1966,524225.0,1.0,https://www.whatifsports.com/forums/Posts.aspx?topicID=524225&page=1,h_incandenza,"Effective after end of 1965 season and before 1966 draft...



SF trades P Don Nottebart



to LOM for LOM 1966 4th-Rd pick",dbrom|h_incandenza,11993188,quoted concrete proposal,False,,Confirmed,11991936,https://www.whatifsports.com/forums/Posts.aspx?topicID=524225&page=1,"[{""post_id"": ""11991936"", ""text"": ""Effective after end of 1965 season and before 1966 draft...\n\n\n\nSF trades P Don Nottebart\n\n\n\nto LOM for LOM 1966 4th-Rd pick"", ""date"": ""12/4/2020 9:21 AM""}]",,,Forum,,https://www.whatifsports.com/forums/Posts.aspx?topicID=524225&page=1
forum-12083697,4/26/2021 6:02 PM,1968,525820.0,1.0,https://www.whatifsports.com/forums/Posts.aspx?topicID=525820&page=1,h_incandenza,"TRADE



SF trades SF 1968 2nd-Round pick (#25) and PIT 1968 2nd-Round pick (#22) 



to CLE for CLE 1969 2nd-Round pick and CLE 1970 2nd-Round pick",h_incandenza|strubrosii,12083700,quoted concrete proposal,False,,Confirmed,12083697,https://www.whatifsports.com/forums/Posts.aspx?topicID=525820&page=1,"[{""post_id"": ""12083697"", ""text"": ""TRADE\n\n\n\nSF trades SF 1968 2nd-Round pick (#25) and PIT 1968 2nd-Round pick (#22) \n\n\n\nto CLE for CLE 1969 2nd-Round pick and CLE 1970 2nd-Round pick"", ""date"": ""4/26/2021 6:02 PM""}]",,,Forum,,https://www.whatifsports.com/forums/Posts.aspx?topicID=525820&page=1
forum-12119895,6/28/2021 10:07 AM (edited),1969,525820.0,3.0,https://www.whatifsports.com/forums/Posts.aspx?topicID=525820&page=3,dodgerdon,"Now that California has had their 4 players drafted in the expansion draft a trade between California & Baltimore can be consummated.



Baltimore sends Don Wilson P, Maury Wills SS, & 1969 5th round acquired from Brooklyn

to

California for Wilbur Wood P, Ted Uhlaender OF, & 1969 3rd round pick.



Deal is for the 1969 season.



Angels owner Gene “crustydoc” Autry will give it the once over and approve.",crustydoc|dodgerdon,12119908,quoted concrete proposal,False,,"Confirmed.

So long, Wilbur . . . we hardly knew ye.",12119895,https://www.whatifsports.com/forums/Posts.aspx?topicID=525820&page=3,"[{""post_id"": ""12119895"", ""text"": ""Now that California has had their 4 players drafted in the expansion draft a trade between California & Baltimore can be consummated.\n\n\n\nBaltimore sends Don Wilson P, Maury Wills SS, & 1969 5th round acquired from Brooklyn\n\nto\n\nCalifornia for Wilbur Wood P, Ted Uhlaender OF, & 1969 3rd round pick.\n\n\n\nDeal is for the 1969 season.\n\n\n\nAngels owner Gene “crustydoc” Autry will give it the once over and approve."", ""date"": ""6/28/2021 10:07 AM (edited)""}]",,,Forum,,https://www.whatifsports.com/forums/Posts.aspx?topicID=525820&page=3
forum-12120281,6/28/2021 6:53 PM,1969,525820.0,3.0,https://www.whatifsports.com/forums/Posts.aspx?topicID=525820&page=3,h_incandenza,"TRADE



SF trades SF 1969 2nd-Round pick



to BAL for 2B Dick Green",dodgerdon|h_incandenza,12120287,quoted concrete proposal,False,,"h_incandenza speaking it straight here. 



Confirmed.



DD",12120281,https://www.whatifsports.com/forums/Posts.aspx?topicID=525820&page=3,"[{""post_id"": ""12120281"", ""text"": ""TRADE\n\n\n\nSF trades SF 1969 2nd-Round pick\n\n\n\nto BAL for 2B Dick Green"", ""date"": ""6/28/2021 6:53 PM""}]",,,Forum,,https://www.whatifsports.com/forums/Posts.aspx?topicID=525820&page=3
forum-12121909,6/30/2021 6:50 PM,1969,525820.0,5.0,https://www.whatifsports.com/forums/Posts.aspx?topicID=525820&page=5,chrondon84,"Seattle and Brooklyn have come to an agreement



Moeller, Romo, Kosco, and Woodward

Brooklyn 6th and 7th in 1970



for 



Seattle 4th in 1970

SF 4th in 1970",chargingryno|chrondon84,12121911,quoted concrete proposal,False,,Confirmed.,12121909,https://www.whatifsports.com/forums/Posts.aspx?topicID=525820&page=5,"[{""post_id"": ""12121909"", ""text"": ""Seattle and Brooklyn have come to an agreement\n\n\n\nMoeller, Romo, Kosco, and Woodward\n\nBrooklyn 6th and 7th in 1970\n\n\n\nfor \n\n\n\nSeattle 4th in 1970\n\nSF 4th in 1970"", ""date"": ""6/30/2021 6:50 PM""}]",,,Forum,,https://www.whatifsports.com/forums/Posts.aspx?topicID=525820&page=5
forum-12121928,6/30/2021 7:14 PM,1969,525820.0,5.0,https://www.whatifsports.com/forums/Posts.aspx?topicID=525820&page=5,chrondon84,"We made another deal. Not my best work but we will see how it works out. 



To Seattle

Flood + ‘69 7th



for



Seattle ‘70 2nd",chrondon84|just4me,12121932,quoted concrete proposal,False,,Confirm,12121928,https://www.whatifsports.com/forums/Posts.aspx?topicID=525820&page=5,"[{""post_id"": ""12121928"", ""text"": ""We made another deal. Not my best work but we will see how it works out. \n\n\n\nTo Seattle\n\nFlood + ‘69 7th\n\n\n\nfor\n\n\n\nSeattle ‘70 2nd"", ""date"": ""6/30/2021 7:14 PM""}]",,,Forum,,https://www.whatifsports.com/forums/Posts.aspx?topicID=525820&page=5
forum-12129725,7/13/2021 2:27 PM,1969,528121.0,2.0,https://www.whatifsports.com/forums/Posts.aspx?topicID=528121&page=2,kermit,Rollie Fingers may never pitch for St. Louis... he is sent to New York for Rick Wise.,just4me|kermit,12129730,quoted concrete proposal,False,,confirmed,12129725,https://www.whatifsports.com/forums/Posts.aspx?topicID=528121&page=2,"[{""post_id"": ""12129725"", ""text"": ""Rollie Fingers may never pitch for St. Louis... he is sent to New York for Rick Wise."", ""date"": ""7/13/2021 2:27 PM""}]",,,Forum,,https://www.whatifsports.com/forums/Posts.aspx?topicID=528121&page=2
forum-12167768,9/28/2021 7:53 PM,1970,529239.0,2.0,https://www.whatifsports.com/forums/Posts.aspx?topicID=529239&page=2,coldfoot,"small deal

p dave mcnally and of  jim northrup

for

p grant jackson and of henry aaron",coldfoot|crustydoc,12167789,quoted concrete proposal,False,,Confirmed.,12167768,https://www.whatifsports.com/forums/Posts.aspx?topicID=529239&page=2,"[{""post_id"": ""12167768"", ""text"": ""small deal\n\np dave mcnally and of  jim northrup\n\nfor\n\np grant jackson and of henry aaron"", ""date"": ""9/28/2021 7:53 PM""}]",,,Forum,,https://www.whatifsports.com/forums/Posts.aspx?topicID=529239&page=2
forum-12174514,10/11/2021 12:23 PM,1970,529239.0,3.0,https://www.whatifsports.com/forums/Posts.aspx?topicID=529239&page=3,just4me,"NYE sends:

Sonny Jackson, Johnny Callison, 1970 pick 1.15, and NYE 1972 2nd round pick to BKN in exchange for:

Cesar Tovar, Luis Aparacio, and 1970 pick 3.5



Chargingryno to confim",chargingryno|just4me,12174521,quoted concrete proposal,True,,confirm,12174514,https://www.whatifsports.com/forums/Posts.aspx?topicID=529239&page=3,"[{""post_id"": ""12174514"", ""text"": ""NYE sends:\n\nSonny Jackson, Johnny Callison, 1970 pick 1.15, and NYE 1972 2nd round pick to BKN in exchange for:\n\nCesar Tovar, Luis Aparacio, and 1970 pick 3.5\n\n\n\nChargingryno to confim"", ""date"": ""10/11/2021 12:23 PM""}]",,,Forum,,https://www.whatifsports.com/forums/Posts.aspx?topicID=529239&page=3
forum-12216366,1/3/2022 6:55 PM,1971,530517.0,3.0,https://www.whatifsports.com/forums/Posts.aspx?topicID=530517&page=3,coldfoot,kc sends round #1 pick in 71 and kc round 2 pick in 72 for 3b sal bando and of jim hickman,coldfoot|poppapomp,12216377,quoted concrete proposal,False,,Confirmed,12216366,https://www.whatifsports.com/forums/Posts.aspx?topicID=530517&page=3,"[{""post_id"": ""12216366"", ""text"": ""kc sends round #1 pick in 71 and kc round 2 pick in 72 for 3b sal bando and of jim hickman"", ""date"": ""1/3/2022 6:55 PM""}]",,,Forum,,https://www.whatifsports.com/forums/Posts.aspx?topicID=530517&page=3
forum-12222858,1/16/2022 2:57 PM,1971,530517.0,5.0,https://www.whatifsports.com/forums/Posts.aspx?topicID=530517&page=5,coldfoot,"pitt sends LA Ps diego segui and luke walker for

of tommie agee and 1b mike jorgenson.",coldfoot|jmarino2,12222877,quoted concrete proposal,False,,Confirmed,12222858,https://www.whatifsports.com/forums/Posts.aspx?topicID=530517&page=5,"[{""post_id"": ""12222858"", ""text"": ""pitt sends LA Ps diego segui and luke walker for\n\nof tommie agee and 1b mike jorgenson."", ""date"": ""1/16/2022 2:57 PM""}]",,,Forum,,https://www.whatifsports.com/forums/Posts.aspx?topicID=530517&page=5
forum-12223100,1/16/2022 8:50 PM,1971,530517.0,5.0,https://www.whatifsports.com/forums/Posts.aspx?topicID=530517&page=5,coldfoot,ray corbin to wash for 1972 #2,coldfoot|frazzman80,12223342,quoted concrete proposal,False,,Confirmed...I'm going to have to take my team out and reenter them to make this happen.,12223100,https://www.whatifsports.com/forums/Posts.aspx?topicID=530517&page=5,"[{""post_id"": ""12223100"", ""text"": ""ray corbin to wash for 1972 #2"", ""date"": ""1/16/2022 8:50 PM""}]",,,Forum,,https://www.whatifsports.com/forums/Posts.aspx?topicID=530517&page=5
forum-12249527,3/8/2022 11:08 PM,1972,530517.0,6.0,https://www.whatifsports.com/forums/Posts.aspx?topicID=530517&page=6,frazzman80,"Camping so I hope this posts in a decent format - jmarino2 to conform



 

	From:
	jmarino2
	To:
	frazzman80
	Received:
	3/8/2022 9:11:00 PM
	Subject:
	J4M offer 
	Message:
	How bout

	Cash and Marichal for Ron Reed?",frazzman80|jmarino2,12249535,quoted concrete proposal,False,,"Confirmed Deal

Norm Cash and Juan Marichal

for 

Ron Reed",12249527,https://www.whatifsports.com/forums/Posts.aspx?topicID=530517&page=6,"[{""post_id"": ""12249527"", ""text"": ""Camping so I hope this posts in a decent format - jmarino2 to conform\n\n\n\n \n\n\tFrom:\n\tjmarino2\n\tTo:\n\tfrazzman80\n\tReceived:\n\t3/8/2022 9:11:00 PM\n\tSubject:\n\tJ4M offer \n\tMessage:\n\tHow bout\n\n\tCash and Marichal for Ron Reed?"", ""date"": ""3/8/2022 11:08 PM""}]",,,Forum,,https://www.whatifsports.com/forums/Posts.aspx?topicID=530517&page=6
forum-12256279,3/20/2022 4:51 PM,1972,530517.0,9.0,https://www.whatifsports.com/forums/Posts.aspx?topicID=530517&page=9,coldfoot,"pitt sends n4ser 74 #1

in exchange for rp sparky lyle and 74 #3.",coldfoot|n4ser,12256437,quoted concrete proposal,False,,Confirmed,12256279,https://www.whatifsports.com/forums/Posts.aspx?topicID=530517&page=9,"[{""post_id"": ""12256279"", ""text"": ""pitt sends n4ser 74 #1\n\nin exchange for rp sparky lyle and 74 #3."", ""date"": ""3/20/2022 4:51 PM""}]",,,Forum,,https://www.whatifsports.com/forums/Posts.aspx?topicID=530517&page=9
forum-12291879,5/28/2022 12:43 AM,1973,530517.0,12.0,https://www.whatifsports.com/forums/Posts.aspx?topicID=530517&page=12,chargingryno,Doesn't look like anyone has taken this so Chicago will send 1974 5th for Ike Brown - J4M can confirm,chargingryno|just4me,12293124,quoted concrete proposal,False,,Confirm,12291879,https://www.whatifsports.com/forums/Posts.aspx?topicID=530517&page=12,"[{""post_id"": ""12291879"", ""text"": ""Doesn't look like anyone has taken this so Chicago will send 1974 5th for Ike Brown - J4M can confirm"", ""date"": ""5/28/2022 12:43 AM""}]",,,Forum,,https://www.whatifsports.com/forums/Posts.aspx?topicID=530517&page=12
forum-12299422,6/9/2022 7:00 PM,1973,530517.0,14.0,https://www.whatifsports.com/forums/Posts.aspx?topicID=530517&page=14,trentonjoe,"NEW TRADE:



NYT send



Ron Hunt

Ken Suarez

Dennis Menke



to Houston for:



Bill Grief

Doug Griffin

4.7 (67) pick",trentonjoe|txelvis,12299449,quoted concrete proposal,False,,Confirmed,12299422,https://www.whatifsports.com/forums/Posts.aspx?topicID=530517&page=14,"[{""post_id"": ""12299422"", ""text"": ""NEW TRADE:\n\n\n\nNYT send\n\n\n\nRon Hunt\n\nKen Suarez\n\nDennis Menke\n\n\n\nto Houston for:\n\n\n\nBill Grief\n\nDoug Griffin\n\n4.7 (67) pick"", ""date"": ""6/9/2022 7:00 PM""}]",,,Forum,,https://www.whatifsports.com/forums/Posts.aspx?topicID=530517&page=14
forum-12383339,11/19/2022 1:31 PM,1975,530517.0,22.0,https://www.whatifsports.com/forums/Posts.aspx?topicID=530517&page=22,trentonjoe,Pete mackanin goes to Cincinnati for their 7th round pick.  Operation salary shave is complete.,fire13|trentonjoe,12383392,quoted concrete proposal,False,,confirmed,12383339,https://www.whatifsports.com/forums/Posts.aspx?topicID=530517&page=22,"[{""post_id"": ""12383339"", ""text"": ""Pete mackanin goes to Cincinnati for their 7th round pick.  Operation salary shave is complete."", ""date"": ""11/19/2022 1:31 PM""}]",,,Forum,,https://www.whatifsports.com/forums/Posts.aspx?topicID=530517&page=22
forum-12463369,4/28/2023 2:55 PM (edited),1977,530517.0,27.0,https://www.whatifsports.com/forums/Posts.aspx?topicID=530517&page=27,coldfoot,"Pitt sens slot 12 and Dave laroche rp for current pick, Pitt gets wgasa last draft slot, which wgasa no longer needs.",coldfoot|wgasa,12463412,quoted concrete proposal,False,,Confirmed,12463369,https://www.whatifsports.com/forums/Posts.aspx?topicID=530517&page=27,"[{""post_id"": ""12463369"", ""text"": ""Pitt sens slot 12 and Dave laroche rp for current pick, Pitt gets wgasa last draft slot, which wgasa no longer needs."", ""date"": ""4/28/2023 2:55 PM (edited)""}]",,,Forum,,https://www.whatifsports.com/forums/Posts.aspx?topicID=530517&page=27
forum-12500287,7/10/2023 6:58 PM,1978,530517.0,30.0,https://www.whatifsports.com/forums/Posts.aspx?topicID=530517&page=30,cpdpoet,Philly has traded our 6th rounder to TJ's NY times for clubhouse manimal ss johnny lemaster....,cpdpoet|trentonjoe,12500432,quoted concrete proposal,False,,Confirmed,12500287,https://www.whatifsports.com/forums/Posts.aspx?topicID=530517&page=30,"[{""post_id"": ""12500287"", ""text"": ""Philly has traded our 6th rounder to TJ's NY times for clubhouse manimal ss johnny lemaster...."", ""date"": ""7/10/2023 6:58 PM""}]",,,Forum,,https://www.whatifsports.com/forums/Posts.aspx?topicID=530517&page=30
forum-12509569,7/28/2023 10:49 PM,1978,530517.0,32.0,https://www.whatifsports.com/forums/Posts.aspx?topicID=530517&page=32,trentonjoe,Buck Martinez goes to GA for a 1978 5th and 1979 4th.,chargingryno|trentonjoe,12509602,quoted concrete proposal,False,,confirm,12509569,https://www.whatifsports.com/forums/Posts.aspx?topicID=530517&page=32,"[{""post_id"": ""12509569"", ""text"": ""Buck Martinez goes to GA for a 1978 5th and 1979 4th."", ""date"": ""7/28/2023 10:49 PM""}]",,,Forum,,https://www.whatifsports.com/forums/Posts.aspx?topicID=530517&page=32
forum-12645945,5/4/2024 12:28 AM,1981,530517.0,44.0,https://www.whatifsports.com/forums/Posts.aspx?topicID=530517&page=44,cpdpoet,"Philly has acquired p steve mcatty from the NY N's for:

Philly's #1 in 1982 

Pitts #2 in '81

of Jerry Martin (a guy I drafted only cause I met him in consecutive years in Clearwater. He actually remembered me the second yr, but my pop was kinda in..... Either way, he was the only one... Pretty cool for a tween)



Awaiting N4ser acceptance....",cpdpoet|n4ser,12645999,quoted concrete proposal,False,,Confirmed,12645945,https://www.whatifsports.com/forums/Posts.aspx?topicID=530517&page=44,"[{""post_id"": ""12645945"", ""text"": ""Philly has acquired p steve mcatty from the NY N's for:\n\nPhilly's #1 in 1982 \n\nPitts #2 in '81\n\nof Jerry Martin (a guy I drafted only cause I met him in consecutive years in Clearwater. He actually remembered me the second yr, but my pop was kinda in..... Either way, he was the only one... Pretty cool for a tween)\n\n\n\nAwaiting N4ser acceptance...."", ""date"": ""5/4/2024 12:28 AM""}]",,,Forum,,https://www.whatifsports.com/forums/Posts.aspx?topicID=530517&page=44
forum-12757585,1/31/2025 7:47 AM,1984,530517.0,56.0,https://www.whatifsports.com/forums/Posts.aspx?topicID=530517&page=56,trentonjoe,Newark ships Terry Puhl to Boston for the NYE's 2nd round pick.,eddiedzen|trentonjoe,12757593,quoted concrete proposal,False,,Confirmed as well.,12757585,https://www.whatifsports.com/forums/Posts.aspx?topicID=530517&page=56,"[{""post_id"": ""12757585"", ""text"": ""Newark ships Terry Puhl to Boston for the NYE's 2nd round pick."", ""date"": ""1/31/2025 7:47 AM""}]",,,Forum,,https://www.whatifsports.com/forums/Posts.aspx?topicID=530517&page=56
forum-12768913,2/28/2025 12:36 PM,1984,530517.0,57.0,https://www.whatifsports.com/forums/Posts.aspx?topicID=530517&page=57,coldfoot,Tor trades its 85 #4 to kermit To require its 84 #4.,coldfoot|kermit,12769147,quoted concrete proposal,False,,confirmed,12768913,https://www.whatifsports.com/forums/Posts.aspx?topicID=530517&page=57,"[{""post_id"": ""12768913"", ""text"": ""Tor trades its 85 #4 to kermit To require its 84 #4."", ""date"": ""2/28/2025 12:36 PM""}]",,,Forum,,https://www.whatifsports.com/forums/Posts.aspx?topicID=530517&page=57
forum-12777126,3/19/2025 7:31 PM,1984,530517.0,59.0,https://www.whatifsports.com/forums/Posts.aspx?topicID=530517&page=59,coldfoot,"TEX P Dave J. Schmidt, P Ron Reed and 2B Rob Wilfong



For



TOR 2B Tim Teuffel and P Jamie Easterly",coldfoot|frazzman80,12777137,quoted concrete proposal,False,,"Confirmed...



I need one more pick now as I'm at 24 after this 3 for 2.",12777126,https://www.whatifsports.com/forums/Posts.aspx?topicID=530517&page=59,"[{""post_id"": ""12777126"", ""text"": ""TEX P Dave J. Schmidt, P Ron Reed and 2B Rob Wilfong\n\n\n\nFor\n\n\n\nTOR 2B Tim Teuffel and P Jamie Easterly"", ""date"": ""3/19/2025 7:31 PM""}]",,,Forum,,https://www.whatifsports.com/forums/Posts.aspx?topicID=530517&page=59
forum-12822153,7/13/2025 10:54 AM,1985,530517.0,60.0,https://www.whatifsports.com/forums/Posts.aspx?topicID=530517&page=60,trentonjoe,Nipper and the NYT 4th goes to Baltimore for Ceaser Cedeno.,chargingryno|trentonjoe,12822549,quoted concrete proposal,False,,Confirm,12822153,https://www.whatifsports.com/forums/Posts.aspx?topicID=530517&page=60,"[{""post_id"": ""12822153"", ""text"": ""Nipper and the NYT 4th goes to Baltimore for Ceaser Cedeno."", ""date"": ""7/13/2025 10:54 AM""}]",,,Forum,,https://www.whatifsports.com/forums/Posts.aspx?topicID=530517&page=60
forum-12935252,3/21/2026 10:55 AM,1987,530517.0,73.0,https://www.whatifsports.com/forums/Posts.aspx?topicID=530517&page=73,duhbigcat,"chargingryno gets

-Ivan Calderon

-Dennis Martinez



DuhBigCat gets

-Juan Nieves

-John Farrell

-Kenny Williams

-plus SEA 1st & 2nd round picks in 88, and PIT 2nd round pick in 88",chargingryno|duhbigcat,12935413,quoted concrete proposal,True,144651-16,Confirm,12935252,https://www.whatifsports.com/forums/Posts.aspx?topicID=530517&page=73,"[{""post_id"": ""12935252"", ""text"": ""chargingryno gets\n\n-Ivan Calderon\n\n-Dennis Martinez\n\n\n\nDuhBigCat gets\n\n-Juan Nieves\n\n-John Farrell\n\n-Kenny Williams\n\n-plus SEA 1st & 2nd round picks in 88, and PIT 2nd round pick in 88"", ""date"": ""3/21/2026 10:55 AM""}]",,,Forum + WIS,144651-16,https://www.whatifsports.com/forums/Posts.aspx?topicID=530517&page=73
forum-12909191,1/25/2026 5:55 PM (edited),1987,530517.0,66.0,https://www.whatifsports.com/forums/Posts.aspx?topicID=530517&page=66,coldfoot,"pitt moves 87 darrell evans and det #2 in 87

to sea for 87 lee smith and sea 88 #4",coldfoot|stevebobldn,12942098,quoted concrete proposal,False,,Seattle already traded their 1988 4th to Toronto (pg. 66 and confirmed on pg. 67 of this thread).,12909191,https://www.whatifsports.com/forums/Posts.aspx?topicID=530517&page=66,"[{""post_id"": ""12909191"", ""text"": ""pitt moves 87 darrell evans and det #2 in 87\n\nto sea for 87 lee smith and sea 88 #4"", ""date"": ""1/25/2026 5:55 PM (edited)""}]",,,Forum,,https://www.whatifsports.com/forums/Posts.aspx?topicID=530517&page=66
forum-12959264,5/18/2026 11:05 PM,1988,530517.0,77.0,https://www.whatifsports.com/forums/Posts.aspx?topicID=530517&page=77,the_creeper,"Houston swinging for the fences with KC on a blockbuster trade.



Houston sends recently drafted Gary Sheffield and the 2.21 pick aquired from NYT in earlier draft trade.



Houston receives

Charlie Hough.

1988 Pick 1.24

1989 1st round Pick

1989 2nd round pick (better of the two picks that KC owns)



KUJhawk to confirm.",kujhawker|the_creeper,12959334,quoted concrete proposal,True,,Confirmed,12959264,https://www.whatifsports.com/forums/Posts.aspx?topicID=530517&page=77,"[{""post_id"": ""12959264"", ""text"": ""Houston swinging for the fences with KC on a blockbuster trade.\n\n\n\nHouston sends recently drafted Gary Sheffield and the 2.21 pick aquired from NYT in earlier draft trade.\n\n\n\nHouston receives\n\nCharlie Hough.\n\n1988 Pick 1.24\n\n1989 1st round Pick\n\n1989 2nd round pick (better of the two picks that KC owns)\n\n\n\nKUJhawk to confirm."", ""date"": ""5/18/2026 11:05 PM""}]",,,Forum,,https://www.whatifsports.com/forums/Posts.aspx?topicID=530517&page=77
forum-12984631,7/21/2026 7:26 PM,1989,530517.0,81.0,https://www.whatifsports.com/forums/Posts.aspx?topicID=530517&page=81,the_creeper,"HOU is trading one of the 2nd round pick (BOSTONS) it owns to KUJayhawker for Kevin McReynolds effective end of year.



Im adjusting keeper lists as they are not final yet.  KUJ to confirm.",kujhawker|the_creeper,12984637,quoted concrete proposal,False,,Confirm,12984631,https://www.whatifsports.com/forums/Posts.aspx?topicID=530517&page=81,"[{""post_id"": ""12984631"", ""text"": ""HOU is trading one of the 2nd round pick (BOSTONS) it owns to KUJayhawker for Kevin McReynolds effective end of year.\n\n\n\nIm adjusting keeper lists as they are not final yet.  KUJ to confirm."", ""date"": ""7/21/2026 7:26 PM""}]",,,Forum,,https://www.whatifsports.com/forums/Posts.aspx?topicID=530517&page=81
forum-12987791,7/31/2026 2:26 PM,1989,530517.0,83.0,https://www.whatifsports.com/forums/Posts.aspx?topicID=530517&page=83,trentonjoe,Newark ships Claudell Washington and their 1990 2nd to New York Nationals for Hubie Brooks and their 1990 4th.,k123456789|trentonjoe,12987792,quoted concrete proposal,False,,Confirmed,12987791,https://www.whatifsports.com/forums/Posts.aspx?topicID=530517&page=83,"[{""post_id"": ""12987791"", ""text"": ""Newark ships Claudell Washington and their 1990 2nd to New York Nationals for Hubie Brooks and their 1990 4th."", ""date"": ""7/31/2026 2:26 PM""}]",,,Forum,,https://www.whatifsports.com/forums/Posts.aspx?topicID=530517&page=83
forum-12987959,7/31/2026 9:01 PM,1989,530517.0,83.0,https://www.whatifsports.com/forums/Posts.aspx?topicID=530517&page=83,trentonjoe,Juan Agosto goes to Milwaukee for their 3rd.,cdew8|trentonjoe,12987963,quoted concrete proposal,False,,Confirm,12987959,https://www.whatifsports.com/forums/Posts.aspx?topicID=530517&page=83,"[{""post_id"": ""12987959"", ""text"": ""Juan Agosto goes to Milwaukee for their 3rd."", ""date"": ""7/31/2026 9:01 PM""}]",,Juan Agosto's1988 Newark roster and1989 zero-exposure keeper row identify Newark as seller;1989Milwaukee receives him.,Forum,,https://www.whatifsports.com/forums/Posts.aspx?topicID=530517&page=83
forum-11901687,7/18/2020 12:10 PM,1964,521781.0,1.0,https://www.whatifsports.com/forums/Posts.aspx?topicID=521781&page=1,h_incandenza,"SF 1965 4th-Rd pick to PIT



PIT 1964 5th-Rd pick to SF",coldfoot|h_incandenza,11902021,reviewed explicit source pairing,False,,confirm,11901687,https://www.whatifsports.com/forums/Posts.aspx?topicID=521781&page=1,"[{""post_id"": ""11901687"", ""text"": ""SF 1965 4th-Rd pick to PIT\n\n\n\nPIT 1964 5th-Rd pick to SF"", ""date"": ""7/18/2020 12:10 PM""}]",,,Forum,,https://www.whatifsports.com/forums/Posts.aspx?topicID=521781&page=1
forum-11955057,10/7/2020 6:41 PM,1965,522989.0,1.0,https://www.whatifsports.com/forums/Posts.aspx?topicID=522989&page=1,h_incandenza,"TRADE



SF trades P Steve Carlton and SF 1965 6th-Rd pick (#96)



to PIT for PIT 1965 1st-Rd pick (#15), PIT 1966 1st-Rd pick, PIT 1966 2nd-Rd pick and C Billy Bryan",coldfoot|h_incandenza,11955059,reviewed explicit source pairing,True,,confirm,11955057,https://www.whatifsports.com/forums/Posts.aspx?topicID=522989&page=1,"[{""post_id"": ""11955057"", ""text"": ""TRADE\n\n\n\nSF trades P Steve Carlton and SF 1965 6th-Rd pick (#96)\n\n\n\nto PIT for PIT 1965 1st-Rd pick (#15), PIT 1966 1st-Rd pick, PIT 1966 2nd-Rd pick and C Billy Bryan"", ""date"": ""10/7/2020 6:41 PM""}]",,,Forum,,https://www.whatifsports.com/forums/Posts.aspx?topicID=522989&page=1
forum-12121758,6/30/2021 4:09 PM,1969,525820.0,4.0,https://www.whatifsports.com/forums/Posts.aspx?topicID=525820&page=4,h_incandenza,"SF trades



P Lew Krausse Jr

C Duane Josephson 

SF 1969 5th-Round pick

SF 1969 6th-Round pick

SF 1969 7th-Round pick

SF 1970 4th-Round pick



to SEA for 



SEA 1970 3rd-Round pick",chrondon84|h_incandenza,12121762,reviewed explicit source pairing,False,,"With their second trade in franchise history, the Seattle Bagchuckers confirm.",12121758,https://www.whatifsports.com/forums/Posts.aspx?topicID=525820&page=4,"[{""post_id"": ""12121758"", ""text"": ""SF trades\n\n\n\nP Lew Krausse Jr\n\nC Duane Josephson \n\nSF 1969 5th-Round pick\n\nSF 1969 6th-Round pick\n\nSF 1969 7th-Round pick\n\nSF 1970 4th-Round pick\n\n\n\nto SEA for \n\n\n\nSEA 1970 3rd-Round pick"", ""date"": ""6/30/2021 4:09 PM""}]",,,Forum,,https://www.whatifsports.com/forums/Posts.aspx?topicID=525820&page=4
forum-12178907,10/20/2021 1:34 AM,1970,529239.0,3.0,https://www.whatifsports.com/forums/Posts.aspx?topicID=529239&page=3,frazzman80,"To take place in the league before game 1...

 

	From:
	chargingryno
	To:
	frazzman80
	Received:
	10/20/2021
	Subject:
	RE: J4M MLB132733
	Message:
	""Or what about a '71 3rd and '72 3rd for Ted Savage, Chuck Hinton and your '72 4th?"" ----- I would do this:",chargingryno|frazzman80,12178910,reviewed explicit source pairing,False,,Confirm,12178907,https://www.whatifsports.com/forums/Posts.aspx?topicID=529239&page=3,"[{""post_id"": ""12178907"", ""text"": ""To take place in the league before game 1...\n\n \n\n\tFrom:\n\tchargingryno\n\tTo:\n\tfrazzman80\n\tReceived:\n\t10/20/2021\n\tSubject:\n\tRE: J4M MLB132733\n\tMessage:\n\t\""Or what about a '71 3rd and '72 3rd for Ted Savage, Chuck Hinton and your '72 4th?\"" ----- I would do this:"", ""date"": ""10/20/2021 1:34 AM""}]",,,Forum + WIS,132733-10,https://www.whatifsports.com/forums/Posts.aspx?topicID=529239&page=3
forum-12374560,11/3/2022 3:10 PM,1975,530517.0,18.0,https://www.whatifsports.com/forums/Posts.aspx?topicID=530517&page=18,frazzman80,"Still shopping Pepe Mangual as noted above (and not asking for much), but the Texas Rangers announce another deal as we send our 1975 3rd round pick to Detroit for P Don Carrithers. hairman to confirm.",frazzman80|harrelson,12374675,reviewed explicit source pairing,False,,Confirmed.,12374560,https://www.whatifsports.com/forums/Posts.aspx?topicID=530517&page=18,"[{""post_id"": ""12374560"", ""text"": ""Still shopping Pepe Mangual as noted above (and not asking for much), but the Texas Rangers announce another deal as we send our 1975 3rd round pick to Detroit for P Don Carrithers. hairman to confirm."", ""date"": ""11/3/2022 3:10 PM""}]",,,Forum,,https://www.whatifsports.com/forums/Posts.aspx?topicID=530517&page=18
forum-12416193,1/25/2023 8:18 AM (edited),1976,530517.0,22.0,https://www.whatifsports.com/forums/Posts.aspx?topicID=530517&page=22,coldfoot,darold knowles rp and of bob bailey 1to oak For their 78 #3,chrondon84|coldfoot,12416813,reviewed explicit source pairing,False,,Confirm,12416193,https://www.whatifsports.com/forums/Posts.aspx?topicID=530517&page=22,"[{""post_id"": ""12416193"", ""text"": ""darold knowles rp and of bob bailey 1to oak For their 78 #3"", ""date"": ""1/25/2023 8:18 AM (edited)""}]",,,Forum,,https://www.whatifsports.com/forums/Posts.aspx?topicID=530517&page=22
forum-12419978,1/30/2023 3:08 PM,1976,530517.0,23.0,https://www.whatifsports.com/forums/Posts.aspx?topicID=530517&page=23,harrelson,Detroit is trading C Dale Murphy and P Dave LaRoche to Pittsburgh for their first pick in 76 draft (#13) plus P Sparky Lyle,coldfoot|harrelson,12419981,reviewed explicit source pairing,False,,Confirm,12419978,https://www.whatifsports.com/forums/Posts.aspx?topicID=530517&page=23,"[{""post_id"": ""12419978"", ""text"": ""Detroit is trading C Dale Murphy and P Dave LaRoche to Pittsburgh for their first pick in 76 draft (#13) plus P Sparky Lyle"", ""date"": ""1/30/2023 3:08 PM""}]",,,Forum,,https://www.whatifsports.com/forums/Posts.aspx?topicID=530517&page=23
wis-128263-0,6/27/2020 10:00:00 AM,1963,,,https://www.whatifsports.com/mlb-l/trade_history.asp?cLID=128263,,"St. Louis Perfectos (contrarian23) Players: David Howard '26 Cash: $0 Note: PGH gets STL's 2nd in 1964
Pittsburgh Tanagers (coldfoot) Players: Wes Covington '63 Cash: $0 Note:",contrarian23|coldfoot,,executed WIS transaction,False,,,,,,,,WIS,128263-0,https://www.whatifsports.com/mlb-l/trade_history.asp?cLID=128263
wis-128263-1,6/19/2020 4:00:00 PM,1963,,,https://www.whatifsports.com/mlb-l/trade_history.asp?cLID=128263,,"St. Louis Perfectos (contrarian23) Players: Jim Dwyer '26 Cash: $0 Note: SF gets STL's 3rd in 1964. STL gets CIN's 4th in 1964.
San Francisco Sugaree (h_incandenza) Players: Gary Geiger '63 Cash: $0 Note:",contrarian23|h_incandenza,,executed WIS transaction,False,,,,,,,,WIS,128263-1,https://www.whatifsports.com/mlb-l/trade_history.asp?cLID=128263
wis-128263-2,6/18/2020 2:00:00 PM,1963,,,https://www.whatifsports.com/mlb-l/trade_history.asp?cLID=128263,,"Boston Americans (tycobb33) Players: Bip Roberts '26 Cash: $0 Note: my 4th in 65
San Francisco Sugaree (h_incandenza) Players: Nellie Fox '63 Cash: $0 Note:",tycobb33|h_incandenza,,executed WIS transaction,False,,,,,,,,WIS,128263-2,https://www.whatifsports.com/mlb-l/trade_history.asp?cLID=128263
wis-128263-3,6/17/2020 7:00:00 PM,1963,,,https://www.whatifsports.com/mlb-l/trade_history.asp?cLID=128263,,"San Francisco Sugaree (h_incandenza) Players: Bob Friend '63 Cash: $0 Note: SF receives CIN 1964 2nd-Rd pick and CIN 1964 4th-Rd pick... CIN receives SF 1964 4th-Rd pick and SF 1964 5th-Rd pick
Cincinnati Mudcats (fire13) Players: Phil Linz '63, Hal Reniff '63 Cash: $0 Note:",h_incandenza|fire13,,executed WIS transaction,False,,,,,,,,WIS,128263-3,https://www.whatifsports.com/mlb-l/trade_history.asp?cLID=128263
wis-128263-4,6/13/2020 3:00:00 PM,1963,,,https://www.whatifsports.com/mlb-l/trade_history.asp?cLID=128263,,"Pittsburgh Tanagers (coldfoot) Players: Greg Litton '26 Cash: $0 Note: 3rd pick to boston in 64
Boston Americans (tycobb33) Players: Wes Covington '63 Cash: $0 Note:",coldfoot|tycobb33,,executed WIS transaction,False,,,,,,,,WIS,128263-4,https://www.whatifsports.com/mlb-l/trade_history.asp?cLID=128263
wis-128263-5,5/31/2020 9:00:00 AM,1963,,,https://www.whatifsports.com/mlb-l/trade_history.asp?cLID=128263,,"Detroit Supremes (harrelson) Players: Fernando Tatis '26 Cash: $0 Note:
New York Eagles (italyprof) Players: Walt Tragesser '26 Cash: $0 Note:",harrelson|italyprof,,executed WIS transaction,False,,,,,,,,WIS,128263-5,https://www.whatifsports.com/mlb-l/trade_history.asp?cLID=128263
wis-129162-0,9/2/2020 9:00:00 AM,1964,,,https://www.whatifsports.com/mlb-l/trade_history.asp?cLID=129162,,"Philly CRYPTKEEPERS (cpdpoet) Players: Joe Adcock '64, Billy Moran '64, Don Lock '64 Cash: $0 Note: Pittsburgh gets Phil #2 this season and next... Pittsburgh sends next year's #3 to Philly.
Pittsburg Tanagers (coldfoot) Players: Bob Allison '64 Cash: $0 Note:",cpdpoet|coldfoot,,executed WIS transaction,False,,,,,,,,WIS,129162-0,https://www.whatifsports.com/mlb-l/trade_history.asp?cLID=129162
wis-129162-1,8/29/2020 9:00:00 AM,1964,,,https://www.whatifsports.com/mlb-l/trade_history.asp?cLID=129162,,"Houston Thunderbears (chargingryno) Players: Billy Moran '64, Willie Smith '64 Cash: $0 Note: +Philly 3rd
Philly CRYPTKEEPERS (cpdpoet) Players: Eddie Foster '26, Jordan Danks '26 Cash: $0 Note: Sure why not",chargingryno|cpdpoet,,executed WIS transaction,False,,,,,,,,WIS,129162-1,https://www.whatifsports.com/mlb-l/trade_history.asp?cLID=129162
wis-129162-2,8/26/2020 5:00:00 PM,1964,,,https://www.whatifsports.com/mlb-l/trade_history.asp?cLID=129162,,"Boston Americans (tycobb33) Players: Smoky Burgess '64, Fred Talbot '64, Matt Herges '26 Cash: $0 Note: my first in 65 my first in 66 my 2nd in 66
St. Louis Perfectos (contrarian23) Players: Bill Freehan '64, Lee Maye '64, Ralph Terry '64 Cash: $0 Note:",tycobb33|contrarian23,,executed WIS transaction,False,,,,,,,,WIS,129162-2,https://www.whatifsports.com/mlb-l/trade_history.asp?cLID=129162
wis-129162-3,8/26/2020 5:00:00 AM,1964,,,https://www.whatifsports.com/mlb-l/trade_history.asp?cLID=129162,,"Lombard iPackers (dbrom) Players: Chase De Jong '26, Tony Kaufmann '26 Cash: $0 Note: Lombard 3rd in 65
St. Louis Perfectos (contrarian23) Players: Bobby Shantz '64 Cash: $0 Note:",dbrom|contrarian23,,executed WIS transaction,False,,,,,,,,WIS,129162-3,https://www.whatifsports.com/mlb-l/trade_history.asp?cLID=129162
wis-129162-4,8/25/2020 7:00:00 PM,1964,,,https://www.whatifsports.com/mlb-l/trade_history.asp?cLID=129162,,"Pittsburg Tanagers (coldfoot) Players: Jim Landis '64, Bobby Bolin '64, Walt Dropo '26 Cash: $0 Note:
St. Louis Perfectos (contrarian23) Players: Bob Allison '64, Pat Jarvis '26 Cash: $0 Note:",coldfoot|contrarian23,,executed WIS transaction,False,,,,,,,,WIS,129162-4,https://www.whatifsports.com/mlb-l/trade_history.asp?cLID=129162
wis-129162-5,8/23/2020 1:00:00 PM,1964,,,https://www.whatifsports.com/mlb-l/trade_history.asp?cLID=129162,,"San Francisco Sugaree (h_incandenza) Players: Sam Bowens '64 Cash: $0 Note: PIT 1965 4th-Rd pick to SF... SF 1965 5th-Rd pick to PIT
Pittsburg Tanagers (coldfoot) Players: Mike Timlin '26 Cash: $0 Note:",h_incandenza|coldfoot,,executed WIS transaction,False,,,,,,,,WIS,129162-5,https://www.whatifsports.com/mlb-l/trade_history.asp?cLID=129162
wis-129162-6,8/11/2020 2:00:00 AM,1964,,,https://www.whatifsports.com/mlb-l/trade_history.asp?cLID=129162,,"Houston Thunderbears (chargingryno) Players: Jack Baldschun '64 Cash: $0 Note: +1965 3RD ROUND PICK
Boston Americans (tycobb33) Players: Floyd Robinson '64 Cash: $0 Note:",chargingryno|tycobb33,,executed WIS transaction,False,,,,,,,,WIS,129162-6,https://www.whatifsports.com/mlb-l/trade_history.asp?cLID=129162
wis-129162-7,8/9/2020 11:00:00 PM,1964,,,https://www.whatifsports.com/mlb-l/trade_history.asp?cLID=129162,,"Pittsburg Tanagers (coldfoot) Players: Ron Pruitt '26 Cash: $0 Note:
San Francisco Sugaree (h_incandenza) Players: Dave Berg '26 Cash: $0 Note:",coldfoot|h_incandenza,,executed WIS transaction,False,,,,,,,,WIS,129162-7,https://www.whatifsports.com/mlb-l/trade_history.asp?cLID=129162
wis-129162-8,8/9/2020 8:00:00 PM,1964,,,https://www.whatifsports.com/mlb-l/trade_history.asp?cLID=129162,,"California Coyotes (rls1) Players: Bert Campaneris '64, Jack Spring '26 Cash: $0 Note: Pittsburgh gets our 2nd pick next season. We get their 3rd rounder.
Pittsburg Tanagers (coldfoot) Players: Luis Aparicio '64, Bob Miller '64 Cash: $0 Note:",rls1|coldfoot,,executed WIS transaction,False,,,,,,,,WIS,129162-8,https://www.whatifsports.com/mlb-l/trade_history.asp?cLID=129162
wis-129162-9,8/9/2020 8:00:00 PM,1964,,,https://www.whatifsports.com/mlb-l/trade_history.asp?cLID=129162,,"Pittsburg Tanagers (coldfoot) Players: Andres Blanco '26 Cash: $0 Note:
California Coyotes (rls1) Players: Spike Owen '26 Cash: $0 Note:",coldfoot|rls1,,executed WIS transaction,False,,,,,,,,WIS,129162-9,https://www.whatifsports.com/mlb-l/trade_history.asp?cLID=129162
wis-129788-0,11/17/2020 3:00:00 PM,1965,,,https://www.whatifsports.com/mlb-l/trade_history.asp?cLID=129788,,"St. Louis Perfectos (contrarian23) Players: Dave Meads '26 Cash: $0 Note: + STL 3rd in 1967
Houston Thunderbears (chargingryno) Players: Masanori Murakami '65 Cash: $0 Note:",contrarian23|chargingryno,,executed WIS transaction,False,,,,,,,,WIS,129788-0,https://www.whatifsports.com/mlb-l/trade_history.asp?cLID=129788
wis-129788-1,11/17/2020 8:00:00 AM,1965,,,https://www.whatifsports.com/mlb-l/trade_history.asp?cLID=129788,,"St. Louis Perfectos (contrarian23) Players: Garry Jestadt '26, Freddie Toliver '26 Cash: $0 Note: And I'll trade you back the 2nd round pick in 1966 that I acquired from you last season in the Freehan deal
Boston Americans (tycobb33) Players: Mickey Mantle '65 Cash: $0 Note:",contrarian23|tycobb33,,executed WIS transaction,False,,,,,,,,WIS,129788-1,https://www.whatifsports.com/mlb-l/trade_history.asp?cLID=129788
wis-129788-2,11/16/2020 2:00:00 PM,1965,,,https://www.whatifsports.com/mlb-l/trade_history.asp?cLID=129788,,"Philly CRYPTKEEPERS (cpdpoet) Players: Curt Simmons '65, Dennis Bennett '65 Cash: $0 Note: and cincy's 3rd in '66
LA SWAT (dannino) Players: Jim Duffalo '65, Julio Navarro '65 Cash: $0 Note:",cpdpoet|dannino,,executed WIS transaction,False,,,,,,,,WIS,129788-2,https://www.whatifsports.com/mlb-l/trade_history.asp?cLID=129788
wis-129788-3,11/13/2020 10:00:00 PM,1965,,,https://www.whatifsports.com/mlb-l/trade_history.asp?cLID=129788,,"Houston Thunderbears (chargingryno) Players: Jim Owens '65 Cash: $0 Note: +4th in 67
Boston Americans (tycobb33) Players: Masanori Murakami '65 Cash: $0 Note:",chargingryno|tycobb33,,executed WIS transaction,False,,,,,,,,WIS,129788-3,https://www.whatifsports.com/mlb-l/trade_history.asp?cLID=129788
wis-129788-4,11/13/2020 2:00:00 PM,1965,,,https://www.whatifsports.com/mlb-l/trade_history.asp?cLID=129788,,"St. Louis Perfectos (contrarian23) Players: Gerald Laird '26 Cash: $0 Note: +My 4th in 1966
Boston Americans (tycobb33) Players: Jim Pagliaroni '65 Cash: $0 Note:",contrarian23|tycobb33,,executed WIS transaction,False,,,,,,,,WIS,129788-4,https://www.whatifsports.com/mlb-l/trade_history.asp?cLID=129788
wis-129788-5,11/9/2020 7:00:00 PM,1965,,,https://www.whatifsports.com/mlb-l/trade_history.asp?cLID=129788,,"St. Louis Perfectos (contrarian23) Players: Bill Robinson '26 Cash: $2.0M Note: And STL's 2nd in 1966
Lombard iPackers (dbrom) Players: Rocky Colavito '65 Cash: $0 Note:",contrarian23|dbrom,,executed WIS transaction,False,,,,,,,,WIS,129788-5,https://www.whatifsports.com/mlb-l/trade_history.asp?cLID=129788
wis-129788-6,10/21/2020 5:00:00 PM,1965,,,https://www.whatifsports.com/mlb-l/trade_history.asp?cLID=129788,,"Houston Thunderbears (chargingryno) Players: Ron Santo '65, Salomon Torres '26 Cash: $0 Note: +Det 1st in 66 and 2nd in 67, plus Det rights to Joe Moeller and Jack Hamilton (IR) to Hou
Detroit Supremes (harrelson) Players: Don Wert '65, Harry Bemis '26 Cash: $0 Note:",chargingryno|harrelson,,executed WIS transaction,True,,,,,,,,WIS,129788-6,https://www.whatifsports.com/mlb-l/trade_history.asp?cLID=129788
wis-129788-7,10/20/2020 10:00:00 AM,1965,,,https://www.whatifsports.com/mlb-l/trade_history.asp?cLID=129788,,"Lombard iPackers (dbrom) Players: Mickey Livingston '26 Cash: $0 Note:
St. Louis Perfectos (contrarian23) Players: Michael Morse '26 Cash: $0 Note:",dbrom|contrarian23,,executed WIS transaction,False,,,,,,,,WIS,129788-7,https://www.whatifsports.com/mlb-l/trade_history.asp?cLID=129788
wis-130303-0,2/8/2021 7:00:00 PM,1966,,,https://www.whatifsports.com/mlb-l/trade_history.asp?cLID=130303,,"Cincinnati Mudcats (fire13) Players: Larry Jaster '66 Cash: $0 Note:
St. Louis Perfectos (contrarian23) Players: Sandy Koufax '66 Cash: $0 Note:",fire13|contrarian23,,executed WIS transaction,False,,,,,,,,WIS,130303-0,https://www.whatifsports.com/mlb-l/trade_history.asp?cLID=130303
wis-130303-1,2/5/2021 10:00:00 PM,1966,,,https://www.whatifsports.com/mlb-l/trade_history.asp?cLID=130303,,"Kansas City Bushwhackers (Husker75) Players: Earl Battey '66 Cash: $0 Note: Plus my 3rd Round Pick in the '68 Draft
Brooklyn Thunderbears (chargingryno) Players: Jake Gibbs '66 Cash: $0 Note:",husker75|chargingryno,,executed WIS transaction,False,,,,,,,,WIS,130303-1,https://www.whatifsports.com/mlb-l/trade_history.asp?cLID=130303
wis-130303-2,1/18/2021 10:00:00 PM,1966,,,https://www.whatifsports.com/mlb-l/trade_history.asp?cLID=130303,,"New York Nutcrackers (N4ser) Players: Ted Abernathy '66 Cash: $0 Note: Brooklyn's 1967 2nd Rd acquired from St. Louis
Brooklyn Thunderbears (chargingryno) Players: John Brackenridge '26 Cash: $0 Note:",n4ser|chargingryno,,executed WIS transaction,False,,,,,,,,WIS,130303-2,https://www.whatifsports.com/mlb-l/trade_history.asp?cLID=130303
wis-130303-3,1/18/2021 8:00:00 PM,1966,,,https://www.whatifsports.com/mlb-l/trade_history.asp?cLID=130303,,"St. Louis Perfectos (contrarian23) Players: Max Alvis '66 Cash: $0 Note: Plus STL's 3rd in 1968
New York Nutcrackers (N4ser) Players: Joe Foy '66 Cash: $0 Note:",contrarian23|n4ser,,executed WIS transaction,False,,,,,,,,WIS,130303-3,https://www.whatifsports.com/mlb-l/trade_history.asp?cLID=130303
wis-130303-4,1/17/2021 4:00:00 PM,1966,,,https://www.whatifsports.com/mlb-l/trade_history.asp?cLID=130303,,"Philly CRYPTKEEPERS (cpdpoet) Players: Bob Chance '66, Phil Linz '66, Andy Kosco '66 Cash: $0 Note: .....and Philly's 3rd in 1967
New York Eagles (italyprof) Players: Ken Boyer '66 Cash: $0 Note: A good deal for both of us.",cpdpoet|italyprof,,executed WIS transaction,False,,,,,,,,WIS,130303-4,https://www.whatifsports.com/mlb-l/trade_history.asp?cLID=130303
wis-130303-5,1/4/2021 6:00:00 PM,1966,,,https://www.whatifsports.com/mlb-l/trade_history.asp?cLID=130303,,"Brooklyn Thunderbears (chargingryno) Players: Joe Azcue '66, Jose Cardenal '66, Alex Johnson '66 Cash: $0 Note: + your (bos) 1st back to you. Great long term in Cardenal, extra future bat in Johnson
Boston Americans (tycobb33) Players: Bill Freehan '66, Tony Oliva '66 Cash: $0 Note:",chargingryno|tycobb33,,executed WIS transaction,True,,,,,,,,WIS,130303-5,https://www.whatifsports.com/mlb-l/trade_history.asp?cLID=130303
wis-130303-6,1/2/2021 8:00:00 PM,1966,,,https://www.whatifsports.com/mlb-l/trade_history.asp?cLID=130303,,"Cincinnati Mudcats (fire13) Players: John Buzhardt '66 Cash: $0 Note: CIN 2nd round pick to NY NY 4th rounder to CiN
New York Nutcrackers (N4ser) Players: Phil Regan '66 Cash: $0 Note:",fire13|n4ser,,executed WIS transaction,False,,,,,,,,WIS,130303-6,https://www.whatifsports.com/mlb-l/trade_history.asp?cLID=130303
wis-130303-7,12/23/2020 9:00:00 PM,1966,,,https://www.whatifsports.com/mlb-l/trade_history.asp?cLID=130303,,"Brooklyn Thunderbears (chargingryno) Players: Davey Johnson '66 Cash: $0 Note: + BOS 1st and 2nd in 1967 part 1
Boston Americans (tycobb33) Players: Nick Etten '26 Cash: $0 Note:",chargingryno|tycobb33,,executed WIS transaction,True,,,,,,,,WIS,130303-7,https://www.whatifsports.com/mlb-l/trade_history.asp?cLID=130303
wis-130303-8,12/23/2020 9:00:00 PM,1966,,,https://www.whatifsports.com/mlb-l/trade_history.asp?cLID=130303,,"Brooklyn Thunderbears (chargingryno) Players: Jack Hamilton '66 Cash: $0 Note: Part 2
Boston Americans (tycobb33) Players: Joe Wood '26 Cash: $0 Note:",chargingryno|tycobb33,,executed WIS transaction,False,,,,,,,,WIS,130303-8,https://www.whatifsports.com/mlb-l/trade_history.asp?cLID=130303
wis-130303-9,12/23/2020 9:00:00 PM,1966,,,https://www.whatifsports.com/mlb-l/trade_history.asp?cLID=130303,,"Brooklyn Thunderbears (chargingryno) Players: Denny Lemaster '66 Cash: $0 Note: Part 3
Boston Americans (tycobb33) Players: Chris George '26 Cash: $0 Note:",chargingryno|tycobb33,,executed WIS transaction,False,,,,,,,,WIS,130303-9,https://www.whatifsports.com/mlb-l/trade_history.asp?cLID=130303
wis-130841-0,3/30/2021 2:00:00 PM,1967,,,https://www.whatifsports.com/mlb-l/trade_history.asp?cLID=130841,,"Brooklyn Thunderbears (chargingryno) Players: Jack Hiatt '67 Cash: $0 Note: +BKY 4th in 68 Let me know if this helps more. I don’t have many scrubs to trade!
St. Louis Perfectos (contrarian23) Players: Mickey Mantle '67, Marty Martinez '67 Cash: $0 Note:",chargingryno|contrarian23,,executed WIS transaction,False,,,,,,,,WIS,130841-0,https://www.whatifsports.com/mlb-l/trade_history.asp?cLID=130841
wis-130841-1,3/27/2021 2:00:00 PM,1967,,,https://www.whatifsports.com/mlb-l/trade_history.asp?cLID=130841,,"New York Eagles (just4me) Players: Gary Peters '67 Cash: $0 Note: + LA '68 1st & '69 2nd round picks
LA SWAT (dannino) Players: Jose Santiago '67 Cash: $0 Note: Done!",just4me|dannino,,executed WIS transaction,True,,,,,,,,WIS,130841-1,https://www.whatifsports.com/mlb-l/trade_history.asp?cLID=130841
wis-130841-2,3/17/2021 1:00:00 AM,1967,,,https://www.whatifsports.com/mlb-l/trade_history.asp?cLID=130841,,"New York Eagles (just4me) Players: Curt Flood '67, Billy Williams '67 Cash: $0 Note: +1st from BKY (tbd between PITT or BKY 1st) +3rd from NYE (Better of the 1sts with my 3rd, or worse of the 1sts without my 3rd)?
Brooklyn Thunderbears (chargingryno) Players: Johnny Callison '67, Willie Davis '67 Cash: $0 Note: Confirm - sending our worse of my 1st round picks to NYE - NYE will not be sending any picks to BKY",just4me|chargingryno,,executed WIS transaction,True,,,,,,,,WIS,130841-2,https://www.whatifsports.com/mlb-l/trade_history.asp?cLID=130841
wis-131418-0,6/17/2021 5:00:00 AM,1968,,,https://www.whatifsports.com/mlb-l/trade_history.asp?cLID=131418,,"Brooklyn Thunderbears (chargingryno) Players: Tony Oliva '68, Wilbur Wood '68 Cash: $0 Note: +SoCal 1st in 1969
SoCal Space Cadets '68 (crustydoc) Players: Luis Aparicio '68 Cash: $0 Note:",chargingryno|crustydoc,,executed WIS transaction,True,,,,,,,,WIS,131418-0,https://www.whatifsports.com/mlb-l/trade_history.asp?cLID=131418
wis-131418-1,6/5/2021 2:00:00 PM,1968,,,https://www.whatifsports.com/mlb-l/trade_history.asp?cLID=131418,,"Cincinnati Mudcats (fire13) Players: Al Kaline '68 Cash: $0 Note: CIN 1970 2nd to DET DET 1970 5th to CIN
Detroit Supremes 68 (harrelson) Players: Ron Fairly '68, Graig Nettles '68 Cash: $0 Note:",fire13|harrelson,,executed WIS transaction,False,,,,,,,,WIS,131418-1,https://www.whatifsports.com/mlb-l/trade_history.asp?cLID=131418
wis-131418-2,5/31/2021 6:00:00 PM,1968,,,https://www.whatifsports.com/mlb-l/trade_history.asp?cLID=131418,,"Lombard iPackers (dbrom) Players: Dean Chance '68, Wilbur Wood '68 Cash: $0 Note: + riights to Amos Otis and Brooklyn 1st in 70. If Top 12 1st then Lombard 2nd in 70 if higher Lombard 3rd in 70
Brooklyn Thunderbears (chargingryno) Players: Russ Snyder '68, Dennis Higgins '68 Cash: $6.0M Note:",dbrom|chargingryno,,executed WIS transaction,True,,,,,,,,WIS,131418-2,https://www.whatifsports.com/mlb-l/trade_history.asp?cLID=131418
wis-131418-4,5/27/2021 9:00:00 PM,1968,,,https://www.whatifsports.com/mlb-l/trade_history.asp?cLID=131418,,"New York Eagles (just4me) Players: Cameron Vandy '26 Cash: $0 Note: Rights to Tito Fuentes + NYE ‘70 3rd in exchange for Pitt ‘70 2nd and worst of Pit’s ‘69 3rds
Pittsburg Tanagers (coldfoot) Players: Kasey Winn '26 Cash: $0 Note:",just4me|coldfoot,,executed WIS transaction,False,,,,,,,,WIS,131418-4,https://www.whatifsports.com/mlb-l/trade_history.asp?cLID=131418
wis-131418-5,5/24/2021 10:00:00 PM,1968,,,https://www.whatifsports.com/mlb-l/trade_history.asp?cLID=131418,,"New York Eagles (just4me) Players: Angel Guinigundo '26 Cash: $5.6M Note: +NYE 2nd in ‘69
Brooklyn Thunderbears (chargingryno) Players: Curt Flood '68 Cash: $0 Note:",just4me|chargingryno,,executed WIS transaction,False,,,,,,,,WIS,131418-5,https://www.whatifsports.com/mlb-l/trade_history.asp?cLID=131418
wis-131418-6,5/24/2021 4:00:00 PM,1968,,,https://www.whatifsports.com/mlb-l/trade_history.asp?cLID=131418,,"Pittsburg Tanagers (coldfoot) Players: Alejandro Allinder '26, Bryce Wade '26 Cash: $4.0M Note: pitt #2 to ny
New York Nutcrackers (N4ser) Players: Ken Harrelson '68 Cash: $0 Note:",coldfoot|n4ser,,executed WIS transaction,False,,,,,,,,WIS,131418-6,https://www.whatifsports.com/mlb-l/trade_history.asp?cLID=131418
wis-131418-7,5/21/2021 1:00:00 PM,1968,,,https://www.whatifsports.com/mlb-l/trade_history.asp?cLID=131418,,"Brooklyn Thunderbears (chargingryno) Players: Bobby Tolan '68 Cash: $0 Note: +our 2nd pick in 69 AND 4th in 70
LA SWAT (dannino) Players: Rusty Staub '68 Cash: $0 Note:",chargingryno|dannino,,executed WIS transaction,False,,,,,,,,WIS,131418-7,https://www.whatifsports.com/mlb-l/trade_history.asp?cLID=131418
wis-131418-8,5/16/2021 8:00:00 PM,1968,,,https://www.whatifsports.com/mlb-l/trade_history.asp?cLID=131418,,"San Francisco Sugaree (h_incandenza) Players: Rocco Clapsaddle '26 Cash: $5.0M Note: SF 1969 3rd-Round pick to PIT
Pittsburg Tanagers (coldfoot) Players: Jack Fisher '68, Frank Linzy '68, Al McBean '68 Cash: $0 Note:",h_incandenza|coldfoot,,executed WIS transaction,False,,,,,,,,WIS,131418-8,https://www.whatifsports.com/mlb-l/trade_history.asp?cLID=131418
wis-131418-9,5/15/2021 4:00:00 PM,1968,,,https://www.whatifsports.com/mlb-l/trade_history.asp?cLID=131418,,"Boston Mods (Eddiedzen) Players: Alex Johnson '68, Al McBean '68 Cash: $0 Note: + Pittsburg's 5th round pick in 1969
Pittsburg Tanagers (coldfoot) Players: Alfred Bitner '26 Cash: $8.0M Note:",eddiedzen|coldfoot,,executed WIS transaction,False,,,,,,,,WIS,131418-9,https://www.whatifsports.com/mlb-l/trade_history.asp?cLID=131418
wis-132043-0,9/13/2021 6:00:00 PM,1969,,,https://www.whatifsports.com/mlb-l/trade_history.asp?cLID=132043,,"Seattle Bagchuckers (chrondon84) Players: Tito Francona '69, Bob Priddy '69 Cash: $0 Note: Seattle 1971 3rd to Pit, Seattle 1971 4th back to Seattle from Pit
Pittsburg Tanagers (coldfoot) Players: Alex Johnson '69, Pepe Manlief '26 Cash: $0 Note:",chrondon84|coldfoot,,executed WIS transaction,False,,,,,,,,WIS,132043-0,https://www.whatifsports.com/mlb-l/trade_history.asp?cLID=132043
wis-132043-1,9/5/2021 8:00:00 AM,1969,,,https://www.whatifsports.com/mlb-l/trade_history.asp?cLID=132043,,"San Francisco Sugaree (h_incandenza) Players: Dick Green '69, Eddie Watt '69 Cash: $0 Note:
Pittsburg Tanagers (coldfoot) Players: Johnny Briggs '69 Cash: $0 Note:",h_incandenza|coldfoot,,executed WIS transaction,False,,,,,,,,WIS,132043-1,https://www.whatifsports.com/mlb-l/trade_history.asp?cLID=132043
wis-132043-2,8/21/2021 1:00:00 PM,1969,,,https://www.whatifsports.com/mlb-l/trade_history.asp?cLID=132043,,"SoCal Space Cadets '69 (crustydoc) Players: Donn Clendenon '69 Cash: $0 Note: Plus 1970 2nd round pick and 1971 1st round pick . . .
San Francisco Sugaree (h_incandenza) Players: Lee May '69 Cash: $0 Note:",crustydoc|h_incandenza,,executed WIS transaction,True,,,,,,,,WIS,132043-2,https://www.whatifsports.com/mlb-l/trade_history.asp?cLID=132043
wis-132043-3,8/18/2021 2:00:00 PM,1969,,,https://www.whatifsports.com/mlb-l/trade_history.asp?cLID=132043,,"San Francisco Sugaree (h_incandenza) Players: Bob Gibson '69 Cash: $0 Note:
Cincinnati Mudcats (fire13) Players: Catfish Hunter '69 Cash: $0 Note:",h_incandenza|fire13,,executed WIS transaction,False,,,,,,,,WIS,132043-3,https://www.whatifsports.com/mlb-l/trade_history.asp?cLID=132043
wis-132043-4,8/13/2021 3:00:00 PM,1969,,,https://www.whatifsports.com/mlb-l/trade_history.asp?cLID=132043,,"WashingTex SenatoRangers (frazzman80) Players: Mike Fiore '69, Al Ferrara '69 Cash: $0 Note: WTX sends our 1970 4th round pick, CIN sends their 1970 2nd round pick.
Cincinnati Mudcats (fire13) Players: Buddy Bradford '69, Ed Stroud '69 Cash: $0 Note:",frazzman80|fire13,,executed WIS transaction,False,,,,,,,,WIS,132043-4,https://www.whatifsports.com/mlb-l/trade_history.asp?cLID=132043
wis-132043-5,8/13/2021 3:00:00 PM,1969,,,https://www.whatifsports.com/mlb-l/trade_history.asp?cLID=132043,,"WashingTex SenatoRangers (frazzman80) Players: Bubba Morton '69 Cash: $0 Note: WTX sends our 1970 3rd and BOS sends their 1970 2nd.
Boston Mods (eddiedzen) Players: Jack Schlaack '26 Cash: $0 Note:",frazzman80|eddiedzen,,executed WIS transaction,False,,,,,,,,WIS,132043-5,https://www.whatifsports.com/mlb-l/trade_history.asp?cLID=132043
wis-132043-6,8/13/2021 8:00:00 AM,1969,,,https://www.whatifsports.com/mlb-l/trade_history.asp?cLID=132043,,"Detroit 69 Supremes (harrelson) Players: Cookie Rojas '69 Cash: $0 Note: KC sends their 3rd round pick in 1971 to Detroit to complete the deal.
Kansas City Kahunas (nockahoma) Players: Howie Reed '69 Cash: $0 Note:",harrelson|nockahoma,,executed WIS transaction,False,,,,,,,,WIS,132043-6,https://www.whatifsports.com/mlb-l/trade_history.asp?cLID=132043
wis-132043-7,8/12/2021 12:00:00 PM,1969,,,https://www.whatifsports.com/mlb-l/trade_history.asp?cLID=132043,,"Seattle Bagchuckers (chrondon84) Players: Scott Northey '69 Cash: $0 Note: 1971 SEA 4th round pick
Pittsburg Tanagers (coldfoot) Players: Ken Harrelson '69 Cash: $0 Note:",chrondon84|coldfoot,,executed WIS transaction,False,,,,,,,,WIS,132043-7,https://www.whatifsports.com/mlb-l/trade_history.asp?cLID=132043
wis-132043-8,8/11/2021 3:00:00 PM,1969,,,https://www.whatifsports.com/mlb-l/trade_history.asp?cLID=132043,,"Detroit 69 Supremes (harrelson) Players: Tom Haller '69 Cash: $0 Note: Plus the Lombard Ipackers 3rd round pick in 1970.
Lombard iPackers (dbrom) Players: Jerry Moses '69 Cash: $0 Note:",harrelson|dbrom,,executed WIS transaction,False,,,,,,,,WIS,132043-8,https://www.whatifsports.com/mlb-l/trade_history.asp?cLID=132043
wis-132043-9,8/4/2021 2:00:00 PM,1969,,,https://www.whatifsports.com/mlb-l/trade_history.asp?cLID=132043,,"Seattle Bagchuckers (chrondon84) Players: Bobby Cox '69 Cash: $0 Note:
Kansas City Kahunas (nockahoma) Players: Don Wert '69, Ron Swoboda '69 Cash: $0 Note:",chrondon84|nockahoma,,executed WIS transaction,False,,,,,,,,WIS,132043-9,https://www.whatifsports.com/mlb-l/trade_history.asp?cLID=132043
wis-132733-0,12/1/2021 5:00:00 PM,1970,,,https://www.whatifsports.com/mlb-l/trade_history.asp?cLID=132733,,"WashingTex SenatoRangers (frazzman80) Players: Chuck Hinton '70, Stan Williams '70 Cash: $0 Note:
Pittsburg Tanagers (coldfoot) Players: Eddie Watt '70 Cash: $0 Note:",frazzman80|coldfoot,,executed WIS transaction,False,,,,,,,,WIS,132733-0,https://www.whatifsports.com/mlb-l/trade_history.asp?cLID=132733
wis-132733-1,11/24/2021 2:00:00 PM,1970,,,https://www.whatifsports.com/mlb-l/trade_history.asp?cLID=132733,,"Philly CRYPTKEEPERS (cpdpoet) Players: Bobby Bolin '70, Ron Herbel '70, Marcel Lachemann '70 Cash: $0 Note: and Philly's #2 #3 in 1971
New York Nutcrackers (N4ser) Players: Chuck Dobson '70 Cash: $0 Note:",cpdpoet|n4ser,,executed WIS transaction,False,,,,,,,,WIS,132733-1,https://www.whatifsports.com/mlb-l/trade_history.asp?cLID=132733
wis-132733-2,11/17/2021 1:00:00 PM,1970,,,https://www.whatifsports.com/mlb-l/trade_history.asp?cLID=132733,,"WashingTex SenatoRangers (frazzman80) Players: Frank Baker '70 Cash: $0 Note: WTX sends the 1971 CIN 2nd round pick we own.
New York Nutcrackers (N4ser) Players: Harmon Killebrew '70, Luis Melendez '70 Cash: $0 Note:",frazzman80|n4ser,,executed WIS transaction,False,,,,,,,,WIS,132733-2,https://www.whatifsports.com/mlb-l/trade_history.asp?cLID=132733
wis-132733-3,11/13/2021 1:00:00 AM,1970,,,https://www.whatifsports.com/mlb-l/trade_history.asp?cLID=132733,,"Detroit Supremes (harrelson) Players: Andrew Sweeney '26 Cash: $0 Note: Plus Detroit's 3rd pick in 1972
Brooklyn Thunderbears (chargingryno) Players: Moe Drabowsky '70 Cash: $0 Note:",harrelson|chargingryno,,executed WIS transaction,False,,,,,,,,WIS,132733-3,https://www.whatifsports.com/mlb-l/trade_history.asp?cLID=132733
wis-132733-4,11/12/2021 9:00:00 AM,1970,,,https://www.whatifsports.com/mlb-l/trade_history.asp?cLID=132733,,"WashingTex SenatoRangers (frazzman80) Players: Steve Renko '70, Howie Reed '70, Ron Willis '70 Cash: $0 Note: WTX sends LA 1971 2nd we own, WTX 1971 2nd and P Juan Pizzaro (DL '71). BRK sends their 1st round pick in 1971, WAS 1971 3rd ro
Brooklyn Thunderbears (chargingryno) Players: Fritz Peterson '70 Cash: $0 Note:",frazzman80|chargingryno,,executed WIS transaction,True,,,,,,,,WIS,132733-4,https://www.whatifsports.com/mlb-l/trade_history.asp?cLID=132733
wis-132733-5,11/10/2021 2:00:00 PM,1970,,,https://www.whatifsports.com/mlb-l/trade_history.asp?cLID=132733,,"New York Eagles (just4me) Players: Luis Melendez '70 Cash: $5.0M Note: + NYE '73 2nd
New York Nutcrackers (N4ser) Players: Boog Powell '70 Cash: $0 Note:",just4me|n4ser,,executed WIS transaction,False,,,,,,,,WIS,132733-5,https://www.whatifsports.com/mlb-l/trade_history.asp?cLID=132733
wis-132733-6,11/8/2021 1:00:00 PM,1970,,,https://www.whatifsports.com/mlb-l/trade_history.asp?cLID=132733,,"New York Eagles (just4me) Players: Tanner Kimball '26 Cash: $3.0M Note: + NYE 2nd in '71
Pittsburg Tanagers (coldfoot) Players: Don Mincher '70 Cash: $0 Note:",just4me|coldfoot,,executed WIS transaction,False,,,,,,,,WIS,132733-6,https://www.whatifsports.com/mlb-l/trade_history.asp?cLID=132733
wis-132733-8,11/5/2021 6:00:00 PM,1970,,,https://www.whatifsports.com/mlb-l/trade_history.asp?cLID=132733,,"Brooklyn Thunderbears (chargingryno) Players: Tommy Davis '70 Cash: $0 Note: +LOM 3rd in 1971
Lombard iPackers (dbrom) Players: Tim Henson '26 Cash: $0 Note:",chargingryno|dbrom,,executed WIS transaction,False,,,,,,,,WIS,132733-8,https://www.whatifsports.com/mlb-l/trade_history.asp?cLID=132733
wis-132733-9,10/31/2021 9:00:00 PM,1970,,,https://www.whatifsports.com/mlb-l/trade_history.asp?cLID=132733,,"New York Eagles (just4me) Players: Lon Sneller '26 Cash: $0 Note: NYE 1971 3rd?
Brooklyn Thunderbears (chargingryno) Players: George Thomas '70 Cash: $0 Note:",just4me|chargingryno,,executed WIS transaction,False,,,,,,,,WIS,132733-9,https://www.whatifsports.com/mlb-l/trade_history.asp?cLID=132733
wis-133447-0,2/28/2022 2:00:00 PM,1971,,,https://www.whatifsports.com/mlb-l/trade_history.asp?cLID=133447,,"Brooklyn Thunderbears (chargingryno) Players: Mike Hedlund '71 Cash: $0 Note: +BRK 5th in 73 +BOS 3rd in 73
Boston Mods (eddiedzen) Players: Cash: $2.0M Note:",chargingryno|eddiedzen,,executed WIS transaction,False,,,,,,,,WIS,133447-0,https://www.whatifsports.com/mlb-l/trade_history.asp?cLID=133447
wis-133447-1,2/23/2022 11:00:00 AM,1971,,,https://www.whatifsports.com/mlb-l/trade_history.asp?cLID=133447,,"Brooklyn Thunderbears (chargingryno) Players: Cash: $200.0K Note: + BRK 74 3rd
New York Eagles (just4me) Players: Tony Taylor '71 Cash: $0 Note:",chargingryno|just4me,,executed WIS transaction,False,,,,,,,,WIS,133447-1,https://www.whatifsports.com/mlb-l/trade_history.asp?cLID=133447
wis-133447-2,2/19/2022 2:00:00 PM,1971,,,https://www.whatifsports.com/mlb-l/trade_history.asp?cLID=133447,,"Los Angeles Kings (jmarino2) Players: Willie Montanez '71 Cash: $0 Note: Any interest in a lefty /righty swap?
Kansas City Monarchs (poppapomp) Players: George Scott '71 Cash: $0 Note:",jmarino2|poppapomp,,executed WIS transaction,False,,,,,,,,WIS,133447-2,https://www.whatifsports.com/mlb-l/trade_history.asp?cLID=133447
wis-133447-3,2/10/2022 3:00:00 PM,1971,,,https://www.whatifsports.com/mlb-l/trade_history.asp?cLID=133447,,"SoCal Space Cadets '71 (crustydoc) Players: Cash: $0.0K Note: 3rd round pick in '72
New York Nutcrackers (N4ser) Players: Ellie Hendricks '71 Cash: $0 Note:",crustydoc|n4ser,,executed WIS transaction,False,,,,,,,,WIS,133447-3,https://www.whatifsports.com/mlb-l/trade_history.asp?cLID=133447
wis-133447-4,2/10/2022 12:00:00 PM,1971,,,https://www.whatifsports.com/mlb-l/trade_history.asp?cLID=133447,,"Brooklyn Thunderbears (chargingryno) Players: Steve Barber '71 Cash: $0 Note: +SOC 4th in 1973
SoCal Space Cadets '71 (crustydoc) Players: Cash: $500.0K Note:",chargingryno|crustydoc,,executed WIS transaction,False,,,,,,,,WIS,133447-4,https://www.whatifsports.com/mlb-l/trade_history.asp?cLID=133447
wis-133447-5,2/9/2022 5:00:00 PM,1971,,,https://www.whatifsports.com/mlb-l/trade_history.asp?cLID=133447,,"Philly CRYPTKEEPERS (cpdpoet) Players: Steve Dunning '71 Cash: $0 Note: ....and Philly's 72 3rd
Detroit Supremes 1971 (harrelson) Players: Sam McDowell '71 Cash: $0 Note:",cpdpoet|harrelson,,executed WIS transaction,False,,,,,,,,WIS,133447-5,https://www.whatifsports.com/mlb-l/trade_history.asp?cLID=133447
wis-133447-6,2/8/2022 7:00:00 PM,1971,,,https://www.whatifsports.com/mlb-l/trade_history.asp?cLID=133447,,"Detroit Supremes 1971 (harrelson) Players: Ron Santo '71, Moe Drabowsky '71 Cash: $0 Note: And I’ll give you back your 3rd round pick in 72.
Lombard iPackers (dbrom) Players: Danny Cater '71, Eric Soderholm '71 Cash: $0 Note:",harrelson|dbrom,,executed WIS transaction,False,,,,,,,,WIS,133447-6,https://www.whatifsports.com/mlb-l/trade_history.asp?cLID=133447
wis-133447-7,2/5/2022 4:00:00 PM,1971,,,https://www.whatifsports.com/mlb-l/trade_history.asp?cLID=133447,,"Detroit Supremes 1971 (harrelson) Players: Don Kessinger '71, Jack Aker '71 Cash: $0 Note: Plus my my 3rd pick in 73,
Los Angeles Kings (jmarino2) Players: Rick Auerbach '71, Juan Beniquez '71, Dave Laroche '71 Cash: $0 Note:",harrelson|jmarino2,,executed WIS transaction,False,,,,,,,,WIS,133447-7,https://www.whatifsports.com/mlb-l/trade_history.asp?cLID=133447
wis-133447-9,1/30/2022 1:00:00 AM,1971,,,https://www.whatifsports.com/mlb-l/trade_history.asp?cLID=133447,,"Los Angeles Kings (jmarino2) Players: Bob Barton '71 Cash: $0 Note:
Cincinnati Mudcats (fire13) Players: Jerry May '71, Dalton Jones '71 Cash: $0 Note:",jmarino2|fire13,,executed WIS transaction,False,,,,,,,,WIS,133447-9,https://www.whatifsports.com/mlb-l/trade_history.asp?cLID=133447
wis-133447-10,1/28/2022 11:00:00 AM,1971,,,https://www.whatifsports.com/mlb-l/trade_history.asp?cLID=133447,,"Brooklyn Thunderbears (chargingryno) Players: Jesus Alou '71 Cash: $0 Note: +BRK 3rd in 1973
Kansas City Monarchs (poppapomp) Players: Willie Mays '71 Cash: $0 Note:",chargingryno|poppapomp,,executed WIS transaction,False,,,,,,,,WIS,133447-10,https://www.whatifsports.com/mlb-l/trade_history.asp?cLID=133447
wis-133447-11,1/26/2022 12:00:00 PM,1971,,,https://www.whatifsports.com/mlb-l/trade_history.asp?cLID=133447,,"Lombard iPackers (dbrom) Players: Ron Swoboda '71 Cash: $0 Note: 3rd in 72 and 3rd in 73
Detroit Supremes 1971 (harrelson) Players: Don Buford '71 Cash: $0 Note:",dbrom|harrelson,,executed WIS transaction,False,,,,,,,,WIS,133447-11,https://www.whatifsports.com/mlb-l/trade_history.asp?cLID=133447
wis-133447-12,1/24/2022,1971,,,https://www.whatifsports.com/mlb-l/trade_history.asp?cLID=133447,,"Detroit Supremes 1971 (harrelson) Players: Mike Cuellar '71 Cash: $0 Note: LA Kings send their first pick in 1974.
Los Angeles Kings (jmarino2) Players: Joe Moeller '71 Cash: $0 Note:",harrelson|jmarino2,,executed WIS transaction,False,,,,,,,,WIS,133447-12,https://www.whatifsports.com/mlb-l/trade_history.asp?cLID=133447
wis-134068-0,5/7/2022 8:00:00 PM,1972,,,https://www.whatifsports.com/mlb-l/trade_history.asp?cLID=134068,,"San Francisco Seals (jmarino2) Players: Diego Segui '72, Phil Hennigan '72 Cash: $0 Note: Not interested in the other two
Philly CRYPTKEEPERS (cpdpoet) Players: Jim Lonborg '72 Cash: $0 Note: thnx for uber quick reply...this works...mahalo",jmarino2|cpdpoet,,executed WIS transaction,False,,,,,,,,WIS,134068-0,https://www.whatifsports.com/mlb-l/trade_history.asp?cLID=134068
wis-134068-1,5/7/2022,1972,,,https://www.whatifsports.com/mlb-l/trade_history.asp?cLID=134068,,"Pittsburg Tanagers (coldfoot) Players: Lee Lacy '72 Cash: $0 Note: SD 74 #2 to pitt
San Diego Quake (epup1975) Players: Manny Mota '72 Cash: $0 Note:",coldfoot|epup1975,,executed WIS transaction,False,,,,,,,,WIS,134068-1,https://www.whatifsports.com/mlb-l/trade_history.asp?cLID=134068
wis-134068-3,4/22/2022 2:00:00 PM,1972,,,https://www.whatifsports.com/mlb-l/trade_history.asp?cLID=134068,,"New York Times (Trentonjoe) Players: Juan Mouzin '26, Andrew Sizer '26 Cash: $0 Note: For NYT’s last first round pick and 5th round pick and Bostons 2nd and 4th.
Boston Plaids (eddiedzen) Players: Gene Clines '72 Cash: $0 Note:",trentonjoe|eddiedzen,,executed WIS transaction,True,,,,,,,,WIS,134068-3,https://www.whatifsports.com/mlb-l/trade_history.asp?cLID=134068
wis-134068-5,4/18/2022 5:00:00 PM,1972,,,https://www.whatifsports.com/mlb-l/trade_history.asp?cLID=134068,,"San Francisco Seals (jmarino2) Players: Bobby Tolan '72 Cash: $0 Note:
Lombard iPackers (dbrom) Players: Tommy Davis '72, Vada Pinson '72 Cash: $0 Note:",jmarino2|dbrom,,executed WIS transaction,False,,,,,,,,WIS,134068-5,https://www.whatifsports.com/mlb-l/trade_history.asp?cLID=134068
wis-134068-6,4/17/2022 6:00:00 PM,1972,,,https://www.whatifsports.com/mlb-l/trade_history.asp?cLID=134068,,"Chicago Thunderbears (chargingryno) Players: Phil Hennigan '72 Cash: $0 Note: +CHI 4th pick in 1975
San Francisco Seals (jmarino2) Players: Jim Shellenback '72 Cash: $0 Note:",chargingryno|jmarino2,,executed WIS transaction,False,,,,,,,,WIS,134068-6,https://www.whatifsports.com/mlb-l/trade_history.asp?cLID=134068
wis-134068-8,4/15/2022 11:00:00 PM,1972,,,https://www.whatifsports.com/mlb-l/trade_history.asp?cLID=134068,,"Chicago Thunderbears (chargingryno) Players: Rick Renick '72, Bill Gogolewski '72 Cash: $0 Note: +CHI 3rd in 75
'72 Houston Colt .45s (txelvis) Players: Al Kaline '72, John Strohmayer '72 Cash: $0 Note:",chargingryno|txelvis,,executed WIS transaction,False,,,,,,,,WIS,134068-8,https://www.whatifsports.com/mlb-l/trade_history.asp?cLID=134068
wis-134068-9,4/15/2022 2:00:00 AM,1972,,,https://www.whatifsports.com/mlb-l/trade_history.asp?cLID=134068,,"Texas Rangers (frazzman80) Players: Chuck Seelbach '72 Cash: $0 Note: Texas sends our 1973 5th and GA sends your 1974 3rd.
Georgia Browns '72 (ooooohdoggie) Players: Brian Downing '26 Cash: $0 Note: OK",frazzman80|ooooohdoggie,,executed WIS transaction,False,,,,,,,,WIS,134068-9,https://www.whatifsports.com/mlb-l/trade_history.asp?cLID=134068
wis-134068-10,4/13/2022 11:00:00 AM,1972,,,https://www.whatifsports.com/mlb-l/trade_history.asp?cLID=134068,,"New York Nutcrackers (N4ser) Players: Rick Renick '72 Cash: $0 Note: My 75 1st round pick
Chicago Thunderbears (chargingryno) Players: Chris Chambliss '72 Cash: $0 Note:",n4ser|chargingryno,,executed WIS transaction,True,,,,,,,,WIS,134068-10,https://www.whatifsports.com/mlb-l/trade_history.asp?cLID=134068
wis-134800-0,8/3/2022 2:00:00 AM,1973,,,https://www.whatifsports.com/mlb-l/trade_history.asp?cLID=134800,,"San Francisco Seals (jmarino2) Players: Winston Llenas '73, Carlos May '73, Tom Hilgendorf '73 Cash: $0 Note:
San Diego Quake (epup1975) Players: Tommy McCraw '73, George Stone '73, Bruce Dalcanton '73 Cash: $0 Note:",jmarino2|epup1975,,executed WIS transaction,False,,,,,,,,WIS,134800-0,https://www.whatifsports.com/mlb-l/trade_history.asp?cLID=134800
wis-134800-1,7/31/2022 11:00:00 PM,1973,,,https://www.whatifsports.com/mlb-l/trade_history.asp?cLID=134800,,"Chicago Thunderbears (chargingryno) Players: Cy Acosta '73 Cash: $0 Note: +CHI 1st in 74 +PHI 1st in 75 and 3rd in 74
Philly CRYPTKEEPERS (cpdpoet) Players: Juan Marichal '73 Cash: $0 Note: Exactly",chargingryno|cpdpoet,,executed WIS transaction,True,,,,,,,,WIS,134800-1,https://www.whatifsports.com/mlb-l/trade_history.asp?cLID=134800
wis-134800-2,7/19/2022 9:00:00 PM,1973,,,https://www.whatifsports.com/mlb-l/trade_history.asp?cLID=134800,,"San Francisco Seals (jmarino2) Players: Tommy Davis '73, Juan Marichal '73 Cash: $0 Note:
Philly CRYPTKEEPERS (cpdpoet) Players: Gene Clines '73, Jack Billingham '73, Steve Foucault '73 Cash: $0 Note:",jmarino2|cpdpoet,,executed WIS transaction,False,,,,,,,,WIS,134800-2,https://www.whatifsports.com/mlb-l/trade_history.asp?cLID=134800
wis-134800-3,7/8/2022 9:00:00 AM,1973,,,https://www.whatifsports.com/mlb-l/trade_history.asp?cLID=134800,,"Detroit Supremes (harrelson) Players: Bill Sudakis '73, Gary Ross '73 Cash: $0 Note:
Pittsburg Tanagers (coldfoot) Players: Dave Tomlin '73 Cash: $0 Note:",harrelson|coldfoot,,executed WIS transaction,False,,,,,,,,WIS,134800-3,https://www.whatifsports.com/mlb-l/trade_history.asp?cLID=134800
wis-135415-0,10/25/2022 11:00:00 AM,1974,,,https://www.whatifsports.com/mlb-l/trade_history.asp?cLID=135415,,"Texas Rangers (frazzman80) Players: Max Leon '74 Cash: $0 Note: Houston sends their 1975 3rd round pick
'74 Houston Colt .45s (txelvis) Players: Brian Penrod '26 Cash: $0 Note:",frazzman80|txelvis,,executed WIS transaction,False,,,,,,,,WIS,135415-0,https://www.whatifsports.com/mlb-l/trade_history.asp?cLID=135415
wis-135415-1,10/24/2022 3:00:00 PM,1974,,,https://www.whatifsports.com/mlb-l/trade_history.asp?cLID=135415,,"Pittsburg Tanagers (coldfoot) Players: Jim Willoughby '74 Cash: $0 Note:
Cincinnati Mudcats (fire13) Players: Dick Allen '74 Cash: $0 Note:",coldfoot|fire13,,executed WIS transaction,False,,,,,,,,WIS,135415-1,https://www.whatifsports.com/mlb-l/trade_history.asp?cLID=135415
wis-135415-3,10/24/2022 11:00:00 AM,1974,,,https://www.whatifsports.com/mlb-l/trade_history.asp?cLID=135415,,"Texas Rangers (frazzman80) Players: Jim Rooker '74 Cash: $0 Note: KC sends their 1975 2nd round pick.
Kansas City Monarchs (fire13) Players: Stan Bahnsen '74 Cash: $0 Note:",frazzman80|fire13,,executed WIS transaction,False,,,,,,,,WIS,135415-3,https://www.whatifsports.com/mlb-l/trade_history.asp?cLID=135415
wis-135415-4,10/16/2022 8:00:00 AM,1974,,,https://www.whatifsports.com/mlb-l/trade_history.asp?cLID=135415,,"‘74 Baltimore Orioles (DodgerDon) Players: Gene Michael '74 Cash: $0 Note:
SoCal Soace Cadets '74 (crustydoc) Players: Brooks Robinson '74 Cash: $0 Note:",dodgerdon|crustydoc,,executed WIS transaction,False,,,,,,,,WIS,135415-4,https://www.whatifsports.com/mlb-l/trade_history.asp?cLID=135415
wis-135415-5,10/7/2022,1974,,,https://www.whatifsports.com/mlb-l/trade_history.asp?cLID=135415,,"Oakland Bagchuckers (chrondon84) Players: Ron Santo '74 Cash: $0 Note:
Kansas City Monarchs (fire13) Players: Jim Dwyer '74 Cash: $0 Note:",chrondon84|fire13,,executed WIS transaction,False,,,,,,,,WIS,135415-5,https://www.whatifsports.com/mlb-l/trade_history.asp?cLID=135415
wis-135415-6,10/6/2022 3:00:00 PM,1974,,,https://www.whatifsports.com/mlb-l/trade_history.asp?cLID=135415,,"Oakland Bagchuckers (chrondon84) Players: Jim Willoughby '74 Cash: $0 Note: Oak 76 4th to Pittsburgh. Coldfoot admits he loves chrondon84 if he accepts.
Pittsburg Tanagers (coldfoot) Players: Joe Torre '74 Cash: $0 Note:",chrondon84|coldfoot,,executed WIS transaction,False,,,,,,,,WIS,135415-6,https://www.whatifsports.com/mlb-l/trade_history.asp?cLID=135415
wis-135415-7,10/5/2022 9:00:00 AM,1974,,,https://www.whatifsports.com/mlb-l/trade_history.asp?cLID=135415,,"Chicago Thunderbears (chargingryno) Players: Joe Torre '74 Cash: $0 Note: +Pit sends MIL 3rd in 75 +Chi sends 4th in 76
Pittsburg Tanagers (coldfoot) Players: Cash: $3.0M Note:",chargingryno|coldfoot,,executed WIS transaction,False,,,,,,,,WIS,135415-7,https://www.whatifsports.com/mlb-l/trade_history.asp?cLID=135415
wis-135415-8,10/4/2022 4:00:00 PM,1974,,,https://www.whatifsports.com/mlb-l/trade_history.asp?cLID=135415,,"Oakland Bagchuckers (chrondon84) Players: Dave Lemanczyk '74, Bill Slayback '74 Cash: $0 Note: Just take em. They have pitched well in Oakland. Could do some good in NY
New York Eagles (just4me) Players: Nathaniel Gerbasi '26 Cash: $0 Note:",chrondon84|just4me,,executed WIS transaction,False,,,,,,,,WIS,135415-8,https://www.whatifsports.com/mlb-l/trade_history.asp?cLID=135415
wis-135415-9,10/4/2022 10:00:00 AM,1974,,,https://www.whatifsports.com/mlb-l/trade_history.asp?cLID=135415,,"New York Eagles (just4me) Players: Derek Carr '26 Cash: $0 Note: + NYE '76 4th
Boston Plaids (eddiedzen) Players: Juan Marichal '74 Cash: $0 Note:",just4me|eddiedzen,,executed WIS transaction,False,,,,,,,,WIS,135415-9,https://www.whatifsports.com/mlb-l/trade_history.asp?cLID=135415
wis-135415-10,10/2/2022 1:00:00 AM,1974,,,https://www.whatifsports.com/mlb-l/trade_history.asp?cLID=135415,,"New York Times (Trentonjoe) Players: Dick Woodson '74, Tyler Montana '26 Cash: $0 Note:
Oakland Bagchuckers (chrondon84) Players: Cash: $0.0K Note:",trentonjoe|chrondon84,,executed WIS transaction,False,,,,,,,,WIS,135415-10,https://www.whatifsports.com/mlb-l/trade_history.asp?cLID=135415
wis-135415-11,9/30/2022 8:00:00 AM,1974,,,https://www.whatifsports.com/mlb-l/trade_history.asp?cLID=135415,,"Chicago Thunderbears (chargingryno) Players: Reggie Cleveland '74 Cash: $0 Note: +Mil 2nd in 75
Milwaukee Brewers (dbrom) Players: Cash: $4.0M Note:",chargingryno|dbrom,,executed WIS transaction,False,,,,,,,,WIS,135415-11,https://www.whatifsports.com/mlb-l/trade_history.asp?cLID=135415
wis-135415-12,9/29/2022 11:00:00 PM,1974,,,https://www.whatifsports.com/mlb-l/trade_history.asp?cLID=135415,,"Oakland Bagchuckers (chrondon84) Players: Dick Woodson '74 Cash: $0 Note: Part two of other trade
New York Times (Trentonjoe) Players: Ezequiel Biancaniello '26 Cash: $0 Note:",chrondon84|trentonjoe,,executed WIS transaction,False,,,,,,,,WIS,135415-12,https://www.whatifsports.com/mlb-l/trade_history.asp?cLID=135415
wis-135415-13,9/28/2022 1:00:00 PM,1974,,,https://www.whatifsports.com/mlb-l/trade_history.asp?cLID=135415,,"Chicago Thunderbears (chargingryno) Players: Cash: $3.0M Note: +Chi 2nd round pick in 75
San Fransisco Golden Seals (jmarino2) Players: Jose Cardenal '74 Cash: $0 Note:",chargingryno|jmarino2,,executed WIS transaction,False,,,,,,,,WIS,135415-13,https://www.whatifsports.com/mlb-l/trade_history.asp?cLID=135415
wis-135415-14,9/28/2022 2:00:00 AM,1974,,,https://www.whatifsports.com/mlb-l/trade_history.asp?cLID=135415,,"Pittsburg Tanagers (coldfoot) Players: Fred Norman '74 Cash: $0 Note: pitt 2 to sf
San Fransisco Golden Seals (jmarino2) Players: Larry Dierker '74, Steve Foucault '74 Cash: $0 Note:",coldfoot|jmarino2,,executed WIS transaction,False,,,,,,,,WIS,135415-14,https://www.whatifsports.com/mlb-l/trade_history.asp?cLID=135415
wis-135415-15,9/27/2022 7:00:00 PM,1974,,,https://www.whatifsports.com/mlb-l/trade_history.asp?cLID=135415,,"‘74 Baltimore Orioles (DodgerDon) Players: Larry Brown '74 Cash: $0 Note: + Bal sends 1976 2nd (if BAL makes ‘75 playoffs) or the best of their 1975 3rd round picks. (If BAL fails to make ‘75 playoffs)
Pittsburg Tanagers (coldfoot) Players: Paul Blair '74 Cash: $0 Note:",dodgerdon|coldfoot,,executed WIS transaction,False,,,,,,,,WIS,135415-15,https://www.whatifsports.com/mlb-l/trade_history.asp?cLID=135415
wis-135415-16,9/26/2022 7:00:00 PM,1974,,,https://www.whatifsports.com/mlb-l/trade_history.asp?cLID=135415,,"Boston Plaids (eddiedzen) Players: Cash: $0.0K Note: 4th round pick in 1975 from BOS.
Georgia Browns '74 (ooooohdoggie) Players: Juan Marichal '74 Cash: $0 Note:",eddiedzen|ooooohdoggie,,executed WIS transaction,False,,,,,,,,WIS,135415-16,https://www.whatifsports.com/mlb-l/trade_history.asp?cLID=135415
wis-135415-17,9/26/2022 1:00:00 PM,1974,,,https://www.whatifsports.com/mlb-l/trade_history.asp?cLID=135415,,"Philly CRYPTKEEPERS (cpdpoet) Players: Randy Moffitt '74 Cash: $0 Note: This work?
New York Nutcrackers (N4ser) Players: Clay Kirby '74 Cash: $0 Note:",cpdpoet|n4ser,,executed WIS transaction,False,,,,,,,,WIS,135415-17,https://www.whatifsports.com/mlb-l/trade_history.asp?cLID=135415
wis-135415-18,9/25/2022 9:00:00 PM,1974,,,https://www.whatifsports.com/mlb-l/trade_history.asp?cLID=135415,,"‘74 Baltimore Orioles (DodgerDon) Players: Tony Solaita '74, Elliott Maddox '74 Cash: $0 Note: Bal receives 1975 3rd round pick from Philly
Philly CRYPTKEEPERS (cpdpoet) Players: Tommy Davis '74, Ed Farmer '74 Cash: $0 Note:",dodgerdon|cpdpoet,,executed WIS transaction,False,,,,,,,,WIS,135415-18,https://www.whatifsports.com/mlb-l/trade_history.asp?cLID=135415
wis-135415-19,9/23/2022 10:00:00 PM,1974,,,https://www.whatifsports.com/mlb-l/trade_history.asp?cLID=135415,,"San Fransisco Golden Seals (jmarino2) Players: Elliott Maddox '74 Cash: $0 Note: My 1st for your 2nd in 1975
‘74 Baltimore Orioles (DodgerDon) Players: Bobby Murcer '74 Cash: $0 Note:",jmarino2|dodgerdon,,executed WIS transaction,True,,,,,,,,WIS,135415-19,https://www.whatifsports.com/mlb-l/trade_history.asp?cLID=135415
wis-135415-20,9/22/2022 8:00:00 PM,1974,,,https://www.whatifsports.com/mlb-l/trade_history.asp?cLID=135415,,"Pittsburg Tanagers (coldfoot) Players: Willie Crawford '74 Cash: $0 Note: pitt sends 75#3 to nye, nye send 75 #2 to pitt
New York Eagles (just4me) Players: David Cain '26 Cash: $2.0M Note:",coldfoot|just4me,,executed WIS transaction,False,,,,,,,,WIS,135415-20,https://www.whatifsports.com/mlb-l/trade_history.asp?cLID=135415
wis-135415-21,9/21/2022 1:00:00 PM,1974,,,https://www.whatifsports.com/mlb-l/trade_history.asp?cLID=135415,,"Pittsburg Tanagers (coldfoot) Players: Ellie Rodriguez '74 Cash: $0 Note: milw sends 75 #3 to pitt
Milwaukee Brewers (dbrom) Players: Jack Heidemann '74 Cash: $0 Note:",coldfoot|dbrom,,executed WIS transaction,False,,,,,,,,WIS,135415-21,https://www.whatifsports.com/mlb-l/trade_history.asp?cLID=135415
wis-135415-22,9/20/2022,1974,,,https://www.whatifsports.com/mlb-l/trade_history.asp?cLID=135415,,"Chicago Thunderbears (chargingryno) Players: Juan Marichal '74, Paul Splittorff '74 Cash: $0 Note: +PHI 1st to GB
Georgia Browns '74 (ooooohdoggie) Players: Catfish Hunter '74, Bart Johnson '74 Cash: $0 Note:",chargingryno|ooooohdoggie,,executed WIS transaction,True,,,,,,,,WIS,135415-22,https://www.whatifsports.com/mlb-l/trade_history.asp?cLID=135415
wis-136079-0,1/12/2023 2:00:00 PM,1975,,,https://www.whatifsports.com/mlb-l/trade_history.asp?cLID=136079,,"Milwaukee Brewers (dbrom) Players: Steve Hargan '75 Cash: $0 Note: Milwaukee's 3rd in 77
Chicago Thunderbears (chargingryno) Players: Steve Busby '75 Cash: $0 Note:",dbrom|chargingryno,,executed WIS transaction,False,,,,,,,,WIS,136079-0,https://www.whatifsports.com/mlb-l/trade_history.asp?cLID=136079
wis-136079-1,1/4/2023 5:00:00 PM,1975,,,https://www.whatifsports.com/mlb-l/trade_history.asp?cLID=136079,,"Texas Rangers (frazzman80) Players: Ed Brinkman '75, Orlando Ramirez '75 Cash: $0 Note: TEX sends our 1976 3rd round pick.
SoCal Space Cadets ‘75 (crustydoc) Players: Denny Doyle '75, Danny Thompson '75 Cash: $0 Note:",frazzman80|crustydoc,,executed WIS transaction,False,,,,,,,,WIS,136079-1,https://www.whatifsports.com/mlb-l/trade_history.asp?cLID=136079
wis-136079-2,12/21/2022 10:00:00 AM,1975,,,https://www.whatifsports.com/mlb-l/trade_history.asp?cLID=136079,,"Chicago Thunderbears (chargingryno) Players: Buzz Capra '75 Cash: $0 Note: +76 2nd and 77 5th
Kansas City Monarchs (fire13) Players: Al Hrabosky '75 Cash: $0 Note:",chargingryno|fire13,,executed WIS transaction,False,,,,,,,,WIS,136079-2,https://www.whatifsports.com/mlb-l/trade_history.asp?cLID=136079
wis-136079-3,12/20/2022 9:00:00 AM,1975,,,https://www.whatifsports.com/mlb-l/trade_history.asp?cLID=136079,,"Chicago Thunderbears (chargingryno) Players: Gene Pentz '75 Cash: $0 Note: +OAK 3rd in 1977 to Nutcrackers
New York Nutcrackers (N4ser) Players: Bob Apodaca '75 Cash: $0 Note:",chargingryno|n4ser,,executed WIS transaction,False,,,,,,,,WIS,136079-3,https://www.whatifsports.com/mlb-l/trade_history.asp?cLID=136079
wis-136079-4,12/18/2022 2:00:00 PM,1975,,,https://www.whatifsports.com/mlb-l/trade_history.asp?cLID=136079,,"1975 Baltimore Orioles (DodgerDon) Players: Jim Slaton '75 Cash: $0 Note:
Montreal Cobblestones (ff09) Players: Mike Torrez '75 Cash: $0 Note:",dodgerdon|ff09,,executed WIS transaction,False,,,,,,,,WIS,136079-4,https://www.whatifsports.com/mlb-l/trade_history.asp?cLID=136079
wis-136079-5,12/17/2022,1975,,,https://www.whatifsports.com/mlb-l/trade_history.asp?cLID=136079,,"Oakland Bagchuckers (chrondon84) Players: Jim Dwyer '75 Cash: $0 Note: Oak 2nd and 3rd in 1977 to Chi, Chi sends back Oaklands 4th in 76 and the worst/last of Chi's 4th round picks in 1977.
Chicago Thunderbears (chargingryno) Players: Jose Cardenal '75, Don Carrithers '75 Cash: $0 Note:",chrondon84|chargingryno,,executed WIS transaction,False,,,,,,,,WIS,136079-5,https://www.whatifsports.com/mlb-l/trade_history.asp?cLID=136079
wis-136079-6,12/16/2022 6:00:00 PM,1975,,,https://www.whatifsports.com/mlb-l/trade_history.asp?cLID=136079,,"Chicago Thunderbears (chargingryno) Players: Bob Bailey '75, Bob Moose '75 Cash: $0 Note: Hou #1 to pitt, CHI and oak 4 to CHI, CHI 77 3 to pitt
Pittsburg Tanagers (coldfoot) Players: Richie Zisk '75 Cash: $0 Note:",chargingryno|coldfoot,,executed WIS transaction,False,,,,,,,,WIS,136079-6,https://www.whatifsports.com/mlb-l/trade_history.asp?cLID=136079
wis-136079-7,12/11/2022 9:00:00 PM,1975,,,https://www.whatifsports.com/mlb-l/trade_history.asp?cLID=136079,,"Cincinnati Mudcats (fire13) Players: Richard Dibenedetto '26 Cash: $0 Note: + CIN 1977 2nd round pick to PIT
Pittsburg Tanagers (coldfoot) Players: Dyar Miller '75 Cash: $0 Note:",fire13|coldfoot,,executed WIS transaction,False,,,,,,,,WIS,136079-7,https://www.whatifsports.com/mlb-l/trade_history.asp?cLID=136079
wis-136079-8,12/5/2022,1975,,,https://www.whatifsports.com/mlb-l/trade_history.asp?cLID=136079,,"Pittsburg Tanagers (coldfoot) Players: Steve Yeager '75, Joe Torre '75, Ben Oglivie '75 Cash: $0 Note: nyn send their 76 #2 to pitt
New York Nutcrackers (N4ser) Players: Andre Thornton '75 Cash: $0 Note:",coldfoot|n4ser,,executed WIS transaction,False,,,,,,,,WIS,136079-8,https://www.whatifsports.com/mlb-l/trade_history.asp?cLID=136079
wis-136079-9,12/2/2022 5:00:00 PM,1975,,,https://www.whatifsports.com/mlb-l/trade_history.asp?cLID=136079,,"SoCal Space Cadets ‘75 (crustydoc) Players: Doug Rau '75 Cash: $0 Note:
Texas Rangers (frazzman80) Players: Tom Underwood '75 Cash: $0 Note:",crustydoc|frazzman80,,executed WIS transaction,False,,,,,,,,WIS,136079-9,https://www.whatifsports.com/mlb-l/trade_history.asp?cLID=136079
wis-136747-0,3/22/2023 2:00:00 AM,1976,,,https://www.whatifsports.com/mlb-l/trade_history.asp?cLID=136747,,"Kansas City Monarchs (fire13) Players: Jim Kaat '76 Cash: $0 Note: NYE get KC 1st rounder KC gets MIL 3rd rounder via NYE
New York Eagles (just4me) Players: Randy Jones '76 Cash: $0 Note:",fire13|just4me,,executed WIS transaction,True,,,,,,,,WIS,136747-0,https://www.whatifsports.com/mlb-l/trade_history.asp?cLID=136747
wis-137487-0,6/27/2023 5:00:00 PM,1977,,,https://www.whatifsports.com/mlb-l/trade_history.asp?cLID=137487,,"Chicago Thunderbears (chargingryno) Players: Don Hood '77 Cash: $0 Note: +PIT 78 4th
Pittsburgh Tanagers (coldfoot) Players: Bob Apodaca '77 Cash: $0 Note:",chargingryno|coldfoot,,executed WIS transaction,False,,,,,,,,WIS,137487-0,https://www.whatifsports.com/mlb-l/trade_history.asp?cLID=137487
wis-137487-1,6/26/2023 7:00:00 PM,1977,,,https://www.whatifsports.com/mlb-l/trade_history.asp?cLID=137487,,"Seattle Sea Snakes (Pi_Kapp) Players: Bill Campbell '77 Cash: $0 Note:
Pittsburgh Tanagers (coldfoot) Players: Tommy Boggs '77 Cash: $0 Note:",pi_kapp|coldfoot,,executed WIS transaction,False,,,,,,,,WIS,137487-1,https://www.whatifsports.com/mlb-l/trade_history.asp?cLID=137487
wis-137487-2,6/26/2023 8:00:00 AM,1977,,,https://www.whatifsports.com/mlb-l/trade_history.asp?cLID=137487,,"Texas Rangers (frazzman80) Players: Dirk NOUSEY '26 Cash: $0 Note: Texas sends the GA 4th we own and both our 4th and 5th round picks in 1978.
Cleveland Indians (kros2) Players: John Urrea '77 Cash: $0 Note:",frazzman80|kros2,,executed WIS transaction,False,,,,,,,,WIS,137487-2,https://www.whatifsports.com/mlb-l/trade_history.asp?cLID=137487
wis-137487-3,6/22/2023,1977,,,https://www.whatifsports.com/mlb-l/trade_history.asp?cLID=137487,,"Philly CRYPTKEEPERS (cpdpoet) Players: Pat Zachry '77 Cash: $0 Note: Ellis helps me now and Zachry helps you in the future?
Seattle Sea Snakes (Pi_Kapp) Players: Dock Ellis '77 Cash: $0 Note:",cpdpoet|pi_kapp,,executed WIS transaction,False,,,,,,,,WIS,137487-3,https://www.whatifsports.com/mlb-l/trade_history.asp?cLID=137487
wis-137487-4,6/19/2023 12:00:00 PM,1977,,,https://www.whatifsports.com/mlb-l/trade_history.asp?cLID=137487,,"Chicago Thunderbears (chargingryno) Players: Steve Foucault '77 Cash: $0 Note: + PIT 78 3rd to CHI
New York Times (Trentonjoe) Players: Bob Galasso '77 Cash: $0 Note:",chargingryno|trentonjoe,,executed WIS transaction,False,,,,,,,,WIS,137487-4,https://www.whatifsports.com/mlb-l/trade_history.asp?cLID=137487
wis-137487-5,6/17/2023 12:00:00 PM,1977,,,https://www.whatifsports.com/mlb-l/trade_history.asp?cLID=137487,,"Pittsburgh Tanagers (coldfoot) Players: Thurman Munson '77, Ron LeFlore '77 Cash: $0 Note: Ny #1 to pitt. Top 5 protected. If top 5 pitt gets 79 ny #1 and ny 78 #3. Same rules apply to 79 #1, top 5 protected.
New York Times (Trentonjoe) Players: Tim McCarver '77, Joe Nolan '77, Gene Clines '77 Cash: $0 Note:",coldfoot|trentonjoe,,executed WIS transaction,False,,,,,,,,WIS,137487-5,https://www.whatifsports.com/mlb-l/trade_history.asp?cLID=137487
wis-137487-6,6/10/2023 8:00:00 PM,1977,,,https://www.whatifsports.com/mlb-l/trade_history.asp?cLID=137487,,"Chicago Thunderbears (chargingryno) Players: Bob Apodaca '77 Cash: $0 Note: +CHI 2nd - if it's bottom 10 - CHI sends 79 3rd for PIT 4th
Pittsburgh Tanagers (coldfoot) Players: Steve Foucault '77 Cash: $0 Note:",chargingryno|coldfoot,,executed WIS transaction,False,,,,,,,,WIS,137487-6,https://www.whatifsports.com/mlb-l/trade_history.asp?cLID=137487
wis-137487-7,6/8/2023 10:00:00 AM,1977,,,https://www.whatifsports.com/mlb-l/trade_history.asp?cLID=137487,,"Oakland Bagchuckers (chrondon84) Players: Ted Cox '77 Cash: $0 Note: Oakland 2nd in 1979 to pit.
Pittsburgh Tanagers (coldfoot) Players: Otto Velez '77 Cash: $0 Note:",chrondon84|coldfoot,,executed WIS transaction,False,,,,,,,,WIS,137487-7,https://www.whatifsports.com/mlb-l/trade_history.asp?cLID=137487
wis-137487-8,6/6/2023 4:00:00 PM,1977,,,https://www.whatifsports.com/mlb-l/trade_history.asp?cLID=137487,,"Georgia Dawgs (chargingryno) Players: Steve Braun '77 Cash: $0 Note: +HOU 4th
Houston Colt .45s '77 (txelvis) Players: Cash: $2.0M Note:",chargingryno|txelvis,,executed WIS transaction,False,,,,,,,,WIS,137487-8,https://www.whatifsports.com/mlb-l/trade_history.asp?cLID=137487
wis-137487-10,5/31/2023 6:00:00 PM,1977,,,https://www.whatifsports.com/mlb-l/trade_history.asp?cLID=137487,,"SoCal Space Cadets '77 (crustydoc) Players: Thurman Munson '77, Ron LeFlore '77 Cash: $0 Note: And Pittsburgh’s 1st rounder in 1979.
Pittsburgh Tanagers (coldfoot) Players: George Mitterwald '77 Cash: $0 Note:",crustydoc|coldfoot,,executed WIS transaction,True,,,,,,,,WIS,137487-10,https://www.whatifsports.com/mlb-l/trade_history.asp?cLID=137487
wis-137487-11,5/28/2023 12:00:00 PM,1977,,,https://www.whatifsports.com/mlb-l/trade_history.asp?cLID=137487,,"Pittsburgh Tanagers (coldfoot) Players: Morrie Gettys '26 Cash: $0 Note: oak 79 #3 to balt
Baltimore Orioles 1977 (DodgerDon) Players: Wayne Gross '77 Cash: $0 Note:",coldfoot|dodgerdon,,executed WIS transaction,False,,,,,,,,WIS,137487-11,https://www.whatifsports.com/mlb-l/trade_history.asp?cLID=137487
wis-137487-12,5/24/2023 12:00:00 PM,1977,,,https://www.whatifsports.com/mlb-l/trade_history.asp?cLID=137487,,"Chicago Thunderbears (chargingryno) Players: Jackie Brown '77, Jack Morris '77 Cash: $0 Note:
SoCal Space Cadets '77 (crustydoc) Players: Joe Niekro '77 Cash: $0 Note:",chargingryno|crustydoc,,executed WIS transaction,False,,,,,,,,WIS,137487-12,https://www.whatifsports.com/mlb-l/trade_history.asp?cLID=137487
wis-137487-13,5/23/2023 9:00:00 PM,1977,,,https://www.whatifsports.com/mlb-l/trade_history.asp?cLID=137487,,"Detroit Supremes (harrelson) Players: Mike Champion '77, Dave Tomlin '77 Cash: $0 Note: Plus my 1st round pick in 78.
SoCal Space Cadets '77 (crustydoc) Players: Dave Chalk '77, Gary Lavelle '77 Cash: $0 Note:",harrelson|crustydoc,,executed WIS transaction,True,,,,,,,,WIS,137487-13,https://www.whatifsports.com/mlb-l/trade_history.asp?cLID=137487
wis-137487-14,5/23/2023 2:00:00 PM,1977,,,https://www.whatifsports.com/mlb-l/trade_history.asp?cLID=137487,,"Pittsburgh Tanagers (coldfoot) Players: Jerry Turner '77 Cash: $0 Note: Oak 79 3 to pitt
Oakland Bagchuckers (chrondon84) Players: Morrie Gettys '26 Cash: $0 Note:",coldfoot|chrondon84,,executed WIS transaction,False,,,,,,,,WIS,137487-14,https://www.whatifsports.com/mlb-l/trade_history.asp?cLID=137487
wis-137487-15,5/22/2023 9:00:00 AM,1977,,,https://www.whatifsports.com/mlb-l/trade_history.asp?cLID=137487,,"Seattle Sea Snakes (Pi_Kapp) Players: Steve Ontiveros '77, Pedro Borbon '77 Cash: $0 Note: And Milwaukee s 3rd
Milwaukee Brewers (dbrom) Players: Larry Parrish '77, Fred Holdsworth '77 Cash: $0 Note:",pi_kapp|dbrom,,executed WIS transaction,False,,,,,,,,WIS,137487-15,https://www.whatifsports.com/mlb-l/trade_history.asp?cLID=137487
wis-138127-0,9/26/2023 7:00:00 PM,1978,,,https://www.whatifsports.com/mlb-l/trade_history.asp?cLID=138127,,"Seattle Sea Snakes (Pi_Kapp) Players: Ron Schueler '78 Cash: $0 Note: And my second round pick in the upcoming draft
Toronto Blue Jays (tedcogswell) Players: Ken Landreaux '78 Cash: $0 Note:",pi_kapp|tedcogswell,,executed WIS transaction,False,,,,,,,,WIS,138127-0,https://www.whatifsports.com/mlb-l/trade_history.asp?cLID=138127
wis-138127-1,9/25/2023 1:00:00 PM,1978,,,https://www.whatifsports.com/mlb-l/trade_history.asp?cLID=138127,,"Pittsburg Tanagers (coldfoot) Players: Andre Thornton '78 Cash: $0 Note: pitt 79 #2 to phil, phil 80 #1 to pitt
Philly CRYPTKEEPERS (cpdpoet) Players: Manny Sanguillen '78 Cash: $0 Note:",coldfoot|cpdpoet,,executed WIS transaction,False,,,,,,,,WIS,138127-1,https://www.whatifsports.com/mlb-l/trade_history.asp?cLID=138127
wis-138127-2,9/25/2023 1:00:00 PM,1978,,,https://www.whatifsports.com/mlb-l/trade_history.asp?cLID=138127,,"Pittsburg Tanagers (coldfoot) Players: Rick Monday '78 Cash: $0 Note: 80 pitt #3 to cinncy, 80 cincy #2 to pitt
Cincinnati Mudcats (fire13) Players: Dedric Mink '26 Cash: $0 Note:",coldfoot|fire13,,executed WIS transaction,False,,,,,,,,WIS,138127-2,https://www.whatifsports.com/mlb-l/trade_history.asp?cLID=138127
wis-138127-3,9/24/2023 4:00:00 PM,1978,,,https://www.whatifsports.com/mlb-l/trade_history.asp?cLID=138127,,"Chicago Cornhuskers (wgasa) Players: Brian Asselstine '78 Cash: $0 Note: + Cornhuskers 1979 3rd rd pick
Oakland Bagchuckers (chrondon84) Players: Otto Velez '78 Cash: $0 Note:",wgasa|chrondon84,,executed WIS transaction,False,,,,,,,,WIS,138127-3,https://www.whatifsports.com/mlb-l/trade_history.asp?cLID=138127
wis-138127-4,9/11/2023 9:00:00 PM,1978,,,https://www.whatifsports.com/mlb-l/trade_history.asp?cLID=138127,,"Detroit Supremes 78 (harrelson) Players: Willie McCovey '78 Cash: $0 Note: plus my 2nd round pick in 79
Pittsburg Tanagers (coldfoot) Players: Kip Young '78 Cash: $0 Note:",harrelson|coldfoot,,executed WIS transaction,False,,,,,,,,WIS,138127-4,https://www.whatifsports.com/mlb-l/trade_history.asp?cLID=138127
wis-138127-5,9/9/2023 12:00:00 PM,1978,,,https://www.whatifsports.com/mlb-l/trade_history.asp?cLID=138127,,"Pittsburg Tanagers (coldfoot) Players: Vida Blue '78, Don Hood '78, John Hiller '78 Cash: $0 Note: CHI send 80 1 and 2 to pitt, 81 2 to pitt, 79 and 80 4 to pitt. Pitt sends their worst 79 3 to CHI, and 80 3 to CHI.
Chicago Thunderbears (chargingryno) Players: Steve Burke '78, Preston Hanna '78, Dave Roberts '78 Cash: $0 Note:",coldfoot|chargingryno,,executed WIS transaction,False,,,,,,,,WIS,138127-5,https://www.whatifsports.com/mlb-l/trade_history.asp?cLID=138127
wis-138127-6,9/6/2023 6:00:00 AM,1978,,,https://www.whatifsports.com/mlb-l/trade_history.asp?cLID=138127,,"Texas Rangers (frazzman80) Players: Rick Miller '78 Cash: $0 Note: Texas sends our 1979 2nd and CLE sends their 1979 3rd.
Cleveland Indians (kros2) Players: Bobby Bonds '78 Cash: $0 Note:",frazzman80|kros2,,executed WIS transaction,False,,,,,,,,WIS,138127-6,https://www.whatifsports.com/mlb-l/trade_history.asp?cLID=138127
wis-138127-7,8/27/2023 5:00:00 PM,1978,,,https://www.whatifsports.com/mlb-l/trade_history.asp?cLID=138127,,"Seattle Sea Snakes (Pi_Kapp) Players: Aurelio Trieloff '26 Cash: $0 Note: And my 3rd in the upcoming draft
New York Nutcrackers (N4ser) Players: Marty Pattin '78 Cash: $0 Note:",pi_kapp|n4ser,,executed WIS transaction,False,,,,,,,,WIS,138127-7,https://www.whatifsports.com/mlb-l/trade_history.asp?cLID=138127
wis-138127-8,8/26/2023 3:00:00 PM,1978,,,https://www.whatifsports.com/mlb-l/trade_history.asp?cLID=138127,,"Oakland Bagchuckers (chrondon84) Players: Luis Machesky '26 Cash: $0 Note: Oakland 5th in 1980 draft to chicago.
Chicago Thunderbears (chargingryno) Players: Dan Norman '78 Cash: $0 Note:",chrondon84|chargingryno,,executed WIS transaction,False,,,,,,,,WIS,138127-8,https://www.whatifsports.com/mlb-l/trade_history.asp?cLID=138127
wis-138842-0,1/10/2024 9:00:00 PM,1979,,,https://www.whatifsports.com/mlb-l/trade_history.asp?cLID=138842,,"Texas Rangers (frazzman80) Players: Spencer NOUSEY '26 Cash: $0 Note: Texas sends our 1980 4th, MIL sends their 1980 5th.
Milwaukee Brewers (dbrom) Players: Steve Dillard '79 Cash: $0 Note:",frazzman80|dbrom,,executed WIS transaction,False,,,,,,,,WIS,138842-0,https://www.whatifsports.com/mlb-l/trade_history.asp?cLID=138842
wis-138842-1,12/29/2023 12:00:00 PM,1979,,,https://www.whatifsports.com/mlb-l/trade_history.asp?cLID=138842,,"Cleveland Indians (harrelson) Players: Jim Bibby '79 Cash: $0 Note: Plus Pitt's 2nd pick in 1980 draft.
Pittsburg Tanagers (coldfoot) Players: Bill Campbell '79 Cash: $0 Note:",harrelson|coldfoot,,executed WIS transaction,False,,,,,,,,WIS,138842-1,https://www.whatifsports.com/mlb-l/trade_history.asp?cLID=138842
wis-138842-2,12/22/2023 9:00:00 AM,1979,,,https://www.whatifsports.com/mlb-l/trade_history.asp?cLID=138842,,"Milwaukee Brewers (dbrom) Players: Cash: $800.0K Note: 80 4th round pick
New York Nutcrackers (N4ser) Players: Bob Randall '79 Cash: $0 Note:",dbrom|n4ser,,executed WIS transaction,False,,,,,,,,WIS,138842-2,https://www.whatifsports.com/mlb-l/trade_history.asp?cLID=138842
wis-138842-3,12/15/2023 8:00:00 PM,1979,,,https://www.whatifsports.com/mlb-l/trade_history.asp?cLID=138842,,"Minnetonka Moon Dawgs (chargingryno) Players: Bill Travers '79, Roger Erickson '79 Cash: $0 Note: +MIN 2nd in 1980 and 3rd in 1981
Seattle Sea Snakes (Pi_Kapp) Players: Steve Stone '79, Enrique Romo '79 Cash: $0 Note:",chargingryno|pi_kapp,,executed WIS transaction,False,,,,,,,,WIS,138842-3,https://www.whatifsports.com/mlb-l/trade_history.asp?cLID=138842
wis-138842-4,12/9/2023 4:00:00 PM,1979,,,https://www.whatifsports.com/mlb-l/trade_history.asp?cLID=138842,,"Cleveland Indians (harrelson) Players: Luis Tiant '79 Cash: $0 Note: Plus Cleveland's 2nd pick in 80 for Thunderbears 4th pick in 80.
Chicago Thunderbears (chargingryno) Players: Jim Dwyer '79, Don Robinson '79 Cash: $0 Note:",harrelson|chargingryno,,executed WIS transaction,False,,,,,,,,WIS,138842-4,https://www.whatifsports.com/mlb-l/trade_history.asp?cLID=138842
wis-139517-0,4/5/2024 12:00:00 PM,1980,,,https://www.whatifsports.com/mlb-l/trade_history.asp?cLID=139517,,"Houston Astros '80 (Frazzman80) Players: Mike Jorgensen '80 Cash: $0 Note: Houston send the Chicago Cornhuskers 1981 2nd they own.
New York Nutcrackers (N4ser) Players: Jeff Burroughs '80 Cash: $0 Note:",frazzman80|n4ser,,executed WIS transaction,False,,,,,,,,WIS,139517-0,https://www.whatifsports.com/mlb-l/trade_history.asp?cLID=139517
wis-139517-1,4/3/2024 2:00:00 AM,1980,,,https://www.whatifsports.com/mlb-l/trade_history.asp?cLID=139517,,"Pittsburg Tanagers (coldfoot) Players: Paul Moskau '80 Cash: $0 Note: pitt sends Seattle chi 81 #2 and philly 81 #3 Seattle sends pitt sea 82 #3
Seattle Sea Snakes (Pi_Kapp) Players: Tommy Boggs '80 Cash: $0 Note:",coldfoot|pi_kapp,,executed WIS transaction,False,,,,,,,,WIS,139517-1,https://www.whatifsports.com/mlb-l/trade_history.asp?cLID=139517
wis-139517-2,4/1/2024 1:00:00 PM,1980,,,https://www.whatifsports.com/mlb-l/trade_history.asp?cLID=139517,,"Baltimore Orioles 1980 (DodgerDon) Players: Zachery Kirkham '26 Cash: $0 Note: + BAL 1982 3rd
Cleveland Indians (harrelson) Players: Jim Dwyer '80 Cash: $0 Note:",dodgerdon|harrelson,,executed WIS transaction,False,,,,,,,,WIS,139517-2,https://www.whatifsports.com/mlb-l/trade_history.asp?cLID=139517
wis-139517-3,3/29/2024 9:00:00 PM,1980,,,https://www.whatifsports.com/mlb-l/trade_history.asp?cLID=139517,,"Oakland Bagchuckers (chrondon84) Players: Larry Cox '80 Cash: $0 Note: Your 5th to OAK
Cincinnati Reds (MVW) Players: Cash: $0.0K Note:",chrondon84|mvw,,executed WIS transaction,False,,,,,,,,WIS,139517-3,https://www.whatifsports.com/mlb-l/trade_history.asp?cLID=139517
wis-139517-4,3/29/2024 2:00:00 PM,1980,,,https://www.whatifsports.com/mlb-l/trade_history.asp?cLID=139517,,"Minnesota Twins (schwingkid) Players: Luis Gomez '80, Rick Bosetti '80, Paul Splittorff '80 Cash: $0 Note: Minnesota's 2nd, 4th, 5th
Oakland Bagchuckers (chrondon84) Players: Joe Strain '80, Sam Mejias '80, Marty Bystrom '80 Cash: $0 Note:",schwingkid|chrondon84,,executed WIS transaction,False,,,,,,,,WIS,139517-4,https://www.whatifsports.com/mlb-l/trade_history.asp?cLID=139517
wis-139517-5,3/14/2024 11:00:00 AM,1980,,,https://www.whatifsports.com/mlb-l/trade_history.asp?cLID=139517,,"New York Eagles (just4me) Players: Bennie Gore '26 Cash: $0 Note: Both teams are also swapping 3rd round picks.
Pittsburg Tanagers (coldfoot) Players: Luis Tiant '80 Cash: $0 Note:",just4me|coldfoot,,executed WIS transaction,False,,,,,,,,WIS,139517-5,https://www.whatifsports.com/mlb-l/trade_history.asp?cLID=139517
wis-139517-6,3/12/2024 9:00:00 AM,1980,,,https://www.whatifsports.com/mlb-l/trade_history.asp?cLID=139517,,"Boston Yacht Rockers (eddiedzen) Players: Doc Medich '80 Cash: $0 Note: And the Yacht Rockers’ 1st round pick in 1981.
Pittsburg Tanagers (coldfoot) Players: Brian Downing '80, Darrell Jackson '80 Cash: $0 Note:",eddiedzen|coldfoot,,executed WIS transaction,True,,,,,,,,WIS,139517-6,https://www.whatifsports.com/mlb-l/trade_history.asp?cLID=139517
wis-139517-7,3/9/2024 2:00:00 PM,1980,,,https://www.whatifsports.com/mlb-l/trade_history.asp?cLID=139517,,"Pittsburg Tanagers (coldfoot) Players: Calvin Sinclair '26 Cash: $0 Note: Pitt 81 #2 to Philly, Philly 81 #3 to pitt
Philly CRYPTKEEPERS (cpdpoet) Players: Paul Moskau '80 Cash: $0 Note:",coldfoot|cpdpoet,,executed WIS transaction,False,,,,,,,,WIS,139517-7,https://www.whatifsports.com/mlb-l/trade_history.asp?cLID=139517
wis-139517-8,3/6/2024 2:00:00 AM,1980,,,https://www.whatifsports.com/mlb-l/trade_history.asp?cLID=139517,,"Cincinnati Reds (MVW) Players: Sammy Stewart '80, Kent Tekulve '80 Cash: $0 Note: Plus you get my 1981 1st Round pick.
Montreal Islands (cpdpoet) Players: Duane Kuiper '80, Mike Norris '80 Cash: $0 Note: ...done.",mvw|cpdpoet,,executed WIS transaction,True,,,,,,,,WIS,139517-8,https://www.whatifsports.com/mlb-l/trade_history.asp?cLID=139517
wis-139517-9,3/5/2024 6:00:00 PM,1980,,,https://www.whatifsports.com/mlb-l/trade_history.asp?cLID=139517,,"Chicago Thunderbears (chargingryno) Players: Luis Tiant '80 Cash: $0 Note: +chi 1st in 82 to pit +pit 2nd in 82 to chi
Pittsburg Tanagers (coldfoot) Players: Jim Bibby '80 Cash: $0 Note:",chargingryno|coldfoot,,executed WIS transaction,True,,,,,,,,WIS,139517-9,https://www.whatifsports.com/mlb-l/trade_history.asp?cLID=139517
wis-139517-10,2/28/2024 7:00:00 AM,1980,,,https://www.whatifsports.com/mlb-l/trade_history.asp?cLID=139517,,"San Francisco Quake (epup1975) Players: Cash: $2.0M Note: The Quake send their 1982 1st rounder The Tanagers send their 1982 3rd rounder
Pittsburg Tanagers (coldfoot) Players: Aurelio Lopez '80 Cash: $0 Note:",epup1975|coldfoot,,executed WIS transaction,True,,,,,,,,WIS,139517-10,https://www.whatifsports.com/mlb-l/trade_history.asp?cLID=139517
wis-140165-0,6/28/2024 10:00:00 AM,1981,,,https://www.whatifsports.com/mlb-l/trade_history.asp?cLID=140165,,"Texas Rangers (frazzman80) Players: Dennis Werth '81 Cash: $0 Note: Save you some salary with a bad backup C for a less bad backup C trade?
Baltimore Orioles 1981 (DodgerDon) Players: Dan Graham '81 Cash: $0 Note:",frazzman80|dodgerdon,,executed WIS transaction,False,,,,,,,,WIS,140165-0,https://www.whatifsports.com/mlb-l/trade_history.asp?cLID=140165
wis-140165-1,6/22/2024 1:00:00 PM,1981,,,https://www.whatifsports.com/mlb-l/trade_history.asp?cLID=140165,,"Pittsburg Tanagers (coldfoot) Players: Greg Pryor '81, Oscar Gamble '81, Tim Lollar '81 Cash: $0 Note: Pitt 83 2 and 4 to Cleveland Cleveland 83 2 and 3 to pitt
Cleveland Bad News Bears (harrelson) Players: Jerry Dybzinski '81, Al Hrabosky '81 Cash: $0 Note:",coldfoot|harrelson,,executed WIS transaction,False,,,,,,,,WIS,140165-1,https://www.whatifsports.com/mlb-l/trade_history.asp?cLID=140165
wis-140165-2,6/20/2024 12:00:00 PM,1981,,,https://www.whatifsports.com/mlb-l/trade_history.asp?cLID=140165,,"Chicago Thunderbears (chargingryno) Players: Gary Carter '81 Cash: $0 Note: +CHI 1st back to CHI +TEX 1st to PIT
Pittsburg Tanagers (coldfoot) Players: Joe Nolan '81, John Wockenfuss '81 Cash: $0 Note:",chargingryno|coldfoot,,executed WIS transaction,True,,,,,,,,WIS,140165-2,https://www.whatifsports.com/mlb-l/trade_history.asp?cLID=140165
wis-140165-3,6/9/2024 3:00:00 PM,1981,,,https://www.whatifsports.com/mlb-l/trade_history.asp?cLID=140165,,"Chicago Thunderbears (chargingryno) Players: Bobby Grich '81, Paul Molitor '81, Gorman Thomas '81 Cash: $0 Note: +CHI sends 82 PIT 2nd +TEX sends 82 1st, 83 2nd and Glenn Hubbard *top 4 protected 1st
Texas Rangers (frazzman80) Players: Harold Baines '81, Ben Oglivie '81 Cash: $0 Note: Glenn Hubbard is Going to Houston per the details in the trade forum.",chargingryno|frazzman80,,executed WIS transaction,True,,,,,,,,WIS,140165-3,https://www.whatifsports.com/mlb-l/trade_history.asp?cLID=140165
wis-140165-4,6/9/2024 3:00:00 PM,1981,,,https://www.whatifsports.com/mlb-l/trade_history.asp?cLID=140165,,"Chicago Thunderbears (chargingryno) Players: Jim Bibby '81 Cash: $0 Note: +Chicago sends Reggie Smith (IR), Glenn Hubbard, 82 SF 2nd +Houston sends 82 1st and 83 2nd *1st Top 4 protected
Houston Astros 1981 (frazzman80) Players: Phil Garner '81 Cash: $0 Note: Note - this deal also includes 2B Glenn Hubbard from Texas...",chargingryno|frazzman80,,executed WIS transaction,True,,,,,,,,WIS,140165-4,https://www.whatifsports.com/mlb-l/trade_history.asp?cLID=140165
wis-140165-5,6/8/2024 6:00:00 PM,1981,,,https://www.whatifsports.com/mlb-l/trade_history.asp?cLID=140165,,"Oakland Bagchuckers (chrondon84) Players: Renie Martin '81, Dave Goltz '81 Cash: $0 Note: Oakland 3rd to Tor Tor 4th to Oak
1981 Toronto Blue Jays (mickr9) Players: Lou Piniella '81 Cash: $0 Note:",chrondon84|mickr9,,executed WIS transaction,False,,,,,,,,WIS,140165-5,https://www.whatifsports.com/mlb-l/trade_history.asp?cLID=140165
wis-140790-0,9/24/2024 5:00:00 AM,1982,,,https://www.whatifsports.com/mlb-l/trade_history.asp?cLID=140790,,"Oakland Bagchuckers (chrondon84) Players: Alexander Germano '26 Cash: $0 Note: Oakland 5th to Mon
Montreal ISLANDS (cpdpoet) Players: Luis Aguayo '82 Cash: $0 Note:",chrondon84|cpdpoet,,executed WIS transaction,False,,,,,,,,WIS,140790-0,https://www.whatifsports.com/mlb-l/trade_history.asp?cLID=140790
wis-140790-1,9/16/2024 7:00:00 PM,1982,,,https://www.whatifsports.com/mlb-l/trade_history.asp?cLID=140790,,"Philly CRYPTKEEPERS (cpdpoet) Players: Steve Mura '82 Cash: $0 Note: ...and Philly's #2 in '83
New York Nutcrackers (N4ser) Players: Dick Ruthven '82 Cash: $0 Note:",cpdpoet|n4ser,,executed WIS transaction,False,,,,,,,,WIS,140790-1,https://www.whatifsports.com/mlb-l/trade_history.asp?cLID=140790
wis-140790-2,9/16/2024,1982,,,https://www.whatifsports.com/mlb-l/trade_history.asp?cLID=140790,,"Texas Rangers (frazzman80) Players: Mike Hargrove '82 Cash: $0 Note: Texas sends back the 1983 KC 3rd round pick we own.
Kansas City Monarchs (big_dowg) Players: Jason Thompson '82 Cash: $0 Note:",frazzman80|big_dowg,,executed WIS transaction,False,,,,,,,,WIS,140790-2,https://www.whatifsports.com/mlb-l/trade_history.asp?cLID=140790
wis-140790-3,8/22/2024 6:00:00 PM,1982,,,https://www.whatifsports.com/mlb-l/trade_history.asp?cLID=140790,,"Baltimore Orioles (chargingryno) Players: Joseph Delconte '26, Cecil Hardin '26 Cash: $0 Note: +BAL final pick in 1983 draft
Newark Ironborn Bears (Trentonjoe) Players: Luis Pujols '82, Fred Stanley '82, Randy Jones '82 Cash: $0 Note:",chargingryno|trentonjoe,,executed WIS transaction,False,,,,,,,,WIS,140790-3,https://www.whatifsports.com/mlb-l/trade_history.asp?cLID=140790
wis-140790-4,8/22/2024 1:00:00 PM,1982,,,https://www.whatifsports.com/mlb-l/trade_history.asp?cLID=140790,,"Milwaukee Brewers (dbrom) Players: Ron Roenicke '82 Cash: $0 Note: Milwaukee 2nd in 83 and Seattle 4th in 83
Seattle Sea Snakes (Pi_Kapp) Players: Barry Bonnell '82 Cash: $0 Note:",dbrom|pi_kapp,,executed WIS transaction,False,,,,,,,,WIS,140790-4,https://www.whatifsports.com/mlb-l/trade_history.asp?cLID=140790
wis-141465-0,1/16/2025 10:00:00 AM,1983,,,https://www.whatifsports.com/mlb-l/trade_history.asp?cLID=141465,,"New York Times (Trentonjoe) Players: Randy Moffitt '83 Cash: $0 Note: And the NYT 3rd in 1984 for Seattles 5th in 1984.
Seattle Sea Snakes (Pi_Kapp) Players: Pete Ladd '83 Cash: $0 Note:",trentonjoe|pi_kapp,,executed WIS transaction,False,,,,,,,,WIS,141465-0,https://www.whatifsports.com/mlb-l/trade_history.asp?cLID=141465
wis-141465-1,12/25/2024 2:00:00 PM,1983,,,https://www.whatifsports.com/mlb-l/trade_history.asp?cLID=141465,,"Chicago Thunderbears (chargingryno) Players: Gaylord Perry '83 Cash: $0 Note: +our 2nd in 85
Chicago Cornhuskers (wgasa) Players: Steve Rogers '83 Cash: $0 Note: Yep, that works.",chargingryno|wgasa,,executed WIS transaction,False,,,,,,,,WIS,141465-1,https://www.whatifsports.com/mlb-l/trade_history.asp?cLID=141465
wis-141465-2,12/25/2024 1:00:00 PM,1983,,,https://www.whatifsports.com/mlb-l/trade_history.asp?cLID=141465,,"Texas Rangers (frazzman80) Players: John Butcher '83 Cash: $0 Note: Texas sends our 1984 4th round pick.
Chicago Cornhuskers (wgasa) Players: Britt Burns '83 Cash: $0 Note:",frazzman80|wgasa,,executed WIS transaction,False,,,,,,,,WIS,141465-2,https://www.whatifsports.com/mlb-l/trade_history.asp?cLID=141465
wis-141465-3,12/16/2024 10:00:00 PM,1983,,,https://www.whatifsports.com/mlb-l/trade_history.asp?cLID=141465,,"Milwaukee Brewers (dbrom) Players: Jim Acker '83 Cash: $0 Note: Brewers 2nd in 84 Baltimore 4th in 84 to Milwaukee
Baltimore Firebirds (chargingryno) Players: Jim Dwyer '83, Tippy Martinez '83 Cash: $0 Note:",dbrom|chargingryno,,executed WIS transaction,False,,,,,,,,WIS,141465-3,https://www.whatifsports.com/mlb-l/trade_history.asp?cLID=141465
wis-141465-4,12/9/2024 3:00:00 PM,1983,,,https://www.whatifsports.com/mlb-l/trade_history.asp?cLID=141465,,"Pittsburg Tanagers (coldfoot) Players: Mike Madden '83 Cash: $0 Note: chi 85 2 to pitt, pitt 85 3 to chi
Chicago Thunderbears (chargingryno) Players: Brian Samuels '26 Cash: $0 Note:",coldfoot|chargingryno,,executed WIS transaction,False,,,,,,,,WIS,141465-4,https://www.whatifsports.com/mlb-l/trade_history.asp?cLID=141465
wis-142154-0,4/23/2025 10:00:00 AM,1984,,,https://www.whatifsports.com/mlb-l/trade_history.asp?cLID=142154,,"Montreal Royales (SteveBobLDN) Players: Willie McGee '84, Pete Falcone '84, Jody Bredesen '26 Cash: $0 Note: Adding a system AAA to balance number of players. If you don't need, then remove. Big trade!
Seattle Sea Snakes (Pi_Kapp) Players: Tim Flannery '84, Greg Gross '84, Kevin Gross '84 Cash: $0 Note: My 3rd in the upcoming draft goes to Steve. I get his 5th",stevebobldn|pi_kapp,,executed WIS transaction,False,,,,,,,,WIS,142154-0,https://www.whatifsports.com/mlb-l/trade_history.asp?cLID=142154
wis-142154-1,4/4/2025 7:00:00 PM,1984,,,https://www.whatifsports.com/mlb-l/trade_history.asp?cLID=142154,,"Montreal Royales (SteveBobLDN) Players: Bill Schroeder '84 Cash: $0 Note: Will trade Bill Schroeder (C) to you for your 1985 4th Round pick + a replacement AAA C.
New York Eagles (just4me) Players: Jody Bredesen '26 Cash: $0 Note: I appreciate it",stevebobldn|just4me,,executed WIS transaction,False,,,,,,,,WIS,142154-1,https://www.whatifsports.com/mlb-l/trade_history.asp?cLID=142154
wis-143210-0,9/11/2025 10:00:00 AM,1985,,,https://www.whatifsports.com/mlb-l/trade_history.asp?cLID=143210,,"HOU - We have a LOT of Problems (The_Creeper) Players: Leon Durham '85, Mike Smithson '85, Mark Langston '85 Cash: $0 Note: +SEA 1st to HOU +HOU 3rd to SEA
Seattle Sea Snakes (Pi_Kapp) Players: Cecil Cooper '85, Rick Reuschel '85 Cash: $0 Note:",the_creeper|pi_kapp,,executed WIS transaction,True,,,,,,,,WIS,143210-0,https://www.whatifsports.com/mlb-l/trade_history.asp?cLID=143210
wis-143210-1,9/10/2025 7:00:00 PM,1985,,,https://www.whatifsports.com/mlb-l/trade_history.asp?cLID=143210,,"Toronto ModernDayWarriors (coldfoot) Players: Jim Winn '85, Tom Waddell '85 Cash: $0 Note: Tor sends 4 and 6, chi returns their6, unless it's ana earlier 6 than tor.
Chicago Thunderbears of '85 (chargingryno) Players: Al Cowens '85, Joe Niekro '85 Cash: $0 Note:",coldfoot|chargingryno,,executed WIS transaction,False,,,,,,,,WIS,143210-1,https://www.whatifsports.com/mlb-l/trade_history.asp?cLID=143210
wis-143210-2,9/9/2025 12:00:00 PM,1985,,,https://www.whatifsports.com/mlb-l/trade_history.asp?cLID=143210,,"Toronto ModernDayWarriors (coldfoot) Players: Bill Doran '85 Cash: $0 Note: Bos 1 and 5 to tor, tor 2 to bos
1985 Boston Red Sox (yates33) Players: Mike Fischlin '85, Rex Hudler '85, Denny Gonzalez '85 Cash: $0 Note:",coldfoot|yates33,,executed WIS transaction,False,,,,,,,,WIS,143210-2,https://www.whatifsports.com/mlb-l/trade_history.asp?cLID=143210
wis-143210-4,9/5/2025 8:00:00 PM,1985,,,https://www.whatifsports.com/mlb-l/trade_history.asp?cLID=143210,,"Chicago Thunderbears of '85 (chargingryno) Players: Ben Oglivie '85, Mario Soto '85 Cash: $0 Note: +2nd and 3rd in 86 from NYE +4th in 86 from CHI
New York Eagles (just4me) Players: Al Cowens '85, Bobby Castillo '85, Dave Rozema '85 Cash: $0 Note:",chargingryno|just4me,,executed WIS transaction,False,,,,,,,,WIS,143210-4,https://www.whatifsports.com/mlb-l/trade_history.asp?cLID=143210
wis-143210-5,9/5/2025 7:00:00 PM,1985,,,https://www.whatifsports.com/mlb-l/trade_history.asp?cLID=143210,,"Texas Rangers (frazzman80) Players: Rod Carew '85, Al Holland '85 Cash: $0 Note: Houston sends their 1986 4th and Texas sends our 1986 5th.
HOU - We have a LOT of Problems (The_Creeper) Players: Hal McRae '85, Bob McClure '85 Cash: $0 Note:",frazzman80|the_creeper,,executed WIS transaction,False,,,,,,,,WIS,143210-5,https://www.whatifsports.com/mlb-l/trade_history.asp?cLID=143210
wis-143210-6,8/15/2025 3:00:00 PM,1985,,,https://www.whatifsports.com/mlb-l/trade_history.asp?cLID=143210,,"Newark Ironbound Bears (Trentonjoe) Players: Mike Fischlin '85 Cash: $0 Note:
1985 Boston Red Sox (yates33) Players: Terry Puhl '85 Cash: $0 Note:",trentonjoe|yates33,,executed WIS transaction,False,,,,,,,,WIS,143210-6,https://www.whatifsports.com/mlb-l/trade_history.asp?cLID=143210
wis-143991-0,1/4/2026 1:00:00 PM,1986,,,https://www.whatifsports.com/mlb-l/trade_history.asp?cLID=143991,,"Baltimore Orioles '86 (chargingryno) Players: Danny Cox '86 Cash: $0 Note:
Toronto ModernDayWarriors (coldfoot) Players: Ted Power '86 Cash: $0 Note:",chargingryno|coldfoot,,executed WIS transaction,False,,,,,,,,WIS,143991-0,https://www.whatifsports.com/mlb-l/trade_history.asp?cLID=143991
wis-143991-1,12/31/2025 6:00:00 AM,1986,,,https://www.whatifsports.com/mlb-l/trade_history.asp?cLID=143991,,"Boston Red Sox (The_Creeper) Players: Dave Stieb '86, Steve Carlton '86 Cash: $0 Note: +PHI 3rd to BOS.
Philly CRYPTKEEPERS (cpdpoet) Players: Bob Knepper '86, Jeff D. Robinson '86 Cash: $0 Note:",the_creeper|cpdpoet,,executed WIS transaction,False,,,,,,,,WIS,143991-1,https://www.whatifsports.com/mlb-l/trade_history.asp?cLID=143991
wis-143991-2,12/24/2025 3:00:00 PM,1986,,,https://www.whatifsports.com/mlb-l/trade_history.asp?cLID=143991,,"Montreal Royales (SteveBobLDN) Players: Chris Brown '86 Cash: $0 Note: + Houston 3rd Round pick in '87.
Houston QuickSands (1986) (The_Creeper) Players: Marshall Beckmann '26 Cash: $0 Note:",stevebobldn|the_creeper,,executed WIS transaction,False,,,,,,,,WIS,143991-2,https://www.whatifsports.com/mlb-l/trade_history.asp?cLID=143991
wis-143991-3,12/22/2025 12:00:00 PM,1986,,,https://www.whatifsports.com/mlb-l/trade_history.asp?cLID=143991,,"Pittsburg Tanagers (coldfoot) Players: Guy Hoffman '86 Cash: $0 Note: bos 4 to pitt, pitt 5 to sea. hoffman useful next year as well
Seattle Sea Snakes (Pi_Kapp) Players: John Mizerock '86 Cash: $0 Note:",coldfoot|pi_kapp,,executed WIS transaction,False,,,,,,,,WIS,143991-3,https://www.whatifsports.com/mlb-l/trade_history.asp?cLID=143991
wis-143991-4,12/21/2025 4:00:00 PM,1986,,,https://www.whatifsports.com/mlb-l/trade_history.asp?cLID=143991,,"Cleveland Kickapoo (harrelson) Players: Jim Clancy '86 Cash: $0 Note: Seems fair to me.
Toronto ModernDayWarriors (coldfoot) Players: Bob Walk '86 Cash: $0 Note:",harrelson|coldfoot,,executed WIS transaction,False,,,,,,,,WIS,143991-4,https://www.whatifsports.com/mlb-l/trade_history.asp?cLID=143991
wis-143991-5,12/20/2025 9:00:00 AM,1986,,,https://www.whatifsports.com/mlb-l/trade_history.asp?cLID=143991,,"Detroit Supremes (harrelson) Players: Ruppert Jones '86, Guy Hoffman '86 Cash: $0 Note: Plus detroits 2nd and 3rd in 87 draft.
Pittsburg Tanagers (coldfoot) Players: Fred Lynn '86, Charlie Kerfeld '86 Cash: $0 Note:",harrelson|coldfoot,,executed WIS transaction,False,,,,,,,,WIS,143991-5,https://www.whatifsports.com/mlb-l/trade_history.asp?cLID=143991
wis-143991-6,12/19/2025 3:00:00 AM,1986,,,https://www.whatifsports.com/mlb-l/trade_history.asp?cLID=143991,,"Baltimore Orioles '86 (chargingryno) Players: Don Slaught '86, Steve Garvey '86, George Foster '86 Cash: $0 Note: + our 3rd in 87. Slaught is the best player on the board - plus you get an extra pick.
Seattle Sea Snakes (Pi_Kapp) Players: Leon Durham '86, Jim Presley '86, Nate Snell '86 Cash: $0 Note:",chargingryno|pi_kapp,,executed WIS transaction,False,,,,,,,,WIS,143991-6,https://www.whatifsports.com/mlb-l/trade_history.asp?cLID=143991
wis-143991-7,12/18/2025 7:00:00 PM,1986,,,https://www.whatifsports.com/mlb-l/trade_history.asp?cLID=143991,,"Toronto ModernDayWarriors (coldfoot) Players: Paul Goddard '26 Cash: $0 Note: tor 2 to sea, sea 4 to tor
Seattle Sea Snakes (Pi_Kapp) Players: Mookie Wilson '86 Cash: $0 Note:",coldfoot|pi_kapp,,executed WIS transaction,False,,,,,,,,WIS,143991-7,https://www.whatifsports.com/mlb-l/trade_history.asp?cLID=143991
wis-143991-8,12/17/2025 8:00:00 PM,1986,,,https://www.whatifsports.com/mlb-l/trade_history.asp?cLID=143991,,"Pittsburg Tanagers (coldfoot) Players: Jack Rouse '26 Cash: $0 Note: pitt 2 to chi
Chicago Thunderbears '86 (chargingryno) Players: Rob Murphy '86 Cash: $0 Note:",coldfoot|chargingryno,,executed WIS transaction,False,,,,,,,,WIS,143991-8,https://www.whatifsports.com/mlb-l/trade_history.asp?cLID=143991
wis-143991-10,12/15/2025 2:00:00 AM,1986,,,https://www.whatifsports.com/mlb-l/trade_history.asp?cLID=143991,,"Boston Red Sox (The_Creeper) Players: Bob Gibson '86 Cash: $0 Note: +BOS 4th in 1987 +BOS 4th in 1988
Seattle Sea Snakes (Pi_Kapp) Players: Moose Haas '86 Cash: $0 Note:",the_creeper|pi_kapp,,executed WIS transaction,False,,,,,,,,WIS,143991-10,https://www.whatifsports.com/mlb-l/trade_history.asp?cLID=143991
wis-143991-11,12/14/2025 4:00:00 PM,1986,,,https://www.whatifsports.com/mlb-l/trade_history.asp?cLID=143991,,"Texas Rangers (frazzman80) Players: Juan Bonilla '86 Cash: $0 Note: Texas sends the best of the 3 1987 4ths I own for him (between me, St. Louis or Chicago NL).
Chicago Cornhuskers (wgasa) Players: Bobby Grich '86 Cash: $0 Note:",frazzman80|wgasa,,executed WIS transaction,False,,,,,,,,WIS,143991-11,https://www.whatifsports.com/mlb-l/trade_history.asp?cLID=143991
wis-143991-12,12/14/2025 2:00:00 AM,1986,,,https://www.whatifsports.com/mlb-l/trade_history.asp?cLID=143991,,"Cleveland Kickapoo (harrelson) Players: Bill Wegman '86, Don Robinson '86 Cash: $0 Note: I don't really want DiPino, nut I need his innings. I'll throw in Jim Eisenreich from my DL.
Seattle Sea Snakes (Pi_Kapp) Players: Mark Langston '86, Frank DiPino '86 Cash: $0 Note:",harrelson|pi_kapp,,executed WIS transaction,False,,,,,,,,WIS,143991-12,https://www.whatifsports.com/mlb-l/trade_history.asp?cLID=143991
wis-143991-13,12/13/2025 11:00:00 PM,1986,,,https://www.whatifsports.com/mlb-l/trade_history.asp?cLID=143991,,"Chicago Thunderbears '86 (chargingryno) Players: John Mizerock '86, Tony Gwynn '86, Chris Bosio '86 Cash: $0 Note: +Sea 1st and 2nd in 87 and 88
Seattle Sea Snakes (Pi_Kapp) Players: Ron Roenicke '86, Bo Jackson '86, Rob Murphy '86 Cash: $0 Note:",chargingryno|pi_kapp,,executed WIS transaction,True,,,,,,,,WIS,143991-13,https://www.whatifsports.com/mlb-l/trade_history.asp?cLID=143991
wis-143991-14,12/10/2025 10:00:00 AM,1986,,,https://www.whatifsports.com/mlb-l/trade_history.asp?cLID=143991,,"Cincinnati Skyline (sinatra) Players: Eddie Murray '86 Cash: $0 Note: Cincy's 2nd round picks in 1987 and 1988 to HOU, HOU's 1987 first round pick to Cincy
Houston QuickSands (1986) (The_Creeper) Players: Mike Schmidt '86 Cash: $0 Note:",sinatra|the_creeper,,executed WIS transaction,True,,,,,,,,WIS,143991-14,https://www.whatifsports.com/mlb-l/trade_history.asp?cLID=143991
wis-143991-15,12/7/2025 5:00:00 PM,1986,,,https://www.whatifsports.com/mlb-l/trade_history.asp?cLID=143991,,"Houston QuickSands (1986) (The_Creeper) Players: Joe Orsulak '86, Don Carman '86 Cash: $0 Note: +HOU 5th to SEA Houston no longer owes Sea a 3rd from Reuschel trade last year.
Seattle Sea Snakes (Pi_Kapp) Players: Jerry Mumphrey '86, Don Aase '86 Cash: $0 Note:",the_creeper|pi_kapp,,executed WIS transaction,False,,,,,,,,WIS,143991-15,https://www.whatifsports.com/mlb-l/trade_history.asp?cLID=143991
wis-144651-0,4/14/2026 8:00:00 AM,1987,,,https://www.whatifsports.com/mlb-l/trade_history.asp?cLID=144651,,"Toronto ModernDayWarriors (coldfoot) Players: Stephen Frodge '26 Cash: $0 Note: bos 4 to chi
Chicago Thunderbears '87 (chargingryno) Players: Jeff Calhoun '87 Cash: $0 Note:",coldfoot|chargingryno,,executed WIS transaction,False,,,,,,,,WIS,144651-0,https://www.whatifsports.com/mlb-l/trade_history.asp?cLID=144651
wis-144651-1,4/14/2026 7:00:00 AM,1987,,,https://www.whatifsports.com/mlb-l/trade_history.asp?cLID=144651,,"Boston EdSox (The_Creeper) Players: Brian Downing '87 Cash: $0 Note: +CLE 4th to BOS.
Cleveland Kickapoo (harrelson) Players: Jeffrey Leonard '87 Cash: $0 Note:",the_creeper|harrelson,,executed WIS transaction,False,,,,,,,,WIS,144651-1,https://www.whatifsports.com/mlb-l/trade_history.asp?cLID=144651
wis-144651-2,4/13/2026 7:00:00 PM,1987,,,https://www.whatifsports.com/mlb-l/trade_history.asp?cLID=144651,,"Seattle Sea Snakes (Pi_Kapp) Players: Randy O'Neal '87 Cash: $0 Note:
Cincinnati Skyline (sinatra) Players: Jamie Easterly '87 Cash: $0 Note:",pi_kapp|sinatra,,executed WIS transaction,False,,,,,,,,WIS,144651-2,https://www.whatifsports.com/mlb-l/trade_history.asp?cLID=144651
wis-144651-3,4/13/2026 12:00:00 PM,1987,,,https://www.whatifsports.com/mlb-l/trade_history.asp?cLID=144651,,"Houston Nacho Mommas FrazzStros (The_Creeper) Players: Albert Hall '87 Cash: $0 Note: +HOU 3rd to TEX
Texas Rangers (frazzman80) Players: Mike Aldrete '87 Cash: $0 Note:",the_creeper|frazzman80,,executed WIS transaction,False,,,,,,,,WIS,144651-3,https://www.whatifsports.com/mlb-l/trade_history.asp?cLID=144651
wis-144651-7,4/12/2026 3:00:00 PM,1987,,,https://www.whatifsports.com/mlb-l/trade_history.asp?cLID=144651,,"Cleveland Kickapoo (harrelson) Players: Frank Dipino '87 Cash: $0 Note:
Chicago Cornhuskers (wgasa) Players: Bob Stanley '87 Cash: $0 Note:",harrelson|wgasa,,executed WIS transaction,False,,,,,,,,WIS,144651-7,https://www.whatifsports.com/mlb-l/trade_history.asp?cLID=144651
wis-144651-8,4/6/2026 9:00:00 PM,1987,,,https://www.whatifsports.com/mlb-l/trade_history.asp?cLID=144651,,"Houston Nacho Mommas FrazzStros (The_Creeper) Players: Mike Easler '87 Cash: $0 Note: +HOU 5th to SF
San Francisco Quake (epup1975) Players: Larry Herndon '87 Cash: $0 Note:",the_creeper|epup1975,,executed WIS transaction,False,,,,,,,,WIS,144651-8,https://www.whatifsports.com/mlb-l/trade_history.asp?cLID=144651
wis-144651-9,4/6/2026 6:00:00 PM,1987,,,https://www.whatifsports.com/mlb-l/trade_history.asp?cLID=144651,,"New York Times (Trentonjoe) Players: Terry McGriff '87, Lloyd McClendon '87, Ronn Reynolds '87 Cash: $0 Note:
Chicago Thunderbears '87 (chargingryno) Players: Bob Brenly '87 Cash: $0 Note:",trentonjoe|chargingryno,,executed WIS transaction,False,,,,,,,,WIS,144651-9,https://www.whatifsports.com/mlb-l/trade_history.asp?cLID=144651
wis-144651-10,4/5/2026 6:00:00 PM,1987,,,https://www.whatifsports.com/mlb-l/trade_history.asp?cLID=144651,,"San Francisco Quake (epup1975) Players: Tim Stoddard '87 Cash: $0 Note: Seattle's 1988 4th rounder
Seattle Sea Snakes (Pi_Kapp) Players: Cash: $1.0M Note:",epup1975|pi_kapp,,executed WIS transaction,False,,,,,,,,WIS,144651-10,https://www.whatifsports.com/mlb-l/trade_history.asp?cLID=144651
wis-144651-11,4/4/2026 6:00:00 PM,1987,,,https://www.whatifsports.com/mlb-l/trade_history.asp?cLID=144651,,"Detroit Supremes (harrelson) Players: Pat Perry '87 Cash: $0 Note:
Seattle Sea Snakes (Pi_Kapp) Players: Jeff Parrett '87 Cash: $0 Note:",harrelson|pi_kapp,,executed WIS transaction,False,,,,,,,,WIS,144651-11,https://www.whatifsports.com/mlb-l/trade_history.asp?cLID=144651
wis-144651-12,3/27/2026 12:00:00 PM,1987,,,https://www.whatifsports.com/mlb-l/trade_history.asp?cLID=144651,,"Chicago Cornhuskers (wgasa) Players: Albert Hall '87 Cash: $0 Note: + 1988 CHC 3rd to HOU, and HOU 1988 3rd to CHC.
Houston Nacho Mommas FrazzStros (The_Creeper) Players: Oddibe McDowell '87 Cash: $0 Note:",wgasa|the_creeper,,executed WIS transaction,False,,,,,,,,WIS,144651-12,https://www.whatifsports.com/mlb-l/trade_history.asp?cLID=144651
wis-144651-13,3/24/2026 3:00:00 PM,1987,,,https://www.whatifsports.com/mlb-l/trade_history.asp?cLID=144651,,"New York National (K123456789) Players: Joel Skinner '87 Cash: $0 Note:
Philly CRYPTKEEPERS (cpdpoet) Players: Ernest Riles '87 Cash: $0 Note: done",k123456789|cpdpoet,,executed WIS transaction,False,,,,,,,,WIS,144651-13,https://www.whatifsports.com/mlb-l/trade_history.asp?cLID=144651
wis-144651-14,3/23/2026 4:00:00 PM,1987,,,https://www.whatifsports.com/mlb-l/trade_history.asp?cLID=144651,,"New York Eagles (just4me) Players: Bob Dernier '87 Cash: $0 Note: +NYN ‘89 1st +SEA ‘89 2nd
Seattle Sea Snakes (Pi_Kapp) Players: Jim Eisenreich '87 Cash: $0 Note: Okay. Sounds good",just4me|pi_kapp,,executed WIS transaction,True,,,,,,,,WIS,144651-14,https://www.whatifsports.com/mlb-l/trade_history.asp?cLID=144651
wis-144651-15,3/22/2026 3:00:00 PM,1987,,,https://www.whatifsports.com/mlb-l/trade_history.asp?cLID=144651,,"New York Eagles (just4me) Players: Jacob Kane '26 Cash: $0 Note: +NYE '89 2nd & 4th in exchange for KC '88 2nd
Kansas City Monarchs (kujhawker) Players: Do Not Use '26 Cash: $0 Note:",just4me|kujhawker,,executed WIS transaction,False,,,,,,,,WIS,144651-15,https://www.whatifsports.com/mlb-l/trade_history.asp?cLID=144651
wis-144651-17,3/21/2026 8:00:00 PM,1987,,,https://www.whatifsports.com/mlb-l/trade_history.asp?cLID=144651,,"New York Eagles (just4me) Players: Evan Sturgell '26 Cash: $0 Note: +NYE ‘89 3rd to PHI in exchange for IR player Chuck Cary
Philly CRYPTKEEPERS (cpdpoet) Players: Robert Macintosh '26 Cash: $0 Note: Good for me",just4me|cpdpoet,,executed WIS transaction,False,,,,,,,,WIS,144651-17,https://www.whatifsports.com/mlb-l/trade_history.asp?cLID=144651
wis-144651-18,3/20/2026 12:00:00 PM,1987,,,https://www.whatifsports.com/mlb-l/trade_history.asp?cLID=144651,,"New York Eagles (just4me) Players: Fred McGriff '87 Cash: $0 Note: + NYN '89 1st & '89 2nd
New York National (K123456789) Players: Jim Morrison '87, Luis Polonia '87 Cash: $0 Note:",just4me|k123456789,,executed WIS transaction,True,,,,,,,,WIS,144651-18,https://www.whatifsports.com/mlb-l/trade_history.asp?cLID=144651
wis-144651-19,3/18/2026 11:00:00 PM,1987,,,https://www.whatifsports.com/mlb-l/trade_history.asp?cLID=144651,,"New York Eagles (just4me) Players: Bob Forsch '87 Cash: $0 Note: +HOM ‘88 5th & ‘89 1st +CHC ‘89 3rd
Chicago Cornhuskers (wgasa) Players: Bud Black '87, Dennis Lamp '87 Cash: $0 Note:",just4me|wgasa,,executed WIS transaction,True,,,,,,,,WIS,144651-19,https://www.whatifsports.com/mlb-l/trade_history.asp?cLID=144651
wis-144651-21,3/16/2026 10:00:00 PM,1987,,,https://www.whatifsports.com/mlb-l/trade_history.asp?cLID=144651,,"Kansas City Monarchs (kujhawker) Players: Pascual Perez '87 Cash: $0 Note: Add KC 1988 4th Round Draft Pick
Boston EdSox (The_Creeper) Players: Kevin McReynolds '87, Larry Sheets '87, Neil Allen '87 Cash: $0 Note:",kujhawker|the_creeper,,executed WIS transaction,False,,,,,,,,WIS,144651-21,https://www.whatifsports.com/mlb-l/trade_history.asp?cLID=144651
wis-145090-0,7/10/2026 1:00:00 AM,1988,,,https://www.whatifsports.com/mlb-l/trade_history.asp?cLID=145090,,"Chicago Cornhuskers (wgasa) Players: Luis Salazar '88 Cash: $0 Note: + SF Quake send 1990 3rd to CHC
San Francisco Quake (epup1975) Players: Jermaine Lover '26 Cash: $0 Note:",wgasa|epup1975,,executed WIS transaction,False,,,,,,,,WIS,145090-0,https://www.whatifsports.com/mlb-l/trade_history.asp?cLID=145090
wis-145090-2,7/5/2026 10:00:00 AM,1988,,,https://www.whatifsports.com/mlb-l/trade_history.asp?cLID=145090,,"Chicago Thunderbears '88 (chargingryno) Players: Danny Jackson '88, Joe Magrane '88 Cash: $0 Note: +PIT 90 1st to MIL +MIL 90 2nd & 3rd to CHI
Milwaukee Brewers (cdew8) Players: Nolan Ryan '88, Rick Rhoden '88 Cash: $0 Note:",chargingryno|cdew8,,executed WIS transaction,True,,,,,,,,WIS,145090-2,https://www.whatifsports.com/mlb-l/trade_history.asp?cLID=145090
wis-145090-3,6/28/2026 2:00:00 PM,1988,,,https://www.whatifsports.com/mlb-l/trade_history.asp?cLID=145090,,"Houston Arms Race (1988) (The_Creeper) Players: Mike Scott '88 Cash: $0 Note: +BOS 2nd rounder that is owned by CHI goes to HOU.
Chicago Thunderbears '88 (chargingryno) Players: Allan Anderson '88 Cash: $0 Note:",the_creeper|chargingryno,,executed WIS transaction,False,,,,,,,,WIS,145090-3,https://www.whatifsports.com/mlb-l/trade_history.asp?cLID=145090
wis-145090-4,6/26/2026 8:00:00 AM,1988,,,https://www.whatifsports.com/mlb-l/trade_history.asp?cLID=145090,,"New York Nationals (K123456789) Players: Tony Armas '88 Cash: $0 Note:
Oakland Nights (duhbigcat) Players: Larry McWilliams '88, Bryan Darby '26 Cash: $0 Note:",k123456789|duhbigcat,,executed WIS transaction,False,,,,,,,,WIS,145090-4,https://www.whatifsports.com/mlb-l/trade_history.asp?cLID=145090
wis-145090-6,6/24/2026 8:00:00 PM,1988,,,https://www.whatifsports.com/mlb-l/trade_history.asp?cLID=145090,,"Chicago Cornhuskers (wgasa) Players: Daniel Mammy '26 Cash: $0 Note: Part 2 of 2: CHC sends 1989 2nd to CHI
Chicago Thunderbears '88 (chargingryno) Players: Darryl Hamilton '88 Cash: $0 Note:",wgasa|chargingryno,,executed WIS transaction,False,,,,,,,,WIS,145090-6,https://www.whatifsports.com/mlb-l/trade_history.asp?cLID=145090
wis-145090-7,6/24/2026 7:00:00 PM,1988,,,https://www.whatifsports.com/mlb-l/trade_history.asp?cLID=145090,,"Chicago Cornhuskers (wgasa) Players: Mark Grace '88, Kelly Gruber '88, Chili Davis '88 Cash: $0 Note: Part 1 of 2: 1990 1st from CHI to CHC. If pick lands at 18-24, CHI adds 1990 2nd. If pick is 1-5, CHC sends its 1990 2nd.
Chicago Thunderbears '88 (chargingryno) Players: Brian Harper '88, Terry Pendleton '88, Bo Jackson '88 Cash: $0 Note:",wgasa|chargingryno,,executed WIS transaction,True,,,,,,,,WIS,145090-7,https://www.whatifsports.com/mlb-l/trade_history.asp?cLID=145090
wis-145090-8,6/24/2026 5:00:00 PM,1988,,,https://www.whatifsports.com/mlb-l/trade_history.asp?cLID=145090,,"Texas Rangers (frazzman80) Players: Frank Tanana '88 Cash: $0 Note: Tor sends the SEA 1989 2nd they own and Tex sends our 1989 3rd as per your smail.
Toronto ModernDayWarriors (coldfoot) Players: Tim Leary '88 Cash: $0 Note:",frazzman80|coldfoot,,executed WIS transaction,False,,,,,,,,WIS,145090-8,https://www.whatifsports.com/mlb-l/trade_history.asp?cLID=145090
wis-145090-9,6/24/2026 5:00:00 PM,1988,,,https://www.whatifsports.com/mlb-l/trade_history.asp?cLID=145090,,"Toronto ModernDayWarriors (coldfoot) Players: Jack Clark '88 Cash: $0 Note: sf #2 to tor, chi 90 #3 to tor bos 89 #2 to chi, tor 90 #4 to chi
Chicago Thunderbears '88 (chargingryno) Players: Willie Upshaw '88 Cash: $0 Note:",coldfoot|chargingryno,,executed WIS transaction,False,,,,,,,,WIS,145090-9,https://www.whatifsports.com/mlb-l/trade_history.asp?cLID=145090
wis-145090-10,6/24/2026 5:00:00 PM,1988,,,https://www.whatifsports.com/mlb-l/trade_history.asp?cLID=145090,,"Pittsburg Tanagers (coldfoot) Players: Terry McGriff '88, Matt Nokes '88 Cash: $0 Note: pitt 1990 #1 to chi
Chicago Thunderbears '88 (chargingryno) Players: Lloyd McClendon '88, Terry Steinbach '88 Cash: $0 Note:",coldfoot|chargingryno,,executed WIS transaction,False,,,,,,,,WIS,145090-10,https://www.whatifsports.com/mlb-l/trade_history.asp?cLID=145090
wis-145090-11,6/20/2026 5:00:00 AM,1988,,,https://www.whatifsports.com/mlb-l/trade_history.asp?cLID=145090,,"Boston EDSox (1988) (The_Creeper) Players: Jack Clark '88 Cash: $0 Note: +BOS 2nd to TOR +TOR 3rd to BOS in 1990 Similar players but you get a full round upgrade AND a year early. Best I can do.
Toronto ModernDayWarriors (coldfoot) Players: George Bell '88 Cash: $0 Note:",the_creeper|coldfoot,,executed WIS transaction,False,,,,,,,,WIS,145090-11,https://www.whatifsports.com/mlb-l/trade_history.asp?cLID=145090
wis-145090-12,6/17/2026 10:00:00 PM,1988,,,https://www.whatifsports.com/mlb-l/trade_history.asp?cLID=145090,,"Toronto ModernDayWarriors (coldfoot) Players: Pete O'Brien '88, Kirby Puckett '88, Ed Whitson '88 Cash: $0 Note: sea sends both 89 #1s to tor, #2 to tor, tor sends #3 to sea
Seattle Sea Snakes (Pi_Kapp) Players: Gene Larkin '88, Joe Orsulak '88, Andy Hawkins '88 Cash: $0 Note: Fuck it. Fuck Frazz. lol",coldfoot|pi_kapp,,executed WIS transaction,False,,,,,,,,WIS,145090-12,https://www.whatifsports.com/mlb-l/trade_history.asp?cLID=145090
wis-145090-13,6/10/2026 7:00:00 PM,1988,,,https://www.whatifsports.com/mlb-l/trade_history.asp?cLID=145090,,"New York Nationals (K123456789) Players: Ron Hassey '88 Cash: $0 Note: + 1990 2nd (NYN->NYE) +1990 4th (NYE->NYN)
New York Eagles (just4me) Players: Carlton Fisk '88 Cash: $0 Note:",k123456789|just4me,,executed WIS transaction,False,,,,,,,,WIS,145090-13,https://www.whatifsports.com/mlb-l/trade_history.asp?cLID=145090
wis-145571-1,9/20/2026 9:00:00 PM,1989,,,https://www.whatifsports.com/mlb-l/trade_history.asp?cLID=145571,,"Texas Rangers (frazzman80) Players: Bob McClure '89 Cash: $0 Note: NYN sends their 1990 3rd and TEX sends our 1990 4th.
New York Nationals (K123456789) Players: Tom Filer '89 Cash: $0 Note:",frazzman80|k123456789,,executed WIS transaction,False,,,,,,,,WIS,145571-1,https://www.whatifsports.com/mlb-l/trade_history.asp?cLID=145571
wis-145571-2,9/20/2026 10:00:00 AM,1989,,,https://www.whatifsports.com/mlb-l/trade_history.asp?cLID=145571,,"Texas Rangers (frazzman80) Players: Dwight Smith '89 Cash: $0 Note: NYT sends their 1990 3rd and TEX sends our 1990 5th.
New York Times (Trentonjoe) Players: Herm Winningham '89 Cash: $0 Note:",frazzman80|trentonjoe,,executed WIS transaction,False,,,,,,,,WIS,145571-2,https://www.whatifsports.com/mlb-l/trade_history.asp?cLID=145571
wis-145571-3,9/20/2026 7:00:00 AM,1989,,,https://www.whatifsports.com/mlb-l/trade_history.asp?cLID=145571,,"Texas Rangers (frazzman80) Players: Scott Bankhead '89, Marty Clary '89 Cash: $0 Note: Chicago sends the 1990 SF 3rd round pick they own.
Chicago Cornhuskers (wgasa) Players: Walt Terrell '89, Joe Hesketh '89 Cash: $0 Note:",frazzman80|wgasa,,executed WIS transaction,False,,,,,,,,WIS,145571-3,https://www.whatifsports.com/mlb-l/trade_history.asp?cLID=145571
wis-145571-4,9/5/2026 3:00:00 PM,1989,,,https://www.whatifsports.com/mlb-l/trade_history.asp?cLID=145571,,"Kansas City Monarchs 1989 (kujhawker) Players: Preston Speed '26 Cash: $1.5M Note: Add KC 1990 1sr Round AAA Draft Pick
Montreal Royales (SteveBobLDN) Players: Steve Balboni '89 Cash: $0 Note:",kujhawker|stevebobldn,,executed WIS transaction,False,,,,,,,,WIS,145571-4,https://www.whatifsports.com/mlb-l/trade_history.asp?cLID=145571
wis-145571-5,8/29/2026 5:00:00 AM,1989,,,https://www.whatifsports.com/mlb-l/trade_history.asp?cLID=145571,,"Chicago Thunderbears '89 (chargingryno) Players: Todd Zeile '89, Chili Davis '89, David West '89 Cash: $0 Note: +BAL 1st in 90 and 91 to CHI +MIL 3rd in 90 and CHI 3rd in 91 to BAL
Baltimore Abyssal Wharf Rats (jimmygatz2) Players: Jay Buhner '89, Rob Deer '89, Todd Burns '89 Cash: $0 Note:",chargingryno|jimmygatz2,,executed WIS transaction,True,,,,,,,,WIS,145571-5,https://www.whatifsports.com/mlb-l/trade_history.asp?cLID=145571
wis-145571-6,8/28/2026 10:00:00 AM,1989,,,https://www.whatifsports.com/mlb-l/trade_history.asp?cLID=145571,,"Chicago Thunderbears '89 (chargingryno) Players: Kent Anderson '89, Danny Heep '89, Steve Crawford '89 Cash: $0 Note: +TOR 5th to CHI +MIL 2nd to TOR
Toronto ModernDayWarriors (coldfoot) Players: Tom Foley '89, Gregg Olson '89 Cash: $0 Note:",chargingryno|coldfoot,,executed WIS transaction,False,,,,,,,,WIS,145571-6,https://www.whatifsports.com/mlb-l/trade_history.asp?cLID=145571
wis-145571-7,8/22/2026 10:00:00 AM,1989,,,https://www.whatifsports.com/mlb-l/trade_history.asp?cLID=145571,,"LA Breakers (sinatra) Players: Dan Gladden '89 Cash: $0 Note: L.A's 1990 2nd rounder to Boston, Boston's 1990 3rd rounder to L.A
Boston EdSox (1989) (The_Creeper) Players: Robin Yount '89 Cash: $0 Note:",sinatra|the_creeper,,executed WIS transaction,False,,,,,,,,WIS,145571-7,https://www.whatifsports.com/mlb-l/trade_history.asp?cLID=145571
